{"t":"msg","ok":true,"ms":713,"req":"88c3ed7c","uid":237087423,"user":"Freep_o_0_rn","name":"Freep_o_0_rn","role":"admin","chat":237087423,"text":"▶️ Старт"}
{"t":"msg","ok":true,"ms":611,"req":"63809845","uid":237087423,"user":"Freep_o_0_rn","name":"Freep_o_0_rn","role":"admin","chat":237087423,"text":"🔎 Поиск"}
{"t":"msg","ok":true,"ms":2633,"req":"35a79985","uid":237087423,"user":"Freep_o_0_rn","name":"Freep_o_0_rn","role":"admin","chat":237087423,"text":"Есинский"}
{"t":"msg","ok":true,"ms":1539,"req":"64961b60","uid":237087423,"user":"Freep_o_0_rn","name":"Freep_o_0_rn","role":"admin","chat":237087423,"text":"▶️ Старт"}
{"t":"msg","ok":true,"ms":371,"req":"a4a87c51","uid":237087423,"user":"Freep_o_0_rn","name":"Freep_o_0_rn","role":"admin","chat":237087423,"text":"/logs"}
{"t":"msg","ok":true,"ms":547,"req":"12a0326f","uid":237087423,"user":"Freep_o_0_rn","name":"Freep_o_0_rn","role":"admin","chat":237087423,"text":"▶️ Старт"}
{"t":"msg","ok":true,"ms":330,"req":"5e323fb4","uid":237087423,"user":"Freep_o_0_rn","name":"Freep_o_0_rn","role":"client","chat":237087423,"text":"/reset_role"}
{"t":"cb","ok":true,"ms":335,"req":"e126eb9e","uid":237087423,"user":"Freep_o_0_rn","name":"Freep_o_0_rn","role":"client","chat":237087423,"data":"ob:client"}
{"t":"msg","ok":false,"ms":7,"req":"6ffe8853","uid":237087423,"user":"Freep_o_0_rn","name":"Freep_o_0_rn","role":"client","chat":237087423,"text":"asdds"}
{"t":"error","req":"6ffe8853","exc":"8 validation errors for ReplyKeyboardMarkup\nkeyboard.2.0\n  Input should be a valid dictionary or instance of KeyboardButton [type=model_type, input_value=('text', '✏️ Изме...ть название'), input_type=tuple]\n    For further information visit https://errors.pydantic.dev/2.8/v/model_type\nkeyboard.2.1\n  Input should be a valid dictionary or instance of KeyboardButton [type=model_type, input_value=('request_users', None), input_type=tuple]\n    For further information visit https://errors.pydantic.dev/2.8/v/model_type\nkeyboard.2.2\n  Input should be a valid dictionary or instance of KeyboardButton [type=model_type, input_value=('request_chat', None), input_type=tuple]\n    For further information visit https://errors.pydantic.dev/2.8/v/model_type\nkeyboard.2.3\n  Input should be a valid dictionary or instance of KeyboardButton [type=model_type, input_value=('request_contact', None), input_type=tuple]\n    For further information visit https://errors.pydantic.dev/2.8/v/model_type\nkeyboard.2.4\n  Input should be a valid dictionary or instance of KeyboardButton [type=model_type, input_value=('request_location', None), input_type=tuple]\n    For further information visit https://errors.pydantic.dev/2.8/v/model_type\nkeyboard.2.5\n  Input should be a valid dictionary or instance of KeyboardButton [type=model_type, input_value=('request_poll', None), input_type=tuple]\n    For further information visit https://errors.pydantic.dev/2.8/v/model_type\nkeyboard.2.6\n  Input should be a valid dictionary or instance of KeyboardButton [type=model_type, input_value=('web_app', None), input_type=tuple]\n    For further information visit https://errors.pydantic.dev/2.8/v/model_type\nkeyboard.2.7\n  Input should be a valid dictionary or instance of KeyboardButton [type=model_type, input_value=('request_user', None), input_type=tuple]\n    For further information visit https://errors.pydantic.dev/2.8/v/model_type"}
{"t":"msg","ok":true,"ms":633,"req":"66090e15","uid":237087423,"user":"Freep_o_0_rn","name":"Freep_o_0_rn","role":"client","chat":237087423,"text":"/reset_role"}
{"t":"cb","ok":true,"ms":407,"req":"7c06d47b","uid":237087423,"user":"Freep_o_0_rn","name":"Freep_o_0_rn","role":"client","chat":237087423,"data":"ob:client"}
{"t":"msg","ok":false,"ms":1,"req":"92815667","uid":237087423,"user":"Freep_o_0_rn","name":"Freep_o_0_rn","role":"client","chat":237087423,"text":"себекин"}
{"t":"error","req":"92815667","exc":"8 validation errors for ReplyKeyboardMarkup\nkeyboard.2.0\n  Input should be a valid dictionary or instance of KeyboardButton [type=model_type, input_value=('text', '✏️ Изме...ть название'), input_type=tuple]\n    For further information visit https://errors.pydantic.dev/2.8/v/model_type\nkeyboard.2.1\n  Input should be a valid dictionary or instance of KeyboardButton [type=model_type, input_value=('request_users', None), input_type=tuple]\n    For further information visit https://errors.pydantic.dev/2.8/v/model_type\nkeyboard.2.2\n  Input should be a valid dictionary or instance of KeyboardButton [type=model_type, input_value=('request_chat', None), input_type=tuple]\n    For further information visit https://errors.pydantic.dev/2.8/v/model_type\nkeyboard.2.3\n  Input should be a valid dictionary or instance of KeyboardButton [type=model_type, input_value=('request_contact', None), input_type=tuple]\n    For further information visit https://errors.pydantic.dev/2.8/v/model_type\nkeyboard.2.4\n  Input should be a valid dictionary or instance of KeyboardButton [type=model_type, input_value=('request_location', None), input_type=tuple]\n    For further information visit https://errors.pydantic.dev/2.8/v/model_type\nkeyboard.2.5\n  Input should be a valid dictionary or instance of KeyboardButton [type=model_type, input_value=('request_poll', None), input_type=tuple]\n    For further information visit https://errors.pydantic.dev/2.8/v/model_type\nkeyboard.2.6\n  Input should be a valid dictionary or instance of KeyboardButton [type=model_type, input_value=('web_app', None), input_type=tuple]\n    For further information visit https://errors.pydantic.dev/2.8/v/model_type\nkeyboard.2.7\n  Input should be a valid dictionary or instance of KeyboardButton [type=model_type, input_value=('request_user', None), input_type=tuple]\n    For further information visit https://errors.pydantic.dev/2.8/v/model_type"}
{"t":"msg","ok":false,"ms":0,"req":"06dda9f1","uid":237087423,"user":"Freep_o_0_rn","name":"Freep_o_0_rn","role":"client","chat":237087423,"text":"▶️ Старт"}
{"t":"error","req":"06dda9f1","exc":"8 validation errors for ReplyKeyboardMarkup\nkeyboard.2.0\n  Input should be a valid dictionary or instance of KeyboardButton [type=model_type, input_value=('text', '✏️ Изме...ть название'), input_type=tuple]\n    For further information visit https://errors.pydantic.dev/2.8/v/model_type\nkeyboard.2.1\n  Input should be a valid dictionary or instance of KeyboardButton [type=model_type, input_value=('request_users', None), input_type=tuple]\n    For further information visit https://errors.pydantic.dev/2.8/v/model_type\nkeyboard.2.2\n  Input should be a valid dictionary or instance of KeyboardButton [type=model_type, input_value=('request_chat', None), input_type=tuple]\n    For further information visit https://errors.pydantic.dev/2.8/v/model_type\nkeyboard.2.3\n  Input should be a valid dictionary or instance of KeyboardButton [type=model_type, input_value=('request_contact', None), input_type=tuple]\n    For further information visit https://errors.pydantic.dev/2.8/v/model_type\nkeyboard.2.4\n  Input should be a valid dictionary or instance of KeyboardButton [type=model_type, input_value=('request_location', None), input_type=tuple]\n    For further information visit https://errors.pydantic.dev/2.8/v/model_type\nkeyboard.2.5\n  Input should be a valid dictionary or instance of KeyboardButton [type=model_type, input_value=('request_poll', None), input_type=tuple]\n    For further information visit https://errors.pydantic.dev/2.8/v/model_type\nkeyboard.2.6\n  Input should be a valid dictionary or instance of KeyboardButton [type=model_type, input_value=('web_app', None), input_type=tuple]\n    For further information visit https://errors.pydantic.dev/2.8/v/model_type\nkeyboard.2.7\n  Input should be a valid dictionary or instance of KeyboardButton [type=model_type, input_value=('request_user', None), input_type=tuple]\n    For further information visit https://errors.pydantic.dev/2.8/v/model_type"}
{"t":"msg","ok":false,"ms":1,"req":"38cd45c9","uid":237087423,"user":"Freep_o_0_rn","name":"Freep_o_0_rn","role":"client","chat":237087423,"text":"▶️ Старт"}
{"t":"error","req":"38cd45c9","exc":"8 validation errors for ReplyKeyboardMarkup\nkeyboard.2.0\n  Input should be a valid dictionary or instance of KeyboardButton [type=model_type, input_value=('text', '✏️ Изме...ть название'), input_type=tuple]\n    For further information visit https://errors.pydantic.dev/2.8/v/model_type\nkeyboard.2.1\n  Input should be a valid dictionary or instance of KeyboardButton [type=model_type, input_value=('request_users', None), input_type=tuple]\n    For further information visit https://errors.pydantic.dev/2.8/v/model_type\nkeyboard.2.2\n  Input should be a valid dictionary or instance of KeyboardButton [type=model_type, input_value=('request_chat', None), input_type=tuple]\n    For further information visit https://errors.pydantic.dev/2.8/v/model_type\nkeyboard.2.3\n  Input should be a valid dictionary or instance of KeyboardButton [type=model_type, input_value=('request_contact', None), input_type=tuple]\n    For further information visit https://errors.pydantic.dev/2.8/v/model_type\nkeyboard.2.4\n  Input should be a valid dictionary or instance of KeyboardButton [type=model_type, input_value=('request_location', None), input_type=tuple]\n    For further information visit https://errors.pydantic.dev/2.8/v/model_type\nkeyboard.2.5\n  Input should be a valid dictionary or instance of KeyboardButton [type=model_type, input_value=('request_poll', None), input_type=tuple]\n    For further information visit https://errors.pydantic.dev/2.8/v/model_type\nkeyboard.2.6\n  Input should be a valid dictionary or instance of KeyboardButton [type=model_type, input_value=('web_app', None), input_type=tuple]\n    For further information visit https://errors.pydantic.dev/2.8/v/model_type\nkeyboard.2.7\n  Input should be a valid dictionary or instance of KeyboardButton [type=model_type, input_value=('request_user', None), input_type=tuple]\n    For further information visit https://errors.pydantic.dev/2.8/v/model_type"}
{"t":"msg","ok":true,"ms":761,"req":"0fdb0c8a","uid":237087423,"user":"Freep_o_0_rn","name":"Freep_o_0_rn","role":"client","chat":237087423,"text":"/reset_role"}
{"t":"cb","ok":true,"ms":448,"req":"64932fbe","uid":237087423,"user":"Freep_o_0_rn","name":"Freep_o_0_rn","role":"client","chat":237087423,"data":"ob:client"}
{"t":"msg","ok":false,"ms":1,"req":"43237f62","uid":237087423,"user":"Freep_o_0_rn","name":"Freep_o_0_rn","role":"client","chat":237087423,"text":"Себекин"}
{"t":"error","req":"43237f62","exc":"8 validation errors for ReplyKeyboardMarkup\nkeyboard.2.0\n  Input should be a valid dictionary or instance of KeyboardButton [type=model_type, input_value=('text', '✏️ Изме...ть название'), input_type=tuple]\n    For further information visit https://errors.pydantic.dev/2.8/v/model_type\nkeyboard.2.1\n  Input should be a valid dictionary or instance of KeyboardButton [type=model_type, input_value=('request_users', None), input_type=tuple]\n    For further information visit https://errors.pydantic.dev/2.8/v/model_type\nkeyboard.2.2\n  Input should be a valid dictionary or instance of KeyboardButton [type=model_type, input_value=('request_chat', None), input_type=tuple]\n    For further information visit https://errors.pydantic.dev/2.8/v/model_type\nkeyboard.2.3\n  Input should be a valid dictionary or instance of KeyboardButton [type=model_type, input_value=('request_contact', None), input_type=tuple]\n    For further information visit https://errors.pydantic.dev/2.8/v/model_type\nkeyboard.2.4\n  Input should be a valid dictionary or instance of KeyboardButton [type=model_type, input_value=('request_location', None), input_type=tuple]\n    For further information visit https://errors.pydantic.dev/2.8/v/model_type\nkeyboard.2.5\n  Input should be a valid dictionary or instance of KeyboardButton [type=model_type, input_value=('request_poll', None), input_type=tuple]\n    For further information visit https://errors.pydantic.dev/2.8/v/model_type\nkeyboard.2.6\n  Input should be a valid dictionary or instance of KeyboardButton [type=model_type, input_value=('web_app', None), input_type=tuple]\n    For further information visit https://errors.pydantic.dev/2.8/v/model_type\nkeyboard.2.7\n  Input should be a valid dictionary or instance of KeyboardButton [type=model_type, input_value=('request_user', None), input_type=tuple]\n    For further information visit https://errors.pydantic.dev/2.8/v/model_type"}
{"t":"msg","ok":false,"ms":8,"req":"151a3ee8","uid":237087423,"user":"Freep_o_0_rn","name":"Freep_o_0_rn","role":"client","chat":237087423,"text":"⚙️ Отсрочки"}
{"t":"error","req":"151a3ee8","exc":"8 validation errors for ReplyKeyboardMarkup\nkeyboard.2.0\n  Input should be a valid dictionary or instance of KeyboardButton [type=model_type, input_value=('text', '✏️ Изме...ть название'), input_type=tuple]\n    For further information visit https://errors.pydantic.dev/2.11/v/model_type\nkeyboard.2.1\n  Input should be a valid dictionary or instance of KeyboardButton [type=model_type, input_value=('request_users', None), input_type=tuple]\n    For further information visit https://errors.pydantic.dev/2.11/v/model_type\nkeyboard.2.2\n  Input should be a valid dictionary or instance of KeyboardButton [type=model_type, input_value=('request_chat', None), input_type=tuple]\n    For further information visit https://errors.pydantic.dev/2.11/v/model_type\nkeyboard.2.3\n  Input should be a valid dictionary or instance of KeyboardButton [type=model_type, input_value=('request_contact', None), input_type=tuple]\n    For further information visit https://errors.pydantic.dev/2.11/v/model_type\nkeyboard.2.4\n  Input should be a valid dictionary or instance of KeyboardButton [type=model_type, input_value=('request_location', None), input_type=tuple]\n    For further information visit https://errors.pydantic.dev/2.11/v/model_type\nkeyboard.2.5\n  Input should be a valid dictionary or instance of KeyboardButton [type=model_type, input_value=('request_poll', None), input_type=tuple]\n    For further information visit https://errors.pydantic.dev/2.11/v/model_type\nkeyboard.2.6\n  Input should be a valid dictionary or instance of KeyboardButton [type=model_type, input_value=('web_app', None), input_type=tuple]\n    For further information visit https://errors.pydantic.dev/2.11/v/model_type\nkeyboard.2.7\n  Input should be a valid dictionary or instance of KeyboardButton [type=model_type, input_value=('request_user', None), input_type=tuple]\n    For further information visit https://errors.pydantic.dev/2.11/v/model_type"}
{"t":"msg","ok":true,"ms":303,"req":"b6fc696c","uid":237087423,"user":"Freep_o_0_rn","name":"Freep_o_0_rn","role":"client","chat":237087423,"text":"⚙️ Фильтры"}
{"t":"cb","ok":true,"ms":216,"req":"35d33d74","uid":237087423,"user":"Freep_o_0_rn","name":"Freep_o_0_rn","role":"client","chat":237087423,"data":"flt:nav:1"}
{"t":"cb","ok":true,"ms":212,"req":"fce96936","uid":237087423,"user":"Freep_o_0_rn","name":"Freep_o_0_rn","role":"client","chat":237087423,"data":"flt:nav:0"}
{"t":"msg","ok":false,"ms":1,"req":"230ac62f","uid":237087423,"user":"Freep_o_0_rn","name":"Freep_o_0_rn","role":"client","chat":237087423,"text":"⚙️ Отсрочки"}
{"t":"error","req":"230ac62f","exc":"8 validation errors for ReplyKeyboardMarkup\nkeyboard.2.0\n  Input should be a valid dictionary or instance of KeyboardButton [type=model_type, input_value=('text', '✏️ Изме...ть название'), input_type=tuple]\n    For further information visit https://errors.pydantic.dev/2.11/v/model_type\nkeyboard.2.1\n  Input should be a valid dictionary or instance of KeyboardButton [type=model_type, input_value=('request_users', None), input_type=tuple]\n    For further information visit https://errors.pydantic.dev/2.11/v/model_type\nkeyboard.2.2\n  Input should be a valid dictionary or instance of KeyboardButton [type=model_type, input_value=('request_chat', None), input_type=tuple]\n    For further information visit https://errors.pydantic.dev/2.11/v/model_type\nkeyboard.2.3\n  Input should be a valid dictionary or instance of KeyboardButton [type=model_type, input_value=('request_contact', None), input_type=tuple]\n    For further information visit https://errors.pydantic.dev/2.11/v/model_type\nkeyboard.2.4\n  Input should be a valid dictionary or instance of KeyboardButton [type=model_type, input_value=('request_location', None), input_type=tuple]\n    For further information visit https://errors.pydantic.dev/2.11/v/model_type\nkeyboard.2.5\n  Input should be a valid dictionary or instance of KeyboardButton [type=model_type, input_value=('request_poll', None), input_type=tuple]\n    For further information visit https://errors.pydantic.dev/2.11/v/model_type\nkeyboard.2.6\n  Input should be a valid dictionary or instance of KeyboardButton [type=model_type, input_value=('web_app', None), input_type=tuple]\n    For further information visit https://errors.pydantic.dev/2.11/v/model_type\nkeyboard.2.7\n  Input should be a valid dictionary or instance of KeyboardButton [type=model_type, input_value=('request_user', None), input_type=tuple]\n    For further information visit https://errors.pydantic.dev/2.11/v/model_type"}
{"t":"msg","ok":true,"ms":385,"req":"72b608e9","uid":237087423,"user":"Freep_o_0_rn","name":"Freep_o_0_rn","role":"client","chat":237087423,"text":"📦 Проверить ТТН"}
{"t":"cb","ok":false,"ms":109,"req":"132e9892","uid":237087423,"user":"Freep_o_0_rn","name":"Freep_o_0_rn","role":"client","chat":237087423,"data":"menu:back"}
{"t":"error","req":"132e9892","exc":"8 validation errors for ReplyKeyboardMarkup\nkeyboard.2.0\n  Input should be a valid dictionary or instance of KeyboardButton [type=model_type, input_value=('text', '✏️ Изме...ть название'), input_type=tuple]\n    For further information visit https://errors.pydantic.dev/2.11/v/model_type\nkeyboard.2.1\n  Input should be a valid dictionary or instance of KeyboardButton [type=model_type, input_value=('request_users', None), input_type=tuple]\n    For further information visit https://errors.pydantic.dev/2.11/v/model_type\nkeyboard.2.2\n  Input should be a valid dictionary or instance of KeyboardButton [type=model_type, input_value=('request_chat', None), input_type=tuple]\n    For further information visit https://errors.pydantic.dev/2.11/v/model_type\nkeyboard.2.3\n  Input should be a valid dictionary or instance of KeyboardButton [type=model_type, input_value=('request_contact', None), input_type=tuple]\n    For further information visit https://errors.pydantic.dev/2.11/v/model_type\nkeyboard.2.4\n  Input should be a valid dictionary or instance of KeyboardButton [type=model_type, input_value=('request_location', None), input_type=tuple]\n    For further information visit https://errors.pydantic.dev/2.11/v/model_type\nkeyboard.2.5\n  Input should be a valid dictionary or instance of KeyboardButton [type=model_type, input_value=('request_poll', None), input_type=tuple]\n    For further information visit https://errors.pydantic.dev/2.11/v/model_type\nkeyboard.2.6\n  Input should be a valid dictionary or instance of KeyboardButton [type=model_type, input_value=('web_app', None), input_type=tuple]\n    For further information visit https://errors.pydantic.dev/2.11/v/model_type\nkeyboard.2.7\n  Input should be a valid dictionary or instance of KeyboardButton [type=model_type, input_value=('request_user', None), input_type=tuple]\n    For further information visit https://errors.pydantic.dev/2.11/v/model_type"}
{"t":"msg","ok":true,"ms":307,"req":"4241a729","uid":237087423,"user":"Freep_o_0_rn","name":"Freep_o_0_rn","role":"client","chat":237087423,"text":"/start"}
{"t":"msg","ok":true,"ms":125,"req":"25f2c6a9","uid":237087423,"user":"Freep_o_0_rn","name":"Freep_o_0_rn","role":"client","chat":237087423,"text":"📑 Прайсы"}
{"t":"cb","ok":true,"ms":414,"req":"a47337c4","uid":237087423,"user":"Freep_o_0_rn","name":"Freep_o_0_rn","role":"client","chat":237087423,"data":"menu:back"}
{"t":"msg","ok":true,"ms":218,"req":"e93f7777","uid":237087423,"user":"Freep_o_0_rn","name":"Freep_o_0_rn","role":"client","chat":237087423,"text":"/reset_role"}
{"t":"cb","ok":true,"ms":285,"req":"eeacd83c","uid":237087423,"user":"Freep_o_0_rn","name":"Freep_o_0_rn","role":"client","chat":237087423,"data":"ob:admin"}
{"t":"msg","ok":true,"ms":245,"req":"395c3ad6","uid":237087423,"user":"Freep_o_0_rn","name":"Freep_o_0_rn","role":"admin","chat":237087423,"text":"99654511"}
{"t":"msg","ok":true,"ms":292,"req":"fc1f508a","uid":237087423,"user":"Freep_o_0_rn","name":"Freep_o_0_rn","role":"admin","chat":237087423,"text":"🔎 Поиск"}
{"t":"msg","ok":true,"ms":1679,"req":"8755bf99","uid":237087423,"user":"Freep_o_0_rn","name":"Freep_o_0_rn","role":"admin","chat":237087423,"text":"Карякина"}
{"t":"msg","ok":true,"ms":430,"req":"6e7d1ca4","uid":237087423,"user":"Freep_o_0_rn","name":"Freep_o_0_rn","role":"client","chat":237087423,"text":"/reset_role"}
{"t":"cb","ok":true,"ms":222,"req":"f6423186","uid":237087423,"user":"Freep_o_0_rn","name":"Freep_o_0_rn","role":"client","chat":237087423,"data":"ob:client"}
{"t":"msg","ok":true,"ms":252,"req":"7d924c41","uid":237087423,"user":"Freep_o_0_rn","name":"Freep_o_0_rn","role":"client","chat":237087423,"text":"asddas"}
{"t":"msg","ok":true,"ms":1458,"req":"44175a44","uid":237087423,"user":"Freep_o_0_rn","name":"Freep_o_0_rn","role":"client","chat":237087423,"text":"🔎 Поиск"}
{"t":"msg","ok":true,"ms":303,"req":"d688a29b","uid":237087423,"user":"Freep_o_0_rn","name":"Freep_o_0_rn","role":"client","chat":237087423,"text":"✏️ Изменить название"}
{"t":"msg","ok":true,"ms":119,"req":"d0680d16","uid":237087423,"user":"Freep_o_0_rn","name":"Freep_o_0_rn","role":"client","chat":237087423,"text":"Смирнов"}
{"t":"msg","ok":true,"ms":1739,"req":"3928ea74","uid":237087423,"user":"Freep_o_0_rn","name":"Freep_o_0_rn","role":"client","chat":237087423,"text":"🔎 Поиск"}
{"t":"msg","ok":true,"ms":6154,"req":"7fde4cdb","uid":237087423,"user":"Freep_o_0_rn","name":"Freep_o_0_rn","role":"client","chat":237087423,"text":"🔎 Поиск тары"}
{"t":"msg","ok":true,"ms":333,"req":"f93bca93","uid":237087423,"user":"Freep_o_0_rn","name":"Freep_o_0_rn","role":"client","chat":237087423,"text":"▶️ Старт"}
{"t":"msg","ok":true,"ms":435,"req":"df3be800","uid":237087423,"user":"Freep_o_0_rn","name":"Freep_o_0_rn","role":"client","chat":237087423,"text":"/reset_role"}
{"t":"cb","ok":true,"ms":286,"req":"9256ca20","uid":237087423,"user":"Freep_o_0_rn","name":"Freep_o_0_rn","role":"client","chat":237087423,"data":"ob:admin"}
{"t":"msg","ok":true,"ms":569,"req":"0f7fb1c4","uid":237087423,"user":"Freep_o_0_rn","name":"Freep_o_0_rn","role":"admin","chat":237087423,"text":"99654511"}
{"t":"msg","ok":true,"ms":339,"req":"3cca8b9d","uid":237087423,"user":"Freep_o_0_rn","name":"Freep_o_0_rn","role":"admin","chat":237087423,"text":"/logs audit"}
{"t":"msg","ok":true,"ms":324,"req":"2bea826c","uid":237087423,"user":"Freep_o_0_rn","name":"Freep_o_0_rn","role":"admin","chat":237087423,"text":"▶️ Старт"}
{"t":"msg","ok":true,"ms":232,"req":"054a84a9","uid":237087423,"user":"Freep_o_0_rn","name":"Freep_o_0_rn","role":"client","chat":237087423,"text":"/reset_role"}
{"t":"cb","ok":true,"ms":205,"req":"ec5b6dfc","uid":237087423,"user":"Freep_o_0_rn","name":"Freep_o_0_rn","role":"client","chat":237087423,"data":"ob:client"}
{"t":"msg","ok":true,"ms":581,"req":"3b85c942","uid":237087423,"user":"Freep_o_0_rn","name":"Freep_o_0_rn","role":"client","chat":237087423,"text":"hs,f"}
{"t":"msg","ok":true,"ms":0,"req":"e291404b","uid":237087423,"user":"Freep_o_0_rn","name":"Freep_o_0_rn","role":"client","chat":237087423,"text":"/logs"}
{"t":"msg","ok":true,"ms":0,"req":"d40bc32e","uid":237087423,"user":"Freep_o_0_rn","name":"Freep_o_0_rn","role":"client","chat":237087423,"text":"/logs audit"}
{"t":"msg","ok":true,"ms":308,"req":"d953ffab","uid":237087423,"user":"Freep_o_0_rn","name":"Freep_o_0_rn","role":"client","chat":237087423,"text":"▶️ Старт"}
{"t":"msg","ok":true,"ms":1580,"req":"528e2f14","uid":237087423,"user":"Freep_o_0_rn","name":"Freep_o_0_rn","role":"client","chat":237087423,"text":"🔎 Поиск"}
{"t":"msg","ok":true,"ms":126,"req":"6d7d227f","uid":237087423,"user":"Freep_o_0_rn","name":"Freep_o_0_rn","role":"client","chat":237087423,"text":"✏️ Изменить название"}
{"t":"msg","ok":true,"ms":113,"req":"fbcea645","uid":237087423,"user":"Freep_o_0_rn","name":"Freep_o_0_rn","role":"client","chat":237087423,"text":"вира"}
{"t":"msg","ok":true,"ms":1543,"req":"d2aca033","uid":237087423,"user":"Freep_o_0_rn","name":"Freep_o_0_rn","role":"client","chat":237087423,"text":"🔎 Поиск"}
{"t":"msg","ok":true,"ms":0,"req":"a02f6a8b","uid":237087423,"user":"Freep_o_0_rn","name":"Freep_o_0_rn","role":"client","chat":237087423,"text":"/logs"}
{"t":"msg","ok":true,"ms":321,"req":"a2d51b40","uid":237087423,"user":"Freep_o_0_rn","name":"Freep_o_0_rn","role":"client","chat":237087423,"text":"▶️ Старт"}
{"t":"msg","ok":true,"ms":317,"req":"b1ceb83c","uid":237087423,"user":"Freep_o_0_rn","name":"Freep_o_0_rn","role":"client","chat":237087423,"text":"/reset_role"}
{"t":"cb","ok":true,"ms":223,"req":"06ae2c74","uid":237087423,"user":"Freep_o_0_rn","name":"Freep_o_0_rn","role":"client","chat":237087423,"data":"ob:admin"}
{"t":"msg","ok":true,"ms":250,"req":"b8ffd899","uid":237087423,"user":"Freep_o_0_rn","name":"Freep_o_0_rn","role":"admin","chat":237087423,"text":"99654511"}
{"t":"msg","ok":true,"ms":315,"req":"c24e0e62","uid":237087423,"user":"Freep_o_0_rn","name":"Freep_o_0_rn","role":"admin","chat":237087423,"text":"▶️ Старт"}
{"t":"msg","ok":true,"ms":315,"req":"8eec631f","uid":237087423,"user":"Freep_o_0_rn","name":"Freep_o_0_rn","role":"admin","chat":237087423,"text":"▶️ Старт"}
{"t":"msg","ok":true,"ms":254,"req":"0e372c07","uid":237087423,"user":"Freep_o_0_rn","name":"Freep_o_0_rn","role":"admin","chat":237087423,"text":"🚚 График развоза"}
{"t":"cb","ok":true,"ms":401,"req":"b5566bcb","uid":237087423,"user":"Freep_o_0_rn","name":"Freep_o_0_rn","role":"admin","chat":237087423,"data":"schedule:upload"}
{"t":"msg","ok":true,"ms":123,"req":"c2f65693","uid":237087423,"user":"Freep_o_0_rn","name":"Freep_o_0_rn","role":"admin","chat":237087423,"text":""}
{"t":"msg","ok":true,"ms":1505,"req":"491ec067","uid":237087423,"user":"Freep_o_0_rn","name":"Freep_o_0_rn","role":"admin","chat":237087423,"text":""}
{"t":"cb","ok":true,"ms":440,"req":"d13e54ab","uid":237087423,"user":"Freep_o_0_rn","name":"Freep_o_0_rn","role":"admin","chat":237087423,"data":"schedule:show"}
{"t":"msg","ok":true,"ms":676,"req":"eac91de9","uid":237087423,"user":"Freep_o_0_rn","name":"Freep_o_0_rn","role":"admin","chat":237087423,"text":"🚚 График развоза"}
{"t":"cb","ok":true,"ms":217,"req":"5f6962a0","uid":237087423,"user":"Freep_o_0_rn","name":"Freep_o_0_rn","role":"admin","chat":237087423,"data":"schedule:note"}
{"t":"msg","ok":true,"ms":1086,"req":"315cc7d5","uid":237087423,"user":"Freep_o_0_rn","name":"Freep_o_0_rn","role":"admin","chat":237087423,"text":"Заявки за день. \nВ будние до 15:00. \nВ субботу - заявки на понедельник. Воскресенье  до 13:00."}
{"t":"msg","ok":true,"ms":192,"req":"6d7b7e4e","uid":237087423,"user":"Freep_o_0_rn","name":"Freep_o_0_rn","role":"admin","chat":237087423,"text":"▶️ Старт"}
{"t":"msg","ok":true,"ms":250,"req":"78163522","uid":237087423,"user":"Freep_o_0_rn","name":"Freep_o_0_rn","role":"client","chat":237087423,"text":"/reset_role"}
{"t":"cb","ok":true,"ms":309,"req":"1e139585","uid":237087423,"user":"Freep_o_0_rn","name":"Freep_o_0_rn","role":"client","chat":237087423,"data":"ob:client"}
{"t":"msg","ok":true,"ms":336,"req":"8f5291f5","uid":237087423,"user":"Freep_o_0_rn","name":"Freep_o_0_rn","role":"client","chat":237087423,"text":"Виса"}
{"t":"msg","ok":true,"ms":984,"req":"1190ad9e","uid":237087423,"user":"Freep_o_0_rn","name":"Freep_o_0_rn","role":"client","chat":237087423,"text":"🚚 График развоза"}
{"t":"msg","ok":true,"ms":480,"req":"2a87b581","uid":237087423,"user":"Freep_o_0_rn","name":"Freep_o_0_rn","role":"client","chat":237087423,"text":"▶️ Старт"}
{"t":"msg","ok":true,"ms":434,"req":"ec015dec","uid":237087423,"user":"Freep_o_0_rn","name":"Freep_o_0_rn","role":"client","chat":237087423,"text":"🚚 График развоза"}
{"t":"msg","ok":true,"ms":309,"req":"06d053d9","uid":237087423,"user":"Freep_o_0_rn","name":"Freep_o_0_rn","role":"client","chat":237087423,"text":"▶️ Старт"}
{"t":"msg","ok":true,"ms":304,"req":"d420be1a","uid":237087423,"user":"Freep_o_0_rn","name":"Freep_o_0_rn","role":"client","chat":237087423,"text":"/reset_role"}
{"t":"cb","ok":true,"ms":413,"req":"b582d84d","uid":237087423,"user":"Freep_o_0_rn","name":"Freep_o_0_rn","role":"client","chat":237087423,"data":"ob:admin"}
{"t":"msg","ok":true,"ms":294,"req":"1010601b","uid":237087423,"user":"Freep_o_0_rn","name":"Freep_o_0_rn","role":"admin","chat":237087423,"text":"99654511"}
{"t":"msg","ok":true,"ms":448,"req":"33720f23","uid":237087423,"user":"Freep_o_0_rn","name":"Freep_o_0_rn","role":"admin","chat":237087423,"text":"🚚 График развоза"}
{"t":"msg","ok":true,"ms":292,"req":"0d0674e8","uid":237087423,"user":"Freep_o_0_rn","name":"Freep_o_0_rn","role":"admin","chat":237087423,"text":"▶️ Старт"}
{"t":"msg","ok":true,"ms":407,"req":"329a9c61","uid":237087423,"user":"Freep_o_0_rn","name":"Freep_o_0_rn","role":"admin","chat":237087423,"text":"🚚 График развоза"}
{"t":"msg","ok":true,"ms":133,"req":"4dce1d50","uid":237087423,"user":"Freep_o_0_rn","name":"Freep_o_0_rn","role":"admin","chat":237087423,"text":"▶️ Старт"}
{"t":"msg","ok":true,"ms":115,"req":"d9c8b0a5","uid":237087423,"user":"Freep_o_0_rn","name":"Freep_o_0_rn","role":"admin","chat":237087423,"text":"📦 Проверить ТТН"}
{"t":"msg","ok":true,"ms":900,"req":"e63dacc0","uid":237087423,"user":"Freep_o_0_rn","name":"Freep_o_0_rn","role":"admin","chat":237087423,"text":"0875361168"}
{"t":"msg","ok":true,"ms":654,"req":"58dc64c8","uid":237087423,"user":"Freep_o_0_rn","name":"Freep_o_0_rn","role":"admin","chat":237087423,"text":"tkvm"}
{"t":"msg","ok":true,"ms":312,"req":"5dc3f1ff","uid":237087423,"user":"Freep_o_0_rn","name":"Freep_o_0_rn","role":"admin","chat":237087423,"text":"/start"}
{"t":"msg","ok":true,"ms":104,"req":"0926c16e","uid":237087423,"user":"Freep_o_0_rn","name":"Freep_o_0_rn","role":"admin","chat":237087423,"text":"🔎 Поиск"}
{"t":"msg","ok":true,"ms":1788,"req":"ecdfe352","uid":237087423,"user":"Freep_o_0_rn","name":"Freep_o_0_rn","role":"admin","chat":237087423,"text":"Саманд"}
{"t":"msg","ok":true,"ms":281,"req":"69761738","uid":237087423,"user":"Freep_o_0_rn","name":"Freep_o_0_rn","role":"admin","chat":237087423,"text":"🔎 Поиск"}
{"t":"msg","ok":true,"ms":1649,"req":"80da7d92","uid":237087423,"user":"Freep_o_0_rn","name":"Freep_o_0_rn","role":"admin","chat":237087423,"text":"Арсений"}
{"t":"msg","ok":true,"ms":184,"req":"6dc69499","uid":1188061961,"user":"Re1ze_r","name":"__Re1zer","role":"admin","chat":1188061961,"text":"🔎 Поиск"}
{"t":"msg","ok":true,"ms":1586,"req":"bbbdf39b","uid":1188061961,"user":"Re1ze_r","name":"__Re1zer","role":"admin","chat":1188061961,"text":"Арсений"}
{"t":"msg","ok":true,"ms":284,"req":"3be67706","uid":1188061961,"user":"Re1ze_r","name":"__Re1zer","role":"admin","chat":1188061961,"text":"🔎 Поиск"}
{"t":"msg","ok":true,"ms":1593,"req":"c3e50058","uid":1188061961,"user":"Re1ze_r","name":"__Re1zer","role":"admin","chat":1188061961,"text":"Анохина"}
{"t":"msg","ok":true,"ms":106,"req":"30cbd9a2","uid":237087423,"user":"Freep_o_0_rn","name":"Freep_o_0_rn","role":"admin","chat":237087423,"text":"⚙️ Фильтры"}
{"t":"cb","ok":true,"ms":207,"req":"c95491df","uid":237087423,"user":"Freep_o_0_rn","name":"Freep_o_0_rn","role":"admin","chat":237087423,"data":"flt:nav:1"}
{"t":"msg","ok":true,"ms":3111,"req":"0e0a2947","uid":237087423,"user":"Freep_o_0_rn","name":"Freep_o_0_rn","role":"admin","chat":237087423,"text":"⏰ Просрочено"}
{"t":"msg","ok":true,"ms":328,"req":"06a8fa2b","uid":237087423,"user":"Freep_o_0_rn","name":"Freep_o_0_rn","role":"admin","chat":237087423,"text":"📑 Прайсы"}
{"t":"msg","ok":true,"ms":298,"req":"396a9db1","uid":1188061961,"user":"Re1ze_r","name":"__Re1zer","role":"admin","chat":1188061961,"text":"🔎 Поиск тары"}
{"t":"msg","ok":true,"ms":1506,"req":"2ab1a94d","uid":1188061961,"user":"Re1ze_r","name":"__Re1zer","role":"admin","chat":1188061961,"text":"Тарасова селюнова"}
{"t":"msg","ok":true,"ms":107,"req":"3dfa4fd7","uid":1188061961,"user":"Re1ze_r","name":"__Re1zer","role":"admin","chat":1188061961,"text":"🔎 Поиск тары"}
{"t":"msg","ok":true,"ms":1182,"req":"873ad886","uid":1188061961,"user":"Re1ze_r","name":"__Re1zer","role":"admin","chat":1188061961,"text":"Тарасова"}
{"t":"msg","ok":true,"ms":114,"req":"aad56a58","uid":1188061961,"user":"Re1ze_r","name":"__Re1zer","role":"admin","chat":1188061961,"text":"🔎 Поиск тары"}
{"t":"msg","ok":true,"ms":1275,"req":"aa14f1b0","uid":1188061961,"user":"Re1ze_r","name":"__Re1zer","role":"admin","chat":1188061961,"text":"Селюнова"}
{"t":"msg","ok":true,"ms":184,"req":"696398c6","uid":1188061961,"user":"Re1ze_r","name":"__Re1zer","role":"admin","chat":1188061961,"text":"🔎 Поиск тары"}
{"t":"msg","ok":true,"ms":1211,"req":"58b4cdba","uid":1188061961,"user":"Re1ze_r","name":"__Re1zer","role":"admin","chat":1188061961,"text":"Смирнов"}
{"t":"msg","ok":true,"ms":122,"req":"f93eb956","uid":1188061961,"user":"Re1ze_r","name":"__Re1zer","role":"admin","chat":1188061961,"text":"🔎 Поиск тары"}
{"t":"msg","ok":true,"ms":294,"req":"0dd70170","uid":1188061961,"user":"Re1ze_r","name":"__Re1zer","role":"admin","chat":1188061961,"text":"🔎 Поиск"}
{"t":"msg","ok":true,"ms":1840,"req":"63597589","uid":1188061961,"user":"Re1ze_r","name":"__Re1zer","role":"admin","chat":1188061961,"text":"Селюнова"}
{"t":"msg","ok":true,"ms":149,"req":"dda98de3","uid":1188061961,"user":"Re1ze_r","name":"__Re1zer","role":"admin","chat":1188061961,"text":"🔎 Поиск тары"}
{"t":"msg","ok":true,"ms":1466,"req":"c9f970de","uid":1188061961,"user":"Re1ze_r","name":"__Re1zer","role":"admin","chat":1188061961,"text":"Селюнова"}
{"t":"msg","ok":true,"ms":294,"req":"f3ffdbe3","uid":237087423,"user":"Freep_o_0_rn","name":"Freep_o_0_rn","role":"admin","chat":237087423,"text":"🔎 Поиск тары"}
{"t":"msg","ok":true,"ms":1069,"req":"2f2b6a01","uid":237087423,"user":"Freep_o_0_rn","name":"Freep_o_0_rn","role":"admin","chat":237087423,"text":"📦 Тара"}
{"t":"msg","ok":true,"ms":1225,"req":"815b4f57","uid":237087423,"user":"Freep_o_0_rn","name":"Freep_o_0_rn","role":"admin","chat":237087423,"text":"🔄 Обновить (10:31)"}
{"t":"msg","ok":true,"ms":111,"req":"3cef15f3","uid":237087423,"user":"Freep_o_0_rn","name":"Freep_o_0_rn","role":"admin","chat":237087423,"text":"🔄 Обновить (10:31)"}
{"t":"cb","ok":true,"ms":4398,"req":"3a17bd73","uid":237087423,"user":"Freep_o_0_rn","name":"Freep_o_0_rn","role":"admin","chat":237087423,"data":"upd:tara"}
{"t":"msg","ok":true,"ms":127,"req":"cb36d0cd","uid":237087423,"user":"Freep_o_0_rn","name":"Freep_o_0_rn","role":"admin","chat":237087423,"text":"🔎 Поиск тары"}
{"t":"msg","ok":true,"ms":1193,"req":"aa5aec10","uid":237087423,"user":"Freep_o_0_rn","name":"Freep_o_0_rn","role":"admin","chat":237087423,"text":"Тарасова"}
{"t":"msg","ok":true,"ms":1040,"req":"cdf70f39","uid":237087423,"user":"Freep_o_0_rn","name":"Freep_o_0_rn","role":"admin","chat":237087423,"text":"📦 Тара"}
{"t":"msg","ok":true,"ms":366,"req":"394c992b","uid":237087423,"user":"Freep_o_0_rn","name":"Freep_o_0_rn","role":"admin","chat":237087423,"text":"▶️ Старт"}
{"t":"msg","ok":true,"ms":4837,"req":"a186749d","uid":237087423,"user":"Freep_o_0_rn","name":"Freep_o_0_rn","role":"admin","chat":237087423,"text":"/refresh"}
{"t":"msg","ok":true,"ms":118,"req":"66b015d8","uid":237087423,"user":"Freep_o_0_rn","name":"Freep_o_0_rn","role":"admin","chat":237087423,"text":"🔎 Поиск тары"}
{"t":"msg","ok":true,"ms":1195,"req":"98df8b23","uid":237087423,"user":"Freep_o_0_rn","name":"Freep_o_0_rn","role":"admin","chat":237087423,"text":"Волков"}
{"t":"msg","ok":true,"ms":1421,"req":"3b1f0e50","uid":237087423,"user":"Freep_o_0_rn","name":"Freep_o_0_rn","role":"admin","chat":237087423,"text":"🔎 Поиск тары"}
{"t":"msg","ok":true,"ms":785,"req":"dd0eb565","uid":237087423,"user":"Freep_o_0_rn","name":"Freep_o_0_rn","role":"admin","chat":237087423,"text":"Волков"}
{"t":"msg","ok":true,"ms":18920,"req":"1ac6702f","uid":237087423,"user":"Freep_o_0_rn","name":"Freep_o_0_rn","role":"admin","chat":237087423,"text":"/refresh"}
{"t":"msg","ok":true,"ms":219,"req":"e4086024","uid":237087423,"user":"Freep_o_0_rn","name":"Freep_o_0_rn","role":"admin","chat":237087423,"text":"🔎 Поиск тары"}
{"t":"msg","ok":true,"ms":6194,"req":"de032d6c","uid":237087423,"user":"Freep_o_0_rn","name":"Freep_o_0_rn","role":"admin","chat":237087423,"text":"Волков"}
{"t":"msg","ok":true,"ms":1285,"req":"dd8ac0a5","uid":237087423,"user":"Freep_o_0_rn","name":"Freep_o_0_rn","role":"admin","chat":237087423,"text":"🔎 Поиск тары"}
{"t":"msg","ok":true,"ms":7539,"req":"4641c65a","uid":237087423,"user":"Freep_o_0_rn","name":"Freep_o_0_rn","role":"admin","chat":237087423,"text":"Волков"}
{"t":"msg","ok":true,"ms":2130,"req":"ad2e2c31","uid":237087423,"user":"Freep_o_0_rn","name":"Freep_o_0_rn","role":"admin","chat":237087423,"text":"🔎 Поиск тары"}
{"t":"msg","ok":true,"ms":7215,"req":"ca63bc5e","uid":237087423,"user":"Freep_o_0_rn","name":"Freep_o_0_rn","role":"admin","chat":237087423,"text":"Виса"}
{"t":"msg","ok":true,"ms":1298,"req":"2d8eb664","uid":237087423,"user":"Freep_o_0_rn","name":"Freep_o_0_rn","role":"admin","chat":237087423,"text":"▶️ Старт"}
{"t":"msg","ok":true,"ms":1373,"req":"fe038991","uid":237087423,"user":"Freep_o_0_rn","name":"Freep_o_0_rn","role":"admin","chat":237087423,"text":"🚚 График развоза"}
{"t":"msg","ok":true,"ms":483,"req":"0d2e252a","uid":237087423,"user":"Freep_o_0_rn","name":"Freep_o_0_rn","role":"admin","chat":237087423,"text":"🔎 Поиск"}
{"t":"msg","ok":true,"ms":1163,"req":"687161a6","uid":237087423,"user":"Freep_o_0_rn","name":"Freep_o_0_rn","role":"admin","chat":237087423,"text":"Волков"}
{"t":"msg","ok":true,"ms":220,"req":"c9c4c6c8","uid":237087423,"user":"Freep_o_0_rn","name":"Freep_o_0_rn","role":"admin","chat":237087423,"text":"🔎 Поиск"}
{"t":"msg","ok":true,"ms":1513,"req":"3847c4bb","uid":237087423,"user":"Freep_o_0_rn","name":"Freep_o_0_rn","role":"admin","chat":237087423,"text":"Виса"}
{"t":"msg","ok":true,"ms":422,"req":"603ad707","uid":237087423,"user":"Freep_o_0_rn","name":"Freep_o_0_rn","role":"admin","chat":237087423,"text":"📑 Прайсы"}
{"t":"msg","ok":true,"ms":230,"req":"3444983f","uid":237087423,"user":"Freep_o_0_rn","name":"Freep_o_0_rn","role":"admin","chat":237087423,"text":"📦 Проверить ТТН"}
{"t":"msg","ok":true,"ms":3036,"req":"9be8938d","uid":237087423,"user":"Freep_o_0_rn","name":"Freep_o_0_rn","role":"admin","chat":237087423,"text":"TTN-0875361168"}
{"t":"msg","ok":true,"ms":2078,"req":"54774b02","uid":237087423,"user":"Freep_o_0_rn","name":"Freep_o_0_rn","role":"admin","chat":237087423,"text":"kmut"}
{"t":"msg","ok":true,"ms":289,"req":"f9e2205d","uid":237087423,"user":"Freep_o_0_rn","name":"Freep_o_0_rn","role":"admin","chat":237087423,"text":"🔄 Обновить (21:36)"}
{"t":"cb","ok":true,"ms":2000,"req":"ba01e426","uid":237087423,"user":"Freep_o_0_rn","name":"Freep_o_0_rn","role":"admin","chat":237087423,"data":"upd:debt"}
{"t":"msg","ok":true,"ms":293,"req":"756caca6","uid":237087423,"user":"Freep_o_0_rn","name":"Freep_o_0_rn","role":"admin","chat":237087423,"text":"▶️ Старт"}
{"t":"msg","ok":true,"ms":505,"req":"2d742190","uid":237087423,"user":"Freep_o_0_rn","name":"Freep_o_0_rn","role":"admin","chat":237087423,"text":"🚚 График развоза"}
{"t":"msg","ok":true,"ms":285,"req":"35bd9ec4","uid":237087423,"user":"Freep_o_0_rn","name":"Freep_o_0_rn","role":"admin","chat":237087423,"text":"🔎 Поиск"}
{"t":"msg","ok":true,"ms":991,"req":"810b2f06","uid":237087423,"user":"Freep_o_0_rn","name":"Freep_o_0_rn","role":"admin","chat":237087423,"text":"Карякина"}
{"t":"msg","ok":true,"ms":314,"req":"09900c2f","uid":237087423,"user":"Freep_o_0_rn","name":"Freep_o_0_rn","role":"admin","chat":237087423,"text":"▶️ Старт"}
{"t":"msg","ok":true,"ms":309,"req":"8178c66c","uid":237087423,"user":"Freep_o_0_rn","name":"Freep_o_0_rn","role":"admin","chat":237087423,"text":"🔎 Поиск тары"}
{"t":"msg","ok":true,"ms":5467,"req":"be03a31d","uid":237087423,"user":"Freep_o_0_rn","name":"Freep_o_0_rn","role":"admin","chat":237087423,"text":"Пайвина"}
{"t":"msg","ok":true,"ms":117,"req":"f8262e44","uid":237087423,"user":"Freep_o_0_rn","name":"Freep_o_0_rn","role":"admin","chat":237087423,"text":"🔄 Обновить (12:23)"}
{"t":"cb","ok":true,"ms":1708,"req":"8ead2078","uid":237087423,"user":"Freep_o_0_rn","name":"Freep_o_0_rn","role":"admin","chat":237087423,"data":"upd:tara"}
{"t":"msg","ok":true,"ms":121,"req":"97dc567b","uid":237087423,"user":"Freep_o_0_rn","name":"Freep_o_0_rn","role":"admin","chat":237087423,"text":"🔎 Поиск тары"}
{"t":"msg","ok":true,"ms":3489,"req":"c683245c","uid":237087423,"user":"Freep_o_0_rn","name":"Freep_o_0_rn","role":"admin","chat":237087423,"text":"Пайвина"}
{"t":"msg","ok":true,"ms":173,"req":"63c713c2","uid":1188061961,"user":"Re1ze_r","name":"__Re1zer","role":"admin","chat":1188061961,"text":"🔎 Поиск тары"}
{"t":"msg","ok":true,"ms":3956,"req":"e862dc15","uid":1188061961,"user":"Re1ze_r","name":"__Re1zer","role":"admin","chat":1188061961,"text":"Митрофанова"}
{"t":"msg","ok":true,"ms":159,"req":"6398e7b4","uid":237087423,"user":"Freep_o_0_rn","name":"Freep_o_0_rn","role":"admin","chat":237087423,"text":"🔎 Поиск тары"}
{"t":"msg","ok":true,"ms":3018,"req":"6e4d95c3","uid":237087423,"user":"Freep_o_0_rn","name":"Freep_o_0_rn","role":"admin","chat":237087423,"text":"Митрофанова"}
{"t":"msg","ok":true,"ms":293,"req":"dae8c5df","uid":237087423,"user":"Freep_o_0_rn","name":"Freep_o_0_rn","role":"admin","chat":237087423,"text":"🔎 Поиск тары"}
{"t":"msg","ok":true,"ms":4068,"req":"bcf71484","uid":237087423,"user":"Freep_o_0_rn","name":"Freep_o_0_rn","role":"admin","chat":237087423,"text":"Демирханова"}
{"t":"msg","ok":true,"ms":289,"req":"4f160872","uid":237087423,"user":"Freep_o_0_rn","name":"Freep_o_0_rn","role":"admin","chat":237087423,"text":"▶️ Старт"}
{"t":"msg","ok":true,"ms":211,"req":"10a97055","uid":237087423,"user":"Freep_o_0_rn","name":"Freep_o_0_rn","role":"admin","chat":237087423,"text":"/logs"}
{"t":"msg","ok":true,"ms":428,"req":"7bab344d","uid":237087423,"user":"Freep_o_0_rn","name":"Freep_o_0_rn","role":"admin","chat":237087423,"text":"🔎 Поиск тары"}
{"t":"msg","ok":true,"ms":5210,"req":"05e18c10","uid":237087423,"user":"Freep_o_0_rn","name":"Freep_o_0_rn","role":"admin","chat":237087423,"text":"Меркурий"}
{"t":"msg","ok":true,"ms":695,"req":"3701704d","uid":237087423,"user":"Freep_o_0_rn","name":"Freep_o_0_rn","role":"admin","chat":237087423,"text":"🚚 График развоза"}
{"t":"msg","ok":true,"ms":330,"req":"74d439b4","uid":1188061961,"user":"Re1ze_r","name":"__Re1zer","role":"admin","chat":1188061961,"text":"📑 Прайсы"}
{"t":"cb","ok":true,"ms":199,"req":"6daac3b7","uid":1188061961,"user":"Re1ze_r","name":"__Re1zer","role":"admin","chat":1188061961,"data":"pr:item:622aeb3fe93c"}
{"t":"cb","ok":true,"ms":2520,"req":"b0fc2c23","uid":1188061961,"user":"Re1ze_r","name":"__Re1zer","role":"admin","chat":1188061961,"data":"pr:send:622aeb3fe93c"}
{"t":"cb","ok":true,"ms":251,"req":"afcd6531","uid":1188061961,"user":"Re1ze_r","name":"__Re1zer","role":"admin","chat":1188061961,"data":"pr:list:0"}
{"t":"cb","ok":true,"ms":245,"req":"2d51ba3e","uid":1188061961,"user":"Re1ze_r","name":"__Re1zer","role":"admin","chat":1188061961,"data":"pr:item:5246fd8bf8cc"}
{"t":"cb","ok":true,"ms":659,"req":"f67345c2","uid":1188061961,"user":"Re1ze_r","name":"__Re1zer","role":"admin","chat":1188061961,"data":"pr:send:5246fd8bf8cc"}
{"t":"cb","ok":true,"ms":357,"req":"3bcd35f3","uid":1188061961,"user":"Re1ze_r","name":"__Re1zer","role":"admin","chat":1188061961,"data":"pr:list:0"}
{"t":"cb","ok":true,"ms":204,"req":"a470b9b1","uid":1188061961,"user":"Re1ze_r","name":"__Re1zer","role":"admin","chat":1188061961,"data":"pr:item:a5d019d008b7"}
{"t":"cb","ok":true,"ms":2564,"req":"22c3e6c9","uid":1188061961,"user":"Re1ze_r","name":"__Re1zer","role":"admin","chat":1188061961,"data":"pr:send:a5d019d008b7"}
{"t":"cb","ok":true,"ms":307,"req":"7ca06e24","uid":1188061961,"user":"Re1ze_r","name":"__Re1zer","role":"admin","chat":1188061961,"data":"pr:list:0"}
{"t":"cb","ok":true,"ms":213,"req":"4398bad0","uid":1188061961,"user":"Re1ze_r","name":"__Re1zer","role":"admin","chat":1188061961,"data":"pr:item:c88fc99a0e95"}
{"t":"cb","ok":true,"ms":2159,"req":"4778d7a9","uid":1188061961,"user":"Re1ze_r","name":"__Re1zer","role":"admin","chat":1188061961,"data":"pr:send:c88fc99a0e95"}
{"t":"msg","ok":true,"ms":313,"req":"bba1a6e3","uid":237087423,"user":"Freep_o_0_rn","name":"Freep_o_0_rn","role":"admin","chat":237087423,"text":"▶️ Старт"}
{"t":"msg","ok":true,"ms":12486,"req":"9b49be3e","uid":237087423,"user":"Freep_o_0_rn","name":"Freep_o_0_rn","role":"admin","chat":237087423,"text":"⚙️ Фильтры"}
{"t":"cb","ok":true,"ms":379,"req":"8371f0ed","uid":237087423,"user":"Freep_o_0_rn","name":"Freep_o_0_rn","role":"admin","chat":237087423,"data":"flt:nav:1"}
{"t":"cb","ok":true,"ms":289,"req":"98187ba9","uid":237087423,"user":"Freep_o_0_rn","name":"Freep_o_0_rn","role":"admin","chat":237087423,"data":"flt:nav:0"}
{"t":"msg","ok":true,"ms":285,"req":"b8b21047","uid":1188061961,"user":"Re1ze_r","name":"__Re1zer","role":"admin","chat":1188061961,"text":"🔎 Поиск"}
{"t":"msg","ok":true,"ms":1012,"req":"29f87e6a","uid":1188061961,"user":"Re1ze_r","name":"__Re1zer","role":"admin","chat":1188061961,"text":"Морозова"}
{"t":"msg","ok":true,"ms":107,"req":"f32bff68","uid":1188061961,"user":"Re1ze_r","name":"__Re1zer","role":"admin","chat":1188061961,"text":"🔄 Обновить (10:31)"}
{"t":"cb","ok":true,"ms":1974,"req":"c03833bd","uid":1188061961,"user":"Re1ze_r","name":"__Re1zer","role":"admin","chat":1188061961,"data":"upd:debt"}
{"t":"msg","ok":true,"ms":106,"req":"b0670768","uid":1188061961,"user":"Re1ze_r","name":"__Re1zer","role":"admin","chat":1188061961,"text":"🔎 Поиск"}
{"t":"msg","ok":true,"ms":1090,"req":"5e477f80","uid":1188061961,"user":"Re1ze_r","name":"__Re1zer","role":"admin","chat":1188061961,"text":"Морозова"}
{"t":"msg","ok":true,"ms":123,"req":"fa2a6661","uid":1188061961,"user":"Re1ze_r","name":"__Re1zer","role":"admin","chat":1188061961,"text":"📑 Прайсы"}
{"t":"cb","ok":true,"ms":199,"req":"8f53f398","uid":1188061961,"user":"Re1ze_r","name":"__Re1zer","role":"admin","chat":1188061961,"data":"pr:item:c88fc99a0e95"}
{"t":"cb","ok":true,"ms":382,"req":"e5eb0b48","uid":1188061961,"user":"Re1ze_r","name":"__Re1zer","role":"admin","chat":1188061961,"data":"pr:list:0"}
{"t":"cb","ok":true,"ms":196,"req":"502a3a7e","uid":1188061961,"user":"Re1ze_r","name":"__Re1zer","role":"admin","chat":1188061961,"data":"pr:item:fee2b4b8b720"}
{"t":"cb","ok":true,"ms":605,"req":"bc6b87a6","uid":1188061961,"user":"Re1ze_r","name":"__Re1zer","role":"admin","chat":1188061961,"data":"pr:send:fee2b4b8b720"}
{"t":"msg","ok":true,"ms":291,"req":"a674faf1","uid":237087423,"user":"Freep_o_0_rn","name":"Freep_o_0_rn","role":"admin","chat":237087423,"text":"📑 Прайсы"}
{"t":"cb","ok":true,"ms":206,"req":"5d7aa994","uid":237087423,"user":"Freep_o_0_rn","name":"Freep_o_0_rn","role":"admin","chat":237087423,"data":"pr:item:fee2b4b8b720"}
{"t":"cb","ok":true,"ms":615,"req":"5d65474e","uid":237087423,"user":"Freep_o_0_rn","name":"Freep_o_0_rn","role":"admin","chat":237087423,"data":"pr:send:fee2b4b8b720"}
{"t":"msg","ok":true,"ms":302,"req":"ad149ff7","uid":237087423,"user":"Freep_o_0_rn","name":"Freep_o_0_rn","role":"admin","chat":237087423,"text":"/start"}
{"t":"msg","ok":true,"ms":14243,"req":"a44de281","uid":237087423,"user":"Freep_o_0_rn","name":"Freep_o_0_rn","role":"admin","chat":237087423,"text":"🧾 Общий отчёт"}
{"t":"msg","ok":true,"ms":16407,"req":"093c1a8c","uid":237087423,"user":"Freep_o_0_rn","name":"Freep_o_0_rn","role":"admin","chat":237087423,"text":"📦 Тара"}
{"t":"msg","ok":true,"ms":108,"req":"5a1628a0","uid":237087423,"user":"Freep_o_0_rn","name":"Freep_o_0_rn","role":"admin","chat":237087423,"text":"🔎 Поиск"}
{"t":"msg","ok":true,"ms":1884,"req":"2c5efc18","uid":237087423,"user":"Freep_o_0_rn","name":"Freep_o_0_rn","role":"admin","chat":237087423,"text":"Арракис заря Волков"}
{"t":"msg","ok":true,"ms":115,"req":"1750ffef","uid":237087423,"user":"Freep_o_0_rn","name":"Freep_o_0_rn","role":"admin","chat":237087423,"text":"📑 Прайсы"}
{"t":"msg","ok":true,"ms":121,"req":"ac4e719d","uid":237087423,"user":"Freep_o_0_rn","name":"Freep_o_0_rn","role":"admin","chat":237087423,"text":"▶️ Старт"}
{"t":"msg","ok":true,"ms":224,"req":"f3793178","uid":237087423,"user":"Freep_o_0_rn","name":"Freep_o_0_rn","role":"client","chat":237087423,"text":"/reset_role"}
{"t":"cb","ok":true,"ms":197,"req":"4d0d4b44","uid":237087423,"user":"Freep_o_0_rn","name":"Freep_o_0_rn","role":"client","chat":237087423,"data":"ob:client"}
{"t":"msg","ok":true,"ms":245,"req":"2402cc9f","uid":237087423,"user":"Freep_o_0_rn","name":"Freep_o_0_rn","role":"client","chat":237087423,"text":"Смирнов"}
{"t":"msg","ok":true,"ms":1042,"req":"b3d7c685","uid":237087423,"user":"Freep_o_0_rn","name":"Freep_o_0_rn","role":"client","chat":237087423,"text":"🔎 Поиск"}
{"t":"msg","ok":true,"ms":2547,"req":"c946ccd5","uid":237087423,"user":"Freep_o_0_rn","name":"Freep_o_0_rn","role":"client","chat":237087423,"text":"🔎 Поиск тары"}
{"t":"msg","ok":true,"ms":115,"req":"892bf26f","uid":237087423,"user":"Freep_o_0_rn","name":"Freep_o_0_rn","role":"client","chat":237087423,"text":"📑 Прайсы"}
{"t":"cb","ok":true,"ms":884,"req":"90fc8eea","uid":237087423,"user":"Freep_o_0_rn","name":"Freep_o_0_rn","role":"client","chat":237087423,"data":"pr:send:9afbd2663f6d"}
{"t":"msg","ok":true,"ms":223,"req":"eaadbac2","uid":237087423,"user":"Freep_o_0_rn","name":"Freep_o_0_rn","role":"client","chat":237087423,"text":"🚚 График развоза"}
{"t":"msg","ok":true,"ms":134,"req":"35e4c9de","uid":237087423,"user":"Freep_o_0_rn","name":"Freep_o_0_rn","role":"client","chat":237087423,"text":"▶️ Старт"}
{"t":"msg","ok":true,"ms":241,"req":"86966e96","uid":237087423,"user":"Freep_o_0_rn","name":"Freep_o_0_rn","role":"client","chat":237087423,"text":"/reset_role"}
{"t":"cb","ok":true,"ms":201,"req":"48eb65f3","uid":237087423,"user":"Freep_o_0_rn","name":"Freep_o_0_rn","role":"client","chat":237087423,"data":"ob:admin"}
{"t":"msg","ok":true,"ms":296,"req":"3eecc793","uid":237087423,"user":"Freep_o_0_rn","name":"Freep_o_0_rn","role":"admin","chat":237087423,"text":"99654511"}
{"t":"msg","ok":true,"ms":111,"req":"c859bf23","uid":237087423,"user":"Freep_o_0_rn","name":"Freep_o_0_rn","role":"admin","chat":237087423,"text":"📦 Проверить ТТН"}
{"t":"cb","ok":true,"ms":330,"req":"6d4d14ab","uid":237087423,"user":"Freep_o_0_rn","name":"Freep_o_0_rn","role":"admin","chat":237087423,"data":"menu:back"}
{"t":"msg","ok":true,"ms":181,"req":"e3e1898b","uid":1188061961,"user":"Re1ze_r","name":"__Re1zer","role":"admin","chat":1188061961,"text":"📦 Проверить ТТН"}
{"t":"msg","ok":true,"ms":1860,"req":"e96bcbfb","uid":1188061961,"user":"Re1ze_r","name":"__Re1zer","role":"admin","chat":1188061961,"text":"0876949300"}
{"t":"cb","ok":true,"ms":918,"req":"2887ae73","uid":1188061961,"user":"Re1ze_r","name":"__Re1zer","role":"admin","chat":1188061961,"data":"ttn:cap:refresh"}
{"t":"msg","ok":true,"ms":439,"req":"d9f0930a","uid":1188061961,"user":"Re1ze_r","name":"__Re1zer","role":"admin","chat":1188061961,"text":"Hyr5c8"}
{"t":"cb","ok":true,"ms":211,"req":"5422b82a","uid":1188061961,"user":"Re1ze_r","name":"__Re1zer","role":"admin","chat":1188061961,"data":"ttn:cap:refresh"}
{"t":"msg","ok":true,"ms":112,"req":"70941d84","uid":1188061961,"user":"Re1ze_r","name":"__Re1zer","role":"admin","chat":1188061961,"text":"📦 Проверить ТТН"}
{"t":"msg","ok":true,"ms":508,"req":"1cb10418","uid":1188061961,"user":"Re1ze_r","name":"__Re1zer","role":"admin","chat":1188061961,"text":"0876949300"}
{"t":"msg","ok":true,"ms":1141,"req":"3c04b7c3","uid":1188061961,"user":"Re1ze_r","name":"__Re1zer","role":"admin","chat":1188061961,"text":"XDK5U"}
{"t":"msg","ok":true,"ms":117,"req":"c4466232","uid":237087423,"user":"Freep_o_0_rn","name":"Freep_o_0_rn","role":"admin","chat":237087423,"text":"🔄 Обновить (12:49)"}
{"t":"msg","ok":true,"ms":180,"req":"b07c10bd","uid":237087423,"user":"Freep_o_0_rn","name":"Freep_o_0_rn","role":"admin","chat":237087423,"text":"🔎 Поиск"}
{"t":"msg","ok":true,"ms":1035,"req":"3e4d4095","uid":237087423,"user":"Freep_o_0_rn","name":"Freep_o_0_rn","role":"admin","chat":237087423,"text":"Тимкина"}
{"t":"msg","ok":true,"ms":304,"req":"310b5554","uid":1188061961,"user":"Re1ze_r","name":"__Re1zer","role":"admin","chat":1188061961,"text":"🔎 Поиск"}
{"t":"msg","ok":true,"ms":1157,"req":"3733a562","uid":1188061961,"user":"Re1ze_r","name":"__Re1zer","role":"admin","chat":1188061961,"text":"Жигунов"}
{"t":"msg","ok":true,"ms":305,"req":"d771c090","uid":1188061961,"user":"Re1ze_r","name":"__Re1zer","role":"admin","chat":1188061961,"text":"📑 Прайсы"}
{"t":"cb","ok":true,"ms":371,"req":"226c09c2","uid":1188061961,"user":"Re1ze_r","name":"__Re1zer","role":"admin","chat":1188061961,"data":"pr:item:632c94452c84"}
{"t":"cb","ok":true,"ms":678,"req":"edb81942","uid":1188061961,"user":"Re1ze_r","name":"__Re1zer","role":"admin","chat":1188061961,"data":"pr:send:632c94452c84"}
{"t":"msg","ok":true,"ms":294,"req":"4afc996b","uid":1188061961,"user":"Re1ze_r","name":"__Re1zer","role":"admin","chat":1188061961,"text":"🔎 Поиск"}
{"t":"msg","ok":true,"ms":1168,"req":"f99f6111","uid":1188061961,"user":"Re1ze_r","name":"__Re1zer","role":"admin","chat":1188061961,"text":"Виса"}
{"t":"msg","ok":true,"ms":532,"req":"39a8dc32","uid":1188061961,"user":"Re1ze_r","name":"__Re1zer","role":"admin","chat":1188061961,"text":"🔎 Поиск тары"}
{"t":"msg","ok":true,"ms":4109,"req":"ef096e41","uid":1188061961,"user":"Re1ze_r","name":"__Re1zer","role":"admin","chat":1188061961,"text":"Чебан"}
{"t":"msg","ok":true,"ms":302,"req":"8a3cb05e","uid":939285490,"user":"Qwerty12307","name":"ЖизньЗаНерзула","role":"client","chat":939285490,"text":"/start"}
{"t":"cb","ok":true,"ms":212,"req":"cb786ab7","uid":939285490,"user":"Qwerty12307","name":"ЖизньЗаНерзула","role":"client","chat":939285490,"data":"ob:client"}
{"t":"msg","ok":true,"ms":393,"req":"c0f9b114","uid":939285490,"user":"Qwerty12307","name":"ЖизньЗаНерзула","role":"client","chat":939285490,"text":"себекин"}
{"t":"msg","ok":true,"ms":5872,"req":"f46b39de","uid":939285490,"user":"Qwerty12307","name":"ЖизньЗаНерзула","role":"client","chat":939285490,"text":"📑 Прайсы"}
{"t":"msg","ok":true,"ms":5943,"req":"11844d52","uid":939285490,"user":"Qwerty12307","name":"ЖизньЗаНерзула","role":"client","chat":939285490,"text":"🔎 Поиск тары"}
{"t":"msg","ok":true,"ms":6149,"req":"a32da4aa","uid":939285490,"user":"Qwerty12307","name":"ЖизньЗаНерзула","role":"client","chat":939285490,"text":"🚚 График развоза"}
{"t":"msg","ok":true,"ms":553,"req":"32f913bd","uid":939285490,"user":"Qwerty12307","name":"ЖизньЗаНерзула","role":"client","chat":939285490,"text":"🚚 График развоза"}
{"t":"msg","ok":true,"ms":137,"req":"917ec25f","uid":237087423,"user":"Freep_o_0_rn","name":"Freep_o_0_rn","role":"admin","chat":237087423,"text":"▶️ Старт"}
{"t":"msg","ok":true,"ms":391,"req":"784be8b1","uid":939285490,"user":"Qwerty12307","name":"ЖизньЗаНерзула","role":"client","chat":939285490,"text":"🚚 График развоза"}
{"t":"msg","ok":true,"ms":893,"req":"357bb2cd","uid":939285490,"user":"Qwerty12307","name":"ЖизньЗаНерзула","role":"client","chat":939285490,"text":"🔎 Поиск"}
{"t":"msg","ok":true,"ms":259,"req":"df8ca4a2","uid":939285490,"user":"Qwerty12307","name":"ЖизньЗаНерзула","role":"client","chat":939285490,"text":"📑 Прайсы"}
{"t":"cb","ok":true,"ms":815,"req":"a0150c9b","uid":939285490,"user":"Qwerty12307","name":"ЖизньЗаНерзула","role":"client","chat":939285490,"data":"pr:send:dbca3fcd33bb"}
{"t":"cb","ok":true,"ms":579,"req":"af0f0229","uid":939285490,"user":"Qwerty12307","name":"ЖизньЗаНерзула","role":"client","chat":939285490,"data":"pr:send:fee2b4b8b720"}
{"t":"cb","ok":true,"ms":526,"req":"58ff69f5","uid":939285490,"user":"Qwerty12307","name":"ЖизньЗаНерзула","role":"client","chat":939285490,"data":"pr:send:9afbd2663f6d"}
{"t":"cb","ok":true,"ms":1426,"req":"70d09201","uid":939285490,"user":"Qwerty12307","name":"ЖизньЗаНерзула","role":"client","chat":939285490,"data":"pr:send:a5d019d008b7"}
{"t":"msg","ok":true,"ms":294,"req":"21ead45d","uid":237087423,"user":"Freep_o_0_rn","name":"Freep_o_0_rn","role":"admin","chat":237087423,"text":"🔄 Обновить (01:00)"}
{"t":"cb","ok":true,"ms":1440,"req":"1cdee655","uid":237087423,"user":"Freep_o_0_rn","name":"Freep_o_0_rn","role":"admin","chat":237087423,"data":"upd:debt"}
{"t":"msg","ok":true,"ms":164,"req":"259420e4","uid":237087423,"user":"Freep_o_0_rn","name":"Freep_o_0_rn","role":"admin","chat":237087423,"text":"🔎 Поиск"}
{"t":"msg","ok":true,"ms":1140,"req":"26d2db59","uid":237087423,"user":"Freep_o_0_rn","name":"Freep_o_0_rn","role":"admin","chat":237087423,"text":"Арсений"}
{"t":"msg","ok":true,"ms":282,"req":"fbf4bdf9","uid":1188061961,"user":"Re1ze_r","name":"__Re1zer","role":"admin","chat":1188061961,"text":"🔄 Обновить (15:31)"}
{"t":"cb","ok":true,"ms":1528,"req":"ed48db76","uid":1188061961,"user":"Re1ze_r","name":"__Re1zer","role":"admin","chat":1188061961,"data":"upd:debt"}
{"t":"msg","ok":true,"ms":276,"req":"3eef95fb","uid":1188061961,"user":"Re1ze_r","name":"__Re1zer","role":"admin","chat":1188061961,"text":"🔄 Обновить (10:26)"}
{"t":"cb","ok":true,"ms":1445,"req":"c26c250c","uid":1188061961,"user":"Re1ze_r","name":"__Re1zer","role":"admin","chat":1188061961,"data":"upd:debt"}
{"t":"msg","ok":true,"ms":104,"req":"d64ad652","uid":1188061961,"user":"Re1ze_r","name":"__Re1zer","role":"admin","chat":1188061961,"text":"🔎 Поиск"}
{"t":"msg","ok":true,"ms":895,"req":"55cb7e40","uid":1188061961,"user":"Re1ze_r","name":"__Re1zer","role":"admin","chat":1188061961,"text":"Глушкова"}
{"t":"msg","ok":true,"ms":106,"req":"c6b9f95f","uid":1188061961,"user":"Re1ze_r","name":"__Re1zer","role":"admin","chat":1188061961,"text":"🔎 Поиск"}
{"t":"msg","ok":true,"ms":903,"req":"88261026","uid":1188061961,"user":"Re1ze_r","name":"__Re1zer","role":"admin","chat":1188061961,"text":"Арсений"}
{"t":"msg","ok":true,"ms":366,"req":"59b5c5bf","uid":1188061961,"user":"Re1ze_r","name":"__Re1zer","role":"admin","chat":1188061961,"text":"🔎 Поиск"}
{"t":"msg","ok":true,"ms":2409,"req":"066e8cfd","uid":1188061961,"user":"Re1ze_r","name":"__Re1zer","role":"admin","chat":1188061961,"text":"Бургер рус"}
{"t":"msg","ok":true,"ms":300,"req":"f91b5a7a","uid":237087423,"user":"Freep_o_0_rn","name":"Freep_o_0_rn","role":"admin","chat":237087423,"text":"▶️ Старт"}
{"t":"msg","ok":true,"ms":17571,"req":"37c846ca","uid":237087423,"user":"Freep_o_0_rn","name":"Freep_o_0_rn","role":"admin","chat":237087423,"text":"📦 Тара"}
{"t":"msg","ok":true,"ms":304,"req":"5dad8169","uid":237087423,"user":"Freep_o_0_rn","name":"Freep_o_0_rn","role":"admin","chat":237087423,"text":"▶️ Старт"}
{"t":"msg","ok":true,"ms":410,"req":"393e5de4","uid":237087423,"user":"Freep_o_0_rn","name":"Freep_o_0_rn","role":"client","chat":237087423,"text":"/reset_role"}
{"t":"cb","ok":true,"ms":211,"req":"14245675","uid":237087423,"user":"Freep_o_0_rn","name":"Freep_o_0_rn","role":"client","chat":237087423,"data":"ob:client"}
{"t":"msg","ok":true,"ms":236,"req":"f7c9193a","uid":237087423,"user":"Freep_o_0_rn","name":"Freep_o_0_rn","role":"client","chat":237087423,"text":"Демирханова"}
{"t":"msg","ok":true,"ms":802,"req":"4290373d","uid":237087423,"user":"Freep_o_0_rn","name":"Freep_o_0_rn","role":"client","chat":237087423,"text":"🔎 Поиск"}
{"t":"msg","ok":true,"ms":3805,"req":"ed102004","uid":237087423,"user":"Freep_o_0_rn","name":"Freep_o_0_rn","role":"client","chat":237087423,"text":"🔎 Поиск тары"}
{"t":"msg","ok":true,"ms":119,"req":"bf959f81","uid":237087423,"user":"Freep_o_0_rn","name":"Freep_o_0_rn","role":"client","chat":237087423,"text":"📑 Прайсы"}
{"t":"cb","ok":true,"ms":803,"req":"8cd94bdd","uid":237087423,"user":"Freep_o_0_rn","name":"Freep_o_0_rn","role":"client","chat":237087423,"data":"pr:send:9afbd2663f6d"}
{"t":"cb","ok":true,"ms":602,"req":"42ebbd92","uid":237087423,"user":"Freep_o_0_rn","name":"Freep_o_0_rn","role":"client","chat":237087423,"data":"pr:send:632c94452c84"}
{"t":"cb","ok":true,"ms":387,"req":"5225db81","uid":237087423,"user":"Freep_o_0_rn","name":"Freep_o_0_rn","role":"client","chat":237087423,"data":"pr:send:fee2b4b8b720"}
{"t":"cb","ok":true,"ms":242,"req":"f57f09a5","uid":237087423,"user":"Freep_o_0_rn","name":"Freep_o_0_rn","role":"client","chat":237087423,"data":"pr:send:dbca3fcd33bb"}
{"t":"cb","ok":true,"ms":226,"req":"ef2b8124","uid":237087423,"user":"Freep_o_0_rn","name":"Freep_o_0_rn","role":"client","chat":237087423,"data":"pr:send:0c7673a002f4"}
{"t":"msg","ok":true,"ms":184,"req":"2b118828","uid":237087423,"user":"Freep_o_0_rn","name":"Freep_o_0_rn","role":"client","chat":237087423,"text":"🚚 График развоза"}
{"t":"msg","ok":true,"ms":300,"req":"d89d72c1","uid":237087423,"user":"Freep_o_0_rn","name":"Freep_o_0_rn","role":"client","chat":237087423,"text":"▶️ Старт"}
{"t":"msg","ok":true,"ms":231,"req":"d664db6f","uid":237087423,"user":"Freep_o_0_rn","name":"Freep_o_0_rn","role":"client","chat":237087423,"text":"/reset_role"}
{"t":"msg","ok":true,"ms":280,"req":"f7c757ea","uid":237087423,"user":"Freep_o_0_rn","name":"Freep_o_0_rn","role":"client","chat":237087423,"text":"▶️ Старт"}
{"t":"cb","ok":true,"ms":255,"req":"e660bdd9","uid":237087423,"user":"Freep_o_0_rn","name":"Freep_o_0_rn","role":"client","chat":237087423,"data":"ob:admin"}
{"t":"msg","ok":true,"ms":234,"req":"1a170faf","uid":237087423,"user":"Freep_o_0_rn","name":"Freep_o_0_rn","role":"admin","chat":237087423,"text":"99654511"}
{"t":"msg","ok":true,"ms":300,"req":"bf0bc698","uid":237087423,"user":"Freep_o_0_rn","name":"Freep_o_0_rn","role":"admin","chat":237087423,"text":"🔎 Поиск"}
{"t":"msg","ok":true,"ms":1107,"req":"e2af4170","uid":237087423,"user":"Freep_o_0_rn","name":"Freep_o_0_rn","role":"admin","chat":237087423,"text":"Виса Кропоткина"}
{"t":"msg","ok":true,"ms":297,"req":"7cd610c0","uid":237087423,"user":"Freep_o_0_rn","name":"Freep_o_0_rn","role":"admin","chat":237087423,"text":"▶️ Старт"}
{"t":"msg","ok":true,"ms":124,"req":"5ad30b3c","uid":237087423,"user":"Freep_o_0_rn","name":"Freep_o_0_rn","role":"admin","chat":237087423,"text":"📑 Прайсы"}
{"t":"cb","ok":true,"ms":195,"req":"2c597ef3","uid":237087423,"user":"Freep_o_0_rn","name":"Freep_o_0_rn","role":"admin","chat":237087423,"data":"pr:item:dbca3fcd33bb"}
{"t":"cb","ok":true,"ms":480,"req":"f0d46cdb","uid":237087423,"user":"Freep_o_0_rn","name":"Freep_o_0_rn","role":"admin","chat":237087423,"data":"pr:send:dbca3fcd33bb"}
{"t":"cb","ok":true,"ms":273,"req":"88f13a02","uid":237087423,"user":"Freep_o_0_rn","name":"Freep_o_0_rn","role":"admin","chat":237087423,"data":"pr:list:0"}
{"t":"cb","ok":true,"ms":211,"req":"132e4431","uid":237087423,"user":"Freep_o_0_rn","name":"Freep_o_0_rn","role":"admin","chat":237087423,"data":"pr:item:dbca3fcd33bb"}
{"t":"cb","ok":true,"ms":206,"req":"8edf1e77","uid":237087423,"user":"Freep_o_0_rn","name":"Freep_o_0_rn","role":"admin","chat":237087423,"data":"pr:rename:dbca3fcd33bb"}
{"t":"cb","ok":true,"ms":216,"req":"4feeae03","uid":237087423,"user":"Freep_o_0_rn","name":"Freep_o_0_rn","role":"admin","chat":237087423,"data":"pr:list:0"}
{"t":"msg","ok":true,"ms":105,"req":"93926ece","uid":237087423,"user":"Freep_o_0_rn","name":"Freep_o_0_rn","role":"admin","chat":237087423,"text":"Фасовка импорт СПЕЦ"}
{"t":"msg","ok":true,"ms":108,"req":"ef53bcaa","uid":237087423,"user":"Freep_o_0_rn","name":"Freep_o_0_rn","role":"admin","chat":237087423,"text":"📑 Прайсы"}
{"t":"cb","ok":true,"ms":330,"req":"0166c48d","uid":237087423,"user":"Freep_o_0_rn","name":"Freep_o_0_rn","role":"admin","chat":237087423,"data":"menu:back"}
{"t":"msg","ok":true,"ms":163,"req":"9394d94c","uid":237087423,"user":"Freep_o_0_rn","name":"Freep_o_0_rn","role":"admin","chat":237087423,"text":"📑 Прайсы"}
{"t":"cb","ok":true,"ms":339,"req":"da38df3e","uid":237087423,"user":"Freep_o_0_rn","name":"Freep_o_0_rn","role":"admin","chat":237087423,"data":"pr:item:fee2b4b8b720"}
{"t":"cb","ok":true,"ms":466,"req":"908b09f0","uid":237087423,"user":"Freep_o_0_rn","name":"Freep_o_0_rn","role":"admin","chat":237087423,"data":"pr:send:fee2b4b8b720"}
{"t":"cb","ok":true,"ms":202,"req":"050b7039","uid":237087423,"user":"Freep_o_0_rn","name":"Freep_o_0_rn","role":"admin","chat":237087423,"data":"pr:list:0"}
{"t":"msg","ok":true,"ms":111,"req":"02403445","uid":237087423,"user":"Freep_o_0_rn","name":"Freep_o_0_rn","role":"admin","chat":237087423,"text":"📦 Проверить ТТН"}
{"t":"cb","ok":true,"ms":329,"req":"5b42fec5","uid":237087423,"user":"Freep_o_0_rn","name":"Freep_o_0_rn","role":"admin","chat":237087423,"data":"menu:back"}
{"t":"msg","ok":true,"ms":322,"req":"d4f41e15","uid":237087423,"user":"Freep_o_0_rn","name":"Freep_o_0_rn","role":"admin","chat":237087423,"text":"/start"}
{"t":"msg","ok":true,"ms":154,"req":"4a621e7a","uid":237087423,"user":"Freep_o_0_rn","name":"Freep_o_0_rn","role":"admin","chat":237087423,"text":"🔎 Поиск тары"}
{"t":"msg","ok":true,"ms":4806,"req":"6dd74826","uid":237087423,"user":"Freep_o_0_rn","name":"Freep_o_0_rn","role":"admin","chat":237087423,"text":"Тарасова"}
{"t":"msg","ok":true,"ms":109,"req":"a16d0f99","uid":237087423,"user":"Freep_o_0_rn","name":"Freep_o_0_rn","role":"admin","chat":237087423,"text":"🔎 Поиск тары"}
{"t":"msg","ok":true,"ms":3081,"req":"502a1b09","uid":237087423,"user":"Freep_o_0_rn","name":"Freep_o_0_rn","role":"admin","chat":237087423,"text":"Селюнова"}
{"t":"msg","ok":true,"ms":281,"req":"edc613d9","uid":237087423,"user":"Freep_o_0_rn","name":"Freep_o_0_rn","role":"admin","chat":237087423,"text":"📑 Прайсы"}
{"t":"cb","ok":true,"ms":197,"req":"629e1201","uid":237087423,"user":"Freep_o_0_rn","name":"Freep_o_0_rn","role":"admin","chat":237087423,"data":"pr:item:0c7673a002f4"}
{"t":"cb","ok":true,"ms":326,"req":"bad5a3c8","uid":237087423,"user":"Freep_o_0_rn","name":"Freep_o_0_rn","role":"admin","chat":237087423,"data":"pr:send:0c7673a002f4"}
{"t":"msg","ok":true,"ms":124,"req":"4a9852c9","uid":237087423,"user":"Freep_o_0_rn","name":"Freep_o_0_rn","role":"admin","chat":237087423,"text":"📑 Прайсы"}
{"t":"cb","ok":true,"ms":237,"req":"f7f54106","uid":237087423,"user":"Freep_o_0_rn","name":"Freep_o_0_rn","role":"admin","chat":237087423,"data":"pr:item:0c7673a002f4"}
{"t":"cb","ok":true,"ms":314,"req":"91447365","uid":237087423,"user":"Freep_o_0_rn","name":"Freep_o_0_rn","role":"admin","chat":237087423,"data":"pr:send:0c7673a002f4"}
{"t":"msg","ok":true,"ms":117,"req":"e193d6ea","uid":8442184384,"user":null,"name":"денис","role":"client","chat":8442184384,"text":"/start"}
{"t":"cb","ok":true,"ms":225,"req":"154a8deb","uid":8442184384,"user":null,"name":"денис","role":"client","chat":8442184384,"data":"ob:client"}
{"t":"msg","ok":true,"ms":289,"req":"ae679b0b","uid":8442184384,"user":null,"name":"денис","role":"client","chat":8442184384,"text":"Колядина"}
{"t":"msg","ok":true,"ms":107,"req":"064c712d","uid":237087423,"user":"Freep_o_0_rn","name":"Freep_o_0_rn","role":"admin","chat":237087423,"text":"🔎 Поиск"}
{"t":"cb","ok":true,"ms":674,"req":"7d382974","uid":237087423,"user":"Freep_o_0_rn","name":"Freep_o_0_rn","role":"admin","chat":237087423,"data":"menu:back"}
{"t":"msg","ok":true,"ms":291,"req":"74ac16cf","uid":237087423,"user":"Freep_o_0_rn","name":"Freep_o_0_rn","role":"admin","chat":237087423,"text":"🔎 Поиск"}
{"t":"msg","ok":true,"ms":991,"req":"46c5d781","uid":237087423,"user":"Freep_o_0_rn","name":"Freep_o_0_rn","role":"admin","chat":237087423,"text":"Селюнова"}
{"t":"msg","ok":true,"ms":352,"req":"9e92b2ad","uid":237087423,"user":"Freep_o_0_rn","name":"Freep_o_0_rn","role":"admin","chat":237087423,"text":"/logs"}
{"t":"msg","ok":true,"ms":286,"req":"655cdc51","uid":1188061961,"user":"Re1ze_r","name":"__Re1zer","role":"admin","chat":1188061961,"text":"📦 Проверить ТТН"}
{"t":"msg","ok":true,"ms":574,"req":"094ebb31","uid":1188061961,"user":"Re1ze_r","name":"__Re1zer","role":"admin","chat":1188061961,"text":"TTN-0873683707"}
{"t":"msg","ok":true,"ms":586,"req":"07d826ca","uid":1188061961,"user":"Re1ze_r","name":"__Re1zer","role":"admin","chat":1188061961,"text":"P4338k"}
{"t":"msg","ok":true,"ms":301,"req":"57dfeaa6","uid":237087423,"user":"Freep_o_0_rn","name":"Freep_o_0_rn","role":"admin","chat":237087423,"text":"📑 Прайсы"}
{"t":"cb","ok":true,"ms":561,"req":"6d07419f","uid":237087423,"user":"Freep_o_0_rn","name":"Freep_o_0_rn","role":"admin","chat":237087423,"data":"pr:item:5246fd8bf8cc"}
{"t":"cb","ok":true,"ms":232,"req":"6fb2d5cd","uid":237087423,"user":"Freep_o_0_rn","name":"Freep_o_0_rn","role":"admin","chat":237087423,"data":"pr:replace:5246fd8bf8cc"}
{"t":"msg","ok":true,"ms":798,"req":"5efee057","uid":237087423,"user":"Freep_o_0_rn","name":"Freep_o_0_rn","role":"admin","chat":237087423,"text":""}
{"t":"cb","ok":true,"ms":223,"req":"8645fa26","uid":237087423,"user":"Freep_o_0_rn","name":"Freep_o_0_rn","role":"admin","chat":237087423,"data":"pr:list:0"}
{"t":"cb","ok":true,"ms":220,"req":"0c7b3e1f","uid":237087423,"user":"Freep_o_0_rn","name":"Freep_o_0_rn","role":"admin","chat":237087423,"data":"pr:add"}
{"t":"msg","ok":true,"ms":199,"req":"cfe955d5","uid":237087423,"user":"Freep_o_0_rn","name":"Freep_o_0_rn","role":"admin","chat":237087423,"text":"Фасовка Балтика"}
{"t":"msg","ok":true,"ms":801,"req":"9ef51052","uid":237087423,"user":"Freep_o_0_rn","name":"Freep_o_0_rn","role":"admin","chat":237087423,"text":""}
{"t":"cb","ok":true,"ms":350,"req":"c5175dd8","uid":237087423,"user":"Freep_o_0_rn","name":"Freep_o_0_rn","role":"admin","chat":237087423,"data":"menu:back"}
{"t":"msg","ok":true,"ms":115,"req":"3b110472","uid":237087423,"user":"Freep_o_0_rn","name":"Freep_o_0_rn","role":"admin","chat":237087423,"text":"📑 Прайсы"}
{"t":"cb","ok":true,"ms":207,"req":"00ab7e06","uid":237087423,"user":"Freep_o_0_rn","name":"Freep_o_0_rn","role":"admin","chat":237087423,"data":"pr:list:1"}
{"t":"cb","ok":true,"ms":211,"req":"e1cfd1a0","uid":237087423,"user":"Freep_o_0_rn","name":"Freep_o_0_rn","role":"admin","chat":237087423,"data":"pr:list:0"}
{"t":"cb","ok":true,"ms":213,"req":"881490b2","uid":237087423,"user":"Freep_o_0_rn","name":"Freep_o_0_rn","role":"admin","chat":237087423,"data":"pr:item:a5d019d008b7"}
{"t":"cb","ok":true,"ms":218,"req":"53812950","uid":237087423,"user":"Freep_o_0_rn","name":"Freep_o_0_rn","role":"admin","chat":237087423,"data":"pr:replace:a5d019d008b7"}
{"t":"msg","ok":true,"ms":948,"req":"5cb58ca4","uid":237087423,"user":"Freep_o_0_rn","name":"Freep_o_0_rn","role":"admin","chat":237087423,"text":""}
{"t":"cb","ok":true,"ms":550,"req":"fe897eb1","uid":237087423,"user":"Freep_o_0_rn","name":"Freep_o_0_rn","role":"admin","chat":237087423,"data":"pr:list:0"}
{"t":"cb","ok":true,"ms":238,"req":"dd31ce37","uid":237087423,"user":"Freep_o_0_rn","name":"Freep_o_0_rn","role":"admin","chat":237087423,"data":"pr:add"}
{"t":"msg","ok":true,"ms":242,"req":"add47fca","uid":237087423,"user":"Freep_o_0_rn","name":"Freep_o_0_rn","role":"admin","chat":237087423,"text":"Крафт"}
{"t":"msg","ok":true,"ms":1498,"req":"2f164991","uid":237087423,"user":"Freep_o_0_rn","name":"Freep_o_0_rn","role":"admin","chat":237087423,"text":""}
{"t":"msg","ok":true,"ms":123,"req":"3904341a","uid":237087423,"user":"Freep_o_0_rn","name":"Freep_o_0_rn","role":"admin","chat":237087423,"text":"📑 Прайсы"}
{"t":"cb","ok":true,"ms":424,"req":"a9c27785","uid":237087423,"user":"Freep_o_0_rn","name":"Freep_o_0_rn","role":"admin","chat":237087423,"data":"pr:item:e66dcb9a3ba9"}
{"t":"cb","ok":true,"ms":281,"req":"ce59f330","uid":237087423,"user":"Freep_o_0_rn","name":"Freep_o_0_rn","role":"admin","chat":237087423,"data":"pr:replace:e66dcb9a3ba9"}
{"t":"msg","ok":true,"ms":537,"req":"f82f0556","uid":237087423,"user":"Freep_o_0_rn","name":"Freep_o_0_rn","role":"admin","chat":237087423,"text":""}
{"t":"cb","ok":true,"ms":726,"req":"0223f2ef","uid":237087423,"user":"Freep_o_0_rn","name":"Freep_o_0_rn","role":"admin","chat":237087423,"data":"pr:list:0"}
{"t":"msg","ok":true,"ms":116,"req":"cadc1748","uid":237087423,"user":"Freep_o_0_rn","name":"Freep_o_0_rn","role":"admin","chat":237087423,"text":"📑 Прайсы"}
{"t":"cb","ok":true,"ms":217,"req":"0d986875","uid":237087423,"user":"Freep_o_0_rn","name":"Freep_o_0_rn","role":"admin","chat":237087423,"data":"pr:item:c88fc99a0e95"}
{"t":"cb","ok":true,"ms":224,"req":"c92edf5b","uid":237087423,"user":"Freep_o_0_rn","name":"Freep_o_0_rn","role":"admin","chat":237087423,"data":"pr:replace:c88fc99a0e95"}
{"t":"msg","ok":true,"ms":972,"req":"d662af5f","uid":237087423,"user":"Freep_o_0_rn","name":"Freep_o_0_rn","role":"admin","chat":237087423,"text":""}
{"t":"cb","ok":true,"ms":582,"req":"87bccb3e","uid":237087423,"user":"Freep_o_0_rn","name":"Freep_o_0_rn","role":"admin","chat":237087423,"data":"pr:list:0"}
{"t":"cb","ok":true,"ms":220,"req":"23c461c5","uid":237087423,"user":"Freep_o_0_rn","name":"Freep_o_0_rn","role":"admin","chat":237087423,"data":"pr:item:fee2b4b8b720"}
{"t":"cb","ok":true,"ms":229,"req":"80120cbb","uid":237087423,"user":"Freep_o_0_rn","name":"Freep_o_0_rn","role":"admin","chat":237087423,"data":"pr:replace:fee2b4b8b720"}
{"t":"msg","ok":true,"ms":1096,"req":"0e692ba8","uid":237087423,"user":"Freep_o_0_rn","name":"Freep_o_0_rn","role":"admin","chat":237087423,"text":""}
{"t":"msg","ok":true,"ms":117,"req":"7142e2c0","uid":237087423,"user":"Freep_o_0_rn","name":"Freep_o_0_rn","role":"admin","chat":237087423,"text":"📑 Прайсы"}
{"t":"cb","ok":true,"ms":223,"req":"2ce4494a","uid":237087423,"user":"Freep_o_0_rn","name":"Freep_o_0_rn","role":"admin","chat":237087423,"data":"pr:item:622aeb3fe93c"}
{"t":"cb","ok":true,"ms":282,"req":"ebaecf86","uid":237087423,"user":"Freep_o_0_rn","name":"Freep_o_0_rn","role":"admin","chat":237087423,"data":"pr:rename:622aeb3fe93c"}
{"t":"msg","ok":true,"ms":390,"req":"16867636","uid":237087423,"user":"Freep_o_0_rn","name":"Freep_o_0_rn","role":"admin","chat":237087423,"text":"Кеги и Фасовка ОПХ"}
{"t":"msg","ok":true,"ms":0,"req":"7234c0ba","uid":237087423,"user":"Freep_o_0_rn","name":"Freep_o_0_rn","role":"admin","chat":237087423,"text":""}
{"t":"msg","ok":true,"ms":114,"req":"ebb1fb87","uid":237087423,"user":"Freep_o_0_rn","name":"Freep_o_0_rn","role":"admin","chat":237087423,"text":"📑 Прайсы"}
{"t":"cb","ok":true,"ms":225,"req":"7f99b35b","uid":237087423,"user":"Freep_o_0_rn","name":"Freep_o_0_rn","role":"admin","chat":237087423,"data":"pr:item:622aeb3fe93c"}
{"t":"cb","ok":true,"ms":224,"req":"2a07f107","uid":237087423,"user":"Freep_o_0_rn","name":"Freep_o_0_rn","role":"admin","chat":237087423,"data":"pr:replace:622aeb3fe93c"}
{"t":"msg","ok":true,"ms":930,"req":"f2b9c3f2","uid":237087423,"user":"Freep_o_0_rn","name":"Freep_o_0_rn","role":"admin","chat":237087423,"text":""}
{"t":"cb","ok":true,"ms":333,"req":"f9ba79fa","uid":237087423,"user":"Freep_o_0_rn","name":"Freep_o_0_rn","role":"admin","chat":237087423,"data":"pr:list:0"}
{"t":"cb","ok":true,"ms":225,"req":"2ee00e18","uid":237087423,"user":"Freep_o_0_rn","name":"Freep_o_0_rn","role":"admin","chat":237087423,"data":"pr:item:dbca3fcd33bb"}
{"t":"cb","ok":true,"ms":419,"req":"4124b971","uid":237087423,"user":"Freep_o_0_rn","name":"Freep_o_0_rn","role":"admin","chat":237087423,"data":"pr:send:dbca3fcd33bb"}
{"t":"cb","ok":true,"ms":217,"req":"879d3a26","uid":237087423,"user":"Freep_o_0_rn","name":"Freep_o_0_rn","role":"admin","chat":237087423,"data":"pr:replace:dbca3fcd33bb"}
{"t":"msg","ok":true,"ms":853,"req":"57c193e6","uid":237087423,"user":"Freep_o_0_rn","name":"Freep_o_0_rn","role":"admin","chat":237087423,"text":""}
{"t":"msg","ok":true,"ms":121,"req":"477de46a","uid":237087423,"user":"Freep_o_0_rn","name":"Freep_o_0_rn","role":"admin","chat":237087423,"text":"📑 Прайсы"}
{"t":"cb","ok":true,"ms":253,"req":"b415e304","uid":237087423,"user":"Freep_o_0_rn","name":"Freep_o_0_rn","role":"admin","chat":237087423,"data":"pr:add"}
{"t":"cb","ok":true,"ms":383,"req":"39e14a15","uid":237087423,"user":"Freep_o_0_rn","name":"Freep_o_0_rn","role":"admin","chat":237087423,"data":"menu:back"}
{"t":"msg","ok":true,"ms":131,"req":"ed6657dd","uid":237087423,"user":"Freep_o_0_rn","name":"Freep_o_0_rn","role":"admin","chat":237087423,"text":"▶️ Старт"}
{"t":"msg","ok":true,"ms":112,"req":"b5b85edd","uid":237087423,"user":"Freep_o_0_rn","name":"Freep_o_0_rn","role":"admin","chat":237087423,"text":"▶️ Старт"}
{"t":"msg","ok":true,"ms":113,"req":"689d6c6a","uid":237087423,"user":"Freep_o_0_rn","name":"Freep_o_0_rn","role":"admin","chat":237087423,"text":"▶️ Старт"}
{"t":"msg","ok":true,"ms":118,"req":"1bedca92","uid":237087423,"user":"Freep_o_0_rn","name":"Freep_o_0_rn","role":"admin","chat":237087423,"text":"/cansel"}
{"t":"msg","ok":true,"ms":978,"req":"a9e62e8a","uid":237087423,"user":"Freep_o_0_rn","name":"Freep_o_0_rn","role":"admin","chat":237087423,"text":""}
{"t":"msg","ok":true,"ms":119,"req":"b6717c34","uid":237087423,"user":"Freep_o_0_rn","name":"Freep_o_0_rn","role":"admin","chat":237087423,"text":"📑 Прайсы"}
{"t":"cb","ok":true,"ms":361,"req":"b917e253","uid":237087423,"user":"Freep_o_0_rn","name":"Freep_o_0_rn","role":"admin","chat":237087423,"data":"pr:list:1"}
{"t":"cb","ok":true,"ms":310,"req":"4d1877e1","uid":237087423,"user":"Freep_o_0_rn","name":"Freep_o_0_rn","role":"admin","chat":237087423,"data":"pr:item:d3eadc4424ae"}
{"t":"cb","ok":true,"ms":402,"req":"171bbcb9","uid":237087423,"user":"Freep_o_0_rn","name":"Freep_o_0_rn","role":"admin","chat":237087423,"data":"pr:del:d3eadc4424ae"}
{"t":"cb","ok":true,"ms":362,"req":"ac37eafc","uid":237087423,"user":"Freep_o_0_rn","name":"Freep_o_0_rn","role":"admin","chat":237087423,"data":"pr:confirm_del:yes"}
{"t":"msg","ok":true,"ms":236,"req":"a79ed6c4","uid":237087423,"user":"Freep_o_0_rn","name":"Freep_o_0_rn","role":"admin","chat":237087423,"text":"📑 Прайсы"}
{"t":"cb","ok":true,"ms":206,"req":"1a2d3e31","uid":237087423,"user":"Freep_o_0_rn","name":"Freep_o_0_rn","role":"admin","chat":237087423,"data":"pr:item:e66dcb9a3ba9"}
{"t":"cb","ok":true,"ms":583,"req":"086bdc59","uid":237087423,"user":"Freep_o_0_rn","name":"Freep_o_0_rn","role":"admin","chat":237087423,"data":"pr:send:e66dcb9a3ba9"}
{"t":"cb","ok":true,"ms":257,"req":"244b71b5","uid":237087423,"user":"Freep_o_0_rn","name":"Freep_o_0_rn","role":"admin","chat":237087423,"data":"pr:list:0"}
{"t":"cb","ok":true,"ms":208,"req":"e68dc32d","uid":237087423,"user":"Freep_o_0_rn","name":"Freep_o_0_rn","role":"admin","chat":237087423,"data":"pr:list:1"}
{"t":"cb","ok":true,"ms":208,"req":"a4a17b2d","uid":237087423,"user":"Freep_o_0_rn","name":"Freep_o_0_rn","role":"admin","chat":237087423,"data":"pr:list:0"}
{"t":"cb","ok":true,"ms":250,"req":"ff0c4155","uid":237087423,"user":"Freep_o_0_rn","name":"Freep_o_0_rn","role":"admin","chat":237087423,"data":"pr:list:1"}
{"t":"cb","ok":true,"ms":1147,"req":"3bf1c64c","uid":237087423,"user":"Freep_o_0_rn","name":"Freep_o_0_rn","role":"admin","chat":237087423,"data":"pr:add"}
{"t":"msg","ok":true,"ms":110,"req":"c458e1f6","uid":237087423,"user":"Freep_o_0_rn","name":"Freep_o_0_rn","role":"admin","chat":237087423,"text":"Фасовка импорт СПЕЦ"}
{"t":"msg","ok":true,"ms":763,"req":"7e7495bd","uid":237087423,"user":"Freep_o_0_rn","name":"Freep_o_0_rn","role":"admin","chat":237087423,"text":""}
{"t":"msg","ok":true,"ms":136,"req":"f2dac279","uid":237087423,"user":"Freep_o_0_rn","name":"Freep_o_0_rn","role":"admin","chat":237087423,"text":"📑 Прайсы"}
{"t":"cb","ok":true,"ms":202,"req":"95a5bc9e","uid":237087423,"user":"Freep_o_0_rn","name":"Freep_o_0_rn","role":"admin","chat":237087423,"data":"pr:list:1"}
{"t":"cb","ok":true,"ms":360,"req":"e2c281e3","uid":237087423,"user":"Freep_o_0_rn","name":"Freep_o_0_rn","role":"admin","chat":237087423,"data":"pr:item:1ffcc8db6dce"}
{"t":"cb","ok":true,"ms":542,"req":"6f9fb5b4","uid":237087423,"user":"Freep_o_0_rn","name":"Freep_o_0_rn","role":"admin","chat":237087423,"data":"pr:del:1ffcc8db6dce"}
{"t":"cb","ok":true,"ms":207,"req":"218d10a9","uid":237087423,"user":"Freep_o_0_rn","name":"Freep_o_0_rn","role":"admin","chat":237087423,"data":"pr:confirm_del:yes"}
{"t":"cb","ok":true,"ms":496,"req":"604c4dd2","uid":237087423,"user":"Freep_o_0_rn","name":"Freep_o_0_rn","role":"admin","chat":237087423,"data":"pr:list:0"}
{"t":"cb","ok":true,"ms":402,"req":"686fab83","uid":237087423,"user":"Freep_o_0_rn","name":"Freep_o_0_rn","role":"admin","chat":237087423,"data":"pr:item:632c94452c84"}
{"t":"cb","ok":true,"ms":208,"req":"01fd21ab","uid":237087423,"user":"Freep_o_0_rn","name":"Freep_o_0_rn","role":"admin","chat":237087423,"data":"pr:replace:632c94452c84"}
{"t":"msg","ok":true,"ms":828,"req":"c52d6bb1","uid":237087423,"user":"Freep_o_0_rn","name":"Freep_o_0_rn","role":"admin","chat":237087423,"text":""}
{"t":"msg","ok":true,"ms":107,"req":"c3cbd153","uid":237087423,"user":"Freep_o_0_rn","name":"Freep_o_0_rn","role":"admin","chat":237087423,"text":"📑 Прайсы"}
{"t":"cb","ok":true,"ms":399,"req":"f294774e","uid":237087423,"user":"Freep_o_0_rn","name":"Freep_o_0_rn","role":"admin","chat":237087423,"data":"pr:list:1"}
{"t":"cb","ok":true,"ms":266,"req":"98a8afe0","uid":237087423,"user":"Freep_o_0_rn","name":"Freep_o_0_rn","role":"admin","chat":237087423,"data":"pr:add"}
{"t":"msg","ok":true,"ms":117,"req":"4577aee4","uid":237087423,"user":"Freep_o_0_rn","name":"Freep_o_0_rn","role":"admin","chat":237087423,"text":"Кеги импорт СПЕЦ"}
{"t":"msg","ok":true,"ms":912,"req":"994a7adb","uid":237087423,"user":"Freep_o_0_rn","name":"Freep_o_0_rn","role":"admin","chat":237087423,"text":""}
{"t":"msg","ok":true,"ms":624,"req":"edf0a370","uid":237087423,"user":"Freep_o_0_rn","name":"Freep_o_0_rn","role":"admin","chat":237087423,"text":"/start"}
{"t":"msg","ok":true,"ms":1089,"req":"ebe10c33","uid":237087423,"user":"Freep_o_0_rn","name":"Freep_o_0_rn","role":"admin","chat":237087423,"text":"📑 Прайсы"}
{"t":"cb","ok":true,"ms":478,"req":"3598564e","uid":237087423,"user":"Freep_o_0_rn","name":"Freep_o_0_rn","role":"admin","chat":237087423,"data":"pr:list:1"}
{"t":"cb","ok":true,"ms":330,"req":"b399a0df","uid":237087423,"user":"Freep_o_0_rn","name":"Freep_o_0_rn","role":"admin","chat":237087423,"data":"pr:list:0"}
{"t":"cb","ok":true,"ms":1172,"req":"4e00c99b","uid":237087423,"user":"Freep_o_0_rn","name":"Freep_o_0_rn","role":"admin","chat":237087423,"data":"pr:list:1"}
{"t":"cb","ok":true,"ms":2351,"req":"41f2d9b5","uid":237087423,"user":"Freep_o_0_rn","name":"Freep_o_0_rn","role":"admin","chat":237087423,"data":"menu:back"}
{"t":"msg","ok":true,"ms":195,"req":"538a5cc6","uid":237087423,"user":"Freep_o_0_rn","name":"Freep_o_0_rn","role":"admin","chat":237087423,"text":"📑 Прайсы"}
{"t":"cb","ok":true,"ms":380,"req":"6b805700","uid":237087423,"user":"Freep_o_0_rn","name":"Freep_o_0_rn","role":"admin","chat":237087423,"data":"pr:list:1"}
{"t":"cb","ok":true,"ms":691,"req":"c66918fc","uid":237087423,"user":"Freep_o_0_rn","name":"Freep_o_0_rn","role":"admin","chat":237087423,"data":"pr:list:0"}
{"t":"cb","ok":true,"ms":422,"req":"885c90ec","uid":237087423,"user":"Freep_o_0_rn","name":"Freep_o_0_rn","role":"admin","chat":237087423,"data":"pr:list:1"}
{"t":"cb","ok":true,"ms":416,"req":"76659291","uid":237087423,"user":"Freep_o_0_rn","name":"Freep_o_0_rn","role":"admin","chat":237087423,"data":"pr:list:0"}
{"t":"cb","ok":true,"ms":412,"req":"538ad727","uid":237087423,"user":"Freep_o_0_rn","name":"Freep_o_0_rn","role":"admin","chat":237087423,"data":"pr:list:1"}
{"t":"cb","ok":true,"ms":1239,"req":"5c0b4ad0","uid":237087423,"user":"Freep_o_0_rn","name":"Freep_o_0_rn","role":"admin","chat":237087423,"data":"menu:back"}
{"t":"msg","ok":true,"ms":247,"req":"63262786","uid":237087423,"user":"Freep_o_0_rn","name":"Freep_o_0_rn","role":"admin","chat":237087423,"text":"📑 Прайсы"}
{"t":"cb","ok":true,"ms":512,"req":"a320f86e","uid":237087423,"user":"Freep_o_0_rn","name":"Freep_o_0_rn","role":"admin","chat":237087423,"data":"pr:list:1"}
{"t":"cb","ok":true,"ms":480,"req":"3fc35c15","uid":237087423,"user":"Freep_o_0_rn","name":"Freep_o_0_rn","role":"admin","chat":237087423,"data":"pr:list:0"}
{"t":"cb","ok":true,"ms":425,"req":"ebf8a785","uid":237087423,"user":"Freep_o_0_rn","name":"Freep_o_0_rn","role":"admin","chat":237087423,"data":"pr:list:1"}
{"t":"cb","ok":true,"ms":593,"req":"b636d41c","uid":237087423,"user":"Freep_o_0_rn","name":"Freep_o_0_rn","role":"admin","chat":237087423,"data":"pr:list:0"}
{"t":"cb","ok":true,"ms":792,"req":"3ee80654","uid":237087423,"user":"Freep_o_0_rn","name":"Freep_o_0_rn","role":"admin","chat":237087423,"data":"pr:list:1"}
{"t":"cb","ok":true,"ms":1182,"req":"cab28f91","uid":237087423,"user":"Freep_o_0_rn","name":"Freep_o_0_rn","role":"admin","chat":237087423,"data":"pr:list:0"}
{"t":"msg","ok":true,"ms":557,"req":"221fe08d","uid":237087423,"user":"Freep_o_0_rn","name":"Freep_o_0_rn","role":"admin","chat":237087423,"text":"▶️ Старт"}
{"t":"msg","ok":true,"ms":381,"req":"6879435a","uid":1188061961,"user":"Re1ze_r","name":"__Re1zer","role":"admin","chat":1188061961,"text":"📦 Проверить ТТН"}
{"t":"msg","ok":true,"ms":1450,"req":"64d500df","uid":1188061961,"user":"Re1ze_r","name":"__Re1zer","role":"admin","chat":1188061961,"text":"TTN-0867706485"}
{"t":"cb","ok":true,"ms":1020,"req":"2620b794","uid":1188061961,"user":"Re1ze_r","name":"__Re1zer","role":"admin","chat":1188061961,"data":"ttn:cap:refresh"}
{"t":"msg","ok":true,"ms":1050,"req":"56487baa","uid":1188061961,"user":"Re1ze_r","name":"__Re1zer","role":"admin","chat":1188061961,"text":"📦 Проверить ТТН"}
{"t":"msg","ok":true,"ms":5017,"req":"41269a24","uid":1188061961,"user":"Re1ze_r","name":"__Re1zer","role":"admin","chat":1188061961,"text":"TTN-0867706485"}
{"t":"msg","ok":true,"ms":444,"req":"3aa0eacb","uid":1188061961,"user":"Re1ze_r","name":"__Re1zer","role":"admin","chat":1188061961,"text":"📦 Проверить ТТН"}
{"t":"msg","ok":true,"ms":5444,"req":"04ffdf9a","uid":1188061961,"user":"Re1ze_r","name":"__Re1zer","role":"admin","chat":1188061961,"text":"TTN-0867706485"}
{"t":"msg","ok":true,"ms":1472,"req":"46eefc6b","uid":1188061961,"user":"Re1ze_r","name":"__Re1zer","role":"admin","chat":1188061961,"text":"Mcjcmb"}
{"t":"msg","ok":true,"ms":10001,"req":"3f77db63","uid":1188061961,"user":"Re1ze_r","name":"__Re1zer","role":"admin","chat":1188061961,"text":"💰 Переплаты"}
{"t":"msg","ok":true,"ms":275,"req":"f42295d6","uid":1188061961,"user":"Re1ze_r","name":"__Re1zer","role":"admin","chat":1188061961,"text":"📦 Проверить ТТН"}
{"t":"msg","ok":true,"ms":3476,"req":"f56b1ffc","uid":1188061961,"user":"Re1ze_r","name":"__Re1zer","role":"admin","chat":1188061961,"text":"TTN-0870588122"}
{"t":"msg","ok":true,"ms":552,"req":"17fee950","uid":1188061961,"user":"Re1ze_r","name":"__Re1zer","role":"admin","chat":1188061961,"text":"📦 Проверить ТТН"}
{"t":"msg","ok":true,"ms":4077,"req":"4e297704","uid":1188061961,"user":"Re1ze_r","name":"__Re1zer","role":"admin","chat":1188061961,"text":"TTN-0873683707"}
{"t":"msg","ok":true,"ms":2308,"req":"00bea7aa","uid":1188061961,"user":"Re1ze_r","name":"__Re1zer","role":"admin","chat":1188061961,"text":"866sme"}
{"t":"cb","ok":true,"ms":2769,"req":"645d218c","uid":1188061961,"user":"Re1ze_r","name":"__Re1zer","role":"admin","chat":1188061961,"data":"ttn:cap:refresh"}
{"t":"msg","ok":true,"ms":475,"req":"51398e28","uid":1188061961,"user":"Re1ze_r","name":"__Re1zer","role":"admin","chat":1188061961,"text":"▶️ Старт"}
{"t":"msg","ok":true,"ms":394,"req":"70283e15","uid":1188061961,"user":"Re1ze_r","name":"__Re1zer","role":"client","chat":1188061961,"text":"/reset_role"}
{"t":"cb","ok":true,"ms":369,"req":"e019e668","uid":1188061961,"user":"Re1ze_r","name":"__Re1zer","role":"client","chat":1188061961,"data":"ob:client"}
{"t":"msg","ok":true,"ms":925,"req":"04bed12a","uid":1188061961,"user":"Re1ze_r","name":"__Re1zer","role":"client","chat":1188061961,"text":"Мамедов"}
{"t":"msg","ok":true,"ms":1944,"req":"51e5b07d","uid":1188061961,"user":"Re1ze_r","name":"__Re1zer","role":"client","chat":1188061961,"text":"🔎 Поиск"}
{"t":"msg","ok":true,"ms":5910,"req":"1aa73972","uid":1188061961,"user":"Re1ze_r","name":"__Re1zer","role":"client","chat":1188061961,"text":"🔎 Поиск тары"}
{"t":"msg","ok":true,"ms":259,"req":"b22636f7","uid":1188061961,"user":"Re1ze_r","name":"__Re1zer","role":"client","chat":1188061961,"text":"📑 Прайсы"}
{"t":"cb","ok":true,"ms":321,"req":"85774496","uid":1188061961,"user":"Re1ze_r","name":"__Re1zer","role":"client","chat":1188061961,"data":"pr:list:1"}
{"t":"cb","ok":true,"ms":367,"req":"c62b5cc3","uid":1188061961,"user":"Re1ze_r","name":"__Re1zer","role":"client","chat":1188061961,"data":"pr:list:0"}
{"t":"cb","ok":true,"ms":14763,"req":"8317f3b7","uid":1188061961,"user":"Re1ze_r","name":"__Re1zer","role":"client","chat":1188061961,"data":"pr:send:f14e169bde15"}
{"t":"cb","ok":true,"ms":763,"req":"c1af6603","uid":1188061961,"user":"Re1ze_r","name":"__Re1zer","role":"client","chat":1188061961,"data":"menu:back"}
{"t":"msg","ok":true,"ms":4464,"req":"0d422c86","uid":1188061961,"user":"Re1ze_r","name":"__Re1zer","role":"client","chat":1188061961,"text":"🚚 График развоза"}
{"t":"msg","ok":true,"ms":871,"req":"756ac275","uid":237087423,"user":"Freep_o_0_rn","name":"Freep_o_0_rn","role":"admin","chat":237087423,"text":"▶️ Старт"}
{"t":"msg","ok":true,"ms":488,"req":"73fe87f0","uid":237087423,"user":"Freep_o_0_rn","name":"Freep_o_0_rn","role":"admin","chat":237087423,"text":"▶️ Старт"}
{"t":"msg","ok":true,"ms":1053,"req":"a466d994","uid":1188061961,"user":"Re1ze_r","name":"__Re1zer","role":"client","chat":1188061961,"text":"▶️ Старт"}
{"t":"msg","ok":true,"ms":1086,"req":"2b93cf15","uid":1188061961,"user":"Re1ze_r","name":"__Re1zer","role":"client","chat":1188061961,"text":"🎁 Акции"}
{"t":"cb","ok":true,"ms":172,"req":"dec2ed20","uid":1188061961,"user":"Re1ze_r","name":"__Re1zer","role":"client","chat":1188061961,"data":"promo:list:noop"}
{"t":"msg","ok":true,"ms":951,"req":"2a0f7046","uid":237087423,"user":"Freep_o_0_rn","name":"Freep_o_0_rn","role":"admin","chat":237087423,"text":"🎁 Акции"}
{"t":"cb","ok":true,"ms":343,"req":"9429cd83","uid":237087423,"user":"Freep_o_0_rn","name":"Freep_o_0_rn","role":"admin","chat":237087423,"data":"promo:add"}
{"t":"msg","ok":true,"ms":4981,"req":"a2f2adde","uid":237087423,"user":"Freep_o_0_rn","name":"Freep_o_0_rn","role":"admin","chat":237087423,"text":"1500"}
{"t":"msg","ok":true,"ms":385,"req":"69ea505a","uid":237087423,"user":"Freep_o_0_rn","name":"Freep_o_0_rn","role":"admin","chat":237087423,"text":"При единовременном заказе  Жигулевское + Жигулевское Живое и <b>на выбор <\\b>Чешское от Бочкарев/Немецкое от Бочкарев/Шихан/Жигулевское 1978/Баден Бир Дункель/Баден Бир Хеллес/Баден Бир Вайс \n<b>Получи скидку 1500 рублей в фактуру! <\\b>"}
{"t":"msg","ok":true,"ms":0,"req":"fee02ee5","uid":237087423,"user":"Freep_o_0_rn","name":"Freep_o_0_rn","role":"admin","chat":237087423,"text":""}
{"t":"msg","ok":true,"ms":0,"req":"521dcd9e","uid":237087423,"user":"Freep_o_0_rn","name":"Freep_o_0_rn","role":"admin","chat":237087423,"text":""}
{"t":"msg","ok":true,"ms":745,"req":"99bcc4f9","uid":237087423,"user":"Freep_o_0_rn","name":"Freep_o_0_rn","role":"admin","chat":237087423,"text":"/skip"}
{"t":"msg","ok":true,"ms":148,"req":"368b778d","uid":237087423,"user":"Freep_o_0_rn","name":"Freep_o_0_rn","role":"admin","chat":237087423,"text":"/skip"}
{"t":"msg","ok":true,"ms":175,"req":"90dc8088","uid":237087423,"user":"Freep_o_0_rn","name":"Freep_o_0_rn","role":"admin","chat":237087423,"text":"/skip"}
{"t":"msg","ok":true,"ms":157,"req":"d4e037c0","uid":237087423,"user":"Freep_o_0_rn","name":"Freep_o_0_rn","role":"admin","chat":237087423,"text":"0"}
{"t":"msg","ok":true,"ms":398,"req":"7296f80a","uid":1188061961,"user":"Re1ze_r","name":"__Re1zer","role":"client","chat":1188061961,"text":"🎁 Акции"}
{"t":"cb","ok":true,"ms":783,"req":"e6e59522","uid":1188061961,"user":"Re1ze_r","name":"__Re1zer","role":"client","chat":1188061961,"data":"promo:view:e4af565d6bf2"}
{"t":"cb","ok":true,"ms":776,"req":"a7514d7f","uid":1188061961,"user":"Re1ze_r","name":"__Re1zer","role":"client","chat":1188061961,"data":"promo:list:0"}
{"t":"msg","ok":true,"ms":156,"req":"8bed66a4","uid":237087423,"user":"Freep_o_0_rn","name":"Freep_o_0_rn","role":"admin","chat":237087423,"text":"🎁 Акции"}
{"t":"cb","ok":true,"ms":314,"req":"3b641d87","uid":237087423,"user":"Freep_o_0_rn","name":"Freep_o_0_rn","role":"admin","chat":237087423,"data":"promo:view:e4af565d6bf2"}
{"t":"cb","ok":true,"ms":720,"req":"2b6e488d","uid":237087423,"user":"Freep_o_0_rn","name":"Freep_o_0_rn","role":"admin","chat":237087423,"data":"promo:dates:e4af565d6bf2"}
{"t":"msg","ok":true,"ms":668,"req":"e0e3f3a9","uid":237087423,"user":"Freep_o_0_rn","name":"Freep_o_0_rn","role":"admin","chat":237087423,"text":"2025-10-31"}
{"t":"msg","ok":true,"ms":164,"req":"873e1f1c","uid":237087423,"user":"Freep_o_0_rn","name":"Freep_o_0_rn","role":"admin","chat":237087423,"text":"0"}
{"t":"cb","ok":true,"ms":388,"req":"191eb700","uid":1188061961,"user":"Re1ze_r","name":"__Re1zer","role":"client","chat":1188061961,"data":"promo:view:e4af565d6bf2"}
{"t":"cb","ok":true,"ms":295,"req":"70cc0707","uid":1188061961,"user":"Re1ze_r","name":"__Re1zer","role":"client","chat":1188061961,"data":"promo:list:0"}
{"t":"msg","ok":true,"ms":217,"req":"4b4015ea","uid":1188061961,"user":"Re1ze_r","name":"__Re1zer","role":"client","chat":1188061961,"text":"🎁 Акции"}
{"t":"msg","ok":true,"ms":622,"req":"d65ded03","uid":237087423,"user":"Freep_o_0_rn","name":"Freep_o_0_rn","role":"admin","chat":237087423,"text":"🎁 Акции"}
{"t":"cb","ok":true,"ms":537,"req":"bf28175f","uid":237087423,"user":"Freep_o_0_rn","name":"Freep_o_0_rn","role":"admin","chat":237087423,"data":"promo:view:656b047f15db"}
{"t":"cb","ok":true,"ms":450,"req":"b348db14","uid":237087423,"user":"Freep_o_0_rn","name":"Freep_o_0_rn","role":"admin","chat":237087423,"data":"promo:list:0"}
{"t":"cb","ok":true,"ms":1065,"req":"c6af5aff","uid":237087423,"user":"Freep_o_0_rn","name":"Freep_o_0_rn","role":"admin","chat":237087423,"data":"promo:view:e4af565d6bf2"}
{"t":"cb","ok":true,"ms":306,"req":"9aaa692b","uid":237087423,"user":"Freep_o_0_rn","name":"Freep_o_0_rn","role":"admin","chat":237087423,"data":"promo:replaceimg:e4af565d6bf2"}
{"t":"msg","ok":true,"ms":0,"req":"f3cf4ce7","uid":237087423,"user":"Freep_o_0_rn","name":"Freep_o_0_rn","role":"admin","chat":237087423,"text":""}
{"t":"cb","ok":true,"ms":1938,"req":"70291350","uid":237087423,"user":"Freep_o_0_rn","name":"Freep_o_0_rn","role":"admin","chat":237087423,"data":"promo:list:0"}
{"t":"cb","ok":true,"ms":828,"req":"d1787e81","uid":237087423,"user":"Freep_o_0_rn","name":"Freep_o_0_rn","role":"admin","chat":237087423,"data":"back:main"}
{"t":"msg","ok":true,"ms":145,"req":"6b25b6c4","uid":237087423,"user":"Freep_o_0_rn","name":"Freep_o_0_rn","role":"admin","chat":237087423,"text":"🎁 Акции"}
{"t":"cb","ok":true,"ms":1323,"req":"b7fd3692","uid":237087423,"user":"Freep_o_0_rn","name":"Freep_o_0_rn","role":"admin","chat":237087423,"data":"promo:view:656b047f15db"}
{"t":"cb","ok":true,"ms":318,"req":"77c99b7c","uid":237087423,"user":"Freep_o_0_rn","name":"Freep_o_0_rn","role":"admin","chat":237087423,"data":"promo:del:656b047f15db"}
{"t":"cb","ok":true,"ms":649,"req":"10ee5a4f","uid":237087423,"user":"Freep_o_0_rn","name":"Freep_o_0_rn","role":"admin","chat":237087423,"data":"promo:confirm_del:yes"}
{"t":"msg","ok":true,"ms":185,"req":"220b49f9","uid":237087423,"user":"Freep_o_0_rn","name":"Freep_o_0_rn","role":"admin","chat":237087423,"text":"🎁 Акции"}
{"t":"cb","ok":true,"ms":129,"req":"52f532f1","uid":237087423,"user":"Freep_o_0_rn","name":"Freep_o_0_rn","role":"admin","chat":237087423,"data":"promo:list:noop"}
{"t":"cb","ok":true,"ms":336,"req":"d9eb98e0","uid":237087423,"user":"Freep_o_0_rn","name":"Freep_o_0_rn","role":"admin","chat":237087423,"data":"promo:view:e4af565d6bf2"}
{"t":"cb","ok":true,"ms":507,"req":"ab815639","uid":237087423,"user":"Freep_o_0_rn","name":"Freep_o_0_rn","role":"admin","chat":237087423,"data":"promo:replacedoc:e4af565d6bf2"}
{"t":"cb","ok":true,"ms":423,"req":"fa414c7a","uid":237087423,"user":"Freep_o_0_rn","name":"Freep_o_0_rn","role":"admin","chat":237087423,"data":"promo:list:0"}
{"t":"msg","ok":true,"ms":204,"req":"5a9bf23f","uid":237087423,"user":"Freep_o_0_rn","name":"Freep_o_0_rn","role":"admin","chat":237087423,"text":"🎁 Акции"}
{"t":"cb","ok":true,"ms":483,"req":"9426126d","uid":237087423,"user":"Freep_o_0_rn","name":"Freep_o_0_rn","role":"admin","chat":237087423,"data":"promo:view:e4af565d6bf2"}
{"t":"cb","ok":true,"ms":269,"req":"455e44ee","uid":237087423,"user":"Freep_o_0_rn","name":"Freep_o_0_rn","role":"admin","chat":237087423,"data":"promo:toggle:e4af565d6bf2"}
{"t":"cb","ok":true,"ms":267,"req":"10832ff8","uid":237087423,"user":"Freep_o_0_rn","name":"Freep_o_0_rn","role":"admin","chat":237087423,"data":"promo:toggle:e4af565d6bf2"}
{"t":"msg","ok":true,"ms":533,"req":"b6cc7284","uid":237087423,"user":"Freep_o_0_rn","name":"Freep_o_0_rn","role":"admin","chat":237087423,"text":"▶️ Старт"}
{"t":"msg","ok":false,"ms":10,"req":"f9e11fbe","uid":237087423,"user":"Freep_o_0_rn","name":"Freep_o_0_rn","role":"admin","chat":237087423,"text":"🎁 Акции"}
{"t":"error","req":"f9e11fbe","exc":"ValueError(\"invalid literal for int() with base 10: '20251021T23:37:06.368352+07:00'\")"}
{"t":"msg","ok":true,"ms":609,"req":"651282dd","uid":237087423,"user":"Freep_o_0_rn","name":"Freep_o_0_rn","role":"admin","chat":237087423,"text":"🎁 Акции"}
{"t":"cb","ok":true,"ms":323,"req":"04bd4595","uid":237087423,"user":"Freep_o_0_rn","name":"Freep_o_0_rn","role":"admin","chat":237087423,"data":"promo:view:e4af565d6bf2"}
{"t":"cb","ok":true,"ms":348,"req":"65bb261f","uid":237087423,"user":"Freep_o_0_rn","name":"Freep_o_0_rn","role":"admin","chat":237087423,"data":"promo:toggle:e4af565d6bf2"}
{"t":"cb","ok":true,"ms":303,"req":"e43340f4","uid":237087423,"user":"Freep_o_0_rn","name":"Freep_o_0_rn","role":"admin","chat":237087423,"data":"promo:list:0"}
{"t":"msg","ok":true,"ms":136,"req":"82919aa4","uid":237087423,"user":"Freep_o_0_rn","name":"Freep_o_0_rn","role":"admin","chat":237087423,"text":"🎁 Акции"}
{"t":"cb","ok":true,"ms":339,"req":"195c700c","uid":237087423,"user":"Freep_o_0_rn","name":"Freep_o_0_rn","role":"admin","chat":237087423,"data":"promo:view:e4af565d6bf2"}
{"t":"cb","ok":true,"ms":419,"req":"fdfd7de3","uid":237087423,"user":"Freep_o_0_rn","name":"Freep_o_0_rn","role":"admin","chat":237087423,"data":"promo:toggle:e4af565d6bf2"}
{"t":"cb","ok":false,"ms":405,"req":"87656e55","uid":237087423,"user":"Freep_o_0_rn","name":"Freep_o_0_rn","role":"admin","chat":237087423,"data":"promo:dates:e4af565d6bf2"}
{"t":"error","req":"87656e55","exc":"TelegramBadRequest('Telegram server says - Bad Request: query is too old and response timeout expired or query ID is invalid')"}
{"t":"msg","ok":true,"ms":557,"req":"b6f9ac90","uid":237087423,"user":"Freep_o_0_rn","name":"Freep_o_0_rn","role":"admin","chat":237087423,"text":"31.10.2025"}
{"t":"msg","ok":true,"ms":178,"req":"d810beb6","uid":237087423,"user":"Freep_o_0_rn","name":"Freep_o_0_rn","role":"admin","chat":237087423,"text":"🎁 Акции"}
{"t":"cb","ok":true,"ms":1636,"req":"d7444e51","uid":237087423,"user":"Freep_o_0_rn","name":"Freep_o_0_rn","role":"admin","chat":237087423,"data":"promo:view:e4af565d6bf2"}
{"t":"cb","ok":true,"ms":281,"req":"a2eac723","uid":237087423,"user":"Freep_o_0_rn","name":"Freep_o_0_rn","role":"admin","chat":237087423,"data":"promo:replaceimg:e4af565d6bf2"}
{"t":"msg","ok":true,"ms":0,"req":"2db73550","uid":237087423,"user":"Freep_o_0_rn","name":"Freep_o_0_rn","role":"admin","chat":237087423,"text":""}
{"t":"msg","ok":true,"ms":376,"req":"50012db4","uid":1188061961,"user":"Re1ze_r","name":"__Re1zer","role":"client","chat":1188061961,"text":"🎁 Акции"}
{"t":"cb","ok":true,"ms":291,"req":"2cf1af81","uid":1188061961,"user":"Re1ze_r","name":"__Re1zer","role":"client","chat":1188061961,"data":"promo:view:e4af565d6bf2"}
{"t":"msg","ok":true,"ms":1761,"req":"ca0eb4e6","uid":237087423,"user":"Freep_o_0_rn","name":"Freep_o_0_rn","role":"admin","chat":237087423,"text":"🎁 Акции"}
{"t":"msg","ok":true,"ms":142,"req":"9edac8f5","uid":1188061961,"user":"Re1ze_r","name":"__Re1zer","role":"client","chat":1188061961,"text":"🎁 Акции"}
{"t":"cb","ok":true,"ms":277,"req":"d6a64c3d","uid":237087423,"user":"Freep_o_0_rn","name":"Freep_o_0_rn","role":"admin","chat":237087423,"data":"promo:view:e4af565d6bf2"}
{"t":"cb","ok":true,"ms":264,"req":"f0058130","uid":237087423,"user":"Freep_o_0_rn","name":"Freep_o_0_rn","role":"admin","chat":237087423,"data":"promo:dates:e4af565d6bf2"}
{"t":"msg","ok":true,"ms":316,"req":"b66d78cb","uid":237087423,"user":"Freep_o_0_rn","name":"Freep_o_0_rn","role":"admin","chat":237087423,"text":"31.10.2025"}
{"t":"msg","ok":true,"ms":156,"req":"75201c14","uid":237087423,"user":"Freep_o_0_rn","name":"Freep_o_0_rn","role":"admin","chat":237087423,"text":"🎁 Акции"}
{"t":"cb","ok":true,"ms":1006,"req":"80d979b8","uid":237087423,"user":"Freep_o_0_rn","name":"Freep_o_0_rn","role":"admin","chat":237087423,"data":"promo:view:0f5f5db7553c"}
{"t":"cb","ok":true,"ms":273,"req":"efc5df7f","uid":237087423,"user":"Freep_o_0_rn","name":"Freep_o_0_rn","role":"admin","chat":237087423,"data":"promo:del:0f5f5db7553c"}
{"t":"cb","ok":true,"ms":305,"req":"995610c7","uid":237087423,"user":"Freep_o_0_rn","name":"Freep_o_0_rn","role":"admin","chat":237087423,"data":"promo:confirm_del:yes"}
{"t":"msg","ok":true,"ms":539,"req":"eb81e11f","uid":237087423,"user":"Freep_o_0_rn","name":"Freep_o_0_rn","role":"admin","chat":237087423,"text":"🎁 Акции"}
{"t":"cb","ok":true,"ms":285,"req":"8f780d24","uid":237087423,"user":"Freep_o_0_rn","name":"Freep_o_0_rn","role":"admin","chat":237087423,"data":"promo:view:1966477fff48"}
{"t":"cb","ok":true,"ms":264,"req":"0b499a68","uid":237087423,"user":"Freep_o_0_rn","name":"Freep_o_0_rn","role":"admin","chat":237087423,"data":"promo:del:1966477fff48"}
{"t":"cb","ok":true,"ms":386,"req":"bb6d3b72","uid":237087423,"user":"Freep_o_0_rn","name":"Freep_o_0_rn","role":"admin","chat":237087423,"data":"promo:confirm_del:yes"}
{"t":"msg","ok":true,"ms":177,"req":"f29bd8f5","uid":237087423,"user":"Freep_o_0_rn","name":"Freep_o_0_rn","role":"admin","chat":237087423,"text":"🎁 Акции"}
{"t":"cb","ok":true,"ms":275,"req":"3ce2dcda","uid":237087423,"user":"Freep_o_0_rn","name":"Freep_o_0_rn","role":"admin","chat":237087423,"data":"promo:view:e4af565d6bf2"}
{"t":"cb","ok":true,"ms":2284,"req":"b707864c","uid":237087423,"user":"Freep_o_0_rn","name":"Freep_o_0_rn","role":"admin","chat":237087423,"data":"promo:del:e4af565d6bf2"}
{"t":"cb","ok":true,"ms":264,"req":"e329b26f","uid":237087423,"user":"Freep_o_0_rn","name":"Freep_o_0_rn","role":"admin","chat":237087423,"data":"promo:confirm_del:yes"}
{"t":"msg","ok":true,"ms":154,"req":"862c382a","uid":237087423,"user":"Freep_o_0_rn","name":"Freep_o_0_rn","role":"admin","chat":237087423,"text":"🎁 Акции"}
{"t":"cb","ok":true,"ms":259,"req":"e5e6df73","uid":237087423,"user":"Freep_o_0_rn","name":"Freep_o_0_rn","role":"admin","chat":237087423,"data":"promo:add"}
{"t":"msg","ok":false,"ms":148,"req":"d48f3b3e","uid":237087423,"user":"Freep_o_0_rn","name":"Freep_o_0_rn","role":"admin","chat":237087423,"text":"АКЦИЯ 1500"}
{"t":"error","req":"d48f3b3e","exc":"TelegramBadRequest('Telegram server says - Bad Request: can't parse entities: Unsupported start tag \"br\" at byte offset 507')"}
{"t":"msg","ok":true,"ms":436,"req":"446f08a0","uid":237087423,"user":"Freep_o_0_rn","name":"Freep_o_0_rn","role":"admin","chat":237087423,"text":"🎁 Акции"}
{"t":"cb","ok":true,"ms":413,"req":"902c0ffa","uid":237087423,"user":"Freep_o_0_rn","name":"Freep_o_0_rn","role":"admin","chat":237087423,"data":"promo:add"}
{"t":"msg","ok":true,"ms":202,"req":"55fa1de5","uid":237087423,"user":"Freep_o_0_rn","name":"Freep_o_0_rn","role":"admin","chat":237087423,"text":"АКЦИЯ 1500"}
{"t":"msg","ok":true,"ms":448,"req":"ee70ed0c","uid":237087423,"user":"Freep_o_0_rn","name":"Freep_o_0_rn","role":"admin","chat":237087423,"text":"Сделай заказ на 3 кеги получи скидку 1500 рублей в фактуру!"}
{"t":"msg","ok":true,"ms":0,"req":"891ca767","uid":237087423,"user":"Freep_o_0_rn","name":"Freep_o_0_rn","role":"admin","chat":237087423,"text":""}
{"t":"msg","ok":true,"ms":0,"req":"3862d791","uid":237087423,"user":"Freep_o_0_rn","name":"Freep_o_0_rn","role":"admin","chat":237087423,"text":""}
{"t":"msg","ok":true,"ms":479,"req":"faf66ba2","uid":237087423,"user":"Freep_o_0_rn","name":"Freep_o_0_rn","role":"admin","chat":237087423,"text":"ок"}
{"t":"msg","ok":true,"ms":188,"req":"99a270dc","uid":237087423,"user":"Freep_o_0_rn","name":"Freep_o_0_rn","role":"admin","chat":237087423,"text":"/skip"}
{"t":"msg","ok":true,"ms":186,"req":"7e2708df","uid":237087423,"user":"Freep_o_0_rn","name":"Freep_o_0_rn","role":"admin","chat":237087423,"text":"/skip"}
{"t":"msg","ok":true,"ms":475,"req":"6c887919","uid":237087423,"user":"Freep_o_0_rn","name":"Freep_o_0_rn","role":"admin","chat":237087423,"text":"31.10.2025"}
{"t":"msg","ok":true,"ms":221,"req":"d4ebf164","uid":237087423,"user":"Freep_o_0_rn","name":"Freep_o_0_rn","role":"admin","chat":237087423,"text":"🎁 Акции"}
{"t":"cb","ok":true,"ms":2259,"req":"3d235d25","uid":237087423,"user":"Freep_o_0_rn","name":"Freep_o_0_rn","role":"admin","chat":237087423,"data":"promo:view:63bf59f879c2"}
{"t":"msg","ok":true,"ms":383,"req":"27f29959","uid":237087423,"user":"Freep_o_0_rn","name":"Freep_o_0_rn","role":"admin","chat":237087423,"text":"🎁 Акции"}
{"t":"cb","ok":true,"ms":271,"req":"4ed9db26","uid":237087423,"user":"Freep_o_0_rn","name":"Freep_o_0_rn","role":"admin","chat":237087423,"data":"promo:view:63bf59f879c2"}
{"t":"cb","ok":true,"ms":295,"req":"3ac544fa","uid":237087423,"user":"Freep_o_0_rn","name":"Freep_o_0_rn","role":"admin","chat":237087423,"data":"promo:del:63bf59f879c2"}
{"t":"cb","ok":true,"ms":274,"req":"9859fa9c","uid":237087423,"user":"Freep_o_0_rn","name":"Freep_o_0_rn","role":"admin","chat":237087423,"data":"promo:confirm_del:yes"}
{"t":"msg","ok":true,"ms":164,"req":"aac34d7d","uid":237087423,"user":"Freep_o_0_rn","name":"Freep_o_0_rn","role":"admin","chat":237087423,"text":"🎁 Акции"}
{"t":"cb","ok":true,"ms":301,"req":"96bfce02","uid":237087423,"user":"Freep_o_0_rn","name":"Freep_o_0_rn","role":"admin","chat":237087423,"data":"promo:add"}
{"t":"msg","ok":true,"ms":141,"req":"e0de389c","uid":237087423,"user":"Freep_o_0_rn","name":"Freep_o_0_rn","role":"admin","chat":237087423,"text":"АКЦИЯ 1500"}
{"t":"msg","ok":true,"ms":395,"req":"4448ce8c","uid":237087423,"user":"Freep_o_0_rn","name":"Freep_o_0_rn","role":"admin","chat":237087423,"text":"Приобрети единоразово пакет из 3 кег и получи скидку 1500 руб. в фактуру!"}
{"t":"msg","ok":true,"ms":0,"req":"9f4aec2c","uid":237087423,"user":"Freep_o_0_rn","name":"Freep_o_0_rn","role":"admin","chat":237087423,"text":""}
{"t":"msg","ok":true,"ms":0,"req":"815fce53","uid":237087423,"user":"Freep_o_0_rn","name":"Freep_o_0_rn","role":"admin","chat":237087423,"text":""}
{"t":"cb","ok":true,"ms":826,"req":"a8e6f9fc","uid":237087423,"user":"Freep_o_0_rn","name":"Freep_o_0_rn","role":"admin","chat":237087423,"data":"back:main"}
{"t":"msg","ok":true,"ms":156,"req":"d778f11a","uid":237087423,"user":"Freep_o_0_rn","name":"Freep_o_0_rn","role":"admin","chat":237087423,"text":"🎁 Акции"}
{"t":"cb","ok":true,"ms":300,"req":"a4102490","uid":237087423,"user":"Freep_o_0_rn","name":"Freep_o_0_rn","role":"admin","chat":237087423,"data":"promo:add"}
{"t":"msg","ok":true,"ms":164,"req":"b25cbf2d","uid":237087423,"user":"Freep_o_0_rn","name":"Freep_o_0_rn","role":"admin","chat":237087423,"text":"АКЦИЯ 1500!"}
{"t":"msg","ok":true,"ms":169,"req":"8f494c4d","uid":237087423,"user":"Freep_o_0_rn","name":"Freep_o_0_rn","role":"admin","chat":237087423,"text":"Приобрети единоразово пакет из 3 кег и получи скидку 1500 руб. в фактуру!"}
{"t":"msg","ok":true,"ms":0,"req":"1ec43bde","uid":237087423,"user":"Freep_o_0_rn","name":"Freep_o_0_rn","role":"admin","chat":237087423,"text":""}
{"t":"msg","ok":true,"ms":172,"req":"0eae54b4","uid":237087423,"user":"Freep_o_0_rn","name":"Freep_o_0_rn","role":"admin","chat":237087423,"text":"/skip"}
{"t":"msg","ok":true,"ms":272,"req":"15d6da9c","uid":237087423,"user":"Freep_o_0_rn","name":"Freep_o_0_rn","role":"admin","chat":237087423,"text":"/skip"}
{"t":"cb","ok":true,"ms":322,"req":"c23f8c5d","uid":237087423,"user":"Freep_o_0_rn","name":"Freep_o_0_rn","role":"admin","chat":237087423,"data":"promo:cal:open:new"}
{"t":"cb","ok":true,"ms":391,"req":"27a6594c","uid":237087423,"user":"Freep_o_0_rn","name":"Freep_o_0_rn","role":"admin","chat":237087423,"data":"promo:cal:open:new"}
{"t":"msg","ok":true,"ms":565,"req":"52473881","uid":1188061961,"user":"Re1ze_r","name":"__Re1zer","role":"client","chat":1188061961,"text":"🎁 Акции"}
{"t":"cb","ok":true,"ms":403,"req":"22b18058","uid":1188061961,"user":"Re1ze_r","name":"__Re1zer","role":"client","chat":1188061961,"data":"back:main"}
{"t":"msg","ok":true,"ms":601,"req":"92a2feb7","uid":237087423,"user":"Freep_o_0_rn","name":"Freep_o_0_rn","role":"admin","chat":237087423,"text":"🎁 Акции"}
{"t":"cb","ok":true,"ms":476,"req":"3b53a96f","uid":237087423,"user":"Freep_o_0_rn","name":"Freep_o_0_rn","role":"admin","chat":237087423,"data":"promo:add"}
{"t":"msg","ok":true,"ms":316,"req":"31652069","uid":237087423,"user":"Freep_o_0_rn","name":"Freep_o_0_rn","role":"admin","chat":237087423,"text":"АКЦИЯ 1500!"}
{"t":"msg","ok":true,"ms":231,"req":"b4d402db","uid":237087423,"user":"Freep_o_0_rn","name":"Freep_o_0_rn","role":"admin","chat":237087423,"text":"Приобрети единоразово пакет из 3 кег и получи скидку 1500 руб. в фактуру!"}
{"t":"msg","ok":true,"ms":0,"req":"5f18cc00","uid":237087423,"user":"Freep_o_0_rn","name":"Freep_o_0_rn","role":"admin","chat":237087423,"text":""}
{"t":"msg","ok":true,"ms":456,"req":"e0a39e75","uid":237087423,"user":"Freep_o_0_rn","name":"Freep_o_0_rn","role":"admin","chat":237087423,"text":"🎁 Акции"}
{"t":"cb","ok":true,"ms":306,"req":"e053a646","uid":237087423,"user":"Freep_o_0_rn","name":"Freep_o_0_rn","role":"admin","chat":237087423,"data":"promo:add"}
{"t":"msg","ok":true,"ms":257,"req":"2d2362b3","uid":237087423,"user":"Freep_o_0_rn","name":"Freep_o_0_rn","role":"admin","chat":237087423,"text":"АКЦИЯ 1500!"}
{"t":"msg","ok":true,"ms":205,"req":"2d829e2f","uid":237087423,"user":"Freep_o_0_rn","name":"Freep_o_0_rn","role":"admin","chat":237087423,"text":"Приобрети единоразово пакет из 3 кег и получи скидку 1500 руб. в фактуру!"}
{"t":"msg","ok":true,"ms":0,"req":"de7a72d8","uid":237087423,"user":"Freep_o_0_rn","name":"Freep_o_0_rn","role":"admin","chat":237087423,"text":""}
{"t":"msg","ok":true,"ms":0,"req":"d009232a","uid":237087423,"user":"Freep_o_0_rn","name":"Freep_o_0_rn","role":"admin","chat":237087423,"text":""}
{"t":"msg","ok":true,"ms":359,"req":"96cc7992","uid":237087423,"user":"Freep_o_0_rn","name":"Freep_o_0_rn","role":"admin","chat":237087423,"text":"/skip"}
{"t":"cb","ok":true,"ms":388,"req":"1401ba3f","uid":237087423,"user":"Freep_o_0_rn","name":"Freep_o_0_rn","role":"admin","chat":237087423,"data":"promo:cal:open:new"}
{"t":"cb","ok":true,"ms":160,"req":"1d31bea4","uid":237087423,"user":"Freep_o_0_rn","name":"Freep_o_0_rn","role":"admin","chat":237087423,"data":"promo:cal:pick:new:2025-10-31"}
{"t":"cb","ok":true,"ms":242,"req":"1ece27b8","uid":237087423,"user":"Freep_o_0_rn","name":"Freep_o_0_rn","role":"admin","chat":237087423,"data":"promo:cal:pick:new:2025-10-31"}
{"t":"msg","ok":true,"ms":446,"req":"bebfa172","uid":237087423,"user":"Freep_o_0_rn","name":"Freep_o_0_rn","role":"admin","chat":237087423,"text":"▶️ Старт"}
{"t":"msg","ok":true,"ms":192,"req":"491c1fa5","uid":237087423,"user":"Freep_o_0_rn","name":"Freep_o_0_rn","role":"admin","chat":237087423,"text":"🎁 Акции"}
{"t":"cb","ok":true,"ms":403,"req":"40c8a8c2","uid":237087423,"user":"Freep_o_0_rn","name":"Freep_o_0_rn","role":"admin","chat":237087423,"data":"promo:add"}
{"t":"msg","ok":true,"ms":659,"req":"50d69cab","uid":237087423,"user":"Freep_o_0_rn","name":"Freep_o_0_rn","role":"admin","chat":237087423,"text":"АКЦИЯ 1500!"}
{"t":"msg","ok":true,"ms":153,"req":"a18b9d1f","uid":237087423,"user":"Freep_o_0_rn","name":"Freep_o_0_rn","role":"admin","chat":237087423,"text":"Приобрети единоразово пакет из 3 кег и получи скидку 1500 руб. в фактуру!"}
{"t":"msg","ok":true,"ms":0,"req":"21401fa6","uid":237087423,"user":"Freep_o_0_rn","name":"Freep_o_0_rn","role":"admin","chat":237087423,"text":""}
{"t":"msg","ok":true,"ms":567,"req":"63fd82e8","uid":237087423,"user":"Freep_o_0_rn","name":"Freep_o_0_rn","role":"admin","chat":237087423,"text":"/skip"}
{"t":"cb","ok":true,"ms":841,"req":"a0f2f4a3","uid":237087423,"user":"Freep_o_0_rn","name":"Freep_o_0_rn","role":"admin","chat":237087423,"data":"promo:cal:open:new"}
{"t":"cb","ok":true,"ms":436,"req":"d51386a7","uid":237087423,"user":"Freep_o_0_rn","name":"Freep_o_0_rn","role":"admin","chat":237087423,"data":"promo:cal:pick:new:2025-10-31"}
{"t":"msg","ok":true,"ms":450,"req":"7530c480","uid":237087423,"user":"Freep_o_0_rn","name":"Freep_o_0_rn","role":"admin","chat":237087423,"text":"🎁 Акции"}
{"t":"cb","ok":true,"ms":298,"req":"94d6b84f","uid":237087423,"user":"Freep_o_0_rn","name":"Freep_o_0_rn","role":"admin","chat":237087423,"data":"promo:add"}
{"t":"msg","ok":true,"ms":306,"req":"7f6a4e84","uid":237087423,"user":"Freep_o_0_rn","name":"Freep_o_0_rn","role":"admin","chat":237087423,"text":"1500"}
{"t":"msg","ok":true,"ms":163,"req":"da7af7d3","uid":237087423,"user":"Freep_o_0_rn","name":"Freep_o_0_rn","role":"admin","chat":237087423,"text":"фывфыв"}
{"t":"msg","ok":true,"ms":154,"req":"2f2261a3","uid":237087423,"user":"Freep_o_0_rn","name":"Freep_o_0_rn","role":"admin","chat":237087423,"text":"/skip"}
{"t":"msg","ok":true,"ms":263,"req":"49f2a8d0","uid":237087423,"user":"Freep_o_0_rn","name":"Freep_o_0_rn","role":"admin","chat":237087423,"text":"30.10.2025"}
{"t":"msg","ok":true,"ms":802,"req":"5afee2ac","uid":237087423,"user":"Freep_o_0_rn","name":"Freep_o_0_rn","role":"admin","chat":237087423,"text":"🎁 Акции"}
{"t":"cb","ok":true,"ms":1645,"req":"e65bc316","uid":237087423,"user":"Freep_o_0_rn","name":"Freep_o_0_rn","role":"admin","chat":237087423,"data":"promo:view:f5fb3e2a7392"}
{"t":"cb","ok":true,"ms":317,"req":"28885e38","uid":237087423,"user":"Freep_o_0_rn","name":"Freep_o_0_rn","role":"admin","chat":237087423,"data":"promo:dates:f5fb3e2a7392"}
{"t":"cb","ok":true,"ms":371,"req":"f3ad0e94","uid":237087423,"user":"Freep_o_0_rn","name":"Freep_o_0_rn","role":"admin","chat":237087423,"data":"promo:cal:open:edit"}
{"t":"cb","ok":true,"ms":382,"req":"0bd63e91","uid":237087423,"user":"Freep_o_0_rn","name":"Freep_o_0_rn","role":"admin","chat":237087423,"data":"promo:cal:pick:edit:2025-10-30"}
{"t":"cb","ok":true,"ms":405,"req":"18e03754","uid":237087423,"user":"Freep_o_0_rn","name":"Freep_o_0_rn","role":"admin","chat":237087423,"data":"promo:cal:open:edit"}
{"t":"cb","ok":true,"ms":458,"req":"4c67c245","uid":237087423,"user":"Freep_o_0_rn","name":"Freep_o_0_rn","role":"admin","chat":237087423,"data":"promo:cal:pick:edit:2025-10-08"}
{"t":"cb","ok":true,"ms":823,"req":"500c9b72","uid":237087423,"user":"Freep_o_0_rn","name":"Freep_o_0_rn","role":"admin","chat":237087423,"data":"promo:view:f5fb3e2a7392"}
{"t":"cb","ok":true,"ms":590,"req":"75d25649","uid":237087423,"user":"Freep_o_0_rn","name":"Freep_o_0_rn","role":"admin","chat":237087423,"data":"promo:replaceimg:f5fb3e2a7392"}
{"t":"msg","ok":true,"ms":0,"req":"1a81db98","uid":237087423,"user":"Freep_o_0_rn","name":"Freep_o_0_rn","role":"admin","chat":237087423,"text":""}
{"t":"msg","ok":true,"ms":0,"req":"40fafb99","uid":237087423,"user":"Freep_o_0_rn","name":"Freep_o_0_rn","role":"admin","chat":237087423,"text":""}
{"t":"msg","ok":true,"ms":387,"req":"fbd6e334","uid":237087423,"user":"Freep_o_0_rn","name":"Freep_o_0_rn","role":"admin","chat":237087423,"text":"🎁 Акции"}
{"t":"cb","ok":true,"ms":294,"req":"680b4636","uid":237087423,"user":"Freep_o_0_rn","name":"Freep_o_0_rn","role":"admin","chat":237087423,"data":"promo:add"}
{"t":"msg","ok":true,"ms":156,"req":"2aa32feb","uid":237087423,"user":"Freep_o_0_rn","name":"Freep_o_0_rn","role":"admin","chat":237087423,"text":"фывывф"}
{"t":"msg","ok":true,"ms":385,"req":"21e12cbd","uid":237087423,"user":"Freep_o_0_rn","name":"Freep_o_0_rn","role":"admin","chat":237087423,"text":"фывыфв"}
{"t":"msg","ok":true,"ms":0,"req":"0cb6d7ce","uid":237087423,"user":"Freep_o_0_rn","name":"Freep_o_0_rn","role":"admin","chat":237087423,"text":""}
{"t":"cb","ok":true,"ms":384,"req":"b8890114","uid":237087423,"user":"Freep_o_0_rn","name":"Freep_o_0_rn","role":"admin","chat":237087423,"data":"promo:media:skip"}
{"t":"msg","ok":true,"ms":353,"req":"a147e01d","uid":237087423,"user":"Freep_o_0_rn","name":"Freep_o_0_rn","role":"admin","chat":237087423,"text":"🎁 Акции"}
{"t":"cb","ok":true,"ms":280,"req":"c36a64c9","uid":237087423,"user":"Freep_o_0_rn","name":"Freep_o_0_rn","role":"admin","chat":237087423,"data":"promo:view:f5fb3e2a7392"}
{"t":"cb","ok":true,"ms":276,"req":"4c91cb64","uid":237087423,"user":"Freep_o_0_rn","name":"Freep_o_0_rn","role":"admin","chat":237087423,"data":"promo:toggle:f5fb3e2a7392"}
{"t":"cb","ok":true,"ms":787,"req":"5909e5d0","uid":237087423,"user":"Freep_o_0_rn","name":"Freep_o_0_rn","role":"admin","chat":237087423,"data":"promo:dates:f5fb3e2a7392"}
{"t":"cb","ok":true,"ms":480,"req":"d3bd19ce","uid":237087423,"user":"Freep_o_0_rn","name":"Freep_o_0_rn","role":"admin","chat":237087423,"data":"promo:cal:open:edit"}
{"t":"cb","ok":true,"ms":535,"req":"90459b62","uid":237087423,"user":"Freep_o_0_rn","name":"Freep_o_0_rn","role":"admin","chat":237087423,"data":"promo:cal:pick:edit:2025-10-10"}
{"t":"msg","ok":true,"ms":494,"req":"9fb6fc8b","uid":237087423,"user":"Freep_o_0_rn","name":"Freep_o_0_rn","role":"admin","chat":237087423,"text":"🎁 Акции"}
{"t":"cb","ok":true,"ms":976,"req":"f2eee991","uid":237087423,"user":"Freep_o_0_rn","name":"Freep_o_0_rn","role":"admin","chat":237087423,"data":"promo:view:f5fb3e2a7392"}
{"t":"cb","ok":true,"ms":325,"req":"0d7d7a54","uid":237087423,"user":"Freep_o_0_rn","name":"Freep_o_0_rn","role":"admin","chat":237087423,"data":"promo:dates:f5fb3e2a7392"}
{"t":"msg","ok":true,"ms":1090,"req":"aae43ff9","uid":237087423,"user":"Freep_o_0_rn","name":"Freep_o_0_rn","role":"admin","chat":237087423,"text":"10.10.2025"}
{"t":"cb","ok":true,"ms":1702,"req":"930db206","uid":237087423,"user":"Freep_o_0_rn","name":"Freep_o_0_rn","role":"admin","chat":237087423,"data":"promo:replacedoc:f5fb3e2a7392"}
{"t":"cb","ok":true,"ms":273,"req":"6fddec9e","uid":237087423,"user":"Freep_o_0_rn","name":"Freep_o_0_rn","role":"admin","chat":237087423,"data":"promo:replaceimg:f5fb3e2a7392"}
{"t":"msg","ok":true,"ms":379,"req":"c11a6051","uid":237087423,"user":"Freep_o_0_rn","name":"Freep_o_0_rn","role":"admin","chat":237087423,"text":"🎁 Акции"}
{"t":"cb","ok":true,"ms":434,"req":"db3188ea","uid":237087423,"user":"Freep_o_0_rn","name":"Freep_o_0_rn","role":"admin","chat":237087423,"data":"promo:view:f5fb3e2a7392"}
{"t":"cb","ok":true,"ms":419,"req":"a4f2fe7e","uid":237087423,"user":"Freep_o_0_rn","name":"Freep_o_0_rn","role":"admin","chat":237087423,"data":"promo:dates:f5fb3e2a7392"}
{"t":"cb","ok":true,"ms":312,"req":"3f161b2f","uid":237087423,"user":"Freep_o_0_rn","name":"Freep_o_0_rn","role":"admin","chat":237087423,"data":"promo:cal:open:edit"}
{"t":"cb","ok":true,"ms":284,"req":"5afb06c9","uid":237087423,"user":"Freep_o_0_rn","name":"Freep_o_0_rn","role":"admin","chat":237087423,"data":"promo:cal:pick:edit:2025-10-17"}
{"t":"cb","ok":true,"ms":293,"req":"b0a0ea5c","uid":237087423,"user":"Freep_o_0_rn","name":"Freep_o_0_rn","role":"admin","chat":237087423,"data":"promo:view:f5fb3e2a7392"}
{"t":"cb","ok":true,"ms":354,"req":"43e3f6d7","uid":237087423,"user":"Freep_o_0_rn","name":"Freep_o_0_rn","role":"admin","chat":237087423,"data":"promo:list:0"}
{"t":"cb","ok":true,"ms":301,"req":"bf49b1b5","uid":237087423,"user":"Freep_o_0_rn","name":"Freep_o_0_rn","role":"admin","chat":237087423,"data":"promo:view:f5fb3e2a7392"}
{"t":"cb","ok":true,"ms":311,"req":"7ba4744a","uid":237087423,"user":"Freep_o_0_rn","name":"Freep_o_0_rn","role":"admin","chat":237087423,"data":"promo:dates:f5fb3e2a7392"}
{"t":"msg","ok":true,"ms":467,"req":"cf2ec7c4","uid":237087423,"user":"Freep_o_0_rn","name":"Freep_o_0_rn","role":"admin","chat":237087423,"text":"15.10.2025"}
{"t":"cb","ok":true,"ms":1163,"req":"db5cc400","uid":237087423,"user":"Freep_o_0_rn","name":"Freep_o_0_rn","role":"admin","chat":237087423,"data":"promo:dates:f5fb3e2a7392"}
{"t":"cb","ok":true,"ms":289,"req":"6fb4d4d2","uid":237087423,"user":"Freep_o_0_rn","name":"Freep_o_0_rn","role":"admin","chat":237087423,"data":"promo:cal:open:edit"}
{"t":"cb","ok":true,"ms":263,"req":"92c4dff9","uid":237087423,"user":"Freep_o_0_rn","name":"Freep_o_0_rn","role":"admin","chat":237087423,"data":"promo:cal:pick:edit:2025-10-31"}
{"t":"cb","ok":true,"ms":1345,"req":"54de507a","uid":237087423,"user":"Freep_o_0_rn","name":"Freep_o_0_rn","role":"admin","chat":237087423,"data":"promo:view:f5fb3e2a7392"}
{"t":"cb","ok":true,"ms":502,"req":"f4c343cd","uid":237087423,"user":"Freep_o_0_rn","name":"Freep_o_0_rn","role":"admin","chat":237087423,"data":"promo:list:0"}
{"t":"cb","ok":true,"ms":318,"req":"a34ab66d","uid":237087423,"user":"Freep_o_0_rn","name":"Freep_o_0_rn","role":"admin","chat":237087423,"data":"promo:add"}
{"t":"msg","ok":true,"ms":142,"req":"d71d0808","uid":237087423,"user":"Freep_o_0_rn","name":"Freep_o_0_rn","role":"admin","chat":237087423,"text":"1"}
{"t":"msg","ok":true,"ms":149,"req":"e48f96b9","uid":237087423,"user":"Freep_o_0_rn","name":"Freep_o_0_rn","role":"admin","chat":237087423,"text":"1234"}
{"t":"msg","ok":true,"ms":294,"req":"a1f39e7a","uid":237087423,"user":"Freep_o_0_rn","name":"Freep_o_0_rn","role":"admin","chat":237087423,"text":"Овалов"}
{"t":"msg","ok":true,"ms":0,"req":"4dd5923d","uid":237087423,"user":"Freep_o_0_rn","name":"Freep_o_0_rn","role":"admin","chat":237087423,"text":""}
{"t":"msg","ok":true,"ms":405,"req":"7bd6c736","uid":237087423,"user":"Freep_o_0_rn","name":"Freep_o_0_rn","role":"admin","chat":237087423,"text":"🎁 Акции"}
{"t":"cb","ok":true,"ms":344,"req":"cc149853","uid":237087423,"user":"Freep_o_0_rn","name":"Freep_o_0_rn","role":"admin","chat":237087423,"data":"promo:add"}
{"t":"msg","ok":true,"ms":146,"req":"564db16e","uid":237087423,"user":"Freep_o_0_rn","name":"Freep_o_0_rn","role":"admin","chat":237087423,"text":"13123"}
{"t":"msg","ok":true,"ms":145,"req":"990cb7fe","uid":237087423,"user":"Freep_o_0_rn","name":"Freep_o_0_rn","role":"admin","chat":237087423,"text":"ыфвыфвывф"}
{"t":"msg","ok":true,"ms":0,"req":"78871cb2","uid":237087423,"user":"Freep_o_0_rn","name":"Freep_o_0_rn","role":"admin","chat":237087423,"text":""}
{"t":"msg","ok":true,"ms":0,"req":"11126520","uid":237087423,"user":"Freep_o_0_rn","name":"Freep_o_0_rn","role":"admin","chat":237087423,"text":""}
{"t":"msg","ok":true,"ms":0,"req":"9d1eccfa","uid":237087423,"user":"Freep_o_0_rn","name":"Freep_o_0_rn","role":"admin","chat":237087423,"text":""}
{"t":"cb","ok":true,"ms":3231,"req":"4529098b","uid":237087423,"user":"Freep_o_0_rn","name":"Freep_o_0_rn","role":"admin","chat":237087423,"data":"promo:media:skip"}
{"t":"cb","ok":true,"ms":296,"req":"f105fae5","uid":237087423,"user":"Freep_o_0_rn","name":"Freep_o_0_rn","role":"admin","chat":237087423,"data":"promo:cal:open:new"}
{"t":"cb","ok":true,"ms":733,"req":"f2d7d57f","uid":237087423,"user":"Freep_o_0_rn","name":"Freep_o_0_rn","role":"admin","chat":237087423,"data":"promo:cal:pick:new:2025-10-31"}
{"t":"msg","ok":true,"ms":161,"req":"55507d62","uid":237087423,"user":"Freep_o_0_rn","name":"Freep_o_0_rn","role":"admin","chat":237087423,"text":"🎁 Акции"}
{"t":"cb","ok":true,"ms":359,"req":"6c6f5385","uid":237087423,"user":"Freep_o_0_rn","name":"Freep_o_0_rn","role":"admin","chat":237087423,"data":"promo:view:e1d5b0a7fc57"}
{"t":"cb","ok":true,"ms":952,"req":"7a4c74b5","uid":237087423,"user":"Freep_o_0_rn","name":"Freep_o_0_rn","role":"admin","chat":237087423,"data":"promo:dates:e1d5b0a7fc57"}
{"t":"cb","ok":true,"ms":496,"req":"e0a4b46c","uid":237087423,"user":"Freep_o_0_rn","name":"Freep_o_0_rn","role":"admin","chat":237087423,"data":"promo:cal:open:edit"}
{"t":"cb","ok":true,"ms":1287,"req":"03fc5870","uid":237087423,"user":"Freep_o_0_rn","name":"Freep_o_0_rn","role":"admin","chat":237087423,"data":"promo:cal:pick:edit:2025-10-23"}
{"t":"msg","ok":true,"ms":2322,"req":"9da8dbb6","uid":1188061961,"user":"Re1ze_r","name":"__Re1zer","role":"client","chat":1188061961,"text":"▶️ Старт"}
{"t":"msg","ok":true,"ms":1831,"req":"d756322f","uid":1188061961,"user":"Re1ze_r","name":"__Re1zer","role":"client","chat":1188061961,"text":"🎁 Акции"}
{"t":"cb","ok":true,"ms":373,"req":"5bc1d2fd","uid":1188061961,"user":"Re1ze_r","name":"__Re1zer","role":"client","chat":1188061961,"data":"promo:view:e1d5b0a7fc57"}
{"t":"cb","ok":true,"ms":387,"req":"2b32ddc8","uid":1188061961,"user":"Re1ze_r","name":"__Re1zer","role":"client","chat":1188061961,"data":"promo:list:0"}
{"t":"cb","ok":true,"ms":738,"req":"149a48db","uid":1188061961,"user":"Re1ze_r","name":"__Re1zer","role":"client","chat":1188061961,"data":"back:main"}
{"t":"msg","ok":true,"ms":190,"req":"6c629978","uid":1188061961,"user":"Re1ze_r","name":"__Re1zer","role":"client","chat":1188061961,"text":"🎁 Акции"}
{"t":"cb","ok":true,"ms":812,"req":"8ceac9bb","uid":1188061961,"user":"Re1ze_r","name":"__Re1zer","role":"client","chat":1188061961,"data":"promo:view:e1d5b0a7fc57"}
{"t":"cb","ok":true,"ms":516,"req":"87a26b6a","uid":1188061961,"user":"Re1ze_r","name":"__Re1zer","role":"client","chat":1188061961,"data":"promo:list:0"}
{"t":"msg","ok":true,"ms":371,"req":"c23b7d12","uid":237087423,"user":"Freep_o_0_rn","name":"Freep_o_0_rn","role":"admin","chat":237087423,"text":"▶️ Старт"}
{"t":"msg","ok":true,"ms":143,"req":"535027c9","uid":237087423,"user":"Freep_o_0_rn","name":"Freep_o_0_rn","role":"admin","chat":237087423,"text":"🔎 Поиск тары"}
{"t":"msg","ok":true,"ms":1394,"req":"0f0d793e","uid":237087423,"user":"Freep_o_0_rn","name":"Freep_o_0_rn","role":"admin","chat":237087423,"text":"Смирнов"}
{"t":"msg","ok":true,"ms":390,"req":"1917a318","uid":237087423,"user":"Freep_o_0_rn","name":"Freep_o_0_rn","role":"admin","chat":237087423,"text":"🔎 Поиск тары"}
{"t":"msg","ok":true,"ms":1383,"req":"29085dfc","uid":237087423,"user":"Freep_o_0_rn","name":"Freep_o_0_rn","role":"admin","chat":237087423,"text":"cvbhyjd"}
{"t":"msg","ok":true,"ms":217,"req":"9f036f67","uid":237087423,"user":"Freep_o_0_rn","name":"Freep_o_0_rn","role":"admin","chat":237087423,"text":"🔎 Поиск тары"}
{"t":"msg","ok":true,"ms":1217,"req":"5ef09a5b","uid":237087423,"user":"Freep_o_0_rn","name":"Freep_o_0_rn","role":"admin","chat":237087423,"text":"Смирнов"}
{"t":"msg","ok":true,"ms":1110,"req":"be7ce21f","uid":237087423,"user":"Freep_o_0_rn","name":"Freep_o_0_rn","role":"admin","chat":237087423,"text":"📦 Тара"}
{"t":"msg","ok":true,"ms":376,"req":"8af6aa78","uid":237087423,"user":"Freep_o_0_rn","name":"Freep_o_0_rn","role":"admin","chat":237087423,"text":"▶️ Старт"}
{"t":"msg","ok":true,"ms":131,"req":"1c4aaf07","uid":237087423,"user":"Freep_o_0_rn","name":"Freep_o_0_rn","role":"admin","chat":237087423,"text":"🔎 Поиск тары"}
{"t":"msg","ok":true,"ms":1253,"req":"4e4e823e","uid":237087423,"user":"Freep_o_0_rn","name":"Freep_o_0_rn","role":"admin","chat":237087423,"text":"Смирнов"}
{"t":"msg","ok":true,"ms":1124,"req":"79bf503a","uid":237087423,"user":"Freep_o_0_rn","name":"Freep_o_0_rn","role":"admin","chat":237087423,"text":"📦 Тара"}
{"t":"msg","ok":true,"ms":230,"req":"18e3cbe3","uid":237087423,"user":"Freep_o_0_rn","name":"Freep_o_0_rn","role":"admin","chat":237087423,"text":"🔎 Поиск"}
{"t":"msg","ok":true,"ms":1504,"req":"685a2454","uid":237087423,"user":"Freep_o_0_rn","name":"Freep_o_0_rn","role":"admin","chat":237087423,"text":"прозвицкий"}
{"t":"msg","ok":true,"ms":795,"req":"50e0aa94","uid":1188061961,"user":"Re1ze_r","name":"__Re1zer","role":"client","chat":1188061961,"text":"🔎 Поиск"}
{"t":"msg","ok":true,"ms":215,"req":"3aea1bb2","uid":1188061961,"user":"Re1ze_r","name":"__Re1zer","role":"client","chat":1188061961,"text":"✏️ Изменить название"}
{"t":"msg","ok":true,"ms":169,"req":"e3ebbcba","uid":1188061961,"user":"Re1ze_r","name":"__Re1zer","role":"client","chat":1188061961,"text":"Прозвицкий"}
{"t":"msg","ok":true,"ms":1125,"req":"0d8e639c","uid":1188061961,"user":"Re1ze_r","name":"__Re1zer","role":"client","chat":1188061961,"text":"🔎 Поиск"}
{"t":"msg","ok":true,"ms":138,"req":"a00457ec","uid":237087423,"user":"Freep_o_0_rn","name":"Freep_o_0_rn","role":"admin","chat":237087423,"text":"🔎 Поиск тары"}
{"t":"msg","ok":true,"ms":1254,"req":"5ec342cf","uid":237087423,"user":"Freep_o_0_rn","name":"Freep_o_0_rn","role":"admin","chat":237087423,"text":"Заря"}
{"t":"msg","ok":true,"ms":433,"req":"759d6414","uid":237087423,"user":"Freep_o_0_rn","name":"Freep_o_0_rn","role":"admin","chat":237087423,"text":"🔎 Поиск тары"}
{"t":"msg","ok":true,"ms":1354,"req":"b4bcd57f","uid":237087423,"user":"Freep_o_0_rn","name":"Freep_o_0_rn","role":"admin","chat":237087423,"text":"Cvbhyjd"}
{"t":"msg","ok":true,"ms":1120,"req":"8dd8686a","uid":237087423,"user":"Freep_o_0_rn","name":"Freep_o_0_rn","role":"admin","chat":237087423,"text":"📦 Тара"}
{"t":"msg","ok":true,"ms":362,"req":"5ddaf877","uid":237087423,"user":"Freep_o_0_rn","name":"Freep_o_0_rn","role":"admin","chat":237087423,"text":"🔎 Поиск тары"}
{"t":"msg","ok":true,"ms":920,"req":"ace21074","uid":237087423,"user":"Freep_o_0_rn","name":"Freep_o_0_rn","role":"admin","chat":237087423,"text":"смирнов"}
{"t":"msg","ok":true,"ms":732,"req":"8be8325e","uid":237087423,"user":"Freep_o_0_rn","name":"Freep_o_0_rn","role":"admin","chat":237087423,"text":"📦 Тара"}
{"t":"msg","ok":true,"ms":390,"req":"90d7bf58","uid":237087423,"user":"Freep_o_0_rn","name":"Freep_o_0_rn","role":"admin","chat":237087423,"text":"🔎 Поиск тары"}
{"t":"msg","ok":true,"ms":938,"req":"e3260dbb","uid":237087423,"user":"Freep_o_0_rn","name":"Freep_o_0_rn","role":"admin","chat":237087423,"text":"смирнов"}
{"t":"msg","ok":true,"ms":1426,"req":"223eb6ec","uid":237087423,"user":"Freep_o_0_rn","name":"Freep_o_0_rn","role":"admin","chat":237087423,"text":"📦 Тара"}
{"t":"msg","ok":true,"ms":374,"req":"255d9ae1","uid":237087423,"user":"Freep_o_0_rn","name":"Freep_o_0_rn","role":"admin","chat":237087423,"text":"🔎 Поиск тары"}
{"t":"msg","ok":true,"ms":3379,"req":"71cb9a7d","uid":237087423,"user":"Freep_o_0_rn","name":"Freep_o_0_rn","role":"admin","chat":237087423,"text":"Смирнов"}
{"t":"msg","ok":true,"ms":365,"req":"0d3c1ba4","uid":237087423,"user":"Freep_o_0_rn","name":"Freep_o_0_rn","role":"admin","chat":237087423,"text":"🔎 Поиск тары"}
{"t":"msg","ok":true,"ms":3731,"req":"c39261ca","uid":237087423,"user":"Freep_o_0_rn","name":"Freep_o_0_rn","role":"admin","chat":237087423,"text":"Смирнов"}
{"t":"msg","ok":true,"ms":396,"req":"cacbf2fc","uid":237087423,"user":"Freep_o_0_rn","name":"Freep_o_0_rn","role":"admin","chat":237087423,"text":"▶️ Старт"}
{"t":"msg","ok":true,"ms":196,"req":"b32a1d11","uid":237087423,"user":"Freep_o_0_rn","name":"Freep_o_0_rn","role":"admin","chat":237087423,"text":"🔎 Поиск тары"}
{"t":"msg","ok":true,"ms":3088,"req":"60641f9e","uid":237087423,"user":"Freep_o_0_rn","name":"Freep_o_0_rn","role":"admin","chat":237087423,"text":"Смирнов"}
{"t":"msg","ok":true,"ms":442,"req":"204874ea","uid":237087423,"user":"Freep_o_0_rn","name":"Freep_o_0_rn","role":"admin","chat":237087423,"text":"🔎 Поиск тары"}
{"t":"msg","ok":true,"ms":1568,"req":"dd2f61c6","uid":237087423,"user":"Freep_o_0_rn","name":"Freep_o_0_rn","role":"admin","chat":237087423,"text":"Смирнов"}
{"t":"msg","ok":true,"ms":143,"req":"0adebc00","uid":237087423,"user":"Freep_o_0_rn","name":"Freep_o_0_rn","role":"admin","chat":237087423,"text":"▶️ Старт"}
{"t":"msg","ok":true,"ms":180,"req":"01815433","uid":237087423,"user":"Freep_o_0_rn","name":"Freep_o_0_rn","role":"admin","chat":237087423,"text":"🎁 Акции"}
{"t":"cb","ok":true,"ms":325,"req":"fc0ffbee","uid":237087423,"user":"Freep_o_0_rn","name":"Freep_o_0_rn","role":"admin","chat":237087423,"data":"promo:view:e1d5b0a7fc57"}
{"t":"cb","ok":true,"ms":262,"req":"24308fe6","uid":237087423,"user":"Freep_o_0_rn","name":"Freep_o_0_rn","role":"admin","chat":237087423,"data":"promo:del:e1d5b0a7fc57"}
{"t":"cb","ok":true,"ms":258,"req":"aeb7a9da","uid":237087423,"user":"Freep_o_0_rn","name":"Freep_o_0_rn","role":"admin","chat":237087423,"data":"promo:confirm_del:yes"}
{"t":"cb","ok":true,"ms":275,"req":"50b548f6","uid":237087423,"user":"Freep_o_0_rn","name":"Freep_o_0_rn","role":"admin","chat":237087423,"data":"promo:list:0"}
{"t":"cb","ok":true,"ms":247,"req":"64288b44","uid":237087423,"user":"Freep_o_0_rn","name":"Freep_o_0_rn","role":"admin","chat":237087423,"data":"promo:view:f5fb3e2a7392"}
{"t":"cb","ok":true,"ms":283,"req":"67aa2a0e","uid":237087423,"user":"Freep_o_0_rn","name":"Freep_o_0_rn","role":"admin","chat":237087423,"data":"promo:dates:f5fb3e2a7392"}
{"t":"cb","ok":true,"ms":252,"req":"a8b8aac1","uid":237087423,"user":"Freep_o_0_rn","name":"Freep_o_0_rn","role":"admin","chat":237087423,"data":"promo:cal:open:edit"}
{"t":"cb","ok":true,"ms":570,"req":"8cd568da","uid":237087423,"user":"Freep_o_0_rn","name":"Freep_o_0_rn","role":"admin","chat":237087423,"data":"promo:cal:pick:edit:2025-10-31"}
{"t":"cb","ok":true,"ms":436,"req":"7f5721bd","uid":237087423,"user":"Freep_o_0_rn","name":"Freep_o_0_rn","role":"admin","chat":237087423,"data":"promo:replaceimg:f5fb3e2a7392"}
{"t":"msg","ok":true,"ms":0,"req":"2cc7f4b7","uid":237087423,"user":"Freep_o_0_rn","name":"Freep_o_0_rn","role":"admin","chat":237087423,"text":""}
{"t":"msg","ok":true,"ms":222,"req":"cef513f1","uid":237087423,"user":"Freep_o_0_rn","name":"Freep_o_0_rn","role":"admin","chat":237087423,"text":"▶️ Старт"}
{"t":"msg","ok":true,"ms":1463,"req":"c5c9c401","uid":237087423,"user":"Freep_o_0_rn","name":"Freep_o_0_rn","role":"admin","chat":237087423,"text":"📦 Тара"}
{"t":"msg","ok":true,"ms":3310,"req":"1ae7b033","uid":237087423,"user":"Freep_o_0_rn","name":"Freep_o_0_rn","role":"admin","chat":237087423,"text":"📦 Тара"}
{"t":"msg","ok":true,"ms":518,"req":"d81fbffd","uid":237087423,"user":"Freep_o_0_rn","name":"Freep_o_0_rn","role":"admin","chat":237087423,"text":"▶️ Старт"}
{"t":"msg","ok":true,"ms":268,"req":"0963895e","uid":237087423,"user":"Freep_o_0_rn","name":"Freep_o_0_rn","role":"admin","chat":237087423,"text":"🔎 Поиск тары"}
{"t":"msg","ok":true,"ms":2698,"req":"d766f6f4","uid":237087423,"user":"Freep_o_0_rn","name":"Freep_o_0_rn","role":"admin","chat":237087423,"text":"cvbhyjd"}
{"t":"msg","ok":true,"ms":233,"req":"58189e6c","uid":237087423,"user":"Freep_o_0_rn","name":"Freep_o_0_rn","role":"admin","chat":237087423,"text":"🔎 Поиск тары"}
{"t":"msg","ok":true,"ms":2751,"req":"dbbb1593","uid":237087423,"user":"Freep_o_0_rn","name":"Freep_o_0_rn","role":"admin","chat":237087423,"text":"смирнов"}
{"t":"msg","ok":true,"ms":143,"req":"2e35394f","uid":237087423,"user":"Freep_o_0_rn","name":"Freep_o_0_rn","role":"admin","chat":237087423,"text":"🎁 Акции"}
{"t":"cb","ok":true,"ms":309,"req":"889b4d8b","uid":237087423,"user":"Freep_o_0_rn","name":"Freep_o_0_rn","role":"admin","chat":237087423,"data":"promo:view:f5fb3e2a7392"}
{"t":"cb","ok":true,"ms":523,"req":"5b509f0f","uid":237087423,"user":"Freep_o_0_rn","name":"Freep_o_0_rn","role":"admin","chat":237087423,"data":"promo:list:0"}
{"t":"cb","ok":true,"ms":299,"req":"a9e41ec5","uid":237087423,"user":"Freep_o_0_rn","name":"Freep_o_0_rn","role":"admin","chat":237087423,"data":"promo:view:f5fb3e2a7392"}
{"t":"cb","ok":true,"ms":340,"req":"bec087cd","uid":237087423,"user":"Freep_o_0_rn","name":"Freep_o_0_rn","role":"admin","chat":237087423,"data":"promo:dates:f5fb3e2a7392"}
{"t":"cb","ok":true,"ms":401,"req":"8f4f2cb3","uid":237087423,"user":"Freep_o_0_rn","name":"Freep_o_0_rn","role":"admin","chat":237087423,"data":"promo:cal:open:edit"}
{"t":"cb","ok":true,"ms":809,"req":"d469014c","uid":237087423,"user":"Freep_o_0_rn","name":"Freep_o_0_rn","role":"admin","chat":237087423,"data":"promo:cal:pick:edit:2025-10-15"}
{"t":"cb","ok":true,"ms":305,"req":"2860c022","uid":237087423,"user":"Freep_o_0_rn","name":"Freep_o_0_rn","role":"admin","chat":237087423,"data":"promo:list:0"}
{"t":"cb","ok":true,"ms":338,"req":"cf7e6e16","uid":237087423,"user":"Freep_o_0_rn","name":"Freep_o_0_rn","role":"admin","chat":237087423,"data":"promo:view:f5fb3e2a7392"}
{"t":"cb","ok":true,"ms":483,"req":"8699e600","uid":237087423,"user":"Freep_o_0_rn","name":"Freep_o_0_rn","role":"admin","chat":237087423,"data":"promo:list:0"}
{"t":"msg","ok":true,"ms":408,"req":"3feaad18","uid":237087423,"user":"Freep_o_0_rn","name":"Freep_o_0_rn","role":"admin","chat":237087423,"text":"▶️ Старт"}
{"t":"msg","ok":true,"ms":150,"req":"4716161e","uid":237087423,"user":"Freep_o_0_rn","name":"Freep_o_0_rn","role":"admin","chat":237087423,"text":"🎁 Акции"}
{"t":"cb","ok":true,"ms":269,"req":"13b75892","uid":237087423,"user":"Freep_o_0_rn","name":"Freep_o_0_rn","role":"admin","chat":237087423,"data":"promo:view:f5fb3e2a7392"}
{"t":"cb","ok":true,"ms":381,"req":"46171651","uid":237087423,"user":"Freep_o_0_rn","name":"Freep_o_0_rn","role":"admin","chat":237087423,"data":"promo:rename:f5fb3e2a7392"}
{"t":"msg","ok":true,"ms":212,"req":"1d923b94","uid":237087423,"user":"Freep_o_0_rn","name":"Freep_o_0_rn","role":"admin","chat":237087423,"text":"АКЦИЯ 1500руб!"}
{"t":"msg","ok":true,"ms":142,"req":"d6a55464","uid":237087423,"user":"Freep_o_0_rn","name":"Freep_o_0_rn","role":"admin","chat":237087423,"text":"🎁 Акции"}
{"t":"cb","ok":true,"ms":307,"req":"d58f21cd","uid":237087423,"user":"Freep_o_0_rn","name":"Freep_o_0_rn","role":"admin","chat":237087423,"data":"promo:view:f5fb3e2a7392"}
{"t":"cb","ok":true,"ms":854,"req":"5ff6120a","uid":237087423,"user":"Freep_o_0_rn","name":"Freep_o_0_rn","role":"admin","chat":237087423,"data":"promo:dates:f5fb3e2a7392"}
{"t":"cb","ok":true,"ms":535,"req":"29dbd7eb","uid":237087423,"user":"Freep_o_0_rn","name":"Freep_o_0_rn","role":"admin","chat":237087423,"data":"promo:cal:open:edit"}
{"t":"cb","ok":true,"ms":558,"req":"66a072b2","uid":237087423,"user":"Freep_o_0_rn","name":"Freep_o_0_rn","role":"admin","chat":237087423,"data":"promo:cal:pick:edit:2025-10-31"}
{"t":"msg","ok":true,"ms":474,"req":"690293c7","uid":237087423,"user":"Freep_o_0_rn","name":"Freep_o_0_rn","role":"admin","chat":237087423,"text":"🎁 Акции"}
{"t":"cb","ok":true,"ms":411,"req":"f1942cb0","uid":237087423,"user":"Freep_o_0_rn","name":"Freep_o_0_rn","role":"admin","chat":237087423,"data":"promo:view:f5fb3e2a7392"}
{"t":"cb","ok":true,"ms":486,"req":"e172309f","uid":237087423,"user":"Freep_o_0_rn","name":"Freep_o_0_rn","role":"admin","chat":237087423,"data":"promo:replaceimg:f5fb3e2a7392"}
{"t":"msg","ok":true,"ms":0,"req":"cec19674","uid":237087423,"user":"Freep_o_0_rn","name":"Freep_o_0_rn","role":"admin","chat":237087423,"text":""}
{"t":"msg","ok":true,"ms":404,"req":"1bae7151","bot":8429636798,"uid":237087423,"user":"Freep_o_0_rn","name":"Freep_o_0_rn","role":"admin","chat":237087423,"chat_type":"private","msg_id":9218,"kind":"text","text":"▶️ Старт","caption_len":0,"entities":0,"state":null}
{"t":"msg","ok":true,"ms":149,"req":"cefcf35e","bot":8429636798,"uid":237087423,"user":"Freep_o_0_rn","name":"Freep_o_0_rn","role":"admin","chat":237087423,"chat_type":"private","msg_id":9220,"kind":"text","text":"🎁 Акции","caption_len":0,"entities":0,"state":null}
{"t":"cb","ok":true,"ms":319,"req":"21a6c75f","bot":8429636798,"uid":237087423,"user":"Freep_o_0_rn","name":"Freep_o_0_rn","role":"admin","chat":237087423,"cb_id":"1018282732232577100","msg_id":9221,"data":"promo:view:f5fb3e2a7392","state":null}
{"t":"cb","ok":true,"ms":353,"req":"699fd75d","bot":8429636798,"uid":237087423,"user":"Freep_o_0_rn","name":"Freep_o_0_rn","role":"admin","chat":237087423,"cb_id":"1018282728492160261","msg_id":9222,"data":"promo:replaceimg:f5fb3e2a7392","state":"PromoStates:waiting_replace_img"}
{"t":"msg","ok":true,"ms":0,"req":"323f7d14","bot":8429636798,"uid":237087423,"user":"Freep_o_0_rn","name":"Freep_o_0_rn","role":"admin","chat":237087423,"chat_type":"private","msg_id":9224,"kind":"photo","text":"","caption_len":0,"entities":0,"state":"PromoStates:waiting_replace_img","media":{"photo":{"w":1280,"h":720,"size":103932}}}
{"t":"msg","ok":true,"ms":189,"req":"4d06988f","bot":8429636798,"uid":1188061961,"user":"Re1ze_r","name":"__Re1zer","role":"client","chat":1188061961,"chat_type":"private","msg_id":9225,"kind":"text","text":"▶️ Старт","caption_len":0,"entities":0,"state":null}
{"t":"msg","ok":true,"ms":1160,"req":"e033f3a4","bot":8429636798,"uid":1188061961,"user":"Re1ze_r","name":"__Re1zer","role":"client","chat":1188061961,"chat_type":"private","msg_id":9227,"kind":"text","text":"🔎 Поиск","caption_len":0,"entities":0,"state":null}
{"t":"msg","ok":true,"ms":2291,"req":"3b0bd326","bot":8429636798,"uid":1188061961,"user":"Re1ze_r","name":"__Re1zer","role":"client","chat":1188061961,"chat_type":"private","msg_id":9231,"kind":"text","text":"🔎 Поиск тары","caption_len":0,"entities":0,"state":null}
{"t":"msg","ok":true,"ms":368,"req":"f99718c9","bot":8429636798,"uid":1188061961,"user":"Re1ze_r","name":"__Re1zer","role":"client","chat":1188061961,"chat_type":"private","msg_id":9234,"kind":"text","text":"📑 Прайсы","caption_len":0,"entities":0,"state":null}
{"t":"cb","ok":true,"ms":263,"req":"33bcf08f","bot":8429636798,"uid":1188061961,"user":"Re1ze_r","name":"__Re1zer","role":"client","chat":1188061961,"cb_id":"5102687268637732175","msg_id":9235,"data":"pr:list:1","state":null}
{"t":"cb","ok":true,"ms":354,"req":"af40c6c4","bot":8429636798,"uid":1188061961,"user":"Re1ze_r","name":"__Re1zer","role":"client","chat":1188061961,"cb_id":"5102687268156613678","msg_id":9235,"data":"pr:list:0","state":null}
{"t":"msg","ok":true,"ms":340,"req":"8db22212","bot":8429636798,"uid":1188061961,"user":"Re1ze_r","name":"__Re1zer","role":"client","chat":1188061961,"chat_type":"private","msg_id":9236,"kind":"text","text":"🎁 Акции","caption_len":0,"entities":0,"state":null}
{"t":"cb","ok":true,"ms":212,"req":"e21f256a","bot":8429636798,"uid":1188061961,"user":"Re1ze_r","name":"__Re1zer","role":"client","chat":1188061961,"cb_id":"5102687270678490646","msg_id":9237,"data":"promo:list:noop","state":null}
{"t":"cb","ok":true,"ms":595,"req":"8e29b10e","bot":8429636798,"uid":1188061961,"user":"Re1ze_r","name":"__Re1zer","role":"client","chat":1188061961,"cb_id":"5102687269893464297","msg_id":9237,"data":"back:main","state":null}
{"t":"cb","ok":true,"ms":1294,"req":"3f2de5cd","bot":8429636798,"uid":237087423,"user":"Freep_o_0_rn","name":"Freep_o_0_rn","role":"admin","chat":237087423,"cb_id":"1018282729905245492","msg_id":9222,"data":"promo:toggle:f5fb3e2a7392","state":"PromoStates:waiting_replace_img"}
{"t":"msg","ok":true,"ms":179,"req":"4cc82253","bot":8429636798,"uid":1188061961,"user":"Re1ze_r","name":"__Re1zer","role":"client","chat":1188061961,"chat_type":"private","msg_id":9240,"kind":"text","text":"🎁 Акции","caption_len":0,"entities":0,"state":null}
{"t":"cb","ok":true,"ms":291,"req":"3c34d0ab","bot":8429636798,"uid":1188061961,"user":"Re1ze_r","name":"__Re1zer","role":"client","chat":1188061961,"cb_id":"5102687269700237828","msg_id":9241,"data":"promo:view:f5fb3e2a7392","state":null}
{"t":"cb","ok":true,"ms":273,"req":"7031ce39","bot":8429636798,"uid":1188061961,"user":"Re1ze_r","name":"__Re1zer","role":"client","chat":1188061961,"cb_id":"5102687271201288302","msg_id":9242,"data":"promo:list:0","state":null}
{"t":"cb","ok":true,"ms":268,"req":"9742e6fc","bot":8429636798,"uid":237087423,"user":"Freep_o_0_rn","name":"Freep_o_0_rn","role":"admin","chat":237087423,"cb_id":"1018282729353063169","msg_id":9239,"data":"promo:toggle:f5fb3e2a7392","state":"PromoStates:waiting_replace_img"}
{"t":"msg","ok":true,"ms":396,"req":"b105d05f","bot":8429636798,"uid":1188061961,"user":"Re1ze_r","name":"__Re1zer","role":"client","chat":1188061961,"chat_type":"private","msg_id":9244,"kind":"text","text":"🚚 График развоза","caption_len":0,"entities":0,"state":null}
{"t":"msg","ok":true,"ms":649,"req":"86e5a9de","bot":8429636798,"uid":237087423,"user":"Freep_o_0_rn","name":"Freep_o_0_rn","role":"admin","chat":237087423,"chat_type":"private","msg_id":9246,"kind":"text","text":"🎁 Акции","caption_len":0,"entities":0,"state":null}
{"t":"cb","ok":true,"ms":429,"req":"457ea3b4","bot":8429636798,"uid":237087423,"user":"Freep_o_0_rn","name":"Freep_o_0_rn","role":"admin","chat":237087423,"cb_id":"1018282729726850823","msg_id":9247,"data":"promo:view:f5fb3e2a7392","state":null}
{"t":"cb","ok":true,"ms":439,"req":"ceb76f40","bot":8429636798,"uid":237087423,"user":"Freep_o_0_rn","name":"Freep_o_0_rn","role":"admin","chat":237087423,"cb_id":"1018282730827010747","msg_id":9248,"data":"promo:replaceimg:f5fb3e2a7392","state":"PromoStates:waiting_replace_img"}
{"t":"msg","ok":true,"ms":0,"req":"f09ae57b","bot":8429636798,"uid":237087423,"user":"Freep_o_0_rn","name":"Freep_o_0_rn","role":"admin","chat":237087423,"chat_type":"private","msg_id":9250,"kind":"photo","text":"","caption_len":0,"entities":0,"state":"PromoStates:waiting_replace_img","media":{"photo":{"w":1280,"h":720,"size":103932}}}
{"t":"msg","ok":true,"ms":675,"req":"3ef0b5a0","bot":8429636798,"uid":237087423,"user":"Freep_o_0_rn","name":"Freep_o_0_rn","role":"admin","chat":237087423,"chat_type":"private","msg_id":9252,"kind":"text","text":"📑 Прайсы","caption_len":0,"entities":0,"state":null}
{"t":"cb","ok":true,"ms":429,"req":"d24b57f3","bot":8429636798,"uid":237087423,"user":"Freep_o_0_rn","name":"Freep_o_0_rn","role":"admin","chat":237087423,"cb_id":"1018282730278051538","msg_id":9253,"data":"pr:item:0c7673a002f4","state":null}
{"t":"cb","ok":true,"ms":996,"req":"d1e473dd","bot":8429636798,"uid":237087423,"user":"Freep_o_0_rn","name":"Freep_o_0_rn","role":"admin","chat":237087423,"cb_id":"1018282730862395870","msg_id":9253,"data":"pr:send:0c7673a002f4","state":null}
{"t":"cb","ok":true,"ms":490,"req":"584b43e2","bot":8429636798,"uid":237087423,"user":"Freep_o_0_rn","name":"Freep_o_0_rn","role":"admin","chat":237087423,"cb_id":"1018282728283482853","msg_id":9253,"data":"pr:list:0","state":null}
{"t":"cb","ok":true,"ms":441,"req":"0c531312","bot":8429636798,"uid":237087423,"user":"Freep_o_0_rn","name":"Freep_o_0_rn","role":"admin","chat":237087423,"cb_id":"1018282728554523285","msg_id":9253,"data":"pr:list:1","state":null}
{"t":"msg","ok":true,"ms":643,"req":"66b6d782","bot":8429636798,"uid":237087423,"user":"Freep_o_0_rn","name":"Freep_o_0_rn","role":"admin","chat":237087423,"chat_type":"private","msg_id":9255,"kind":"text","text":"▶️ Старт","caption_len":0,"entities":0,"state":null}
{"t":"msg","ok":true,"ms":232,"req":"24ee27bb","bot":8429636798,"uid":237087423,"user":"Freep_o_0_rn","name":"Freep_o_0_rn","role":"admin","chat":237087423,"chat_type":"private","msg_id":9257,"kind":"text","text":"🔎 Поиск тары","caption_len":0,"entities":0,"state":"SearchTaraStates:waiting_query"}
{"t":"msg","ok":true,"ms":2663,"req":"a308502b","bot":8429636798,"uid":237087423,"user":"Freep_o_0_rn","name":"Freep_o_0_rn","role":"admin","chat":237087423,"chat_type":"private","msg_id":9259,"kind":"text","text":"Меркурий","caption_len":0,"entities":0,"state":null}
{"t":"msg","ok":true,"ms":411,"req":"bb902353","bot":8429636798,"uid":1188061961,"user":"Re1ze_r","name":"__Re1zer","role":"client","chat":1188061961,"chat_type":"private","msg_id":9263,"kind":"text","text":"▶️ Старт","caption_len":0,"entities":0,"state":null}
{"t":"msg","ok":true,"ms":122,"req":"3ad1c7fd","bot":8429636798,"uid":237087423,"user":"Freep_o_0_rn","name":"Freep_o_0_rn","role":"admin","chat":237087423,"chat_type":"private","msg_id":9265,"kind":"text","text":"▶️ Старт","caption_len":0,"entities":0,"state":null}
{"t":"msg","ok":true,"ms":169,"req":"cf2e43d2","bot":8429636798,"uid":1188061961,"user":"Re1ze_r","name":"__Re1zer","role":"client","chat":1188061961,"chat_type":"private","msg_id":9267,"kind":"text","text":"📑 Прайсы","caption_len":0,"entities":0,"state":null}
{"t":"cb","ok":true,"ms":625,"req":"7d63f176","bot":8429636798,"uid":1188061961,"user":"Re1ze_r","name":"__Re1zer","role":"client","chat":1188061961,"cb_id":"5102687271779815090","msg_id":9268,"data":"pr:send:5246fd8bf8cc","state":null}
{"t":"msg","ok":true,"ms":114,"req":"9cf4f009","bot":8429636798,"uid":237087423,"user":"Freep_o_0_rn","name":"Freep_o_0_rn","role":"admin","chat":237087423,"chat_type":"private","msg_id":9270,"kind":"text","text":"📑 Прайсы","caption_len":0,"entities":0,"state":null}
{"t":"cb","ok":true,"ms":258,"req":"056e5f22","bot":8429636798,"uid":237087423,"user":"Freep_o_0_rn","name":"Freep_o_0_rn","role":"admin","chat":237087423,"cb_id":"1018282729320752437","msg_id":9271,"data":"pr:item:5246fd8bf8cc","state":null}
{"t":"cb","ok":true,"ms":211,"req":"a707abc3","bot":8429636798,"uid":237087423,"user":"Freep_o_0_rn","name":"Freep_o_0_rn","role":"admin","chat":237087423,"cb_id":"1018282731086046382","msg_id":9271,"data":"pr:list:0","state":null}
{"t":"msg","ok":true,"ms":146,"req":"3a98b876","bot":8429636798,"uid":1188061961,"user":"Re1ze_r","name":"__Re1zer","role":"client","chat":1188061961,"chat_type":"private","msg_id":9272,"kind":"text","text":"🎁 Акции","caption_len":0,"entities":0,"state":null}
{"t":"msg","ok":true,"ms":149,"req":"c7007c1b","bot":8429636798,"uid":237087423,"user":"Freep_o_0_rn","name":"Freep_o_0_rn","role":"admin","chat":237087423,"chat_type":"private","msg_id":9274,"kind":"text","text":"🎁 Акции","caption_len":0,"entities":0,"state":null}
{"t":"msg","ok":true,"ms":2419,"req":"55bb2a85","bot":8429636798,"uid":1188061961,"user":"Re1ze_r","name":"__Re1zer","role":"client","chat":1188061961,"chat_type":"private","msg_id":9276,"kind":"text","text":"🔎 Поиск тары","caption_len":0,"entities":0,"state":null}
{"t":"cb","ok":true,"ms":1225,"req":"b7e11e28","bot":8429636798,"uid":237087423,"user":"Freep_o_0_rn","name":"Freep_o_0_rn","role":"admin","chat":237087423,"cb_id":"1018282730090006766","msg_id":9275,"data":"promo:view:f5fb3e2a7392","state":null}
{"t":"cb","ok":true,"ms":230,"req":"ad71e2a1","bot":8429636798,"uid":237087423,"user":"Freep_o_0_rn","name":"Freep_o_0_rn","role":"admin","chat":237087423,"cb_id":"1018282728867664634","msg_id":9279,"data":"promo:toggle:f5fb3e2a7392","state":null}
{"t":"cb","ok":true,"ms":213,"req":"4185418b","bot":8429636798,"uid":237087423,"user":"Freep_o_0_rn","name":"Freep_o_0_rn","role":"admin","chat":237087423,"cb_id":"1018282732252437988","msg_id":9280,"data":"promo:dates:f5fb3e2a7392","state":"PromoStates:waiting_dates_edit"}
{"t":"cb","ok":true,"ms":230,"req":"34464ecb","bot":8429636798,"uid":237087423,"user":"Freep_o_0_rn","name":"Freep_o_0_rn","role":"admin","chat":237087423,"cb_id":"1018282728907560994","msg_id":9281,"data":"promo:cal:open:edit","state":"PromoStates:waiting_dates_edit"}
{"t":"cb","ok":true,"ms":418,"req":"83911ed3","bot":8429636798,"uid":237087423,"user":"Freep_o_0_rn","name":"Freep_o_0_rn","role":"admin","chat":237087423,"cb_id":"1018282728612052507","msg_id":9282,"data":"promo:cal:pick:edit:2025-10-16","state":null}
{"t":"cb","ok":true,"ms":215,"req":"67289f98","bot":8429636798,"uid":237087423,"user":"Freep_o_0_rn","name":"Freep_o_0_rn","role":"admin","chat":237087423,"cb_id":"1018282728164271643","msg_id":9284,"data":"promo:dates:f5fb3e2a7392","state":"PromoStates:waiting_dates_edit"}
{"t":"cb","ok":true,"ms":214,"req":"4a7f60fc","bot":8429636798,"uid":237087423,"user":"Freep_o_0_rn","name":"Freep_o_0_rn","role":"admin","chat":237087423,"cb_id":"1018282731875254606","msg_id":9285,"data":"promo:cal:open:edit","state":"PromoStates:waiting_dates_edit"}
{"t":"cb","ok":true,"ms":427,"req":"886ceeb1","bot":8429636798,"uid":237087423,"user":"Freep_o_0_rn","name":"Freep_o_0_rn","role":"admin","chat":237087423,"cb_id":"1018282730212429375","msg_id":9286,"data":"promo:cal:pick:edit:2025-10-31","state":null}
{"t":"cb","ok":true,"ms":206,"req":"e57a9747","bot":8429636798,"uid":237087423,"user":"Freep_o_0_rn","name":"Freep_o_0_rn","role":"admin","chat":237087423,"cb_id":"1018282731802054129","msg_id":9288,"data":"promo:replaceimg:f5fb3e2a7392","state":"PromoStates:waiting_replace_img"}
{"t":"cb","ok":true,"ms":212,"req":"be582013","bot":8429636798,"uid":237087423,"user":"Freep_o_0_rn","name":"Freep_o_0_rn","role":"admin","chat":237087423,"cb_id":"1018282729832850395","msg_id":9288,"data":"promo:list:0","state":"PromoStates:waiting_replace_img"}
{"t":"cb","ok":true,"ms":351,"req":"5687259b","bot":8429636798,"uid":237087423,"user":"Freep_o_0_rn","name":"Freep_o_0_rn","role":"admin","chat":237087423,"cb_id":"1018282729930163100","msg_id":9288,"data":"back:main","state":"PromoStates:waiting_replace_img"}
{"t":"msg","ok":true,"ms":117,"req":"6f6e961c","bot":8429636798,"uid":1188061961,"user":"Re1ze_r","name":"__Re1zer","role":"client","chat":1188061961,"chat_type":"private","msg_id":9291,"kind":"text","text":"🎁 Акции","caption_len":0,"entities":0,"state":null}
{"t":"cb","ok":true,"ms":215,"req":"0a891000","bot":8429636798,"uid":1188061961,"user":"Re1ze_r","name":"__Re1zer","role":"client","chat":1188061961,"cb_id":"5102687270794135724","msg_id":9292,"data":"promo:view:f5fb3e2a7392","state":null}
{"t":"msg","ok":true,"ms":236,"req":"5cd7c33c","bot":8429636798,"uid":1188061961,"user":"Re1ze_r","name":"__Re1zer","role":"client","chat":1188061961,"chat_type":"private","msg_id":9294,"kind":"text","text":"/reset_role","caption_len":0,"entities":1,"state":"OnboardStates:waiting_role"}
{"t":"cb","ok":true,"ms":203,"req":"bccd9e9a","bot":8429636798,"uid":1188061961,"user":"Re1ze_r","name":"__Re1zer","role":"client","chat":1188061961,"cb_id":"5102687270881597395","msg_id":9296,"data":"ob:admin","state":"OnboardStates:waiting_admin_password"}
{"t":"msg","ok":true,"ms":251,"req":"afad0eb1","bot":8429636798,"uid":1188061961,"user":"Re1ze_r","name":"__Re1zer","role":"admin","chat":1188061961,"chat_type":"private","msg_id":9297,"kind":"text","text":"99654511","caption_len":0,"entities":0,"state":null}
{"t":"msg","ok":true,"ms":743,"req":"4b4f0373","bot":8429636798,"uid":1188061961,"user":"Re1ze_r","name":"__Re1zer","role":"admin","chat":1188061961,"chat_type":"private","msg_id":9300,"kind":"text","text":"📦 Проверить ТТН","caption_len":0,"entities":0,"state":"TTNStates:waiting_number"}
{"t":"msg","ok":true,"ms":4931,"req":"527479a9","bot":8429636798,"uid":1188061961,"user":"Re1ze_r","name":"__Re1zer","role":"admin","chat":1188061961,"chat_type":"private","msg_id":9302,"kind":"text","text":"0875361168","caption_len":0,"entities":0,"state":"TTNStates:waiting_captcha"}
{"t":"msg","ok":true,"ms":2556,"req":"09ea9a5d","bot":8429636798,"uid":1188061961,"user":"Re1ze_r","name":"__Re1zer","role":"admin","chat":1188061961,"chat_type":"private","msg_id":9304,"kind":"text","text":"Ksmv","caption_len":0,"entities":0,"state":null}
{"t":"msg","ok":true,"ms":131,"req":"d29bb63f","bot":8429636798,"uid":1188061961,"user":"Re1ze_r","name":"__Re1zer","role":"admin","chat":1188061961,"chat_type":"private","msg_id":9306,"kind":"text","text":"⚙️ Фильтры","caption_len":0,"entities":0,"state":null}
{"t":"cb","ok":true,"ms":705,"req":"8dc195d3","bot":8429636798,"uid":1188061961,"user":"Re1ze_r","name":"__Re1zer","role":"admin","chat":1188061961,"cb_id":"5102687268823756581","msg_id":9307,"data":"flt:nav:1","state":null}
{"t":"msg","ok":true,"ms":289,"req":"a5852cad","bot":8429636798,"uid":1188061961,"user":"Re1ze_r","name":"__Re1zer","role":"admin","chat":1188061961,"chat_type":"private","msg_id":9308,"kind":"text","text":"🚚 График развоза","caption_len":0,"entities":0,"state":null}
{"t":"msg","ok":true,"ms":161,"req":"88507a9f","bot":8429636798,"uid":1188061961,"user":"Re1ze_r","name":"__Re1zer","role":"admin","chat":1188061961,"chat_type":"private","msg_id":9311,"kind":"text","text":"▶️ Старт","caption_len":0,"entities":0,"state":null}
{"t":"msg","ok":true,"ms":252,"req":"f34eae3f","bot":8429636798,"uid":1188061961,"user":"Re1ze_r","name":"__Re1zer","role":"client","chat":1188061961,"chat_type":"private","msg_id":9313,"kind":"text","text":"/reset_role","caption_len":0,"entities":1,"state":"OnboardStates:waiting_role"}
{"t":"cb","ok":true,"ms":257,"req":"4debf0ee","bot":8429636798,"uid":1188061961,"user":"Re1ze_r","name":"__Re1zer","role":"client","chat":1188061961,"cb_id":"5102687269471194545","msg_id":9315,"data":"ob:client","state":"OnboardStates:waiting_client_name"}
{"t":"msg","ok":true,"ms":1098,"req":"24d43489","bot":8429636798,"uid":1188061961,"user":"Re1ze_r","name":"__Re1zer","role":"client","chat":1188061961,"chat_type":"private","msg_id":9316,"kind":"text","text":"Прозвицкий","caption_len":0,"entities":0,"state":null}
{"t":"msg","ok":true,"ms":1076,"req":"b9ac2fd7","bot":8429636798,"uid":237087423,"user":"Freep_o_0_rn","name":"Freep_o_0_rn","role":"admin","chat":237087423,"chat_type":"private","msg_id":9319,"kind":"text","text":"🎁 Акции","caption_len":0,"entities":0,"state":null}
{"t":"cb","ok":true,"ms":441,"req":"b6700cf7","bot":8429636798,"uid":237087423,"user":"Freep_o_0_rn","name":"Freep_o_0_rn","role":"admin","chat":237087423,"cb_id":"1018282730274897569","msg_id":9320,"data":"promo:view:f5fb3e2a7392","state":null}
{"t":"cb","ok":true,"ms":441,"req":"52b519ec","bot":8429636798,"uid":237087423,"user":"Freep_o_0_rn","name":"Freep_o_0_rn","role":"admin","chat":237087423,"cb_id":"1018282728250543252","msg_id":9321,"data":"promo:replaceimg:f5fb3e2a7392","state":"PromoStates:waiting_replace_img"}
{"t":"msg","ok":true,"ms":0,"req":"d9d4f03b","bot":8429636798,"uid":237087423,"user":"Freep_o_0_rn","name":"Freep_o_0_rn","role":"admin","chat":237087423,"chat_type":"private","msg_id":9323,"kind":"photo","text":"","caption_len":0,"entities":0,"state":"PromoStates:waiting_replace_img","media":{"photo":{"w":1280,"h":720,"size":103932}}}
{"t":"msg","ok":true,"ms":6029,"req":"255b569f","bot":8429636798,"uid":237087423,"user":"Freep_o_0_rn","name":"Freep_o_0_rn","role":"admin","chat":237087423,"chat_type":"private","msg_id":9324,"kind":"text","text":"💰 Переплаты","caption_len":0,"entities":0,"state":null}
{"t":"msg","ok":true,"ms":227,"req":"632165bf","bot":8429636798,"uid":237087423,"user":"Freep_o_0_rn","name":"Freep_o_0_rn","role":"admin","chat":237087423,"chat_type":"private","msg_id":9346,"kind":"text","text":"🎁 Акции","caption_len":0,"entities":0,"state":null}
{"t":"cb","ok":true,"ms":443,"req":"416cac27","bot":8429636798,"uid":237087423,"user":"Freep_o_0_rn","name":"Freep_o_0_rn","role":"admin","chat":237087423,"cb_id":"1018282729538423982","msg_id":9347,"data":"promo:add","state":"PromoStates:waiting_title"}
{"t":"msg","ok":true,"ms":235,"req":"b0022dde","bot":8429636798,"uid":237087423,"user":"Freep_o_0_rn","name":"Freep_o_0_rn","role":"admin","chat":237087423,"chat_type":"private","msg_id":9349,"kind":"text","text":"фыфвыфвфывфыв","caption_len":0,"entities":0,"state":"PromoStates:waiting_text"}
{"t":"msg","ok":true,"ms":237,"req":"6f6a210e","bot":8429636798,"uid":237087423,"user":"Freep_o_0_rn","name":"Freep_o_0_rn","role":"admin","chat":237087423,"chat_type":"private","msg_id":9351,"kind":"text","text":"фыыфвфывфвыфыв","caption_len":0,"entities":0,"state":"PromoStates:waiting_media"}
{"t":"msg","ok":true,"ms":0,"req":"d7031f0b","bot":8429636798,"uid":237087423,"user":"Freep_o_0_rn","name":"Freep_o_0_rn","role":"admin","chat":237087423,"chat_type":"private","msg_id":9353,"kind":"photo","text":"","caption_len":0,"entities":0,"state":"PromoStates:waiting_media","media":{"photo":{"w":1280,"h":720,"size":103932}}}
{"t":"cb","ok":true,"ms":1553,"req":"2065fc99","bot":8429636798,"uid":237087423,"user":"Freep_o_0_rn","name":"Freep_o_0_rn","role":"admin","chat":237087423,"cb_id":"1018282728378679095","msg_id":9352,"data":"promo:media:skip","state":"PromoStates:waiting_dates_new"}
{"t":"cb","ok":true,"ms":539,"req":"20ef34ce","bot":8429636798,"uid":237087423,"user":"Freep_o_0_rn","name":"Freep_o_0_rn","role":"admin","chat":237087423,"cb_id":"1018282728344785960","msg_id":9354,"data":"promo:cal:open:new","state":"PromoStates:waiting_dates_new"}
{"t":"cb","ok":true,"ms":1044,"req":"dbefbeee","bot":8429636798,"uid":237087423,"user":"Freep_o_0_rn","name":"Freep_o_0_rn","role":"admin","chat":237087423,"cb_id":"1018282730659845339","msg_id":9355,"data":"promo:cal:pick:new:2025-10-16","state":null}
{"t":"msg","ok":true,"ms":236,"req":"5a9f175c","bot":8429636798,"uid":237087423,"user":"Freep_o_0_rn","name":"Freep_o_0_rn","role":"admin","chat":237087423,"chat_type":"private","msg_id":9357,"kind":"text","text":"🎁 Акции","caption_len":0,"entities":0,"state":null}
{"t":"cb","ok":true,"ms":430,"req":"643a24ac","bot":8429636798,"uid":237087423,"user":"Freep_o_0_rn","name":"Freep_o_0_rn","role":"admin","chat":237087423,"cb_id":"1018282730104295847","msg_id":9358,"data":"promo:view:f5fb3e2a7392","state":null}
{"t":"cb","ok":true,"ms":477,"req":"9c45387e","bot":8429636798,"uid":237087423,"user":"Freep_o_0_rn","name":"Freep_o_0_rn","role":"admin","chat":237087423,"cb_id":"1018282729168556070","msg_id":9359,"data":"promo:rename:f5fb3e2a7392","state":"PromoStates:waiting_rename"}
{"t":"msg","ok":true,"ms":271,"req":"03cf3687","bot":8429636798,"uid":237087423,"user":"Freep_o_0_rn","name":"Freep_o_0_rn","role":"admin","chat":237087423,"chat_type":"private","msg_id":9361,"kind":"text","text":"При единовременном заказе 3 кег Жигулевское+Жигулеское Живое + sky на выбор получите скидку в эту же фактуру 1500рублей!","caption_len":0,"entities":0,"state":null}
{"t":"msg","ok":true,"ms":221,"req":"8f449f6d","bot":8429636798,"uid":237087423,"user":"Freep_o_0_rn","name":"Freep_o_0_rn","role":"admin","chat":237087423,"chat_type":"private","msg_id":9363,"kind":"text","text":"🎁 Акции","caption_len":0,"entities":0,"state":null}
{"t":"cb","ok":true,"ms":2836,"req":"208bd265","bot":8429636798,"uid":237087423,"user":"Freep_o_0_rn","name":"Freep_o_0_rn","role":"admin","chat":237087423,"cb_id":"1018282731260163527","msg_id":9364,"data":"promo:view:f5fb3e2a7392","state":null}
{"t":"cb","ok":true,"ms":447,"req":"bc2f9693","bot":8429636798,"uid":237087423,"user":"Freep_o_0_rn","name":"Freep_o_0_rn","role":"admin","chat":237087423,"cb_id":"1018282729501135808","msg_id":9365,"data":"promo:edittext:f5fb3e2a7392","state":"PromoStates:waiting_edit_text"}
{"t":"msg","ok":true,"ms":237,"req":"110f19ad","bot":8429636798,"uid":237087423,"user":"Freep_o_0_rn","name":"Freep_o_0_rn","role":"admin","chat":237087423,"chat_type":"private","msg_id":9367,"kind":"text","text":"При единовременном заказе 3 кег Жигулевское+Жигулеское Живое + sky на выбор получите скидку в эту же фактуру 1500рублей","caption_len":0,"entities":0,"state":null}
{"t":"msg","ok":true,"ms":235,"req":"a47e1606","bot":8429636798,"uid":237087423,"user":"Freep_o_0_rn","name":"Freep_o_0_rn","role":"admin","chat":237087423,"chat_type":"private","msg_id":9369,"kind":"text","text":"🎁 Акции","caption_len":0,"entities":0,"state":null}
{"t":"cb","ok":true,"ms":453,"req":"b596bad1","bot":8429636798,"uid":237087423,"user":"Freep_o_0_rn","name":"Freep_o_0_rn","role":"admin","chat":237087423,"cb_id":"1018282729582941871","msg_id":9370,"data":"promo:view:f5fb3e2a7392","state":null}
{"t":"cb","ok":true,"ms":752,"req":"a857910b","bot":8429636798,"uid":237087423,"user":"Freep_o_0_rn","name":"Freep_o_0_rn","role":"admin","chat":237087423,"cb_id":"1018282730209263640","msg_id":9371,"data":"promo:rename:f5fb3e2a7392","state":"PromoStates:waiting_rename"}
{"t":"msg","ok":true,"ms":222,"req":"e7ff522f","bot":8429636798,"uid":237087423,"user":"Freep_o_0_rn","name":"Freep_o_0_rn","role":"admin","chat":237087423,"chat_type":"private","msg_id":9373,"kind":"text","text":"Акция 1500 руб!","caption_len":0,"entities":0,"state":null}
{"t":"msg","ok":true,"ms":227,"req":"b19057cc","bot":8429636798,"uid":237087423,"user":"Freep_o_0_rn","name":"Freep_o_0_rn","role":"admin","chat":237087423,"chat_type":"private","msg_id":9375,"kind":"text","text":"🎁 Акции","caption_len":0,"entities":0,"state":null}
{"t":"cb","ok":true,"ms":485,"req":"65f76a21","bot":8429636798,"uid":237087423,"user":"Freep_o_0_rn","name":"Freep_o_0_rn","role":"admin","chat":237087423,"cb_id":"1018282731665319807","msg_id":9376,"data":"promo:view:f5fb3e2a7392","state":null}
{"t":"cb","ok":true,"ms":472,"req":"c9aa485b","bot":8429636798,"uid":237087423,"user":"Freep_o_0_rn","name":"Freep_o_0_rn","role":"admin","chat":237087423,"cb_id":"1018282729808707808","msg_id":9377,"data":"promo:edittext:f5fb3e2a7392","state":"PromoStates:waiting_edit_text"}
{"t":"msg","ok":true,"ms":221,"req":"643968f3","bot":8429636798,"uid":237087423,"user":"Freep_o_0_rn","name":"Freep_o_0_rn","role":"admin","chat":237087423,"chat_type":"private","msg_id":9379,"kind":"text","text":"При единовременном заказе 3 кег Жигулевское+Жигулеское Живое + sky на выбор: (Чешское, Немецкое, Баден бир хеллес,дункель,вайс). Получите скидку в эту же фактуру 1500 рублей!","caption_len":0,"entities":0,"state":null}
{"t":"msg","ok":true,"ms":250,"req":"764e2d84","bot":8429636798,"uid":237087423,"user":"Freep_o_0_rn","name":"Freep_o_0_rn","role":"admin","chat":237087423,"chat_type":"private","msg_id":9381,"kind":"text","text":"🎁 Акции","caption_len":0,"entities":0,"state":null}
{"t":"cb","ok":true,"ms":452,"req":"730e9869","bot":8429636798,"uid":237087423,"user":"Freep_o_0_rn","name":"Freep_o_0_rn","role":"admin","chat":237087423,"cb_id":"1018282730967651445","msg_id":9382,"data":"promo:view:f5fb3e2a7392","state":null}
{"t":"cb","ok":true,"ms":476,"req":"4e3177d5","bot":8429636798,"uid":237087423,"user":"Freep_o_0_rn","name":"Freep_o_0_rn","role":"admin","chat":237087423,"cb_id":"1018282729265208820","msg_id":9383,"data":"promo:edittext:f5fb3e2a7392","state":"PromoStates:waiting_edit_text"}
{"t":"msg","ok":true,"ms":226,"req":"bfd559ac","bot":8429636798,"uid":237087423,"user":"Freep_o_0_rn","name":"Freep_o_0_rn","role":"admin","chat":237087423,"chat_type":"private","msg_id":9385,"kind":"text","text":"При единовременном заказе 3 кег Жигулевское+Жигулеское Живое + sky на выбор: (Чешское, Немецкое, Баден Бир Хеллес/Дункель/Вайс). Получите скидку в эту же фактуру 1500 рублей!","caption_len":0,"entities":0,"state":null}
{"t":"msg","ok":true,"ms":234,"req":"8e514192","bot":8429636798,"uid":237087423,"user":"Freep_o_0_rn","name":"Freep_o_0_rn","role":"admin","chat":237087423,"chat_type":"private","msg_id":9387,"kind":"text","text":"🎁 Акции","caption_len":0,"entities":0,"state":null}
{"t":"cb","ok":true,"ms":448,"req":"28c8d355","bot":8429636798,"uid":237087423,"user":"Freep_o_0_rn","name":"Freep_o_0_rn","role":"admin","chat":237087423,"cb_id":"1018282729993412972","msg_id":9388,"data":"promo:view:f5fb3e2a7392","state":null}
{"t":"cb","ok":true,"ms":617,"req":"168631ce","bot":8429636798,"uid":237087423,"user":"Freep_o_0_rn","name":"Freep_o_0_rn","role":"admin","chat":237087423,"cb_id":"1018282730667538690","msg_id":9389,"data":"promo:list:0","state":null}
{"t":"msg","ok":true,"ms":651,"req":"bf7415f5","bot":8429636798,"uid":237087423,"user":"Freep_o_0_rn","name":"Freep_o_0_rn","role":"admin","chat":237087423,"chat_type":"private","msg_id":9390,"kind":"text","text":"▶️ Старт","caption_len":0,"entities":0,"state":null}
{"t":"msg","ok":true,"ms":232,"req":"a1b8b0a7","bot":8429636798,"uid":237087423,"user":"Freep_o_0_rn","name":"Freep_o_0_rn","role":"admin","chat":237087423,"chat_type":"private","msg_id":9392,"kind":"text","text":"🎁 Акции","caption_len":0,"entities":0,"state":null}
{"t":"cb","ok":true,"ms":550,"req":"7edba8e2","bot":8429636798,"uid":237087423,"user":"Freep_o_0_rn","name":"Freep_o_0_rn","role":"admin","chat":237087423,"cb_id":"1018282731408394598","msg_id":9393,"data":"promo:view:bf70eb384932","state":null}
{"t":"cb","ok":true,"ms":440,"req":"9dc89b60","bot":8429636798,"uid":237087423,"user":"Freep_o_0_rn","name":"Freep_o_0_rn","role":"admin","chat":237087423,"cb_id":"1018282728340556623","msg_id":9394,"data":"promo:list:0","state":null}
{"t":"cb","ok":true,"ms":812,"req":"d931be8a","bot":8429636798,"uid":237087423,"user":"Freep_o_0_rn","name":"Freep_o_0_rn","role":"admin","chat":237087423,"cb_id":"1018282731657962403","msg_id":9394,"data":"promo:view:f5fb3e2a7392","state":null}
{"t":"cb","ok":true,"ms":523,"req":"40b45b4f","bot":8429636798,"uid":237087423,"user":"Freep_o_0_rn","name":"Freep_o_0_rn","role":"admin","chat":237087423,"cb_id":"1018282729400490279","msg_id":9395,"data":"promo:rename:f5fb3e2a7392","state":"PromoStates:waiting_rename"}
{"t":"cb","ok":true,"ms":616,"req":"6b986bba","bot":8429636798,"uid":237087423,"user":"Freep_o_0_rn","name":"Freep_o_0_rn","role":"admin","chat":237087423,"cb_id":"1018282728987015723","msg_id":9395,"data":"promo:replaceimg:f5fb3e2a7392","state":"PromoStates:waiting_replace_img"}
{"t":"msg","ok":true,"ms":0,"req":"ab8ec697","bot":8429636798,"uid":237087423,"user":"Freep_o_0_rn","name":"Freep_o_0_rn","role":"admin","chat":237087423,"chat_type":"private","msg_id":9398,"kind":"photo","text":"","caption_len":0,"entities":0,"state":"PromoStates:waiting_replace_img","media":{"photo":{"w":800,"h":450,"size":56446}}}
{"t":"msg","ok":true,"ms":223,"req":"0f6854d0","bot":8429636798,"uid":237087423,"user":"Freep_o_0_rn","name":"Freep_o_0_rn","role":"admin","chat":237087423,"chat_type":"private","msg_id":9399,"kind":"text","text":"🎁 Акции","caption_len":0,"entities":0,"state":"PromoStates:waiting_replace_img"}
{"t":"cb","ok":true,"ms":436,"req":"0551c8fd","bot":8429636798,"uid":237087423,"user":"Freep_o_0_rn","name":"Freep_o_0_rn","role":"admin","chat":237087423,"cb_id":"1018282729414383412","msg_id":9400,"data":"promo:view:f5fb3e2a7392","state":"PromoStates:waiting_replace_img"}
{"t":"msg","ok":true,"ms":722,"req":"6707fa2c","bot":8429636798,"uid":237087423,"user":"Freep_o_0_rn","name":"Freep_o_0_rn","role":"admin","chat":237087423,"chat_type":"private","msg_id":9402,"kind":"text","text":"🎁 Акции","caption_len":0,"entities":0,"state":null}
{"t":"cb","ok":true,"ms":458,"req":"3c0bdc9f","bot":8429636798,"uid":237087423,"user":"Freep_o_0_rn","name":"Freep_o_0_rn","role":"admin","chat":237087423,"cb_id":"1018282731453834290","msg_id":9403,"data":"promo:view:bf70eb384932","state":null}
{"t":"cb","ok":true,"ms":585,"req":"5aa4f19f","bot":8429636798,"uid":237087423,"user":"Freep_o_0_rn","name":"Freep_o_0_rn","role":"admin","chat":237087423,"cb_id":"1018282731242246997","msg_id":9404,"data":"promo:list:0","state":null}
{"t":"cb","ok":true,"ms":440,"req":"e406a287","bot":8429636798,"uid":237087423,"user":"Freep_o_0_rn","name":"Freep_o_0_rn","role":"admin","chat":237087423,"cb_id":"1018282728601330271","msg_id":9404,"data":"promo:view:f5fb3e2a7392","state":null}
{"t":"cb","ok":true,"ms":483,"req":"9faaafb7","bot":8429636798,"uid":237087423,"user":"Freep_o_0_rn","name":"Freep_o_0_rn","role":"admin","chat":237087423,"cb_id":"1018282730179142282","msg_id":9405,"data":"promo:replaceimg:f5fb3e2a7392","state":"PromoStates:waiting_replace_img"}
{"t":"msg","ok":true,"ms":0,"req":"52d72ff7","bot":8429636798,"uid":237087423,"user":"Freep_o_0_rn","name":"Freep_o_0_rn","role":"admin","chat":237087423,"chat_type":"private","msg_id":9407,"kind":"photo","text":"","caption_len":0,"entities":0,"state":"PromoStates:waiting_replace_img","media":{"photo":{"w":800,"h":450,"size":40032}}}
{"t":"msg","ok":true,"ms":235,"req":"da41eb80","bot":8429636798,"uid":237087423,"user":"Freep_o_0_rn","name":"Freep_o_0_rn","role":"admin","chat":237087423,"chat_type":"private","msg_id":9408,"kind":"text","text":"▶️ Старт","caption_len":0,"entities":0,"state":null}
{"t":"msg","ok":true,"ms":713,"req":"c1e09a8c","bot":8429636798,"uid":237087423,"user":"Freep_o_0_rn","name":"Freep_o_0_rn","role":"admin","chat":237087423,"chat_type":"private","msg_id":9410,"kind":"text","text":"🎁 Акции","caption_len":0,"entities":0,"state":null}
{"t":"cb","ok":true,"ms":445,"req":"3858d1ae","bot":8429636798,"uid":237087423,"user":"Freep_o_0_rn","name":"Freep_o_0_rn","role":"admin","chat":237087423,"cb_id":"1018282729127368036","msg_id":9411,"data":"promo:view:f5fb3e2a7392","state":null}
{"t":"cb","ok":true,"ms":13201,"req":"fb780ff8","bot":8429636798,"uid":237087423,"user":"Freep_o_0_rn","name":"Freep_o_0_rn","role":"admin","chat":237087423,"cb_id":"1018282731512566563","msg_id":9412,"data":"promo:replaceimg:f5fb3e2a7392","state":"PromoStates:waiting_replace_img"}
{"t":"msg","ok":true,"ms":0,"req":"baa18e84","bot":8429636798,"uid":237087423,"user":"Freep_o_0_rn","name":"Freep_o_0_rn","role":"admin","chat":237087423,"chat_type":"private","msg_id":9414,"kind":"document","text":"","caption_len":0,"entities":0,"state":"PromoStates:waiting_replace_img","media":{"document":{"name":"photo_2025-10-22_22-32-18.jpg","mime":"image/jpeg","size":138169}}}
{"t":"cb","ok":true,"ms":465,"req":"89797b2d","bot":8429636798,"uid":237087423,"user":"Freep_o_0_rn","name":"Freep_o_0_rn","role":"admin","chat":237087423,"cb_id":"1018282731983388460","msg_id":9412,"data":"promo:replaceimg:f5fb3e2a7392","state":"PromoStates:waiting_replace_img"}
{"t":"msg","ok":true,"ms":0,"req":"2a238478","bot":8429636798,"uid":237087423,"user":"Freep_o_0_rn","name":"Freep_o_0_rn","role":"admin","chat":237087423,"chat_type":"private","msg_id":9416,"kind":"photo","text":"","caption_len":0,"entities":0,"state":"PromoStates:waiting_replace_img","media":{"photo":{"w":1280,"h":720,"size":103932}}}
{"t":"msg","ok":true,"ms":786,"req":"94b12289","bot":8429636798,"uid":237087423,"user":"Freep_o_0_rn","name":"Freep_o_0_rn","role":"admin","chat":237087423,"chat_type":"private","msg_id":9417,"kind":"text","text":"🎁 Акции","caption_len":0,"entities":0,"state":null}
{"t":"cb","ok":true,"ms":433,"req":"556abdac","bot":8429636798,"uid":237087423,"user":"Freep_o_0_rn","name":"Freep_o_0_rn","role":"admin","chat":237087423,"cb_id":"1018282731767015181","msg_id":9418,"data":"promo:view:f5fb3e2a7392","state":null}
{"t":"cb","ok":true,"ms":462,"req":"693aa919","bot":8429636798,"uid":237087423,"user":"Freep_o_0_rn","name":"Freep_o_0_rn","role":"admin","chat":237087423,"cb_id":"1018282728396038756","msg_id":9419,"data":"promo:replaceimg:f5fb3e2a7392","state":"PromoStates:waiting_replace_img"}
{"t":"msg","ok":true,"ms":0,"req":"f5d13e0a","bot":8429636798,"uid":237087423,"user":"Freep_o_0_rn","name":"Freep_o_0_rn","role":"admin","chat":237087423,"chat_type":"private","msg_id":9421,"kind":"photo","text":"","caption_len":0,"entities":0,"state":"PromoStates:waiting_replace_img","media":{"photo":{"w":1280,"h":720,"size":103932}}}
{"t":"msg","ok":true,"ms":803,"req":"add29f1f","bot":8429636798,"uid":237087423,"user":"Freep_o_0_rn","name":"Freep_o_0_rn","role":"admin","chat":237087423,"chat_type":"private","msg_id":9422,"kind":"text","text":"🎁 Акции","caption_len":0,"entities":0,"state":null}
{"t":"cb","ok":true,"ms":488,"req":"fc236e62","bot":8429636798,"uid":237087423,"user":"Freep_o_0_rn","name":"Freep_o_0_rn","role":"admin","chat":237087423,"cb_id":"1018282730405225753","msg_id":9423,"data":"promo:view:f5fb3e2a7392","state":null}
{"t":"cb","ok":true,"ms":605,"req":"30ce4267","bot":8429636798,"uid":237087423,"user":"Freep_o_0_rn","name":"Freep_o_0_rn","role":"admin","chat":237087423,"cb_id":"1018282731876860709","msg_id":9424,"data":"promo:replaceimg:f5fb3e2a7392","state":"PromoStates:waiting_replace_img"}
{"t":"msg","ok":true,"ms":0,"req":"c83be5d6","bot":8429636798,"uid":237087423,"user":"Freep_o_0_rn","name":"Freep_o_0_rn","role":"admin","chat":237087423,"chat_type":"private","msg_id":9426,"kind":"photo","text":"","caption_len":0,"entities":0,"state":"PromoStates:waiting_replace_img","media":{"photo":{"w":1280,"h":720,"size":103932}}}
{"t":"msg","ok":true,"ms":1385,"req":"b7543209","bot":8429636798,"uid":237087423,"user":"Freep_o_0_rn","name":"Freep_o_0_rn","role":"admin","chat":237087423,"chat_type":"private","msg_id":9427,"kind":"text","text":"🎁 Акции","caption_len":0,"entities":0,"state":null}
{"t":"cb","ok":true,"ms":482,"req":"3dd7dde4","bot":8429636798,"uid":237087423,"user":"Freep_o_0_rn","name":"Freep_o_0_rn","role":"admin","chat":237087423,"cb_id":"1018282730189801661","msg_id":9428,"data":"promo:view:f5fb3e2a7392","state":null}
{"t":"cb","ok":true,"ms":468,"req":"8a9b15ff","bot":8429636798,"uid":237087423,"user":"Freep_o_0_rn","name":"Freep_o_0_rn","role":"admin","chat":237087423,"cb_id":"1018282729803291911","msg_id":9429,"data":"promo:replaceimg:f5fb3e2a7392","state":"PromoStates:waiting_replace_img"}
{"t":"msg","ok":true,"ms":0,"req":"d5c84058","bot":8429636798,"uid":237087423,"user":"Freep_o_0_rn","name":"Freep_o_0_rn","role":"admin","chat":237087423,"chat_type":"private","msg_id":9431,"kind":"photo","text":"","caption_len":0,"entities":0,"state":"PromoStates:waiting_replace_img","media":{"photo":{"w":1280,"h":720,"size":103932}}}
{"t":"msg","ok":true,"ms":264,"req":"ea70a3b4","bot":8429636798,"uid":237087423,"user":"Freep_o_0_rn","name":"Freep_o_0_rn","role":"admin","chat":237087423,"chat_type":"private","msg_id":9432,"kind":"text","text":"🎁 Акции","caption_len":0,"entities":0,"state":"PromoStates:waiting_replace_img"}
{"t":"cb","ok":true,"ms":540,"req":"73280b23","bot":8429636798,"uid":237087423,"user":"Freep_o_0_rn","name":"Freep_o_0_rn","role":"admin","chat":237087423,"cb_id":"1018282729354663326","msg_id":9433,"data":"promo:view:f5fb3e2a7392","state":"PromoStates:waiting_replace_img"}
{"t":"cb","ok":true,"ms":1435,"req":"ecd6278b","bot":8429636798,"uid":237087423,"user":"Freep_o_0_rn","name":"Freep_o_0_rn","role":"admin","chat":237087423,"cb_id":"1018282730629065316","msg_id":9434,"data":"promo:list:0","state":"PromoStates:waiting_replace_img"}
{"t":"cb","ok":true,"ms":1211,"req":"f6480777","bot":8429636798,"uid":237087423,"user":"Freep_o_0_rn","name":"Freep_o_0_rn","role":"admin","chat":237087423,"cb_id":"1018282730006005393","msg_id":9434,"data":"promo:add","state":"PromoStates:waiting_title"}
{"t":"msg","ok":true,"ms":228,"req":"2a8f71ac","bot":8429636798,"uid":237087423,"user":"Freep_o_0_rn","name":"Freep_o_0_rn","role":"admin","chat":237087423,"chat_type":"private","msg_id":9436,"kind":"text","text":"ыфывфвыф","caption_len":0,"entities":0,"state":"PromoStates:waiting_text"}
{"t":"msg","ok":true,"ms":227,"req":"98bd0f32","bot":8429636798,"uid":237087423,"user":"Freep_o_0_rn","name":"Freep_o_0_rn","role":"admin","chat":237087423,"chat_type":"private","msg_id":9438,"kind":"text","text":"яываываыва","caption_len":0,"entities":0,"state":"PromoStates:waiting_media"}
{"t":"msg","ok":true,"ms":0,"req":"b6c106e9","bot":8429636798,"uid":237087423,"user":"Freep_o_0_rn","name":"Freep_o_0_rn","role":"admin","chat":237087423,"chat_type":"private","msg_id":9440,"kind":"photo","text":"","caption_len":0,"entities":0,"state":"PromoStates:waiting_media","media":{"photo":{"w":1280,"h":720,"size":103932}}}
{"t":"msg","ok":true,"ms":664,"req":"24d2d018","bot":8429636798,"uid":237087423,"user":"Freep_o_0_rn","name":"Freep_o_0_rn","role":"admin","chat":237087423,"chat_type":"private","msg_id":9441,"kind":"text","text":"🎁 Акции","caption_len":0,"entities":0,"state":null}
{"t":"cb","ok":true,"ms":448,"req":"7bcb37a4","bot":8429636798,"uid":237087423,"user":"Freep_o_0_rn","name":"Freep_o_0_rn","role":"admin","chat":237087423,"cb_id":"1018282732034394135","msg_id":9442,"data":"promo:view:f5fb3e2a7392","state":null}
{"t":"cb","ok":true,"ms":455,"req":"dcf86a60","bot":8429636798,"uid":237087423,"user":"Freep_o_0_rn","name":"Freep_o_0_rn","role":"admin","chat":237087423,"cb_id":"1018282730198128699","msg_id":9443,"data":"promo:replaceimg:f5fb3e2a7392","state":"PromoStates:waiting_replace_img"}
{"t":"msg","ok":true,"ms":0,"req":"ed6df55c","bot":8429636798,"uid":237087423,"user":"Freep_o_0_rn","name":"Freep_o_0_rn","role":"admin","chat":237087423,"chat_type":"private","msg_id":9445,"kind":"photo","text":"","caption_len":0,"entities":0,"state":"PromoStates:waiting_replace_img","media":{"photo":{"w":1280,"h":720,"size":103932}}}
{"t":"msg","ok":true,"ms":647,"req":"1c5dc606","bot":8429636798,"uid":237087423,"user":"Freep_o_0_rn","name":"Freep_o_0_rn","role":"admin","chat":237087423,"chat_type":"private","msg_id":9446,"kind":"text","text":"🎁 Акции","caption_len":0,"entities":0,"state":null}
{"t":"cb","ok":true,"ms":456,"req":"e5c37c9a","bot":8429636798,"uid":237087423,"user":"Freep_o_0_rn","name":"Freep_o_0_rn","role":"admin","chat":237087423,"cb_id":"1018282730305175118","msg_id":9447,"data":"promo:view:f5fb3e2a7392","state":null}
{"t":"cb","ok":true,"ms":434,"req":"141ec7c3","bot":8429636798,"uid":237087423,"user":"Freep_o_0_rn","name":"Freep_o_0_rn","role":"admin","chat":237087423,"cb_id":"1018282729577090290","msg_id":9448,"data":"promo:replaceimg:f5fb3e2a7392","state":"PromoStates:waiting_replace_img"}
{"t":"msg","ok":true,"ms":0,"req":"013b628a","bot":8429636798,"uid":237087423,"user":"Freep_o_0_rn","name":"Freep_o_0_rn","role":"admin","chat":237087423,"chat_type":"private","msg_id":9450,"kind":"photo","text":"","caption_len":0,"entities":0,"state":"PromoStates:waiting_replace_img","media":{"photo":{"w":1280,"h":720,"size":103932}}}
{"t":"msg","ok":true,"ms":631,"req":"abce64e2","bot":8429636798,"uid":237087423,"user":"Freep_o_0_rn","name":"Freep_o_0_rn","role":"admin","chat":237087423,"chat_type":"private","msg_id":9453,"kind":"text","text":"▶️ Старт","caption_len":0,"entities":0,"state":null}
{"t":"msg","ok":true,"ms":223,"req":"00d37e5b","bot":8429636798,"uid":237087423,"user":"Freep_o_0_rn","name":"Freep_o_0_rn","role":"admin","chat":237087423,"chat_type":"private","msg_id":9455,"kind":"text","text":"🎁 Акции","caption_len":0,"entities":0,"state":null}
{"t":"cb","ok":true,"ms":458,"req":"a81e79c0","bot":8429636798,"uid":237087423,"user":"Freep_o_0_rn","name":"Freep_o_0_rn","role":"admin","chat":237087423,"cb_id":"1018282728161211048","msg_id":9456,"data":"promo:view:f5fb3e2a7392","state":null}
{"t":"cb","ok":true,"ms":1317,"req":"28977921","bot":8429636798,"uid":237087423,"user":"Freep_o_0_rn","name":"Freep_o_0_rn","role":"admin","chat":237087423,"cb_id":"1018282728801311268","msg_id":9457,"data":"promo:replaceimg:f5fb3e2a7392","state":"PromoStates:waiting_replace_img"}
{"t":"msg","ok":true,"ms":0,"req":"31aacf02","bot":8429636798,"uid":237087423,"user":"Freep_o_0_rn","name":"Freep_o_0_rn","role":"admin","chat":237087423,"chat_type":"private","msg_id":9459,"kind":"photo","text":"","caption_len":0,"entities":0,"state":"PromoStates:waiting_replace_img","media":{"photo":{"w":1280,"h":720,"size":103932}}}
{"t":"msg","ok":true,"ms":641,"req":"0d5413f0","bot":8429636798,"uid":237087423,"user":"Freep_o_0_rn","name":"Freep_o_0_rn","role":"admin","chat":237087423,"chat_type":"private","msg_id":9460,"kind":"text","text":"🎁 Акции","caption_len":0,"entities":0,"state":null}
{"t":"cb","ok":true,"ms":450,"req":"b6e70d2e","bot":8429636798,"uid":237087423,"user":"Freep_o_0_rn","name":"Freep_o_0_rn","role":"admin","chat":237087423,"cb_id":"1018282730012567839","msg_id":9461,"data":"promo:view:f5fb3e2a7392","state":null}
{"t":"cb","ok":true,"ms":442,"req":"73a26abe","bot":8429636798,"uid":237087423,"user":"Freep_o_0_rn","name":"Freep_o_0_rn","role":"admin","chat":237087423,"cb_id":"1018282730597841335","msg_id":9462,"data":"promo:replaceimg:f5fb3e2a7392","state":"PromoStates:waiting_replace_img"}
{"t":"msg","ok":true,"ms":0,"req":"bd3b84d4","bot":8429636798,"uid":237087423,"user":"Freep_o_0_rn","name":"Freep_o_0_rn","role":"admin","chat":237087423,"chat_type":"private","msg_id":9464,"kind":"photo","text":"","caption_len":0,"entities":0,"state":"PromoStates:waiting_replace_img","media":{"photo":{"w":1280,"h":720,"size":103932}}}
{"t":"msg","ok":true,"ms":323,"req":"28d6058a","bot":8429636798,"uid":1188061961,"user":"Re1ze_r","name":"__Re1zer","role":"client","chat":1188061961,"chat_type":"private","msg_id":9509,"kind":"text","text":"▶️ Старт","caption_len":0,"entities":0,"state":null}
{"t":"msg","ok":true,"ms":368,"req":"d78215c4","bot":8429636798,"uid":237087423,"user":"Freep_o_0_rn","name":"Freep_o_0_rn","role":"admin","chat":237087423,"chat_type":"private","msg_id":9511,"kind":"text","text":"/start","caption_len":0,"entities":1,"state":null}
{"t":"msg","ok":true,"ms":136,"req":"58d81f9c","bot":8429636798,"uid":237087423,"user":"Freep_o_0_rn","name":"Freep_o_0_rn","role":"admin","chat":237087423,"chat_type":"private","msg_id":9513,"kind":"text","text":"🔎 Поиск","caption_len":0,"entities":0,"state":"SearchStates:waiting_query"}
{"t":"msg","ok":true,"ms":1148,"req":"e928568e","bot":8429636798,"uid":237087423,"user":"Freep_o_0_rn","name":"Freep_o_0_rn","role":"admin","chat":237087423,"chat_type":"private","msg_id":9515,"kind":"text","text":"Анохина","caption_len":0,"entities":0,"state":null}
{"t":"msg","ok":true,"ms":129,"req":"6a8bc972","bot":8429636798,"uid":237087423,"user":"Freep_o_0_rn","name":"Freep_o_0_rn","role":"admin","chat":237087423,"chat_type":"private","msg_id":9519,"kind":"text","text":"🔎 Поиск тары","caption_len":0,"entities":0,"state":"SearchTaraStates:waiting_query"}
{"t":"msg","ok":true,"ms":2409,"req":"59f020d0","bot":8429636798,"uid":237087423,"user":"Freep_o_0_rn","name":"Freep_o_0_rn","role":"admin","chat":237087423,"chat_type":"private","msg_id":9521,"kind":"text","text":"Анохина","caption_len":0,"entities":0,"state":null}
{"t":"msg","ok":true,"ms":126,"req":"5db11914","bot":8429636798,"uid":237087423,"user":"Freep_o_0_rn","name":"Freep_o_0_rn","role":"admin","chat":237087423,"chat_type":"private","msg_id":9525,"kind":"text","text":"📑 Прайсы","caption_len":0,"entities":0,"state":null}
{"t":"cb","ok":true,"ms":379,"req":"b5a51170","bot":8429636798,"uid":237087423,"user":"Freep_o_0_rn","name":"Freep_o_0_rn","role":"admin","chat":237087423,"cb_id":"1018282731947980213","msg_id":9526,"data":"pr:list:1","state":null}
{"t":"cb","ok":true,"ms":532,"req":"b41e1566","bot":8429636798,"uid":237087423,"user":"Freep_o_0_rn","name":"Freep_o_0_rn","role":"admin","chat":237087423,"cb_id":"1018282730346754737","msg_id":9526,"data":"pr:item:dbca3fcd33bb","state":null}
{"t":"cb","ok":true,"ms":463,"req":"964f545e","bot":8429636798,"uid":237087423,"user":"Freep_o_0_rn","name":"Freep_o_0_rn","role":"admin","chat":237087423,"cb_id":"1018282731371240277","msg_id":9526,"data":"pr:send:dbca3fcd33bb","state":null}
{"t":"msg","ok":true,"ms":134,"req":"53c1365b","bot":8429636798,"uid":237087423,"user":"Freep_o_0_rn","name":"Freep_o_0_rn","role":"admin","chat":237087423,"chat_type":"private","msg_id":9528,"kind":"text","text":"🎁 Акции","caption_len":0,"entities":0,"state":null}
{"t":"cb","ok":true,"ms":369,"req":"ad681c38","bot":8429636798,"uid":237087423,"user":"Freep_o_0_rn","name":"Freep_o_0_rn","role":"admin","chat":237087423,"cb_id":"1018282731084756559","msg_id":9529,"data":"promo:view:f5fb3e2a7392","state":null}
{"t":"cb","ok":true,"ms":215,"req":"bfc347d4","bot":8429636798,"uid":237087423,"user":"Freep_o_0_rn","name":"Freep_o_0_rn","role":"admin","chat":237087423,"cb_id":"1018282728422424087","msg_id":9530,"data":"promo:replaceimg:f5fb3e2a7392","state":"PromoStates:waiting_replace_img"}
{"t":"msg","ok":true,"ms":542,"req":"bc0e4836","bot":8429636798,"uid":237087423,"user":"Freep_o_0_rn","name":"Freep_o_0_rn","role":"admin","chat":237087423,"chat_type":"private","msg_id":9532,"kind":"text","text":"🚚 График развоза","caption_len":0,"entities":0,"state":"PromoStates:waiting_replace_img"}
{"t":"msg","ok":true,"ms":125,"req":"d0b59773","bot":8429636798,"uid":237087423,"user":"Freep_o_0_rn","name":"Freep_o_0_rn","role":"admin","chat":237087423,"chat_type":"private","msg_id":9535,"kind":"text","text":"▶️ Старт","caption_len":0,"entities":0,"state":null}
{"t":"msg","ok":true,"ms":281,"req":"08bd90df","bot":8429636798,"uid":237087423,"user":"Freep_o_0_rn","name":"Freep_o_0_rn","role":"client","chat":237087423,"chat_type":"private","msg_id":9537,"kind":"text","text":"/reset_role","caption_len":0,"entities":1,"state":"OnboardStates:waiting_role"}
{"t":"cb","ok":true,"ms":229,"req":"b0d1b271","bot":8429636798,"uid":237087423,"user":"Freep_o_0_rn","name":"Freep_o_0_rn","role":"client","chat":237087423,"cb_id":"1018282732346399363","msg_id":9539,"data":"ob:client","state":"OnboardStates:waiting_client_name"}
{"t":"msg","ok":true,"ms":272,"req":"d1df943c","bot":8429636798,"uid":237087423,"user":"Freep_o_0_rn","name":"Freep_o_0_rn","role":"client","chat":237087423,"chat_type":"private","msg_id":9540,"kind":"text","text":"Маляров","caption_len":0,"entities":0,"state":null}
{"t":"msg","ok":true,"ms":414,"req":"959d0b8a","bot":8429636798,"uid":237087423,"user":"Freep_o_0_rn","name":"Freep_o_0_rn","role":"client","chat":237087423,"chat_type":"private","msg_id":9543,"kind":"text","text":"▶️ Старт","caption_len":0,"entities":0,"state":null}
{"t":"msg","ok":true,"ms":212,"req":"23f5846d","bot":8429636798,"uid":237087423,"user":"Freep_o_0_rn","name":"Freep_o_0_rn","role":"client","chat":237087423,"chat_type":"private","msg_id":9545,"kind":"text","text":"/reset_role","caption_len":0,"entities":1,"state":"OnboardStates:waiting_role"}
{"t":"cb","ok":true,"ms":198,"req":"048fb2a6","bot":8429636798,"uid":237087423,"user":"Freep_o_0_rn","name":"Freep_o_0_rn","role":"client","chat":237087423,"cb_id":"1018282730600541984","msg_id":9547,"data":"ob:admin","state":"OnboardStates:waiting_admin_password"}
{"t":"msg","ok":true,"ms":224,"req":"c61174ed","bot":8429636798,"uid":237087423,"user":"Freep_o_0_rn","name":"Freep_o_0_rn","role":"admin","chat":237087423,"chat_type":"private","msg_id":9548,"kind":"text","text":"99654511","caption_len":0,"entities":0,"state":null}
{"t":"msg","ok":true,"ms":116,"req":"d2759204","bot":8429636798,"uid":237087423,"user":"Freep_o_0_rn","name":"Freep_o_0_rn","role":"admin","chat":237087423,"chat_type":"private","msg_id":9551,"kind":"text","text":"📑 Прайсы","caption_len":0,"entities":0,"state":null}
{"t":"cb","ok":true,"ms":222,"req":"ae6acd99","bot":8429636798,"uid":237087423,"user":"Freep_o_0_rn","name":"Freep_o_0_rn","role":"admin","chat":237087423,"cb_id":"1018282730737650885","msg_id":9552,"data":"pr:item:0c7673a002f4","state":null}
{"t":"cb","ok":true,"ms":332,"req":"1f09d4f1","bot":8429636798,"uid":237087423,"user":"Freep_o_0_rn","name":"Freep_o_0_rn","role":"admin","chat":237087423,"cb_id":"1018282731526267033","msg_id":9552,"data":"pr:send:0c7673a002f4","state":null}
{"t":"msg","ok":true,"ms":303,"req":"f9a7c1e3","bot":8429636798,"uid":1188061961,"user":"Re1ze_r","name":"__Re1zer","role":"client","chat":1188061961,"chat_type":"private","msg_id":9554,"kind":"text","text":"▶️ Старт","caption_len":0,"entities":0,"state":null}
{"t":"msg","ok":true,"ms":116,"req":"42697e1c","bot":8429636798,"uid":1188061961,"user":"Re1ze_r","name":"__Re1zer","role":"client","chat":1188061961,"chat_type":"private","msg_id":9556,"kind":"text","text":"🎁 Акции","caption_len":0,"entities":0,"state":null}
{"t":"msg","ok":true,"ms":2240,"req":"a833f018","bot":8429636798,"uid":1188061961,"user":"Re1ze_r","name":"__Re1zer","role":"client","chat":1188061961,"chat_type":"private","msg_id":9558,"kind":"text","text":"🔎 Поиск тары","caption_len":0,"entities":0,"state":null}
{"t":"msg","ok":true,"ms":290,"req":"b67e466a","bot":8429636798,"uid":1188061961,"user":"Re1ze_r","name":"__Re1zer","role":"client","chat":1188061961,"chat_type":"private","msg_id":9561,"kind":"text","text":"▶️ Старт","caption_len":0,"entities":0,"state":null}
{"t":"msg","ok":true,"ms":108,"req":"eb7f43ae","bot":8429636798,"uid":237087423,"user":"Freep_o_0_rn","name":"Freep_o_0_rn","role":"admin","chat":237087423,"chat_type":"private","msg_id":9563,"kind":"text","text":"📦 Проверить ТТН","caption_len":0,"entities":0,"state":"TTNStates:waiting_number"}
{"t":"msg","ok":true,"ms":851,"req":"59e61744","bot":8429636798,"uid":237087423,"user":"Freep_o_0_rn","name":"Freep_o_0_rn","role":"admin","chat":237087423,"chat_type":"private","msg_id":9565,"kind":"text","text":"0876243313","caption_len":0,"entities":0,"state":"TTNStates:waiting_captcha"}
{"t":"msg","ok":true,"ms":526,"req":"fd1df0d4","bot":8429636798,"uid":237087423,"user":"Freep_o_0_rn","name":"Freep_o_0_rn","role":"admin","chat":237087423,"chat_type":"private","msg_id":9567,"kind":"text","text":"5ket","caption_len":0,"entities":0,"state":null}
{"t":"cb","ok":true,"ms":1130,"req":"31927799","bot":8429636798,"uid":939285490,"user":"Qwerty12307","name":"ЖизньЗаНерзула","role":"client","chat":939285490,"cb_id":"4034200463657693130","msg_id":7169,"data":"pr:send:c88fc99a0e95","state":null}
{"t":"msg","ok":true,"ms":293,"req":"2ac8f4fb","bot":8429636798,"uid":237087423,"user":"Freep_o_0_rn","name":"Freep_o_0_rn","role":"admin","chat":237087423,"chat_type":"private","msg_id":9570,"kind":"text","text":"▶️ Старт","caption_len":0,"entities":0,"state":null}
{"t":"msg","ok":true,"ms":155,"req":"21412ec6","bot":8429636798,"uid":237087423,"user":"Freep_o_0_rn","name":"Freep_o_0_rn","role":"admin","chat":237087423,"chat_type":"private","msg_id":9572,"kind":"text","text":"🔎 Поиск","caption_len":0,"entities":0,"state":"SearchStates:waiting_query"}
{"t":"msg","ok":true,"ms":4991,"req":"17a02868","bot":8429636798,"uid":237087423,"user":"Freep_o_0_rn","name":"Freep_o_0_rn","role":"admin","chat":237087423,"chat_type":"private","msg_id":9574,"kind":"text","text":"Проект на","caption_len":0,"entities":0,"state":null}
{"t":"msg","ok":true,"ms":133,"req":"744f9bbb","bot":8429636798,"uid":237087423,"user":"Freep_o_0_rn","name":"Freep_o_0_rn","role":"admin","chat":237087423,"chat_type":"private","msg_id":9606,"kind":"text","text":"🔎 Поиск","caption_len":0,"entities":0,"state":"SearchStates:waiting_query"}
{"t":"msg","ok":true,"ms":1028,"req":"b26ef7a4","bot":8429636798,"uid":237087423,"user":"Freep_o_0_rn","name":"Freep_o_0_rn","role":"admin","chat":237087423,"chat_type":"private","msg_id":9608,"kind":"text","text":"Пронькина","caption_len":0,"entities":0,"state":null}
{"t":"msg","ok":true,"ms":320,"req":"397af6ca","bot":8429636798,"uid":237087423,"user":"Freep_o_0_rn","name":"Freep_o_0_rn","role":"admin","chat":237087423,"chat_type":"private","msg_id":9612,"kind":"text","text":"🔎 Поиск","caption_len":0,"entities":0,"state":"SearchStates:waiting_query"}
{"t":"msg","ok":true,"ms":1151,"req":"6329e1f3","bot":8429636798,"uid":237087423,"user":"Freep_o_0_rn","name":"Freep_o_0_rn","role":"admin","chat":237087423,"chat_type":"private","msg_id":9614,"kind":"text","text":"Дмитриева","caption_len":0,"entities":0,"state":null}
{"t":"msg","ok":true,"ms":288,"req":"50871e21","bot":8429636798,"uid":1188061961,"user":"Re1ze_r","name":"__Re1zer","role":"client","chat":1188061961,"chat_type":"private","msg_id":9618,"kind":"text","text":"✏️ Изменить название","caption_len":0,"entities":0,"state":"ClientEditStates:waiting_new_name"}
{"t":"msg","ok":true,"ms":126,"req":"fcefc5f9","bot":8429636798,"uid":1188061961,"user":"Re1ze_r","name":"__Re1zer","role":"client","chat":1188061961,"chat_type":"private","msg_id":9620,"kind":"text","text":"Арракис","caption_len":0,"entities":0,"state":null}
{"t":"msg","ok":true,"ms":1027,"req":"1c5057b5","bot":8429636798,"uid":1188061961,"user":"Re1ze_r","name":"__Re1zer","role":"client","chat":1188061961,"chat_type":"private","msg_id":9622,"kind":"text","text":"🔎 Поиск","caption_len":0,"entities":0,"state":null}
{"t":"msg","ok":true,"ms":378,"req":"557b723b","bot":8429636798,"uid":1188061961,"user":"Re1ze_r","name":"__Re1zer","role":"client","chat":1188061961,"chat_type":"private","msg_id":9626,"kind":"text","text":"✏️ Изменить название","caption_len":0,"entities":0,"state":"ClientEditStates:waiting_new_name"}
{"t":"msg","ok":true,"ms":118,"req":"8558341c","bot":8429636798,"uid":1188061961,"user":"Re1ze_r","name":"__Re1zer","role":"client","chat":1188061961,"chat_type":"private","msg_id":9628,"kind":"text","text":"Виса","caption_len":0,"entities":0,"state":null}
{"t":"msg","ok":true,"ms":1208,"req":"d6538e07","bot":8429636798,"uid":1188061961,"user":"Re1ze_r","name":"__Re1zer","role":"client","chat":1188061961,"chat_type":"private","msg_id":9630,"kind":"text","text":"🔎 Поиск","caption_len":0,"entities":0,"state":null}
{"t":"msg","ok":true,"ms":743,"req":"5c67aa8b","bot":8304099970,"uid":237087423,"user":"Freep_o_0_rn","name":"Freep_o_0_rn","role":"admin","chat":237087423,"chat_type":"private","msg_id":26,"kind":"text","text":"▶️ Старт","caption_len":0,"entities":0,"state":null}
{"t":"msg","ok":true,"ms":251,"req":"c9e44bde","bot":8304099970,"uid":237087423,"user":"Freep_o_0_rn","name":"Freep_o_0_rn","role":"admin","chat":237087423,"chat_type":"private","msg_id":28,"kind":"text","text":"🎁 Акции","caption_len":0,"entities":0,"state":null}
{"t":"cb","ok":true,"ms":423,"req":"240ee04e","bot":8304099970,"uid":237087423,"user":"Freep_o_0_rn","name":"Freep_o_0_rn","role":"admin","chat":237087423,"cb_id":"1018282731975106930","msg_id":29,"data":"promo:view:f5fb3e2a7392","state":null}
{"t":"cb","ok":true,"ms":307,"req":"882d39f7","bot":8304099970,"uid":237087423,"user":"Freep_o_0_rn","name":"Freep_o_0_rn","role":"admin","chat":237087423,"cb_id":"1018282731123277327","msg_id":30,"data":"promo:replaceimg:f5fb3e2a7392","state":"PromoStates:waiting_promo_replace_img"}
{"t":"msg","ok":true,"ms":0,"req":"8d147dad","bot":8304099970,"uid":237087423,"user":"Freep_o_0_rn","name":"Freep_o_0_rn","role":"admin","chat":237087423,"chat_type":"private","msg_id":32,"kind":"photo","text":"","caption_len":0,"entities":0,"state":"PromoStates:waiting_promo_replace_img","media":{"photo":{"w":1079,"h":571,"size":132705}}}
{"t":"msg","ok":true,"ms":1360,"req":"47e596c6","bot":8304099970,"uid":237087423,"user":"Freep_o_0_rn","name":"Freep_o_0_rn","role":"admin","chat":237087423,"chat_type":"private","msg_id":33,"kind":"text","text":"▶️ Старт","caption_len":0,"entities":0,"state":null}
{"t":"msg","ok":true,"ms":164,"req":"e01dbc85","bot":8304099970,"uid":237087423,"user":"Freep_o_0_rn","name":"Freep_o_0_rn","role":"admin","chat":237087423,"chat_type":"private","msg_id":35,"kind":"text","text":"🎁 Акции","caption_len":0,"entities":0,"state":null}
{"t":"cb","ok":true,"ms":445,"req":"47be36c5","bot":8304099970,"uid":237087423,"user":"Freep_o_0_rn","name":"Freep_o_0_rn","role":"admin","chat":237087423,"cb_id":"1018282728323195898","msg_id":36,"data":"promo:add","state":"PromoStates:waiting_promo_title"}
{"t":"msg","ok":true,"ms":227,"req":"e50e3941","bot":8304099970,"uid":237087423,"user":"Freep_o_0_rn","name":"Freep_o_0_rn","role":"admin","chat":237087423,"chat_type":"private","msg_id":38,"kind":"text","text":"ывфыфвывфвыф","caption_len":0,"entities":0,"state":"PromoStates:waiting_promo_text"}
{"t":"msg","ok":true,"ms":147,"req":"d1b20481","bot":8304099970,"uid":237087423,"user":"Freep_o_0_rn","name":"Freep_o_0_rn","role":"admin","chat":237087423,"chat_type":"private","msg_id":40,"kind":"text","text":"ыфвывфывффывывф","caption_len":0,"entities":0,"state":"PromoStates:waiting_promo_media"}
{"t":"msg","ok":true,"ms":0,"req":"2cf55f13","bot":8304099970,"uid":237087423,"user":"Freep_o_0_rn","name":"Freep_o_0_rn","role":"admin","chat":237087423,"chat_type":"private","msg_id":42,"kind":"photo","text":"","caption_len":0,"entities":0,"state":"PromoStates:waiting_promo_media","media":{"photo":{"w":1280,"h":680,"size":161048}}}
{"t":"msg","ok":true,"ms":559,"req":"973f5398","bot":8304099970,"uid":237087423,"user":"Freep_o_0_rn","name":"Freep_o_0_rn","role":"admin","chat":237087423,"chat_type":"private","msg_id":43,"kind":"text","text":"🎁 Акции","caption_len":0,"entities":0,"state":null}
{"t":"cb","ok":true,"ms":530,"req":"00bad849","bot":8304099970,"uid":237087423,"user":"Freep_o_0_rn","name":"Freep_o_0_rn","role":"admin","chat":237087423,"cb_id":"1018282728943410681","msg_id":44,"data":"promo:view:bf70eb384932","state":null}
{"t":"cb","ok":true,"ms":303,"req":"434cee44","bot":8304099970,"uid":237087423,"user":"Freep_o_0_rn","name":"Freep_o_0_rn","role":"admin","chat":237087423,"cb_id":"1018282731464038083","msg_id":45,"data":"promo:replaceimg:bf70eb384932","state":"PromoStates:waiting_promo_replace_img"}
{"t":"msg","ok":true,"ms":0,"req":"d7c44a0a","bot":8304099970,"uid":237087423,"user":"Freep_o_0_rn","name":"Freep_o_0_rn","role":"admin","chat":237087423,"chat_type":"private","msg_id":47,"kind":"photo","text":"","caption_len":0,"entities":0,"state":"PromoStates:waiting_promo_replace_img","media":{"photo":{"w":1280,"h":680,"size":161048}}}
{"t":"msg","ok":true,"ms":133,"req":"b63f814f","bot":8304099970,"uid":237087423,"user":"Freep_o_0_rn","name":"Freep_o_0_rn","role":"admin","chat":237087423,"chat_type":"private","msg_id":48,"kind":"text","text":"🔎 Поиск тары","caption_len":0,"entities":0,"state":"SearchTaraStates:waiting_query"}
{"t":"msg","ok":true,"ms":2729,"req":"df834e15","bot":8304099970,"uid":237087423,"user":"Freep_o_0_rn","name":"Freep_o_0_rn","role":"admin","chat":237087423,"chat_type":"private","msg_id":50,"kind":"text","text":"Заря","caption_len":0,"entities":0,"state":null}
{"t":"msg","ok":true,"ms":819,"req":"c5345481","bot":8304099970,"uid":237087423,"user":"Freep_o_0_rn","name":"Freep_o_0_rn","role":"admin","chat":237087423,"chat_type":"private","msg_id":55,"kind":"text","text":"🎁 Акции","caption_len":0,"entities":0,"state":null}
{"t":"cb","ok":true,"ms":340,"req":"a39d7f26","bot":8304099970,"uid":237087423,"user":"Freep_o_0_rn","name":"Freep_o_0_rn","role":"admin","chat":237087423,"cb_id":"1018282731949846129","msg_id":56,"data":"promo:view:f5fb3e2a7392","state":null}
{"t":"cb","ok":true,"ms":261,"req":"27d6b888","bot":8304099970,"uid":237087423,"user":"Freep_o_0_rn","name":"Freep_o_0_rn","role":"admin","chat":237087423,"cb_id":"1018282730717771682","msg_id":57,"data":"promo:replaceimg:f5fb3e2a7392","state":"PromoStates:waiting_promo_replace_img"}
{"t":"msg","ok":true,"ms":0,"req":"4a2c1f2a","bot":8304099970,"uid":237087423,"user":"Freep_o_0_rn","name":"Freep_o_0_rn","role":"admin","chat":237087423,"chat_type":"private","msg_id":59,"kind":"photo","text":"","caption_len":0,"entities":0,"state":"PromoStates:waiting_promo_replace_img","media":{"photo":{"w":1038,"h":583,"size":108068}}}
{"t":"msg","ok":true,"ms":952,"req":"c5550928","bot":8304099970,"uid":237087423,"user":"Freep_o_0_rn","name":"Freep_o_0_rn","role":"admin","chat":237087423,"chat_type":"private","msg_id":60,"kind":"text","text":"🎁 Акции","caption_len":0,"entities":0,"state":null}
{"t":"cb","ok":true,"ms":452,"req":"5ada3bf0","bot":8304099970,"uid":237087423,"user":"Freep_o_0_rn","name":"Freep_o_0_rn","role":"admin","chat":237087423,"cb_id":"1018282728331339539","msg_id":61,"data":"promo:view:f5fb3e2a7392","state":null}
{"t":"cb","ok":true,"ms":273,"req":"f806711c","bot":8304099970,"uid":237087423,"user":"Freep_o_0_rn","name":"Freep_o_0_rn","role":"admin","chat":237087423,"cb_id":"1018282730610442161","msg_id":62,"data":"promo:replaceimg:f5fb3e2a7392","state":"PromoStates:waiting_promo_replace_img"}
{"t":"msg","ok":true,"ms":0,"req":"84b8ef6a","bot":8304099970,"uid":237087423,"user":"Freep_o_0_rn","name":"Freep_o_0_rn","role":"admin","chat":237087423,"chat_type":"private","msg_id":64,"kind":"photo","text":"","caption_len":0,"entities":0,"state":"PromoStates:waiting_promo_replace_img","media":{"photo":{"w":1038,"h":583,"size":108068}}}
{"t":"msg","ok":true,"ms":358,"req":"9e5a8242","bot":8304099970,"uid":237087423,"user":"Freep_o_0_rn","name":"Freep_o_0_rn","role":"admin","chat":237087423,"chat_type":"private","msg_id":65,"kind":"text","text":"🎁 Акции","caption_len":0,"entities":0,"state":"PromoStates:waiting_promo_replace_img"}
{"t":"msg","ok":true,"ms":210,"req":"d4f6869f","bot":8304099970,"uid":237087423,"user":"Freep_o_0_rn","name":"Freep_o_0_rn","role":"admin","chat":237087423,"chat_type":"private","msg_id":67,"kind":"text","text":"▶️ Старт","caption_len":0,"entities":0,"state":null}
{"t":"msg","ok":true,"ms":149,"req":"ff1785c0","bot":8304099970,"uid":237087423,"user":"Freep_o_0_rn","name":"Freep_o_0_rn","role":"admin","chat":237087423,"chat_type":"private","msg_id":69,"kind":"text","text":"🎁 Акции","caption_len":0,"entities":0,"state":null}
{"t":"cb","ok":true,"ms":296,"req":"f6b2137a","bot":8304099970,"uid":237087423,"user":"Freep_o_0_rn","name":"Freep_o_0_rn","role":"admin","chat":237087423,"cb_id":"1018282732218985534","msg_id":70,"data":"promo:add","state":"PromoStates:waiting_promo_title"}
{"t":"msg","ok":true,"ms":278,"req":"dd0c70e3","bot":8304099970,"uid":237087423,"user":"Freep_o_0_rn","name":"Freep_o_0_rn","role":"admin","chat":237087423,"chat_type":"private","msg_id":72,"kind":"text","text":"ыфвывфыфв","caption_len":0,"entities":0,"state":"PromoStates:waiting_promo_text"}
{"t":"msg","ok":true,"ms":149,"req":"78e8dde7","bot":8304099970,"uid":237087423,"user":"Freep_o_0_rn","name":"Freep_o_0_rn","role":"admin","chat":237087423,"chat_type":"private","msg_id":74,"kind":"text","text":"ывфыфвыфв","caption_len":0,"entities":0,"state":"PromoStates:waiting_promo_media"}
{"t":"msg","ok":true,"ms":0,"req":"7e89ef8e","bot":8304099970,"uid":237087423,"user":"Freep_o_0_rn","name":"Freep_o_0_rn","role":"admin","chat":237087423,"chat_type":"private","msg_id":76,"kind":"photo","text":"","caption_len":0,"entities":0,"state":"PromoStates:waiting_promo_media","media":{"photo":{"w":1038,"h":583,"size":108068}}}
{"t":"msg","ok":true,"ms":637,"req":"b4984210","bot":8304099970,"uid":237087423,"user":"Freep_o_0_rn","name":"Freep_o_0_rn","role":"admin","chat":237087423,"chat_type":"private","msg_id":77,"kind":"text","text":"▶️ Старт","caption_len":0,"entities":0,"state":null}
{"t":"msg","ok":true,"ms":150,"req":"43cd9ca5","bot":8304099970,"uid":237087423,"user":"Freep_o_0_rn","name":"Freep_o_0_rn","role":"admin","chat":237087423,"chat_type":"private","msg_id":79,"kind":"text","text":"🎁 Акции","caption_len":0,"entities":0,"state":null}
{"t":"cb","ok":true,"ms":384,"req":"2de8042b","bot":8304099970,"uid":237087423,"user":"Freep_o_0_rn","name":"Freep_o_0_rn","role":"admin","chat":237087423,"cb_id":"1018282732184592951","msg_id":80,"data":"promo:view:bf70eb384932","state":null}
{"t":"cb","ok":true,"ms":311,"req":"61372d2d","bot":8304099970,"uid":237087423,"user":"Freep_o_0_rn","name":"Freep_o_0_rn","role":"admin","chat":237087423,"cb_id":"1018282732031152727","msg_id":81,"data":"promo:del:bf70eb384932","state":"PromoStates:waiting_promo_delete_confirm"}
{"t":"cb","ok":true,"ms":760,"req":"9a602c30","bot":8304099970,"uid":237087423,"user":"Freep_o_0_rn","name":"Freep_o_0_rn","role":"admin","chat":237087423,"cb_id":"1018282729772326082","msg_id":82,"data":"promo:confirm_del:yes","state":null}
{"t":"cb","ok":true,"ms":872,"req":"650532dc","bot":8304099970,"uid":237087423,"user":"Freep_o_0_rn","name":"Freep_o_0_rn","role":"admin","chat":237087423,"cb_id":"1018282728658796096","msg_id":81,"data":"promo:list:0","state":null}
{"t":"cb","ok":true,"ms":597,"req":"65bb3ff7","bot":8304099970,"uid":237087423,"user":"Freep_o_0_rn","name":"Freep_o_0_rn","role":"admin","chat":237087423,"cb_id":"1018282729996940218","msg_id":81,"data":"promo:add","state":"PromoStates:waiting_promo_title"}
{"t":"msg","ok":true,"ms":230,"req":"9a97a55b","bot":8304099970,"uid":237087423,"user":"Freep_o_0_rn","name":"Freep_o_0_rn","role":"admin","chat":237087423,"chat_type":"private","msg_id":85,"kind":"text","text":"234234234","caption_len":0,"entities":0,"state":"PromoStates:waiting_promo_text"}
{"t":"msg","ok":true,"ms":149,"req":"e711620f","bot":8304099970,"uid":237087423,"user":"Freep_o_0_rn","name":"Freep_o_0_rn","role":"admin","chat":237087423,"chat_type":"private","msg_id":87,"kind":"text","text":"1231231313123123123123","caption_len":0,"entities":0,"state":"PromoStates:waiting_promo_media"}
{"t":"msg","ok":true,"ms":0,"req":"bb8df93a","bot":8304099970,"uid":237087423,"user":"Freep_o_0_rn","name":"Freep_o_0_rn","role":"admin","chat":237087423,"chat_type":"private","msg_id":89,"kind":"photo","text":"","caption_len":0,"entities":0,"state":"PromoStates:waiting_promo_media","media":{"photo":{"w":1038,"h":583,"size":108068}}}
{"t":"cb","ok":true,"ms":620,"req":"731eb457","bot":8304099970,"uid":237087423,"user":"Freep_o_0_rn","name":"Freep_o_0_rn","role":"admin","chat":237087423,"cb_id":"1018282728923000716","msg_id":88,"data":"promo:media:skip","state":"PromoStates:waiting_promo_dates_new"}
{"t":"cb","ok":true,"ms":385,"req":"9ae3bd3d","bot":8304099970,"uid":237087423,"user":"Freep_o_0_rn","name":"Freep_o_0_rn","role":"admin","chat":237087423,"cb_id":"1018282729417799551","msg_id":90,"data":"promo:cal:open:new","state":"PromoStates:waiting_promo_dates_new"}
{"t":"cb","ok":true,"ms":449,"req":"04379746","bot":8304099970,"uid":237087423,"user":"Freep_o_0_rn","name":"Freep_o_0_rn","role":"admin","chat":237087423,"cb_id":"1018282729558988755","msg_id":91,"data":"promo:cal:pick:new:2025-10-31","state":null}
{"t":"msg","ok":true,"ms":182,"req":"7aa03867","bot":8304099970,"uid":237087423,"user":"Freep_o_0_rn","name":"Freep_o_0_rn","role":"admin","chat":237087423,"chat_type":"private","msg_id":93,"kind":"text","text":"🎁 Акции","caption_len":0,"entities":0,"state":null}
{"t":"cb","ok":true,"ms":557,"req":"9efaf435","bot":8304099970,"uid":237087423,"user":"Freep_o_0_rn","name":"Freep_o_0_rn","role":"admin","chat":237087423,"cb_id":"1018282729311841123","msg_id":94,"data":"promo:view:fb407b5741f1","state":null}
{"t":"cb","ok":true,"ms":459,"req":"a01a69c8","bot":8304099970,"uid":237087423,"user":"Freep_o_0_rn","name":"Freep_o_0_rn","role":"admin","chat":237087423,"cb_id":"1018282730076094684","msg_id":95,"data":"promo:replaceimg:fb407b5741f1","state":"PromoStates:waiting_promo_replace_img"}
{"t":"msg","ok":true,"ms":0,"req":"148d4f74","bot":8304099970,"uid":237087423,"user":"Freep_o_0_rn","name":"Freep_o_0_rn","role":"admin","chat":237087423,"chat_type":"private","msg_id":97,"kind":"photo","text":"","caption_len":0,"entities":0,"state":"PromoStates:waiting_promo_replace_img","media":{"photo":{"w":1038,"h":583,"size":108068}}}
{"t":"msg","ok":true,"ms":564,"req":"b15e156a","bot":8304099970,"uid":237087423,"user":"Freep_o_0_rn","name":"Freep_o_0_rn","role":"admin","chat":237087423,"chat_type":"private","msg_id":98,"kind":"text","text":"🎁 Акции","caption_len":0,"entities":0,"state":null}
{"t":"cb","ok":true,"ms":437,"req":"c563beea","bot":8304099970,"uid":237087423,"user":"Freep_o_0_rn","name":"Freep_o_0_rn","role":"admin","chat":237087423,"cb_id":"1018282730618598853","msg_id":99,"data":"promo:add","state":"PromoStates:waiting_promo_title"}
{"t":"msg","ok":true,"ms":206,"req":"76c5d348","bot":8304099970,"uid":237087423,"user":"Freep_o_0_rn","name":"Freep_o_0_rn","role":"admin","chat":237087423,"chat_type":"private","msg_id":101,"kind":"text","text":"123","caption_len":0,"entities":0,"state":"PromoStates:waiting_promo_text"}
{"t":"msg","ok":true,"ms":171,"req":"3bb271f2","bot":8304099970,"uid":237087423,"user":"Freep_o_0_rn","name":"Freep_o_0_rn","role":"admin","chat":237087423,"chat_type":"private","msg_id":103,"kind":"text","text":"123123123","caption_len":0,"entities":0,"state":"PromoStates:waiting_promo_media"}
{"t":"msg","ok":true,"ms":0,"req":"4bf9fcbd","bot":8304099970,"uid":237087423,"user":"Freep_o_0_rn","name":"Freep_o_0_rn","role":"admin","chat":237087423,"chat_type":"private","msg_id":105,"kind":"photo","text":"","caption_len":0,"entities":0,"state":"PromoStates:waiting_promo_media","media":{"photo":{"w":1038,"h":583,"size":108068}}}
{"t":"cb","ok":true,"ms":285,"req":"e8ba05ba","bot":8304099970,"uid":237087423,"user":"Freep_o_0_rn","name":"Freep_o_0_rn","role":"admin","chat":237087423,"cb_id":"1018282728323574150","msg_id":104,"data":"promo:media:skip","state":"PromoStates:waiting_promo_dates_new"}
{"t":"cb","ok":true,"ms":352,"req":"99bd00bd","bot":8304099970,"uid":237087423,"user":"Freep_o_0_rn","name":"Freep_o_0_rn","role":"admin","chat":237087423,"cb_id":"1018282731338659136","msg_id":106,"data":"promo:cal:open:new","state":"PromoStates:waiting_promo_dates_new"}
{"t":"cb","ok":true,"ms":701,"req":"c63921c6","bot":8304099970,"uid":237087423,"user":"Freep_o_0_rn","name":"Freep_o_0_rn","role":"admin","chat":237087423,"cb_id":"1018282729626399040","msg_id":107,"data":"promo:cal:pick:new:2025-10-31","state":null}
{"t":"msg","ok":true,"ms":160,"req":"ae0c6ec4","bot":8304099970,"uid":237087423,"user":"Freep_o_0_rn","name":"Freep_o_0_rn","role":"admin","chat":237087423,"chat_type":"private","msg_id":109,"kind":"text","text":"🎁 Акции","caption_len":0,"entities":0,"state":null}
{"t":"cb","ok":true,"ms":589,"req":"b6e92bf8","bot":8304099970,"uid":237087423,"user":"Freep_o_0_rn","name":"Freep_o_0_rn","role":"admin","chat":237087423,"cb_id":"1018282730525030423","msg_id":110,"data":"promo:view:8798d2dc3bb3","state":null}
{"t":"cb","ok":true,"ms":430,"req":"d3acba36","bot":8304099970,"uid":237087423,"user":"Freep_o_0_rn","name":"Freep_o_0_rn","role":"admin","chat":237087423,"cb_id":"1018282730824628631","msg_id":111,"data":"promo:replaceimg:8798d2dc3bb3","state":"PromoStates:waiting_promo_replace_img"}
{"t":"msg","ok":true,"ms":0,"req":"c2fb3296","bot":8304099970,"uid":237087423,"user":"Freep_o_0_rn","name":"Freep_o_0_rn","role":"admin","chat":237087423,"chat_type":"private","msg_id":113,"kind":"photo","text":"","caption_len":0,"entities":0,"state":"PromoStates:waiting_promo_replace_img","media":{"photo":{"w":1116,"h":655,"size":133389}}}
{"t":"msg","ok":true,"ms":545,"req":"e8528e98","bot":8304099970,"uid":237087423,"user":"Freep_o_0_rn","name":"Freep_o_0_rn","role":"admin","chat":237087423,"chat_type":"private","msg_id":114,"kind":"text","text":"🎁 Акции","caption_len":0,"entities":0,"state":null}
{"t":"cb","ok":true,"ms":539,"req":"516c4a55","bot":8304099970,"uid":237087423,"user":"Freep_o_0_rn","name":"Freep_o_0_rn","role":"admin","chat":237087423,"cb_id":"1018282730964394974","msg_id":115,"data":"promo:view:8798d2dc3bb3","state":null}
{"t":"cb","ok":true,"ms":465,"req":"37e7f2b4","bot":8304099970,"uid":237087423,"user":"Freep_o_0_rn","name":"Freep_o_0_rn","role":"admin","chat":237087423,"cb_id":"1018282729651011542","msg_id":116,"data":"promo:replaceimg:8798d2dc3bb3","state":"PromoStates:waiting_promo_replace_img"}
{"t":"msg","ok":true,"ms":2641,"req":"6943ab42","bot":8304099970,"uid":237087423,"user":"Freep_o_0_rn","name":"Freep_o_0_rn","role":"admin","chat":237087423,"chat_type":"private","msg_id":118,"kind":"photo","text":"","caption_len":0,"entities":0,"state":null,"media":{"photo":{"w":1116,"h":655,"size":133389}}}
{"t":"msg","ok":false,"ms":2,"req":"8b67a5c5","bot":8304099970,"uid":237087423,"user":"Freep_o_0_rn","name":"Freep_o_0_rn","role":"admin","chat":237087423,"chat_type":"private","msg_id":358,"kind":"text","text":"▶️ Старт","caption_len":0,"entities":0,"state":null}
{"t":"error","req":"8b67a5c5","exc":"ValidationError: 1 validation error for ReplyKeyboardMarkup\nkeyboard.6.1\n  Input should be a valid dictionary or instance of KeyboardButton [type=model_type, input_value=[KeyboardButton(text='.../'), request_user=None)], input_type=list]\n    For further information visit https://errors.pydantic.dev/2.11/v/model_type"}
{"t":"msg","ok":true,"ms":383,"req":"3b2a0dcf","bot":8304099970,"uid":237087423,"user":"Freep_o_0_rn","name":"Freep_o_0_rn","role":"admin","chat":237087423,"chat_type":"private","msg_id":359,"kind":"text","text":"▶️ Старт","caption_len":0,"entities":0,"state":null}
{"t":"msg","ok":true,"ms":365,"req":"234648dc","bot":8304099970,"uid":237087423,"user":"Freep_o_0_rn","name":"Freep_o_0_rn","role":"admin","chat":237087423,"chat_type":"private","msg_id":361,"kind":"text","text":"▶️ Старт","caption_len":0,"entities":0,"state":null}
{"t":"msg","ok":true,"ms":160,"req":"69550497","bot":8304099970,"uid":237087423,"user":"Freep_o_0_rn","name":"Freep_o_0_rn","role":"admin","chat":237087423,"chat_type":"private","msg_id":363,"kind":"web_app_data","text":"","caption_len":0,"entities":0,"state":null}
{"t":"msg","ok":true,"ms":133,"req":"30ca95de","bot":8304099970,"uid":237087423,"user":"Freep_o_0_rn","name":"Freep_o_0_rn","role":"admin","chat":237087423,"chat_type":"private","msg_id":365,"kind":"web_app_data","text":"","caption_len":0,"entities":0,"state":null}
{"t":"msg","ok":true,"ms":458,"req":"53139a30","bot":8304099970,"uid":237087423,"user":"Freep_o_0_rn","name":"Freep_o_0_rn","role":"admin","chat":237087423,"chat_type":"private","msg_id":368,"kind":"text","text":"▶️ Старт","caption_len":0,"entities":0,"state":null}
{"t":"msg","ok":true,"ms":143,"req":"1c41dd70","bot":8304099970,"uid":237087423,"user":"Freep_o_0_rn","name":"Freep_o_0_rn","role":"admin","chat":237087423,"chat_type":"private","msg_id":370,"kind":"web_app_data","text":"","caption_len":0,"entities":0,"state":null}
{"t":"msg","ok":true,"ms":133,"req":"c79d18ea","bot":8304099970,"uid":237087423,"user":"Freep_o_0_rn","name":"Freep_o_0_rn","role":"admin","chat":237087423,"chat_type":"private","msg_id":372,"kind":"web_app_data","text":"","caption_len":0,"entities":0,"state":null}
{"t":"msg","ok":true,"ms":155,"req":"7ab036f3","bot":8304099970,"uid":1188061961,"user":"Re1ze_r","name":"Vadim BeerMarket","role":"client","chat":1188061961,"chat_type":"private","msg_id":374,"kind":"text","text":"▶️ Старт","caption_len":0,"entities":0,"state":null}
{"t":"msg","ok":true,"ms":226,"req":"9b5831fe","bot":8304099970,"uid":1188061961,"user":"Re1ze_r","name":"Vadim BeerMarket","role":"client","chat":1188061961,"chat_type":"private","msg_id":376,"kind":"text","text":"✏️ Изменить название","caption_len":0,"entities":0,"state":"ClientEditStates:waiting_new_name"}
{"t":"msg","ok":true,"ms":368,"req":"c08e167a","bot":8304099970,"uid":237087423,"user":"Freep_o_0_rn","name":"Freep_o_0_rn","role":"admin","chat":237087423,"chat_type":"private","msg_id":378,"kind":"text","text":"▶️ Старт","caption_len":0,"entities":0,"state":null}
{"t":"msg","ok":true,"ms":859,"req":"6e21c37c","bot":8304099970,"uid":237087423,"user":"Freep_o_0_rn","name":"Freep_o_0_rn","role":"admin","chat":237087423,"chat_type":"private","msg_id":380,"kind":"text","text":"🚚 График развоза","caption_len":0,"entities":0,"state":null}
{"t":"msg","ok":true,"ms":256,"req":"cd37b239","bot":8304099970,"uid":237087423,"user":"Freep_o_0_rn","name":"Freep_o_0_rn","role":"admin","chat":237087423,"chat_type":"private","msg_id":383,"kind":"web_app_data","text":"","caption_len":0,"entities":0,"state":null}
{"t":"msg","ok":true,"ms":143,"req":"ae55349f","bot":8304099970,"uid":237087423,"user":"Freep_o_0_rn","name":"Freep_o_0_rn","role":"admin","chat":237087423,"chat_type":"private","msg_id":385,"kind":"web_app_data","text":"","caption_len":0,"entities":0,"state":null}
{"t":"msg","ok":true,"ms":186,"req":"6d46dd4a","bot":8304099970,"uid":237087423,"user":"Freep_o_0_rn","name":"Freep_o_0_rn","role":"admin","chat":237087423,"chat_type":"private","msg_id":387,"kind":"web_app_data","text":"","caption_len":0,"entities":0,"state":null}
{"t":"msg","ok":true,"ms":520,"req":"292538ff","bot":8304099970,"uid":237087423,"user":"Freep_o_0_rn","name":"Freep_o_0_rn","role":"admin","chat":237087423,"chat_type":"private","msg_id":389,"kind":"web_app_data","text":"","caption_len":0,"entities":0,"state":"TTNStates:waiting_number"}
{"t":"msg","ok":true,"ms":363,"req":"c7518df7","bot":8304099970,"uid":237087423,"user":"Freep_o_0_rn","name":"Freep_o_0_rn","role":"admin","chat":237087423,"chat_type":"private","msg_id":392,"kind":"web_app_data","text":"","caption_len":0,"entities":0,"state":null}
{"t":"msg","ok":true,"ms":132,"req":"fdfe7b3b","bot":8304099970,"uid":237087423,"user":"Freep_o_0_rn","name":"Freep_o_0_rn","role":"admin","chat":237087423,"chat_type":"private","msg_id":394,"kind":"contact","text":"","caption_len":0,"entities":0,"state":null}
{"t":"msg","ok":true,"ms":143,"req":"85151cc7","bot":8304099970,"uid":237087423,"user":"Freep_o_0_rn","name":"Freep_o_0_rn","role":"admin","chat":237087423,"chat_type":"private","msg_id":396,"kind":"web_app_data","text":"","caption_len":0,"entities":0,"state":null}
{"t":"msg","ok":true,"ms":149,"req":"8500caac","bot":8304099970,"uid":237087423,"user":"Freep_o_0_rn","name":"Freep_o_0_rn","role":"admin","chat":237087423,"chat_type":"private","msg_id":398,"kind":"contact","text":"","caption_len":0,"entities":0,"state":null}
{"t":"msg","ok":true,"ms":162,"req":"374ef7af","bot":8304099970,"uid":237087423,"user":"Freep_o_0_rn","name":"Freep_o_0_rn","role":"admin","chat":237087423,"chat_type":"private","msg_id":400,"kind":"web_app_data","text":"","caption_len":0,"entities":0,"state":null}
{"t":"msg","ok":true,"ms":631,"req":"d5100dea","bot":8304099970,"uid":237087423,"user":"Freep_o_0_rn","name":"Freep_o_0_rn","role":"admin","chat":237087423,"chat_type":"private","msg_id":402,"kind":"web_app_data","text":"","caption_len":0,"entities":0,"state":null}
{"t":"msg","ok":true,"ms":288,"req":"987bb470","bot":8304099970,"uid":237087423,"user":"Freep_o_0_rn","name":"Freep_o_0_rn","role":"admin","chat":237087423,"chat_type":"private","msg_id":405,"kind":"web_app_data","text":"","caption_len":0,"entities":0,"state":"TTNStates:waiting_number"}
{"t":"msg","ok":true,"ms":1520,"req":"c01e3b4d","bot":8304099970,"uid":237087423,"user":"Freep_o_0_rn","name":"Freep_o_0_rn","role":"admin","chat":237087423,"chat_type":"private","msg_id":408,"kind":"text","text":"0904562908","caption_len":0,"entities":0,"state":"TTNStates:waiting_captcha"}
{"t":"msg","ok":true,"ms":2035,"req":"c56b163a","bot":8304099970,"uid":237087423,"user":"Freep_o_0_rn","name":"Freep_o_0_rn","role":"admin","chat":237087423,"chat_type":"private","msg_id":410,"kind":"text","text":"Bbv3","caption_len":0,"entities":0,"state":null}
{"t":"msg","ok":true,"ms":163,"req":"ed7c84ca","bot":8304099970,"uid":237087423,"user":"Freep_o_0_rn","name":"Freep_o_0_rn","role":"admin","chat":237087423,"chat_type":"private","msg_id":412,"kind":"text","text":"🔄 Обновить (01:51)","caption_len":0,"entities":0,"state":null}
{"t":"msg","ok":true,"ms":390,"req":"ffb6aa38","bot":8304099970,"uid":1188061961,"user":"Re1ze_r","name":"Vadim BeerMarket","role":"client","chat":1188061961,"chat_type":"private","msg_id":415,"kind":"text","text":"/bakalar","caption_len":0,"entities":1,"state":null}
{"t":"msg","ok":true,"ms":335,"req":"39d6ba1b","bot":8304099970,"uid":1188061961,"user":"Re1ze_r","name":"Vadim BeerMarket","role":"client","chat":1188061961,"chat_type":"private","msg_id":417,"kind":"text","text":"/reset_role","caption_len":0,"entities":1,"state":"OnboardStates:waiting_role"}
{"t":"cb","ok":true,"ms":392,"req":"8c63e9e9","bot":8304099970,"uid":1188061961,"user":"Re1ze_r","name":"Vadim BeerMarket","role":"client","chat":1188061961,"cb_id":"5102687270090636242","msg_id":419,"data":"ob:admin","state":"OnboardStates:waiting_admin_password"}
{"t":"msg","ok":true,"ms":519,"req":"4c4d6a4f","bot":8304099970,"uid":1188061961,"user":"Re1ze_r","name":"Vadim BeerMarket","role":"admin","chat":1188061961,"chat_type":"private","msg_id":420,"kind":"text","text":"99654511","caption_len":0,"entities":0,"state":null}
{"t":"msg","ok":true,"ms":610,"req":"563e0a27","bot":8304099970,"uid":1188061961,"user":"Re1ze_r","name":"Vadim BeerMarket","role":"admin","chat":1188061961,"chat_type":"private","msg_id":423,"kind":"text","text":"/bakalar","caption_len":0,"entities":1,"state":null}
{"t":"msg","ok":true,"ms":387,"req":"69acc6da","bot":8304099970,"uid":1188061961,"user":"Re1ze_r","name":"Vadim BeerMarket","role":"admin","chat":1188061961,"chat_type":"private","msg_id":425,"kind":"text","text":"/bakalar","caption_len":0,"entities":1,"state":null}
{"t":"msg","ok":true,"ms":1003,"req":"18c50649","bot":8304099970,"uid":1188061961,"user":"Re1ze_r","name":"Vadim BeerMarket","role":"admin","chat":1188061961,"chat_type":"private","msg_id":427,"kind":"text","text":"/bakalar","caption_len":0,"entities":1,"state":null}
{"t":"msg","ok":true,"ms":494,"req":"2d8a90bc","bot":8304099970,"uid":1188061961,"user":"Re1ze_r","name":"Vadim BeerMarket","role":"admin","chat":1188061961,"chat_type":"private","msg_id":429,"kind":"text","text":"/bakalar","caption_len":0,"entities":1,"state":null}
{"t":"msg","ok":true,"ms":6234,"req":"9a46fbd0","bot":8304099970,"uid":1188061961,"user":"Re1ze_r","name":"Vadim BeerMarket","role":"admin","chat":1188061961,"chat_type":"private","msg_id":431,"kind":"text","text":"/refresh","caption_len":0,"entities":1,"state":null}
{"t":"msg","ok":true,"ms":639,"req":"c9139674","bot":8304099970,"uid":1188061961,"user":"Re1ze_r","name":"Vadim BeerMarket","role":"admin","chat":1188061961,"chat_type":"private","msg_id":434,"kind":"text","text":"🔎 Поиск тары","caption_len":0,"entities":0,"state":"SearchTaraStates:waiting_query"}
{"t":"msg","ok":true,"ms":1007,"req":"6e68cab4","bot":8304099970,"uid":1188061961,"user":"Re1ze_r","name":"Vadim BeerMarket","role":"admin","chat":1188061961,"chat_type":"private","msg_id":436,"kind":"text","text":"геодезическая","caption_len":0,"entities":0,"state":null}
{"t":"msg","ok":true,"ms":153,"req":"2f9380ed","bot":8304099970,"uid":1188061961,"user":"Re1ze_r","name":"Vadim BeerMarket","role":"admin","chat":1188061961,"chat_type":"private","msg_id":439,"kind":"text","text":"🔎 Поиск тары","caption_len":0,"entities":0,"state":"SearchTaraStates:waiting_query"}
{"t":"msg","ok":true,"ms":1591,"req":"a4c1e524","bot":8304099970,"uid":1188061961,"user":"Re1ze_r","name":"Vadim BeerMarket","role":"admin","chat":1188061961,"chat_type":"private","msg_id":441,"kind":"text","text":"заря","caption_len":0,"entities":0,"state":null}
{"t":"msg","ok":true,"ms":149,"req":"4395d40c","bot":8304099970,"uid":1188061961,"user":"Re1ze_r","name":"Vadim BeerMarket","role":"admin","chat":1188061961,"chat_type":"private","msg_id":444,"kind":"text","text":"🔄 Обновить (14:27)","caption_len":0,"entities":0,"state":null}
{"t":"cb","ok":true,"ms":3014,"req":"dbc63615","bot":8304099970,"uid":1188061961,"user":"Re1ze_r","name":"Vadim BeerMarket","role":"admin","chat":1188061961,"cb_id":"5102687270650465695","msg_id":445,"data":"upd:tara","state":null}
{"t":"msg","ok":true,"ms":145,"req":"229f152a","bot":8304099970,"uid":1188061961,"user":"Re1ze_r","name":"Vadim BeerMarket","role":"admin","chat":1188061961,"chat_type":"private","msg_id":447,"kind":"text","text":"🔎 Поиск тары","caption_len":0,"entities":0,"state":"SearchTaraStates:waiting_query"}
{"t":"msg","ok":true,"ms":1910,"req":"2e448f2a","bot":8304099970,"uid":1188061961,"user":"Re1ze_r","name":"Vadim BeerMarket","role":"admin","chat":1188061961,"chat_type":"private","msg_id":449,"kind":"text","text":"заря","caption_len":0,"entities":0,"state":null}
{"t":"msg","ok":true,"ms":380,"req":"b400b1e9","bot":8304099970,"uid":1188061961,"user":"Re1ze_r","name":"Vadim BeerMarket","role":"admin","chat":1188061961,"chat_type":"private","msg_id":454,"kind":"text","text":"▶️ Старт","caption_len":0,"entities":0,"state":"OnboardStates:waiting_phone_contact"}
{"t":"msg","ok":true,"ms":347,"req":"57aeecea","bot":8304099970,"uid":1188061961,"user":"Re1ze_r","name":"Vadim BeerMarket","role":"admin","chat":1188061961,"chat_type":"private","msg_id":456,"kind":"contact","text":"","caption_len":0,"entities":0,"state":null}
{"t":"msg","ok":true,"ms":461,"req":"4bd16f44","bot":8304099970,"uid":1188061961,"user":"Re1ze_r","name":"Vadim BeerMarket","role":"admin","chat":1188061961,"chat_type":"private","msg_id":459,"kind":"text","text":"👥 Пользователи","caption_len":0,"entities":0,"state":null}
{"t":"cb","ok":true,"ms":324,"req":"5aeea5d4","bot":8304099970,"uid":1188061961,"user":"Re1ze_r","name":"Vadim BeerMarket","role":"admin","chat":1188061961,"cb_id":"5102687271798889719","msg_id":460,"data":"usr:sel:1188061961:0","state":null}
{"t":"cb","ok":true,"ms":274,"req":"77abc557","bot":8304099970,"uid":1188061961,"user":"Re1ze_r","name":"Vadim BeerMarket","role":"admin","chat":1188061961,"cb_id":"5102687271591487076","msg_id":460,"data":"usr:list:0","state":null}
{"t":"cb","ok":true,"ms":269,"req":"940418ef","bot":8304099970,"uid":1188061961,"user":"Re1ze_r","name":"Vadim BeerMarket","role":"admin","chat":1188061961,"cb_id":"5102687272188296546","msg_id":460,"data":"usr:sel:727411283:0","state":null}
{"t":"cb","ok":true,"ms":286,"req":"355553c7","bot":8304099970,"uid":1188061961,"user":"Re1ze_r","name":"Vadim BeerMarket","role":"admin","chat":1188061961,"cb_id":"5102687270512916590","msg_id":460,"data":"usr:editphone:727411283","state":"AdminUserEditStates:waiting_phone"}
{"t":"msg","ok":true,"ms":153,"req":"b6763abc","bot":8304099970,"uid":1188061961,"user":"Re1ze_r","name":"Vadim BeerMarket","role":"admin","chat":1188061961,"chat_type":"private","msg_id":462,"kind":"text","text":"+79964550715","caption_len":0,"entities":1,"state":null}
{"t":"cb","ok":true,"ms":262,"req":"ccf775e3","bot":8304099970,"uid":1188061961,"user":"Re1ze_r","name":"Vadim BeerMarket","role":"admin","chat":1188061961,"cb_id":"5102687270311564069","msg_id":460,"data":"usr:list:0","state":null}
{"t":"cb","ok":true,"ms":293,"req":"5894d1be","bot":8304099970,"uid":1188061961,"user":"Re1ze_r","name":"Vadim BeerMarket","role":"admin","chat":1188061961,"cb_id":"5102687272383058904","msg_id":460,"data":"usr:sel:237087423:0","state":null}
{"t":"cb","ok":true,"ms":254,"req":"027af129","bot":8304099970,"uid":1188061961,"user":"Re1ze_r","name":"Vadim BeerMarket","role":"admin","chat":1188061961,"cb_id":"5102687269850445031","msg_id":460,"data":"usr:list:0","state":null}
{"t":"cb","ok":true,"ms":279,"req":"fcc729e1","bot":8304099970,"uid":1188061961,"user":"Re1ze_r","name":"Vadim BeerMarket","role":"admin","chat":1188061961,"cb_id":"5102687270817464032","msg_id":460,"data":"usr:sel:1188061961:0","state":null}
{"t":"cb","ok":true,"ms":352,"req":"38d3adc6","bot":8304099970,"uid":1188061961,"user":"Re1ze_r","name":"Vadim BeerMarket","role":"admin","chat":1188061961,"cb_id":"5102687271854956475","msg_id":460,"data":"usr:editname:1188061961","state":"AdminUserEditStates:waiting_name"}
{"t":"msg","ok":true,"ms":213,"req":"bb3effcb","bot":8304099970,"uid":1188061961,"user":"Re1ze_r","name":"Vadim BeerMarket","role":"admin","chat":1188061961,"chat_type":"private","msg_id":465,"kind":"text","text":"Worker🛠","caption_len":0,"entities":0,"state":null}
{"t":"cb","ok":true,"ms":413,"req":"1be33014","bot":8304099970,"uid":1188061961,"user":"Re1ze_r","name":"Vadim BeerMarket","role":"admin","chat":1188061961,"cb_id":"5102687269526125982","msg_id":460,"data":"usr:setrole:1188061961:admin","state":null}
{"t":"cb","ok":true,"ms":374,"req":"2cd321a7","bot":8304099970,"uid":1188061961,"user":"Re1ze_r","name":"Vadim BeerMarket","role":"admin","chat":1188061961,"cb_id":"5102687268211703969","msg_id":460,"data":"usr:list:0","state":null}
{"t":"cb","ok":true,"ms":303,"req":"1adbdfb0","bot":8304099970,"uid":1188061961,"user":"Re1ze_r","name":"Vadim BeerMarket","role":"admin","chat":1188061961,"cb_id":"5102687268726936111","msg_id":460,"data":"usr:sel:1188061961:0","state":null}
{"t":"cb","ok":true,"ms":364,"req":"37f117b7","bot":8304099970,"uid":1188061961,"user":"Re1ze_r","name":"Vadim BeerMarket","role":"client","chat":1188061961,"cb_id":"5102687272359978600","msg_id":460,"data":"usr:setrole:1188061961:client","state":null}
{"t":"cb","ok":true,"ms":130,"req":"63e89653","bot":8304099970,"uid":1188061961,"user":"Re1ze_r","name":"Vadim BeerMarket","role":"client","chat":1188061961,"cb_id":"5102687272052169388","msg_id":460,"data":"usr:list:0","state":null}
{"t":"cb","ok":true,"ms":124,"req":"92c627c5","bot":8304099970,"uid":1188061961,"user":"Re1ze_r","name":"Vadim BeerMarket","role":"client","chat":1188061961,"cb_id":"5102687269108894483","msg_id":460,"data":"usr:setrole:1188061961:admin","state":null}
{"t":"msg","ok":true,"ms":288,"req":"f5467f9b","bot":8304099970,"uid":1188061961,"user":"Re1ze_r","name":"Vadim BeerMarket","role":"client","chat":1188061961,"chat_type":"private","msg_id":467,"kind":"text","text":"/reset_role","caption_len":0,"entities":1,"state":"OnboardStates:waiting_role"}
{"t":"cb","ok":true,"ms":618,"req":"1ebbe1ce","bot":8304099970,"uid":1188061961,"user":"Re1ze_r","name":"Vadim BeerMarket","role":"client","chat":1188061961,"cb_id":"5102687269730162595","msg_id":469,"data":"ob:admin","state":"OnboardStates:waiting_admin_password"}
{"t":"msg","ok":true,"ms":278,"req":"8e55e93e","bot":8304099970,"uid":1188061961,"user":"Re1ze_r","name":"Vadim BeerMarket","role":"admin","chat":1188061961,"chat_type":"private","msg_id":470,"kind":"text","text":"99654511","caption_len":0,"entities":0,"state":"OnboardStates:waiting_phone_contact"}
{"t":"msg","ok":true,"ms":303,"req":"ce65aeb1","bot":8304099970,"uid":1188061961,"user":"Re1ze_r","name":"Vadim BeerMarket","role":"admin","chat":1188061961,"chat_type":"private","msg_id":473,"kind":"contact","text":"","caption_len":0,"entities":0,"state":null}
{"t":"msg","ok":true,"ms":144,"req":"c8417ef8","bot":8304099970,"uid":1188061961,"user":"Re1ze_r","name":"Vadim BeerMarket","role":"admin","chat":1188061961,"chat_type":"private","msg_id":476,"kind":"text","text":"👥 Пользователи","caption_len":0,"entities":0,"state":null}
{"t":"cb","ok":true,"ms":258,"req":"3ea4b99f","bot":8304099970,"uid":1188061961,"user":"Re1ze_r","name":"Vadim BeerMarket","role":"admin","chat":1188061961,"cb_id":"5102687271673908839","msg_id":477,"data":"usr:sel:237087423:0","state":null}
{"t":"cb","ok":true,"ms":389,"req":"eca61e37","bot":8304099970,"uid":1188061961,"user":"Re1ze_r","name":"Vadim BeerMarket","role":"admin","chat":1188061961,"cb_id":"5102687270769147594","msg_id":477,"data":"usr:list:0","state":null}
{"t":"msg","ok":true,"ms":362,"req":"03062266","bot":8304099970,"uid":237087423,"user":"Freep_o_0_rn","name":"Freep_o_0_rn","role":"client","chat":237087423,"chat_type":"private","msg_id":478,"kind":"text","text":"▶️ Старт","caption_len":0,"entities":0,"state":"OnboardStates:waiting_phone_contact"}
{"t":"msg","ok":true,"ms":281,"req":"665812f1","bot":8304099970,"uid":237087423,"user":"Freep_o_0_rn","name":"Freep_o_0_rn","role":"client","chat":237087423,"chat_type":"private","msg_id":480,"kind":"contact","text":"","caption_len":0,"entities":0,"state":"OnboardStates:waiting_role"}
{"t":"msg","ok":true,"ms":141,"req":"57e97436","bot":8304099970,"uid":237087423,"user":"Freep_o_0_rn","name":"Freep_o_0_rn","role":"client","chat":237087423,"chat_type":"private","msg_id":483,"kind":"text","text":"/start","caption_len":0,"entities":1,"state":"OnboardStates:waiting_role"}
{"t":"msg","ok":true,"ms":146,"req":"7548fbe3","bot":8304099970,"uid":237087423,"user":"Freep_o_0_rn","name":"Freep_o_0_rn","role":"client","chat":237087423,"chat_type":"private","msg_id":485,"kind":"text","text":"/start","caption_len":0,"entities":1,"state":"OnboardStates:waiting_role"}
{"t":"cb","ok":true,"ms":261,"req":"2f1a700b","bot":8304099970,"uid":237087423,"user":"Freep_o_0_rn","name":"Freep_o_0_rn","role":"client","chat":237087423,"cb_id":"1018282730875190016","msg_id":486,"data":"ob:client","state":"OnboardStates:waiting_client_name"}
{"t":"msg","ok":true,"ms":300,"req":"8eb563e6","bot":8304099970,"uid":237087423,"user":"Freep_o_0_rn","name":"Freep_o_0_rn","role":"client","chat":237087423,"chat_type":"private","msg_id":487,"kind":"text","text":"RIBA","caption_len":0,"entities":0,"state":null}
{"t":"msg","ok":true,"ms":243,"req":"234a33c6","bot":8304099970,"uid":237087423,"user":"Freep_o_0_rn","name":"Freep_o_0_rn","role":"client","chat":237087423,"chat_type":"private","msg_id":490,"kind":"text","text":"✏️ Изменить название","caption_len":0,"entities":0,"state":"ClientEditStates:waiting_new_name"}
{"t":"msg","ok":true,"ms":152,"req":"95d8a032","bot":8304099970,"uid":1188061961,"user":"Re1ze_r","name":"Vadim BeerMarket","role":"admin","chat":1188061961,"chat_type":"private","msg_id":492,"kind":"web_app_data","text":"","caption_len":0,"entities":0,"state":null}
{"t":"msg","ok":true,"ms":421,"req":"55d5c5d1","bot":8304099970,"uid":1188061961,"user":"Re1ze_r","name":"Vadim BeerMarket","role":"admin","chat":1188061961,"chat_type":"private","msg_id":496,"kind":"text","text":"/start","caption_len":0,"entities":1,"state":null}
{"t":"msg","ok":true,"ms":139,"req":"92824cf1","bot":8304099970,"uid":1188061961,"user":"Re1ze_r","name":"Vadim BeerMarket","role":"admin","chat":1188061961,"chat_type":"private","msg_id":498,"kind":"text","text":"👥 Пользователи","caption_len":0,"entities":0,"state":null}
{"t":"cb","ok":true,"ms":277,"req":"049c10c9","bot":8304099970,"uid":1188061961,"user":"Re1ze_r","name":"Vadim BeerMarket","role":"admin","chat":1188061961,"cb_id":"5102687269593273691","msg_id":499,"data":"usr:sel:237087423:0","state":null}
{"t":"cb","ok":true,"ms":409,"req":"1f4211ad","bot":8304099970,"uid":1188061961,"user":"Re1ze_r","name":"Vadim BeerMarket","role":"admin","chat":1188061961,"cb_id":"5102687269469715044","msg_id":499,"data":"usr:block:237087423","state":null}
{"t":"msg","ok":true,"ms":171,"req":"2e1bdf65","bot":8304099970,"uid":237087423,"user":"Freep_o_0_rn","name":"Freep_o_0_rn","role":"client","chat":237087423,"chat_type":"private","msg_id":500,"kind":"text","text":"/start","caption_len":0,"entities":1,"state":null}
{"t":"cb","ok":true,"ms":424,"req":"2f35a791","bot":8304099970,"uid":1188061961,"user":"Re1ze_r","name":"Vadim BeerMarket","role":"admin","chat":1188061961,"cb_id":"5102687272222250394","msg_id":499,"data":"usr:unblock:237087423","state":null}
{"t":"msg","ok":true,"ms":160,"req":"74e062e3","bot":8304099970,"uid":237087423,"user":"Freep_o_0_rn","name":"Freep_o_0_rn","role":"client","chat":237087423,"chat_type":"private","msg_id":502,"kind":"text","text":"/start","caption_len":0,"entities":1,"state":null}
{"t":"msg","ok":true,"ms":417,"req":"40a6d6c0","bot":8304099970,"uid":237087423,"user":"Freep_o_0_rn","name":"Freep_o_0_rn","role":"client","chat":237087423,"chat_type":"private","msg_id":504,"kind":"text","text":"▶️ Старт","caption_len":0,"entities":0,"state":null}
{"t":"cb","ok":true,"ms":277,"req":"521e963f","bot":8304099970,"uid":1188061961,"user":"Re1ze_r","name":"Vadim BeerMarket","role":"admin","chat":1188061961,"cb_id":"5102687268920596402","msg_id":499,"data":"usr:list:0","state":null}
{"t":"cb","ok":true,"ms":326,"req":"8733756e","bot":8304099970,"uid":1188061961,"user":"Re1ze_r","name":"Vadim BeerMarket","role":"admin","chat":1188061961,"cb_id":"5102687271150394603","msg_id":499,"data":"usr:sel:237087423:0","state":null}
{"t":"cb","ok":true,"ms":322,"req":"fa3a88cc","bot":8304099970,"uid":1188061961,"user":"Re1ze_r","name":"Vadim BeerMarket","role":"admin","chat":1188061961,"cb_id":"5102687268695507754","msg_id":499,"data":"usr:list:0","state":null}
{"t":"cb","ok":true,"ms":437,"req":"bdce2fa8","bot":8304099970,"uid":1188061961,"user":"Re1ze_r","name":"Vadim BeerMarket","role":"admin","chat":1188061961,"cb_id":"5102687270666609467","msg_id":499,"data":"menu:back","state":null}
{"t":"msg","ok":true,"ms":436,"req":"d2437ce1","bot":8304099970,"uid":237087423,"user":"Freep_o_0_rn","name":"Freep_o_0_rn","role":"client","chat":237087423,"chat_type":"private","msg_id":507,"kind":"text","text":"▶️ Старт","caption_len":0,"entities":0,"state":"OnboardStates:waiting_phone_contact"}
{"t":"msg","ok":true,"ms":339,"req":"c5a0279a","bot":8304099970,"uid":237087423,"user":"Freep_o_0_rn","name":"Freep_o_0_rn","role":"client","chat":237087423,"chat_type":"private","msg_id":509,"kind":"contact","text":"","caption_len":0,"entities":0,"state":null}
{"t":"msg","ok":true,"ms":2001,"req":"969e5569","bot":8304099970,"uid":237087423,"user":"Freep_o_0_rn","name":"Freep_o_0_rn","role":"client","chat":237087423,"chat_type":"private","msg_id":512,"kind":"text","text":"/reset_role","caption_len":0,"entities":1,"state":"OnboardStates:waiting_role"}
{"t":"cb","ok":true,"ms":749,"req":"609e01f9","bot":8304099970,"uid":237087423,"user":"Freep_o_0_rn","name":"Freep_o_0_rn","role":"client","chat":237087423,"cb_id":"1018282732235920292","msg_id":514,"data":"ob:admin","state":"OnboardStates:waiting_admin_password"}
{"t":"msg","ok":true,"ms":1387,"req":"a01062aa","bot":8304099970,"uid":237087423,"user":"Freep_o_0_rn","name":"Freep_o_0_rn","role":"admin","chat":237087423,"chat_type":"private","msg_id":515,"kind":"text","text":"99654511","caption_len":0,"entities":0,"state":"OnboardStates:waiting_phone_contact"}
{"t":"msg","ok":true,"ms":5880,"req":"8ae799ea","bot":8304099970,"uid":237087423,"user":"Freep_o_0_rn","name":"Freep_o_0_rn","role":"admin","chat":237087423,"chat_type":"private","msg_id":518,"kind":"contact","text":"","caption_len":0,"entities":0,"state":null}
{"t":"msg","ok":true,"ms":562,"req":"89666dae","bot":8304099970,"uid":237087423,"user":"Freep_o_0_rn","name":"Freep_o_0_rn","role":"admin","chat":237087423,"chat_type":"private","msg_id":521,"kind":"text","text":"👥 Пользователи","caption_len":0,"entities":0,"state":null}
{"t":"cb","ok":true,"ms":610,"req":"ae3386e8","bot":8304099970,"uid":237087423,"user":"Freep_o_0_rn","name":"Freep_o_0_rn","role":"admin","chat":237087423,"cb_id":"1018282731991632073","msg_id":522,"data":"menu:back","state":null}
{"t":"msg","ok":true,"ms":915,"req":"5326312c","bot":8304099970,"uid":1188061961,"user":"Re1ze_r","name":"Vadim BeerMarket","role":"client","chat":1188061961,"chat_type":"private","msg_id":524,"kind":"text","text":"▶️ Старт","caption_len":0,"entities":0,"state":"OnboardStates:waiting_phone_contact"}
{"t":"msg","ok":true,"ms":1230,"req":"7fee4ab9","bot":8304099970,"uid":1188061961,"user":"Re1ze_r","name":"Vadim BeerMarket","role":"client","chat":1188061961,"chat_type":"private","msg_id":526,"kind":"contact","text":"","caption_len":0,"entities":0,"state":null}
{"t":"msg","ok":true,"ms":147,"req":"38b9ec7c","bot":8304099970,"uid":237087423,"user":"Freep_o_0_rn","name":"Freep_o_0_rn","role":"admin","chat":237087423,"chat_type":"private","msg_id":529,"kind":"text","text":"▶️ Старт","caption_len":0,"entities":0,"state":"OnboardStates:waiting_phone_contact"}
{"t":"msg","ok":true,"ms":1300,"req":"7431b0f2","bot":8304099970,"uid":1188061961,"user":"Re1ze_r","name":"Vadim BeerMarket","role":"client","chat":1188061961,"chat_type":"private","msg_id":531,"kind":"text","text":"▶️ Старт","caption_len":0,"entities":0,"state":null}
{"t":"msg","ok":true,"ms":1856,"req":"dbb779e2","bot":8304099970,"uid":237087423,"user":"Freep_o_0_rn","name":"Freep_o_0_rn","role":"admin","chat":237087423,"chat_type":"private","msg_id":533,"kind":"contact","text":"","caption_len":0,"entities":0,"state":null}
{"t":"msg","ok":true,"ms":740,"req":"51e4b34f","bot":8304099970,"uid":237087423,"user":"Freep_o_0_rn","name":"Freep_o_0_rn","role":"admin","chat":237087423,"chat_type":"private","msg_id":536,"kind":"text","text":"👥 Пользователи","caption_len":0,"entities":0,"state":null}
{"t":"cb","ok":true,"ms":1084,"req":"3da2849b","bot":8304099970,"uid":237087423,"user":"Freep_o_0_rn","name":"Freep_o_0_rn","role":"admin","chat":237087423,"cb_id":"1018282729290275654","msg_id":537,"data":"usr:sel:1188061961:0","state":null}
{"t":"cb","ok":true,"ms":1513,"req":"57c5a6e4","bot":8304099970,"uid":237087423,"user":"Freep_o_0_rn","name":"Freep_o_0_rn","role":"admin","chat":237087423,"cb_id":"1018282728296364355","msg_id":537,"data":"usr:setrole:1188061961:sales_rep","state":null}
{"t":"cb","ok":true,"ms":1902,"req":"85d8aa0f","bot":8304099970,"uid":237087423,"user":"Freep_o_0_rn","name":"Freep_o_0_rn","role":"admin","chat":237087423,"cb_id":"1018282731458606194","msg_id":537,"data":"usr:list:0","state":null}
{"t":"cb","ok":true,"ms":733,"req":"81162cd8","bot":8304099970,"uid":237087423,"user":"Freep_o_0_rn","name":"Freep_o_0_rn","role":"admin","chat":237087423,"cb_id":"1018282729715780725","msg_id":537,"data":"usr:sel:1188061961:0","state":null}
{"t":"cb","ok":true,"ms":1056,"req":"54820be2","bot":8304099970,"uid":237087423,"user":"Freep_o_0_rn","name":"Freep_o_0_rn","role":"admin","chat":237087423,"cb_id":"1018282731472857481","msg_id":537,"data":"usr:editname:1188061961","state":"AdminUserEditStates:waiting_name"}
{"t":"msg","ok":true,"ms":490,"req":"ad072c4a","bot":8304099970,"uid":237087423,"user":"Freep_o_0_rn","name":"Freep_o_0_rn","role":"admin","chat":237087423,"chat_type":"private","msg_id":539,"kind":"text","text":"Worker","caption_len":0,"entities":0,"state":null}
{"t":"msg","ok":true,"ms":573,"req":"4ea203c3","bot":8304099970,"uid":1188061961,"user":"Re1ze_r","name":"Vadim BeerMarket","role":"sales_rep","chat":1188061961,"chat_type":"private","msg_id":541,"kind":"text","text":"▶️ Старт","caption_len":0,"entities":0,"state":null}
{"t":"msg","ok":true,"ms":494,"req":"7d30056d","bot":8304099970,"uid":237087423,"user":"Freep_o_0_rn","name":"Freep_o_0_rn","role":"admin","chat":237087423,"chat_type":"private","msg_id":543,"kind":"text","text":"▶️ Старт","caption_len":0,"entities":0,"state":null}
{"t":"msg","ok":true,"ms":144,"req":"7e1584bc","bot":8304099970,"uid":237087423,"user":"Freep_o_0_rn","name":"Freep_o_0_rn","role":"admin","chat":237087423,"chat_type":"private","msg_id":545,"kind":"text","text":"👥 Пользователи","caption_len":0,"entities":0,"state":null}
{"t":"cb","ok":true,"ms":272,"req":"29c8897f","bot":8304099970,"uid":237087423,"user":"Freep_o_0_rn","name":"Freep_o_0_rn","role":"admin","chat":237087423,"cb_id":"1018282730903562350","msg_id":546,"data":"usr:sel:237087423:0","state":null}
{"t":"msg","ok":true,"ms":483,"req":"46662e46","bot":8304099970,"uid":237087423,"user":"Freep_o_0_rn","name":"Freep_o_0_rn","role":"admin","chat":237087423,"chat_type":"private","msg_id":547,"kind":"text","text":"👥 Пользователи","caption_len":0,"entities":0,"state":null}
{"t":"cb","ok":true,"ms":385,"req":"323f841f","bot":8304099970,"uid":237087423,"user":"Freep_o_0_rn","name":"Freep_o_0_rn","role":"admin","chat":237087423,"cb_id":"1018282729763505132","msg_id":548,"data":"usr:sel:1188061961:0","state":null}
{"t":"msg","ok":true,"ms":431,"req":"dd74d14f","bot":8304099970,"uid":237087423,"user":"Freep_o_0_rn","name":"Freep_o_0_rn","role":"admin","chat":237087423,"chat_type":"private","msg_id":549,"kind":"text","text":"👥 Пользователи","caption_len":0,"entities":0,"state":null}
{"t":"cb","ok":true,"ms":330,"req":"f8111abc","bot":8304099970,"uid":237087423,"user":"Freep_o_0_rn","name":"Freep_o_0_rn","role":"admin","chat":237087423,"cb_id":"1018282731314513068","msg_id":550,"data":"usr:sel:727411283:0","state":null}
{"t":"cb","ok":true,"ms":277,"req":"733a3f75","bot":8304099970,"uid":237087423,"user":"Freep_o_0_rn","name":"Freep_o_0_rn","role":"admin","chat":237087423,"cb_id":"1018282728536845350","msg_id":550,"data":"usr:list:0","state":null}
{"t":"cb","ok":true,"ms":328,"req":"f987adb4","bot":8304099970,"uid":237087423,"user":"Freep_o_0_rn","name":"Freep_o_0_rn","role":"admin","chat":237087423,"cb_id":"1018282730902558543","msg_id":550,"data":"usr:sel:1188061961:0","state":null}
{"t":"msg","ok":true,"ms":194,"req":"3a49a199","bot":8304099970,"uid":1188061961,"user":"Re1ze_r","name":"Vadim BeerMarket","role":"sales_rep","chat":1188061961,"chat_type":"private","msg_id":551,"kind":"text","text":"▶️ Старт","caption_len":0,"entities":0,"state":null}
{"t":"msg","ok":true,"ms":827,"req":"ee011ef6","bot":8304099970,"uid":1188061961,"user":"Re1ze_r","name":"Vadim BeerMarket","role":"sales_rep","chat":1188061961,"chat_type":"private","msg_id":553,"kind":"text","text":"🔎 Поиск","caption_len":0,"entities":0,"state":null}
{"t":"msg","ok":true,"ms":1523,"req":"bcfe556a","bot":8304099970,"uid":1188061961,"user":"Re1ze_r","name":"Vadim BeerMarket","role":"sales_rep","chat":1188061961,"chat_type":"private","msg_id":555,"kind":"text","text":"🔎 Поиск тары","caption_len":0,"entities":0,"state":null}
{"t":"msg","ok":true,"ms":323,"req":"4540b6bc","bot":8304099970,"uid":1188061961,"user":"Re1ze_r","name":"Vadim BeerMarket","role":"sales_rep","chat":1188061961,"chat_type":"private","msg_id":557,"kind":"text","text":"📑 Прайсы","caption_len":0,"entities":0,"state":null}
{"t":"cb","ok":true,"ms":270,"req":"2b45a64c","bot":8304099970,"uid":1188061961,"user":"Re1ze_r","name":"Vadim BeerMarket","role":"sales_rep","chat":1188061961,"cb_id":"5102687271964169244","msg_id":558,"data":"pr:list:1","state":null}
{"t":"cb","ok":true,"ms":2951,"req":"37cc8819","bot":8304099970,"uid":1188061961,"user":"Re1ze_r","name":"Vadim BeerMarket","role":"sales_rep","chat":1188061961,"cb_id":"5102687271303366607","msg_id":558,"data":"pr:send:dbca3fcd33bb","state":null}
{"t":"cb","ok":true,"ms":282,"req":"522ae456","bot":8304099970,"uid":1188061961,"user":"Re1ze_r","name":"Vadim BeerMarket","role":"sales_rep","chat":1188061961,"cb_id":"5102687271056611695","msg_id":558,"data":"pr:list:0","state":null}
{"t":"cb","ok":true,"ms":419,"req":"317489a2","bot":8304099970,"uid":1188061961,"user":"Re1ze_r","name":"Vadim BeerMarket","role":"sales_rep","chat":1188061961,"cb_id":"5102687269793594208","msg_id":558,"data":"menu:back","state":null}
{"t":"msg","ok":true,"ms":265,"req":"6c7501ea","bot":8304099970,"uid":1188061961,"user":"Re1ze_r","name":"Vadim BeerMarket","role":"sales_rep","chat":1188061961,"chat_type":"private","msg_id":561,"kind":"text","text":"📦 Проверить ТТН","caption_len":0,"entities":0,"state":"TTNStates:waiting_number"}
{"t":"cb","ok":true,"ms":440,"req":"dc05708e","bot":8304099970,"uid":1188061961,"user":"Re1ze_r","name":"Vadim BeerMarket","role":"sales_rep","chat":1188061961,"cb_id":"5102687269788484967","msg_id":562,"data":"menu:back","state":"TTNStates:waiting_number"}
{"t":"msg","ok":true,"ms":389,"req":"51b14dd1","bot":8304099970,"uid":1188061961,"user":"Re1ze_r","name":"Vadim BeerMarket","role":"sales_rep","chat":1188061961,"chat_type":"private","msg_id":564,"kind":"text","text":"▶️ Старт","caption_len":0,"entities":0,"state":null}
{"t":"msg","ok":true,"ms":227,"req":"69faafd1","bot":8304099970,"uid":1188061961,"user":"Re1ze_r","name":"Vadim BeerMarket","role":"sales_rep","chat":1188061961,"chat_type":"private","msg_id":566,"kind":"text","text":"🔎 Поиск","caption_len":0,"entities":0,"state":"SearchStates:waiting_query"}
{"t":"msg","ok":true,"ms":1321,"req":"7e17db65","bot":8304099970,"uid":1188061961,"user":"Re1ze_r","name":"Vadim BeerMarket","role":"sales_rep","chat":1188061961,"chat_type":"private","msg_id":568,"kind":"text","text":"Смирнов","caption_len":0,"entities":0,"state":null}
{"t":"msg","ok":true,"ms":144,"req":"4d334ff3","bot":8304099970,"uid":1188061961,"user":"Re1ze_r","name":"Vadim BeerMarket","role":"sales_rep","chat":1188061961,"chat_type":"private","msg_id":573,"kind":"text","text":"▶️ Старт","caption_len":0,"entities":0,"state":null}
{"t":"msg","ok":true,"ms":145,"req":"3e0d5f93","bot":8304099970,"uid":1188061961,"user":"Re1ze_r","name":"Vadim BeerMarket","role":"sales_rep","chat":1188061961,"chat_type":"private","msg_id":575,"kind":"text","text":"🔎 Поиск","caption_len":0,"entities":0,"state":"SearchStates:waiting_query"}
{"t":"msg","ok":true,"ms":2204,"req":"7b8ddfeb","bot":8304099970,"uid":1188061961,"user":"Re1ze_r","name":"Vadim BeerMarket","role":"sales_rep","chat":1188061961,"chat_type":"private","msg_id":577,"kind":"text","text":"заря","caption_len":0,"entities":0,"state":null}
{"t":"msg","ok":true,"ms":159,"req":"a34b8230","bot":8304099970,"uid":1188061961,"user":"Re1ze_r","name":"Vadim BeerMarket","role":"sales_rep","chat":1188061961,"chat_type":"private","msg_id":585,"kind":"text","text":"👥 Пользователи","caption_len":0,"entities":0,"state":null}
{"t":"msg","ok":true,"ms":552,"req":"13d9826b","bot":8304099970,"uid":237087423,"user":"Freep_o_0_rn","name":"Freep_o_0_rn","role":"admin","chat":237087423,"chat_type":"private","msg_id":587,"kind":"text","text":"▶️ Старт","caption_len":0,"entities":0,"state":null}
{"t":"msg","ok":true,"ms":221,"req":"c869c665","bot":8304099970,"uid":237087423,"user":"Freep_o_0_rn","name":"Freep_o_0_rn","role":"admin","chat":237087423,"chat_type":"private","msg_id":589,"kind":"text","text":"▶️ Старт","caption_len":0,"entities":0,"state":null}
{"t":"msg","ok":true,"ms":366,"req":"bc0b1874","bot":8304099970,"uid":1188061961,"user":"Re1ze_r","name":"Vadim BeerMarket","role":"sales_rep","chat":1188061961,"chat_type":"private","msg_id":591,"kind":"text","text":"▶️ Старт","caption_len":0,"entities":0,"state":null}
{"t":"msg","ok":true,"ms":330,"req":"1971b427","bot":8304099970,"uid":1188061961,"user":"Re1ze_r","name":"Vadim BeerMarket","role":"sales_rep","chat":1188061961,"chat_type":"private","msg_id":593,"kind":"text","text":"🔎 Поиск","caption_len":0,"entities":0,"state":"SearchStates:waiting_query"}
{"t":"msg","ok":true,"ms":2614,"req":"7c3007bd","bot":8304099970,"uid":1188061961,"user":"Re1ze_r","name":"Vadim BeerMarket","role":"sales_rep","chat":1188061961,"chat_type":"private","msg_id":595,"kind":"text","text":"заря","caption_len":0,"entities":0,"state":null}
{"t":"msg","ok":true,"ms":1455,"req":"e6a3505d","bot":8304099970,"uid":1188061961,"user":"Re1ze_r","name":"Vadim BeerMarket","role":"sales_rep","chat":1188061961,"chat_type":"private","msg_id":600,"kind":"text","text":"🎁 Акции","caption_len":0,"entities":0,"state":null}
{"t":"msg","ok":true,"ms":189,"req":"2816f548","bot":8304099970,"uid":1188061961,"user":"Re1ze_r","name":"Vadim BeerMarket","role":"sales_rep","chat":1188061961,"chat_type":"private","msg_id":606,"kind":"text","text":"▶️ Старт","caption_len":0,"entities":0,"state":null}
{"t":"msg","ok":true,"ms":204,"req":"3e9e3cc5","bot":8304099970,"uid":1188061961,"user":"Re1ze_r","name":"Vadim BeerMarket","role":"sales_rep","chat":1188061961,"chat_type":"private","msg_id":608,"kind":"text","text":"🔎 Поиск тары","caption_len":0,"entities":0,"state":"SearchTaraStates:waiting_query"}
{"t":"msg","ok":true,"ms":1788,"req":"989e2aa2","bot":8304099970,"uid":1188061961,"user":"Re1ze_r","name":"Vadim BeerMarket","role":"sales_rep","chat":1188061961,"chat_type":"private","msg_id":610,"kind":"text","text":"заря","caption_len":0,"entities":0,"state":null}
{"t":"msg","ok":true,"ms":443,"req":"158055f0","bot":8304099970,"uid":237087423,"user":"Freep_o_0_rn","name":"Freep_o_0_rn","role":"admin","chat":237087423,"chat_type":"private","msg_id":613,"kind":"text","text":"▶️ Старт","caption_len":0,"entities":0,"state":null}
{"t":"msg","ok":true,"ms":236,"req":"93f10744","bot":8304099970,"uid":1188061961,"user":"Re1ze_r","name":"Vadim BeerMarket","role":"sales_rep","chat":1188061961,"chat_type":"private","msg_id":615,"kind":"text","text":"▶️ Старт","caption_len":0,"entities":0,"state":null}
{"t":"msg","ok":true,"ms":403,"req":"89e01008","bot":8304099970,"uid":1188061961,"user":"Re1ze_r","name":"Vadim BeerMarket","role":"sales_rep","chat":1188061961,"chat_type":"private","msg_id":617,"kind":"text","text":"🔎 Поиск","caption_len":0,"entities":0,"state":"SearchStates:waiting_query"}
{"t":"msg","ok":true,"ms":1685,"req":"ce59fde1","bot":8304099970,"uid":1188061961,"user":"Re1ze_r","name":"Vadim BeerMarket","role":"sales_rep","chat":1188061961,"chat_type":"private","msg_id":619,"kind":"text","text":"геодезическая","caption_len":0,"entities":0,"state":null}
{"t":"msg","ok":true,"ms":247,"req":"1413a5b6","bot":8304099970,"uid":1188061961,"user":"Re1ze_r","name":"Vadim BeerMarket","role":"sales_rep","chat":1188061961,"chat_type":"private","msg_id":624,"kind":"text","text":"🔎 Поиск тары","caption_len":0,"entities":0,"state":"SearchTaraStates:waiting_query"}
{"t":"msg","ok":true,"ms":1604,"req":"ca0fd21a","bot":8304099970,"uid":1188061961,"user":"Re1ze_r","name":"Vadim BeerMarket","role":"sales_rep","chat":1188061961,"chat_type":"private","msg_id":626,"kind":"text","text":"заря","caption_len":0,"entities":0,"state":null}
{"t":"msg","ok":true,"ms":162,"req":"81043a26","bot":8304099970,"uid":1188061961,"user":"Re1ze_r","name":"Vadim BeerMarket","role":"sales_rep","chat":1188061961,"chat_type":"private","msg_id":629,"kind":"text","text":"🔎 Поиск тары","caption_len":0,"entities":0,"state":"SearchTaraStates:waiting_query"}
{"t":"msg","ok":true,"ms":2149,"req":"417faa22","bot":8304099970,"uid":1188061961,"user":"Re1ze_r","name":"Vadim BeerMarket","role":"sales_rep","chat":1188061961,"chat_type":"private","msg_id":631,"kind":"text","text":"геодезическая","caption_len":0,"entities":0,"state":null}
{"t":"msg","ok":true,"ms":422,"req":"d89894db","bot":8304099970,"uid":1188061961,"user":"Re1ze_r","name":"Vadim BeerMarket","role":"sales_rep","chat":1188061961,"chat_type":"private","msg_id":635,"kind":"text","text":"▶️ Старт","caption_len":0,"entities":0,"state":null}
{"t":"msg","ok":true,"ms":511,"req":"85cae167","bot":8304099970,"uid":237087423,"user":"Freep_o_0_rn","name":"Freep_o_0_rn","role":"admin","chat":237087423,"chat_type":"private","msg_id":639,"kind":"text","text":"▶️ Старт","caption_len":0,"entities":0,"state":null}
{"t":"msg","ok":true,"ms":167,"req":"f71225ba","bot":8304099970,"uid":1188061961,"user":"Re1ze_r","name":"Vadim BeerMarket","role":"sales_rep","chat":1188061961,"chat_type":"private","msg_id":641,"kind":"text","text":"▶️ Старт","caption_len":0,"entities":0,"state":null}
{"t":"msg","ok":true,"ms":228,"req":"b2efc441","bot":8304099970,"uid":288807506,"user":"Yudzhik","name":"Анка Евгеньевна Колягина","role":"client","chat":288807506,"chat_type":"private","msg_id":643,"kind":"text","text":"/start","caption_len":0,"entities":1,"state":"OnboardStates:waiting_phone_contact"}
{"t":"msg","ok":true,"ms":314,"req":"bac22ef0","bot":8304099970,"uid":288807506,"user":"Yudzhik","name":"Анка Евгеньевна Колягина","role":"client","chat":288807506,"chat_type":"private","msg_id":645,"kind":"contact","text":"","caption_len":0,"entities":0,"state":null}
{"t":"msg","ok":true,"ms":138,"req":"9b9dfdbd","bot":8304099970,"uid":288807506,"user":"Yudzhik","name":"Анка Евгеньевна Колягина","role":"client","chat":288807506,"chat_type":"private","msg_id":648,"kind":"text","text":"✏️ Изменить название","caption_len":0,"entities":0,"state":"ClientEditStates:waiting_new_name"}
{"t":"msg","ok":true,"ms":1585,"req":"7fa55201","bot":8304099970,"uid":237087423,"user":"Freep_o_0_rn","name":"Freep_o_0_rn","role":"admin","chat":237087423,"chat_type":"private","msg_id":650,"kind":"text","text":"▶️ Старт","caption_len":0,"entities":0,"state":null}
{"t":"msg","ok":true,"ms":138,"req":"f205cfd6","bot":8304099970,"uid":237087423,"user":"Freep_o_0_rn","name":"Freep_o_0_rn","role":"admin","chat":237087423,"chat_type":"private","msg_id":652,"kind":"text","text":"👥 Пользователи","caption_len":0,"entities":0,"state":null}
{"t":"cb","ok":true,"ms":275,"req":"1fa1f29d","bot":8304099970,"uid":237087423,"user":"Freep_o_0_rn","name":"Freep_o_0_rn","role":"admin","chat":237087423,"cb_id":"1018282728795249668","msg_id":653,"data":"usr:sel:288807506:0","state":null}
{"t":"cb","ok":true,"ms":294,"req":"e3e7aac8","bot":8304099970,"uid":237087423,"user":"Freep_o_0_rn","name":"Freep_o_0_rn","role":"admin","chat":237087423,"cb_id":"1018282728740952703","msg_id":653,"data":"usr:del:288807506:0","state":"AdminUserEditStates:waiting_delete_confirm"}
{"t":"cb","ok":true,"ms":300,"req":"a1337baf","bot":8304099970,"uid":237087423,"user":"Freep_o_0_rn","name":"Freep_o_0_rn","role":"admin","chat":237087423,"cb_id":"1018282731058115501","msg_id":654,"data":"usr:confirm_del:yes","state":null}
{"t":"msg","ok":true,"ms":153,"req":"ab4b2fe3","bot":8304099970,"uid":288807506,"user":"Yudzhik","name":"Анка Евгеньевна Колягина","role":"client","chat":288807506,"chat_type":"private","msg_id":656,"kind":"text","text":"/start","caption_len":0,"entities":1,"state":"OnboardStates:waiting_phone_contact"}
{"t":"msg","ok":true,"ms":275,"req":"bd4d1f12","bot":8304099970,"uid":288807506,"user":"Yudzhik","name":"Анка Евгеньевна Колягина","role":"client","chat":288807506,"chat_type":"private","msg_id":658,"kind":"contact","text":"","caption_len":0,"entities":0,"state":"OnboardStates:waiting_client_name"}
{"t":"msg","ok":true,"ms":340,"req":"8c8cfea9","bot":8304099970,"uid":288807506,"user":"Yudzhik","name":"Анка Евгеньевна Колягина","role":"client","chat":288807506,"chat_type":"private","msg_id":661,"kind":"text","text":"Шептун","caption_len":0,"entities":0,"state":null}
{"t":"msg","ok":true,"ms":827,"req":"02eca8a7","bot":8304099970,"uid":288807506,"user":"Yudzhik","name":"Анка Евгеньевна Колягина","role":"client","chat":288807506,"chat_type":"private","msg_id":664,"kind":"text","text":"🔎 Поиск","caption_len":0,"entities":0,"state":null}
{"t":"msg","ok":true,"ms":199,"req":"c82616ae","bot":8304099970,"uid":288807506,"user":"Yudzhik","name":"Анка Евгеньевна Колягина","role":"client","chat":288807506,"chat_type":"private","msg_id":666,"kind":"text","text":"✏️ Изменить название","caption_len":0,"entities":0,"state":"ClientEditStates:waiting_new_name"}
{"t":"msg","ok":true,"ms":342,"req":"427fd76c","bot":8304099970,"uid":288807506,"user":"Yudzhik","name":"Анка Евгеньевна Колягина","role":"client","chat":288807506,"chat_type":"private","msg_id":668,"kind":"text","text":"Заря","caption_len":0,"entities":0,"state":null}
{"t":"msg","ok":true,"ms":1632,"req":"2cbffc55","bot":8304099970,"uid":288807506,"user":"Yudzhik","name":"Анка Евгеньевна Колягина","role":"client","chat":288807506,"chat_type":"private","msg_id":670,"kind":"text","text":"🔎 Поиск","caption_len":0,"entities":0,"state":null}
{"t":"msg","ok":true,"ms":1775,"req":"af221554","bot":8304099970,"uid":288807506,"user":"Yudzhik","name":"Анка Евгеньевна Колягина","role":"client","chat":288807506,"chat_type":"private","msg_id":677,"kind":"text","text":"🔎 Поиск тары","caption_len":0,"entities":0,"state":null}
{"t":"msg","ok":true,"ms":159,"req":"71d349f9","bot":8304099970,"uid":288807506,"user":"Yudzhik","name":"Анка Евгеньевна Колягина","role":"client","chat":288807506,"chat_type":"private","msg_id":681,"kind":"text","text":"🎁 Акции","caption_len":0,"entities":0,"state":null}
{"t":"cb","ok":true,"ms":117,"req":"372b2195","bot":8304099970,"uid":288807506,"user":"Yudzhik","name":"Анка Евгеньевна Колягина","role":"client","chat":288807506,"cb_id":"1240418794590567482","msg_id":682,"data":"promo:list:noop","state":null}
{"t":"cb","ok":true,"ms":439,"req":"daeee7db","bot":8304099970,"uid":288807506,"user":"Yudzhik","name":"Анка Евгеньевна Колягина","role":"client","chat":288807506,"cb_id":"1240418795036772617","msg_id":682,"data":"back:main","state":null}
{"t":"msg","ok":true,"ms":181,"req":"fe5cbdd8","bot":8304099970,"uid":288807506,"user":"Yudzhik","name":"Анка Евгеньевна Колягина","role":"client","chat":288807506,"chat_type":"private","msg_id":684,"kind":"text","text":"▶️ Старт","caption_len":0,"entities":0,"state":null}
{"t":"msg","ok":true,"ms":159,"req":"1c5c20ea","bot":8304099970,"uid":288807506,"user":"Yudzhik","name":"Анка Евгеньевна Колягина","role":"client","chat":288807506,"chat_type":"private","msg_id":686,"kind":"text","text":"📑 Прайсы","caption_len":0,"entities":0,"state":null}
{"t":"cb","ok":true,"ms":421,"req":"dc2c20e1","bot":8304099970,"uid":237087423,"user":"Freep_o_0_rn","name":"Freep_o_0_rn","role":"admin","chat":237087423,"cb_id":"1018282729297685928","msg_id":655,"data":"menu:back","state":null}
{"t":"cb","ok":true,"ms":1436,"req":"294ae6fb","bot":8304099970,"uid":288807506,"user":"Yudzhik","name":"Анка Евгеньевна Колягина","role":"client","chat":288807506,"cb_id":"1240418794310133832","msg_id":687,"data":"pr:send:5246fd8bf8cc","state":null}
{"t":"msg","ok":true,"ms":206,"req":"8079525d","bot":8304099970,"uid":237087423,"user":"Freep_o_0_rn","name":"Freep_o_0_rn","role":"admin","chat":237087423,"chat_type":"private","msg_id":690,"kind":"text","text":"👥 Пользователи","caption_len":0,"entities":0,"state":null}
{"t":"cb","ok":true,"ms":275,"req":"24c15d07","bot":8304099970,"uid":237087423,"user":"Freep_o_0_rn","name":"Freep_o_0_rn","role":"admin","chat":237087423,"cb_id":"1018282730213727665","msg_id":691,"data":"usr:sel:237087423:0","state":null}
{"t":"msg","ok":true,"ms":850,"req":"88be06e3","bot":8304099970,"uid":288807506,"user":"Yudzhik","name":"Анка Евгеньевна Колягина","role":"client","chat":288807506,"chat_type":"private","msg_id":693,"kind":"text","text":"🚚 График развоза","caption_len":0,"entities":0,"state":null}
{"t":"cb","ok":true,"ms":658,"req":"2dc82c8a","bot":8304099970,"uid":237087423,"user":"Freep_o_0_rn","name":"Freep_o_0_rn","role":"admin","chat":237087423,"cb_id":"1018282731323877876","msg_id":691,"data":"usr:list:0","state":null}
{"t":"cb","ok":true,"ms":277,"req":"d47a42e2","bot":8304099970,"uid":237087423,"user":"Freep_o_0_rn","name":"Freep_o_0_rn","role":"admin","chat":237087423,"cb_id":"1018282730582643571","msg_id":691,"data":"usr:sel:288807506:0","state":null}
{"t":"cb","ok":true,"ms":412,"req":"a2f49e0c","bot":8304099970,"uid":237087423,"user":"Freep_o_0_rn","name":"Freep_o_0_rn","role":"admin","chat":237087423,"cb_id":"1018282731501158199","msg_id":691,"data":"usr:setrole:288807506:sales_rep","state":null}
{"t":"msg","ok":true,"ms":148,"req":"09a27b32","bot":8304099970,"uid":288807506,"user":"Yudzhik","name":"Анка Евгеньевна Колягина","role":"sales_rep","chat":288807506,"chat_type":"private","msg_id":695,"kind":"text","text":"▶️ Старт","caption_len":0,"entities":0,"state":null}
{"t":"msg","ok":true,"ms":4930,"req":"4a434aa2","bot":8304099970,"uid":288807506,"user":"Yudzhik","name":"Анка Евгеньевна Колягина","role":"sales_rep","chat":288807506,"chat_type":"private","msg_id":697,"kind":"text","text":"⏰ Просрочено","caption_len":0,"entities":0,"state":null}
{"t":"msg","ok":true,"ms":3948,"req":"9f263dd1","bot":8304099970,"uid":288807506,"user":"Yudzhik","name":"Анка Евгеньевна Колягина","role":"sales_rep","chat":288807506,"chat_type":"private","msg_id":725,"kind":"text","text":"💰 Переплаты","caption_len":0,"entities":0,"state":null}
{"t":"msg","ok":true,"ms":150,"req":"f4eaf759","bot":8304099970,"uid":288807506,"user":"Yudzhik","name":"Анка Евгеньевна Колягина","role":"sales_rep","chat":288807506,"chat_type":"private","msg_id":747,"kind":"text","text":"🧾 Общий отчёт","caption_len":0,"entities":0,"state":null}
{"t":"msg","ok":true,"ms":4584,"req":"37d0bfe8","bot":8304099970,"uid":288807506,"user":"Yudzhik","name":"Анка Евгеньевна Колягина","role":"sales_rep","chat":288807506,"chat_type":"private","msg_id":749,"kind":"text","text":"💰 Переплаты","caption_len":0,"entities":0,"state":null}
{"t":"msg","ok":true,"ms":231,"req":"41ddcc0c","bot":8304099970,"uid":288807506,"user":"Yudzhik","name":"Анка Евгеньевна Колягина","role":"sales_rep","chat":288807506,"chat_type":"private","msg_id":771,"kind":"text","text":"🎁 Акции","caption_len":0,"entities":0,"state":null}
{"t":"msg","ok":true,"ms":139,"req":"bc5f7bef","bot":8304099970,"uid":288807506,"user":"Yudzhik","name":"Анка Евгеньевна Колягина","role":"sales_rep","chat":288807506,"chat_type":"private","msg_id":773,"kind":"text","text":"📦 Проверить ТТН","caption_len":0,"entities":0,"state":"TTNStates:waiting_number"}
{"t":"msg","ok":true,"ms":226,"req":"aae0f9cb","bot":8304099970,"uid":288807506,"user":"Yudzhik","name":"Анка Евгеньевна Колягина","role":"sales_rep","chat":288807506,"chat_type":"private","msg_id":775,"kind":"text","text":"📑 Прайсы","caption_len":0,"entities":0,"state":"TTNStates:waiting_number"}
{"t":"msg","ok":true,"ms":147,"req":"1c9771f3","bot":8304099970,"uid":288807506,"user":"Yudzhik","name":"Анка Евгеньевна Колягина","role":"sales_rep","chat":288807506,"chat_type":"private","msg_id":777,"kind":"text","text":"📑 Прайсы","caption_len":0,"entities":0,"state":"TTNStates:waiting_number"}
{"t":"cb","ok":true,"ms":426,"req":"866d62fe","bot":8304099970,"uid":288807506,"user":"Yudzhik","name":"Анка Евгеньевна Колягина","role":"sales_rep","chat":288807506,"cb_id":"1240418795062986289","msg_id":774,"data":"menu:back","state":"TTNStates:waiting_number"}
{"t":"msg","ok":true,"ms":154,"req":"d1d3250a","bot":8304099970,"uid":288807506,"user":"Yudzhik","name":"Анка Евгеньевна Колягина","role":"sales_rep","chat":288807506,"chat_type":"private","msg_id":780,"kind":"text","text":"📑 Прайсы","caption_len":0,"entities":0,"state":"TTNStates:waiting_number"}
{"t":"cb","ok":true,"ms":436,"req":"20aebdee","bot":8304099970,"uid":288807506,"user":"Yudzhik","name":"Анка Евгеньевна Колягина","role":"sales_rep","chat":288807506,"cb_id":"1240418794084465578","msg_id":772,"data":"back:main","state":"TTNStates:waiting_number"}
{"t":"msg","ok":true,"ms":145,"req":"b7bdd5a7","bot":8304099970,"uid":288807506,"user":"Yudzhik","name":"Анка Евгеньевна Колягина","role":"sales_rep","chat":288807506,"chat_type":"private","msg_id":783,"kind":"text","text":"📑 Прайсы","caption_len":0,"entities":0,"state":"TTNStates:waiting_number"}
{"t":"msg","ok":true,"ms":153,"req":"78c38259","bot":8304099970,"uid":288807506,"user":"Yudzhik","name":"Анка Евгеньевна Колягина","role":"sales_rep","chat":288807506,"chat_type":"private","msg_id":785,"kind":"text","text":"📑 Прайсы","caption_len":0,"entities":0,"state":"TTNStates:waiting_number"}
{"t":"msg","ok":true,"ms":154,"req":"d87016d0","bot":8304099970,"uid":288807506,"user":"Yudzhik","name":"Анка Евгеньевна Колягина","role":"sales_rep","chat":288807506,"chat_type":"private","msg_id":787,"kind":"text","text":"⚙️ Отсрочки","caption_len":0,"entities":0,"state":"TTNStates:waiting_number"}
{"t":"msg","ok":true,"ms":459,"req":"a51c8001","bot":8304099970,"uid":288807506,"user":"Yudzhik","name":"Анка Евгеньевна Колягина","role":"sales_rep","chat":288807506,"chat_type":"private","msg_id":789,"kind":"text","text":"▶️ Старт","caption_len":0,"entities":0,"state":null}
{"t":"msg","ok":true,"ms":298,"req":"18682010","bot":8304099970,"uid":288807506,"user":"Yudzhik","name":"Анка Евгеньевна Колягина","role":"sales_rep","chat":288807506,"chat_type":"private","msg_id":791,"kind":"text","text":"📑 Прайсы","caption_len":0,"entities":0,"state":null}
{"t":"msg","ok":true,"ms":142,"req":"516c65fb","bot":8304099970,"uid":288807506,"user":"Yudzhik","name":"Анка Евгеньевна Колягина","role":"sales_rep","chat":288807506,"chat_type":"private","msg_id":793,"kind":"text","text":"📦 Проверить ТТН","caption_len":0,"entities":0,"state":"TTNStates:waiting_number"}
{"t":"cb","ok":true,"ms":786,"req":"ebf83005","bot":8304099970,"uid":288807506,"user":"Yudzhik","name":"Анка Евгеньевна Колягина","role":"sales_rep","chat":288807506,"cb_id":"1240418795771672485","msg_id":794,"data":"menu:back","state":"TTNStates:waiting_number"}
{"t":"msg","ok":true,"ms":5725,"req":"47455d91","bot":8304099970,"uid":288807506,"user":"Yudzhik","name":"Анка Евгеньевна Колягина","role":"sales_rep","chat":288807506,"chat_type":"private","msg_id":796,"kind":"text","text":"💰 Переплаты","caption_len":0,"entities":0,"state":"TTNStates:waiting_number"}
{"t":"msg","ok":true,"ms":153,"req":"c3ec3a70","bot":8304099970,"uid":288807506,"user":"Yudzhik","name":"Анка Евгеньевна Колягина","role":"sales_rep","chat":288807506,"chat_type":"private","msg_id":818,"kind":"text","text":"🔄 Обновить (21:50)","caption_len":0,"entities":0,"state":"TTNStates:waiting_number"}
{"t":"cb","ok":true,"ms":3526,"req":"30d4ad76","bot":8304099970,"uid":288807506,"user":"Yudzhik","name":"Анка Евгеньевна Колягина","role":"sales_rep","chat":288807506,"cb_id":"1240418794932066062","msg_id":819,"data":"upd:debt","state":"TTNStates:waiting_number"}
{"t":"msg","ok":true,"ms":447,"req":"7596b535","bot":8304099970,"uid":237087423,"user":"Freep_o_0_rn","name":"Freep_o_0_rn","role":"admin","chat":237087423,"chat_type":"private","msg_id":822,"kind":"text","text":"▶️ Старт","caption_len":0,"entities":0,"state":null}
{"t":"msg","ok":true,"ms":412,"req":"0502fb38","bot":8304099970,"uid":237087423,"user":"Freep_o_0_rn","name":"Freep_o_0_rn","role":"admin","chat":237087423,"chat_type":"private","msg_id":824,"kind":"text","text":"▶️ Старт","caption_len":0,"entities":0,"state":null}
{"t":"msg","ok":true,"ms":588,"req":"7651834c","bot":8304099970,"uid":237087423,"user":"Freep_o_0_rn","name":"Freep_o_0_rn","role":"admin","chat":237087423,"chat_type":"private","msg_id":826,"kind":"text","text":"▶️ Старт","caption_len":0,"entities":0,"state":null}
{"t":"msg","ok":true,"ms":163,"req":"d277b144","bot":8304099970,"uid":237087423,"user":"Freep_o_0_rn","name":"Freep_o_0_rn","role":"admin","chat":237087423,"chat_type":"private","msg_id":828,"kind":"web_app_data","text":"","caption_len":0,"entities":0,"state":null}
{"t":"msg","ok":true,"ms":276,"req":"937ea07c","bot":8304099970,"uid":237087423,"user":"Freep_o_0_rn","name":"Freep_o_0_rn","role":"admin","chat":237087423,"chat_type":"private","msg_id":830,"kind":"text","text":"🔎 Поиск","caption_len":0,"entities":0,"state":"SearchStates:waiting_query"}
{"t":"cb","ok":true,"ms":774,"req":"c98605cf","bot":8304099970,"uid":237087423,"user":"Freep_o_0_rn","name":"Freep_o_0_rn","role":"admin","chat":237087423,"cb_id":"1018282728776309970","msg_id":831,"data":"menu:back","state":"SearchStates:waiting_query"}
{"t":"msg","ok":true,"ms":1055,"req":"9af7ef25","bot":8304099970,"uid":237087423,"user":"Freep_o_0_rn","name":"Freep_o_0_rn","role":"admin","chat":237087423,"chat_type":"private","msg_id":833,"kind":"text","text":"⚙️ Отсрочки","caption_len":0,"entities":0,"state":null}
{"t":"msg","ok":true,"ms":172,"req":"3a399d3a","bot":8304099970,"uid":237087423,"user":"Freep_o_0_rn","name":"Freep_o_0_rn","role":"admin","chat":237087423,"chat_type":"private","msg_id":836,"kind":"text","text":"⚙️ Отсрочки","caption_len":0,"entities":0,"state":null}
{"t":"cb","ok":true,"ms":279,"req":"ab34942a","bot":8304099970,"uid":237087423,"user":"Freep_o_0_rn","name":"Freep_o_0_rn","role":"admin","chat":237087423,"cb_id":"1018282730740893059","msg_id":837,"data":"od:list","state":null}
{"t":"cb","ok":true,"ms":272,"req":"1f2dffc1","bot":8304099970,"uid":237087423,"user":"Freep_o_0_rn","name":"Freep_o_0_rn","role":"admin","chat":237087423,"cb_id":"1018282729187031293","msg_id":837,"data":"od:add","state":"OverdueSetStates:waiting_key"}
{"t":"msg","ok":true,"ms":187,"req":"8abe1a39","bot":8304099970,"uid":237087423,"user":"Freep_o_0_rn","name":"Freep_o_0_rn","role":"admin","chat":237087423,"chat_type":"private","msg_id":838,"kind":"text","text":"Колядина","caption_len":0,"entities":0,"state":"OverdueSetStates:waiting_days"}
{"t":"msg","ok":true,"ms":195,"req":"ed38b2cf","bot":8304099970,"uid":237087423,"user":"Freep_o_0_rn","name":"Freep_o_0_rn","role":"admin","chat":237087423,"chat_type":"private","msg_id":840,"kind":"text","text":"14","caption_len":0,"entities":0,"state":null}
{"t":"msg","ok":true,"ms":581,"req":"1f52d9d3","bot":8304099970,"uid":237087423,"user":"Freep_o_0_rn","name":"Freep_o_0_rn","role":"admin","chat":237087423,"chat_type":"private","msg_id":842,"kind":"text","text":"👥 Пользователи","caption_len":0,"entities":0,"state":null}
{"t":"cb","ok":true,"ms":570,"req":"0b2bd82f","bot":8304099970,"uid":237087423,"user":"Freep_o_0_rn","name":"Freep_o_0_rn","role":"admin","chat":237087423,"cb_id":"1018282729261330441","msg_id":843,"data":"usr:sel:288807506:0","state":null}
{"t":"cb","ok":true,"ms":316,"req":"cfe15d27","bot":8304099970,"uid":237087423,"user":"Freep_o_0_rn","name":"Freep_o_0_rn","role":"admin","chat":237087423,"cb_id":"1018282730043599273","msg_id":843,"data":"usr:editname:288807506","state":"AdminUserEditStates:waiting_name"}
{"t":"msg","ok":true,"ms":173,"req":"2f3327af","bot":8304099970,"uid":237087423,"user":"Freep_o_0_rn","name":"Freep_o_0_rn","role":"admin","chat":237087423,"chat_type":"private","msg_id":845,"kind":"text","text":"Заечка","caption_len":0,"entities":0,"state":null}
{"t":"cb","ok":true,"ms":282,"req":"891c3136","bot":8304099970,"uid":237087423,"user":"Freep_o_0_rn","name":"Freep_o_0_rn","role":"admin","chat":237087423,"cb_id":"1018282728770610639","msg_id":843,"data":"usr:list:0","state":null}
{"t":"cb","ok":true,"ms":273,"req":"96ad4cb5","bot":8304099970,"uid":237087423,"user":"Freep_o_0_rn","name":"Freep_o_0_rn","role":"admin","chat":237087423,"cb_id":"1018282730271076732","msg_id":843,"data":"usr:sel:727411283:0","state":null}
{"t":"msg","ok":true,"ms":2150,"req":"761630c1","bot":8304099970,"uid":237087423,"user":"Freep_o_0_rn","name":"Freep_o_0_rn","role":"admin","chat":237087423,"chat_type":"private","msg_id":847,"kind":"text","text":"👥 Пользователи","caption_len":0,"entities":0,"state":null}
{"t":"cb","ok":true,"ms":315,"req":"dbe94807","bot":8304099970,"uid":237087423,"user":"Freep_o_0_rn","name":"Freep_o_0_rn","role":"admin","chat":237087423,"cb_id":"1018282728642315347","msg_id":848,"data":"usr:sel:1188061961:0","state":null}
{"t":"cb","ok":true,"ms":394,"req":"91678fd5","bot":8304099970,"uid":237087423,"user":"Freep_o_0_rn","name":"Freep_o_0_rn","role":"admin","chat":237087423,"cb_id":"1018282731002220897","msg_id":848,"data":"usr:del:1188061961:0","state":"AdminUserEditStates:waiting_delete_confirm"}
{"t":"cb","ok":true,"ms":771,"req":"6c074a97","bot":8304099970,"uid":237087423,"user":"Freep_o_0_rn","name":"Freep_o_0_rn","role":"admin","chat":237087423,"cb_id":"1018282728567876444","msg_id":849,"data":"usr:confirm_del:yes","state":null}
{"t":"msg","ok":true,"ms":716,"req":"833bb0f4","bot":8304099970,"uid":1188061961,"user":"Re1ze_r","name":"Vadim BeerMarket","role":"client","chat":1188061961,"chat_type":"private","msg_id":851,"kind":"text","text":"▶️ Старт","caption_len":0,"entities":0,"state":"OnboardStates:waiting_phone_contact"}
{"t":"msg","ok":true,"ms":1617,"req":"8570b9a9","bot":8304099970,"uid":1188061961,"user":"Re1ze_r","name":"Vadim BeerMarket","role":"client","chat":1188061961,"chat_type":"private","msg_id":853,"kind":"contact","text":"","caption_len":0,"entities":0,"state":"OnboardStates:waiting_client_name"}
{"t":"msg","ok":true,"ms":550,"req":"929cf243","bot":8304099970,"uid":1188061961,"user":"Re1ze_r","name":"Vadim BeerMarket","role":"client","chat":1188061961,"chat_type":"private","msg_id":856,"kind":"text","text":"Морозова","caption_len":0,"entities":0,"state":null}
{"t":"cb","ok":true,"ms":427,"req":"f5ee230d","bot":8304099970,"uid":237087423,"user":"Freep_o_0_rn","name":"Freep_o_0_rn","role":"admin","chat":237087423,"cb_id":"1018282731858379648","msg_id":850,"data":"menu:back","state":null}
{"t":"msg","ok":true,"ms":197,"req":"3081d59f","bot":8304099970,"uid":237087423,"user":"Freep_o_0_rn","name":"Freep_o_0_rn","role":"admin","chat":237087423,"chat_type":"private","msg_id":860,"kind":"text","text":"👥 Пользователи","caption_len":0,"entities":0,"state":null}
{"t":"cb","ok":true,"ms":440,"req":"00bfc57c","bot":8304099970,"uid":237087423,"user":"Freep_o_0_rn","name":"Freep_o_0_rn","role":"admin","chat":237087423,"cb_id":"1018282732199303876","msg_id":861,"data":"usr:sel:1188061961:0","state":null}
{"t":"cb","ok":true,"ms":1020,"req":"883b1de8","bot":8304099970,"uid":237087423,"user":"Freep_o_0_rn","name":"Freep_o_0_rn","role":"admin","chat":237087423,"cb_id":"1018282731116404613","msg_id":861,"data":"usr:setrole:1188061961:sales_rep","state":null}
{"t":"msg","ok":true,"ms":205,"req":"18b5a56e","bot":8304099970,"uid":1188061961,"user":"Re1ze_r","name":"Vadim BeerMarket","role":"sales_rep","chat":1188061961,"chat_type":"private","msg_id":862,"kind":"text","text":"▶️ Старт","caption_len":0,"entities":0,"state":null}
{"t":"msg","ok":true,"ms":885,"req":"4057e280","bot":8304099970,"uid":1188061961,"user":"Re1ze_r","name":"Vadim BeerMarket","role":"sales_rep","chat":1188061961,"chat_type":"private","msg_id":864,"kind":"text","text":"/bakalar","caption_len":0,"entities":1,"state":null}
{"t":"msg","ok":true,"ms":240,"req":"d2c850eb","bot":8304099970,"uid":237087423,"user":"Freep_o_0_rn","name":"Freep_o_0_rn","role":"admin","chat":237087423,"chat_type":"private","msg_id":866,"kind":"text","text":"▶️ Старт","caption_len":0,"entities":0,"state":null}
{"t":"msg","ok":true,"ms":243,"req":"c30f9fd5","bot":8304099970,"uid":237087423,"user":"Freep_o_0_rn","name":"Freep_o_0_rn","role":"admin","chat":237087423,"chat_type":"private","msg_id":868,"kind":"web_app_data","text":"","caption_len":0,"entities":0,"state":null}
{"t":"msg","ok":true,"ms":559,"req":"2162ba6d","bot":8304099970,"uid":237087423,"user":"Freep_o_0_rn","name":"Freep_o_0_rn","role":"admin","chat":237087423,"chat_type":"private","msg_id":871,"kind":"web_app_data","text":"","caption_len":0,"entities":0,"state":null}
{"t":"msg","ok":true,"ms":585,"req":"a3507f3b","bot":8304099970,"uid":237087423,"user":"Freep_o_0_rn","name":"Freep_o_0_rn","role":"admin","chat":237087423,"chat_type":"private","msg_id":873,"kind":"text","text":"▶️ Старт","caption_len":0,"entities":0,"state":null}
{"t":"msg","ok":true,"ms":292,"req":"c6e0f5b0","bot":8304099970,"uid":1188061961,"user":"Re1ze_r","name":"Vadim BeerMarket","role":"client","chat":1188061961,"chat_type":"private","msg_id":875,"kind":"text","text":"▶️ Старт","caption_len":0,"entities":0,"state":null}
{"t":"msg","ok":true,"ms":144,"req":"7ef33cb1","bot":8304099970,"uid":237087423,"user":"Freep_o_0_rn","name":"Freep_o_0_rn","role":"admin","chat":237087423,"chat_type":"private","msg_id":877,"kind":"web_app_data","text":"","caption_len":0,"entities":0,"state":null}
{"t":"msg","ok":true,"ms":285,"req":"5772e45d","bot":8304099970,"uid":237087423,"user":"Freep_o_0_rn","name":"Freep_o_0_rn","role":"admin","chat":237087423,"chat_type":"private","msg_id":879,"kind":"text","text":"▶️ Старт","caption_len":0,"entities":0,"state":null}
{"t":"msg","ok":true,"ms":291,"req":"60471b50","bot":8304099970,"uid":1188061961,"user":"Re1ze_r","name":"Vadim BeerMarket","role":"client","chat":1188061961,"chat_type":"private","msg_id":881,"kind":"text","text":"▶️ Старт","caption_len":0,"entities":0,"state":null}
{"t":"msg","ok":true,"ms":393,"req":"96debcfc","bot":8304099970,"uid":237087423,"user":"Freep_o_0_rn","name":"Freep_o_0_rn","role":"admin","chat":237087423,"chat_type":"private","msg_id":883,"kind":"web_app_data","text":"","caption_len":0,"entities":0,"state":null}
{"t":"msg","ok":true,"ms":375,"req":"1000af4d","bot":8304099970,"uid":237087423,"user":"Freep_o_0_rn","name":"Freep_o_0_rn","role":"admin","chat":237087423,"chat_type":"private","msg_id":885,"kind":"web_app_data","text":"","caption_len":0,"entities":0,"state":null}
{"t":"msg","ok":true,"ms":140,"req":"f0b31708","bot":8304099970,"uid":237087423,"user":"Freep_o_0_rn","name":"Freep_o_0_rn","role":"admin","chat":237087423,"chat_type":"private","msg_id":887,"kind":"web_app_data","text":"","caption_len":0,"entities":0,"state":null}
{"t":"msg","ok":true,"ms":152,"req":"63ea5b32","bot":8304099970,"uid":237087423,"user":"Freep_o_0_rn","name":"Freep_o_0_rn","role":"admin","chat":237087423,"chat_type":"private","msg_id":889,"kind":"web_app_data","text":"","caption_len":0,"entities":0,"state":null}
{"t":"msg","ok":true,"ms":577,"req":"043b5491","bot":8304099970,"uid":237087423,"user":"Freep_o_0_rn","name":"Freep_o_0_rn","role":"admin","chat":237087423,"chat_type":"private","msg_id":891,"kind":"text","text":"▶️ Старт","caption_len":0,"entities":0,"state":null}
{"t":"msg","ok":true,"ms":270,"req":"e8fb165a","bot":8304099970,"uid":1188061961,"user":"Re1ze_r","name":"Vadim BeerMarket","role":"client","chat":1188061961,"chat_type":"private","msg_id":893,"kind":"text","text":"▶️ Старт","caption_len":0,"entities":0,"state":null}
{"t":"msg","ok":true,"ms":310,"req":"30b78c48","bot":8304099970,"uid":237087423,"user":"Freep_o_0_rn","name":"Freep_o_0_rn","role":"admin","chat":237087423,"chat_type":"private","msg_id":895,"kind":"text","text":"▶️ Старт","caption_len":0,"entities":0,"state":null}
{"t":"msg","ok":true,"ms":373,"req":"3536a9d0","bot":8304099970,"uid":237087423,"user":"Freep_o_0_rn","name":"Freep_o_0_rn","role":"admin","chat":237087423,"chat_type":"private","msg_id":897,"kind":"web_app_data","text":"","caption_len":0,"entities":0,"state":null}
{"t":"msg","ok":true,"ms":137,"req":"d282a7de","bot":8304099970,"uid":237087423,"user":"Freep_o_0_rn","name":"Freep_o_0_rn","role":"admin","chat":237087423,"chat_type":"private","msg_id":899,"kind":"web_app_data","text":"","caption_len":0,"entities":0,"state":null}
{"t":"msg","ok":true,"ms":369,"req":"f1e06098","bot":8304099970,"uid":237087423,"user":"Freep_o_0_rn","name":"Freep_o_0_rn","role":"admin","chat":237087423,"chat_type":"private","msg_id":901,"kind":"web_app_data","text":"","caption_len":0,"entities":0,"state":null}
{"t":"msg","ok":true,"ms":142,"req":"6dbe68ab","bot":8304099970,"uid":237087423,"user":"Freep_o_0_rn","name":"Freep_o_0_rn","role":"admin","chat":237087423,"chat_type":"private","msg_id":903,"kind":"web_app_data","text":"","caption_len":0,"entities":0,"state":null}
{"t":"msg","ok":true,"ms":135,"req":"ebe6455f","bot":8304099970,"uid":237087423,"user":"Freep_o_0_rn","name":"Freep_o_0_rn","role":"admin","chat":237087423,"chat_type":"private","msg_id":905,"kind":"web_app_data","text":"","caption_len":0,"entities":0,"state":null}
{"t":"msg","ok":true,"ms":160,"req":"087545ab","bot":8304099970,"uid":237087423,"user":"Freep_o_0_rn","name":"Freep_o_0_rn","role":"admin","chat":237087423,"chat_type":"private","msg_id":907,"kind":"web_app_data","text":"","caption_len":0,"entities":0,"state":null}
{"t":"msg","ok":true,"ms":504,"req":"69d1dfe0","bot":8304099970,"uid":237087423,"user":"Freep_o_0_rn","name":"Freep_o_0_rn","role":"admin","chat":237087423,"chat_type":"private","msg_id":909,"kind":"text","text":"▶️ Старт","caption_len":0,"entities":0,"state":null}
{"t":"msg","ok":true,"ms":509,"req":"f25b1ca0","bot":8304099970,"uid":237087423,"user":"Freep_o_0_rn","name":"Freep_o_0_rn","role":"admin","chat":237087423,"chat_type":"private","msg_id":911,"kind":"text","text":"▶️ Старт","caption_len":0,"entities":0,"state":null}
{"t":"msg","ok":true,"ms":1,"req":"66d78093","bot":8304099970,"uid":237087423,"user":"Freep_o_0_rn","name":"Freep_o_0_rn","role":"admin","chat":237087423,"chat_type":"private","msg_id":913,"kind":"web_app_data","text":"","caption_len":0,"entities":0,"state":null}
{"t":"msg","ok":true,"ms":580,"req":"25c87b9b","bot":8304099970,"uid":237087423,"user":"Freep_o_0_rn","name":"Freep_o_0_rn","role":"admin","chat":237087423,"chat_type":"private","msg_id":914,"kind":"text","text":"▶️ Старт","caption_len":0,"entities":0,"state":null}
{"t":"msg","ok":true,"ms":1455,"req":"c75db5f7","bot":8304099970,"uid":237087423,"user":"Freep_o_0_rn","name":"Freep_o_0_rn","role":"admin","chat":237087423,"chat_type":"private","msg_id":917,"kind":"text","text":"▶️ Старт","caption_len":0,"entities":0,"state":null}
{"t":"msg","ok":true,"ms":1106,"req":"bc378018","bot":8304099970,"uid":1188061961,"user":"Re1ze_r","name":"Vadim BeerMarket","role":"client","chat":1188061961,"chat_type":"private","msg_id":919,"kind":"text","text":"▶️ Старт","caption_len":0,"entities":0,"state":null}
{"t":"msg","ok":true,"ms":1206,"req":"50670d26","bot":8304099970,"uid":1188061961,"user":"Re1ze_r","name":"Vadim BeerMarket","role":"client","chat":1188061961,"chat_type":"private","msg_id":921,"kind":"text","text":"▶️ Старт","caption_len":0,"entities":0,"state":null}
{"t":"msg","ok":true,"ms":865,"req":"2c697d7b","bot":8304099970,"uid":237087423,"user":"Freep_o_0_rn","name":"Freep_o_0_rn","role":"admin","chat":237087423,"chat_type":"private","msg_id":923,"kind":"text","text":"▶️ Старт","caption_len":0,"entities":0,"state":null}
{"t":"msg","ok":true,"ms":7,"req":"51071fe0","bot":8304099970,"uid":237087423,"user":"Freep_o_0_rn","name":"Freep_o_0_rn","role":"admin","chat":237087423,"chat_type":"private","msg_id":925,"kind":"web_app_data","text":"","caption_len":0,"entities":0,"state":null}
{"t":"msg","ok":true,"ms":1769,"req":"61eef96f","bot":8304099970,"uid":237087423,"user":"Freep_o_0_rn","name":"Freep_o_0_rn","role":"admin","chat":237087423,"chat_type":"private","msg_id":926,"kind":"text","text":"▶️ Старт","caption_len":0,"entities":0,"state":null}
{"t":"msg","ok":true,"ms":1043,"req":"7e146f63","bot":8304099970,"uid":237087423,"user":"Freep_o_0_rn","name":"Freep_o_0_rn","role":"admin","chat":237087423,"chat_type":"private","msg_id":928,"kind":"text","text":"👥 Пользователи","caption_len":0,"entities":0,"state":null}
{"t":"msg","ok":true,"ms":3959,"req":"171c566e","bot":8304099970,"uid":237087423,"user":"Freep_o_0_rn","name":"Freep_o_0_rn","role":"admin","chat":237087423,"chat_type":"private","msg_id":930,"kind":"text","text":"/bakalar","caption_len":0,"entities":1,"state":null}
{"t":"msg","ok":true,"ms":264,"req":"5f198c85","bot":8304099970,"uid":237087423,"user":"Freep_o_0_rn","name":"Freep_o_0_rn","role":"admin","chat":237087423,"chat_type":"private","msg_id":932,"kind":"text","text":"🔎 Поиск тары","caption_len":0,"entities":0,"state":"SearchTaraStates:waiting_query"}
{"t":"msg","ok":true,"ms":16521,"req":"abdf66bf","bot":8304099970,"uid":237087423,"user":"Freep_o_0_rn","name":"Freep_o_0_rn","role":"admin","chat":237087423,"chat_type":"private","msg_id":934,"kind":"text","text":"Гратен заря","caption_len":0,"entities":0,"state":null}
{"t":"msg","ok":true,"ms":830,"req":"d470ee5f","bot":8304099970,"uid":237087423,"user":"Freep_o_0_rn","name":"Freep_o_0_rn","role":"admin","chat":237087423,"chat_type":"private","msg_id":939,"kind":"text","text":"👥 Пользователи","caption_len":0,"entities":0,"state":null}
{"t":"cb","ok":true,"ms":4058,"req":"142edfdc","bot":8304099970,"uid":237087423,"user":"Freep_o_0_rn","name":"Freep_o_0_rn","role":"admin","chat":237087423,"cb_id":"1018282728772331567","msg_id":940,"data":"usr:sel:727411283:0","state":null}
{"t":"cb","ok":true,"ms":1189,"req":"f60d0a5a","bot":8304099970,"uid":237087423,"user":"Freep_o_0_rn","name":"Freep_o_0_rn","role":"admin","chat":237087423,"cb_id":"1018282732313473140","msg_id":940,"data":"usr:setrole:727411283:sales_rep","state":null}
{"t":"cb","ok":true,"ms":1611,"req":"71fb2e28","bot":8304099970,"uid":237087423,"user":"Freep_o_0_rn","name":"Freep_o_0_rn","role":"admin","chat":237087423,"cb_id":"1018282729621884779","msg_id":940,"data":"usr:list:0","state":null}
{"t":"cb","ok":true,"ms":8487,"req":"7ded94fe","bot":8304099970,"uid":237087423,"user":"Freep_o_0_rn","name":"Freep_o_0_rn","role":"admin","chat":237087423,"cb_id":"1018282728856024199","msg_id":940,"data":"menu:back","state":null}
{"t":"msg","ok":true,"ms":1596,"req":"bb4710d2","bot":8304099970,"uid":1188061961,"user":"Re1ze_r","name":"Vadim BeerMarket","role":"client","chat":1188061961,"chat_type":"private","msg_id":942,"kind":"text","text":"▶️ Старт","caption_len":0,"entities":0,"state":null}
{"t":"msg","ok":true,"ms":2537,"req":"784aefc4","bot":8304099970,"uid":1188061961,"user":"Re1ze_r","name":"Vadim BeerMarket","role":"client","chat":1188061961,"chat_type":"private","msg_id":944,"kind":"text","text":"🔎 Поиск","caption_len":0,"entities":0,"state":null}
{"t":"msg","ok":true,"ms":2328,"req":"2f401ea9","bot":8304099970,"uid":1188061961,"user":"Re1ze_r","name":"Vadim BeerMarket","role":"client","chat":1188061961,"chat_type":"private","msg_id":947,"kind":"text","text":"🔎 Поиск тары","caption_len":0,"entities":0,"state":null}
{"t":"msg","ok":true,"ms":1,"req":"02801a59","bot":8304099970,"uid":237087423,"user":"Freep_o_0_rn","name":"Freep_o_0_rn","role":"admin","chat":237087423,"chat_type":"private","msg_id":950,"kind":"web_app_data","text":"","caption_len":0,"entities":0,"state":null}
{"t":"msg","ok":true,"ms":882,"req":"82070830","bot":8304099970,"uid":727411283,"user":"kontra93","name":"Данилок","role":"sales_rep","chat":727411283,"chat_type":"private","msg_id":951,"kind":"text","text":"/start","caption_len":0,"entities":1,"state":null}
{"t":"msg","ok":true,"ms":300,"req":"63126d5f","bot":8304099970,"uid":727411283,"user":"kontra93","name":"Данилок","role":"sales_rep","chat":727411283,"chat_type":"private","msg_id":953,"kind":"text","text":"🔎 Поиск","caption_len":0,"entities":0,"state":"SearchStates:waiting_query"}
{"t":"msg","ok":true,"ms":2056,"req":"25940f77","bot":8304099970,"uid":727411283,"user":"kontra93","name":"Данилок","role":"sales_rep","chat":727411283,"chat_type":"private","msg_id":955,"kind":"text","text":"Трио","caption_len":0,"entities":0,"state":null}
{"t":"msg","ok":true,"ms":875,"req":"45a4d384","bot":8304099970,"uid":727411283,"user":"kontra93","name":"Данилок","role":"sales_rep","chat":727411283,"chat_type":"private","msg_id":959,"kind":"web_app_data","text":"","caption_len":0,"entities":0,"state":null}
{"t":"msg","ok":true,"ms":1082,"req":"4725fb6a","bot":8304099970,"uid":237087423,"user":"Freep_o_0_rn","name":"Freep_o_0_rn","role":"admin","chat":237087423,"chat_type":"private","msg_id":962,"kind":"text","text":"👥 Пользователи","caption_len":0,"entities":0,"state":null}
{"t":"cb","ok":true,"ms":413,"req":"c5a33f91","bot":8304099970,"uid":237087423,"user":"Freep_o_0_rn","name":"Freep_o_0_rn","role":"admin","chat":237087423,"cb_id":"1018282728775000822","msg_id":963,"data":"usr:sel:727411283:0","state":null}
{"t":"cb","ok":true,"ms":686,"req":"238c73b6","bot":8304099970,"uid":237087423,"user":"Freep_o_0_rn","name":"Freep_o_0_rn","role":"admin","chat":237087423,"cb_id":"1018282730915683447","msg_id":963,"data":"usr:block:727411283","state":null}
{"t":"msg","ok":true,"ms":119,"req":"3e2eca0b","bot":8304099970,"uid":727411283,"user":"kontra93","name":"Данилок","role":"sales_rep","chat":727411283,"chat_type":"private","msg_id":964,"kind":"text","text":"🔎 Поиск","caption_len":0,"entities":0,"state":"SearchStates:waiting_query"}
{"t":"msg","ok":true,"ms":6781,"req":"dc939828","bot":8304099970,"uid":727411283,"user":"kontra93","name":"Данилок","role":"sales_rep","chat":727411283,"chat_type":"private","msg_id":966,"kind":"text","text":"Трио","caption_len":0,"entities":0,"state":null}
{"t":"msg","ok":true,"ms":1500,"req":"20515e12","bot":8304099970,"uid":727411283,"user":"kontra93","name":"Данилок","role":"sales_rep","chat":727411283,"chat_type":"private","msg_id":970,"kind":"text","text":"📑 Прайсы","caption_len":0,"entities":0,"state":null}
{"t":"cb","ok":true,"ms":1531,"req":"b6bd086e","bot":8304099970,"uid":237087423,"user":"Freep_o_0_rn","name":"Freep_o_0_rn","role":"admin","chat":237087423,"cb_id":"1018282730375801202","msg_id":963,"data":"usr:del:727411283:0","state":"AdminUserEditStates:waiting_delete_confirm"}
{"t":"cb","ok":true,"ms":964,"req":"a8490f74","bot":8304099970,"uid":237087423,"user":"Freep_o_0_rn","name":"Freep_o_0_rn","role":"admin","chat":237087423,"cb_id":"1018282728459851214","msg_id":972,"data":"usr:confirm_del:yes","state":null}
{"t":"msg","ok":true,"ms":495,"req":"c6399cad","bot":8304099970,"uid":727411283,"user":"kontra93","name":"Данилок","role":"client","chat":727411283,"chat_type":"private","msg_id":974,"kind":"text","text":"🔎 Поиск","caption_len":0,"entities":0,"state":"SearchStates:waiting_query"}
{"t":"msg","ok":true,"ms":1659,"req":"509be424","bot":8304099970,"uid":727411283,"user":"kontra93","name":"Данилок","role":"client","chat":727411283,"chat_type":"private","msg_id":976,"kind":"text","text":"Трио","caption_len":0,"entities":0,"state":null}
{"t":"msg","ok":true,"ms":531,"req":"e9e5bda7","bot":8304099970,"uid":727411283,"user":"kontra93","name":"Данилок","role":"client","chat":727411283,"chat_type":"private","msg_id":979,"kind":"text","text":"▶️ Старт","caption_len":0,"entities":0,"state":"OnboardStates:waiting_phone_contact"}
{"t":"msg","ok":true,"ms":949,"req":"36bce9ea","bot":8304099970,"uid":727411283,"user":"kontra93","name":"Данилок","role":"client","chat":727411283,"chat_type":"private","msg_id":981,"kind":"contact","text":"","caption_len":0,"entities":0,"state":"OnboardStates:waiting_client_name"}
{"t":"msg","ok":true,"ms":1623,"req":"f9dbad1b","bot":8304099970,"uid":727411283,"user":"kontra93","name":"Данилок","role":"client","chat":727411283,"chat_type":"private","msg_id":984,"kind":"text","text":"ДАНИЛОК","caption_len":0,"entities":0,"state":null}
{"t":"cb","ok":true,"ms":844,"req":"fbfedb87","bot":8304099970,"uid":237087423,"user":"Freep_o_0_rn","name":"Freep_o_0_rn","role":"admin","chat":237087423,"cb_id":"1018282728675289228","msg_id":973,"data":"menu:back","state":null}
{"t":"msg","ok":true,"ms":114,"req":"aa4e4157","bot":8304099970,"uid":237087423,"user":"Freep_o_0_rn","name":"Freep_o_0_rn","role":"admin","chat":237087423,"chat_type":"private","msg_id":988,"kind":"text","text":"👥 Пользователи","caption_len":0,"entities":0,"state":null}
{"t":"cb","ok":true,"ms":951,"req":"2ef1fc73","bot":8304099970,"uid":237087423,"user":"Freep_o_0_rn","name":"Freep_o_0_rn","role":"admin","chat":237087423,"cb_id":"1018282731112335320","msg_id":989,"data":"usr:sel:727411283:0","state":null}
{"t":"cb","ok":true,"ms":7788,"req":"01d4848d","bot":8304099970,"uid":237087423,"user":"Freep_o_0_rn","name":"Freep_o_0_rn","role":"admin","chat":237087423,"cb_id":"1018282731866743881","msg_id":989,"data":"usr:setrole:727411283:sales_rep","state":null}
{"t":"msg","ok":true,"ms":1112,"req":"7586b2f5","bot":8304099970,"uid":727411283,"user":"kontra93","name":"Данилок","role":"sales_rep","chat":727411283,"chat_type":"private","msg_id":990,"kind":"text","text":"▶️ Старт","caption_len":0,"entities":0,"state":null}
{"t":"msg","ok":true,"ms":502,"req":"e8388ba6","bot":8304099970,"uid":1188061961,"user":"Re1ze_r","name":"Vadim BeerMarket","role":"client","chat":1188061961,"chat_type":"private","msg_id":992,"kind":"text","text":"▶️ Старт","caption_len":0,"entities":0,"state":null}
{"t":"msg","ok":true,"ms":542,"req":"7309af9c","bot":8304099970,"uid":1188061961,"user":"Re1ze_r","name":"Vadim BeerMarket","role":"client","chat":1188061961,"chat_type":"private","msg_id":994,"kind":"text","text":"▶️ Старт","caption_len":0,"entities":0,"state":null}
{"t":"msg","ok":true,"ms":294,"req":"945b2895","bot":8304099970,"uid":237087423,"user":"Freep_o_0_rn","name":"Freep_o_0_rn","role":"admin","chat":237087423,"chat_type":"private","msg_id":996,"kind":"text","text":"▶️ Старт","caption_len":0,"entities":0,"state":null}
{"t":"msg","ok":true,"ms":567,"req":"9cca45f9","bot":8304099970,"uid":237087423,"user":"Freep_o_0_rn","name":"Freep_o_0_rn","role":"admin","chat":237087423,"chat_type":"private","msg_id":998,"kind":"text","text":"▶️ Старт","caption_len":0,"entities":0,"state":null}
{"t":"msg","ok":true,"ms":715,"req":"f4081e7e","bot":8304099970,"uid":237087423,"user":"Freep_o_0_rn","name":"Freep_o_0_rn","role":"admin","chat":237087423,"chat_type":"private","msg_id":1000,"kind":"text","text":"▶️ Старт","caption_len":0,"entities":0,"state":null}
{"t":"msg","ok":true,"ms":782,"req":"50ddf928","bot":8304099970,"uid":237087423,"user":"Freep_o_0_rn","name":"Freep_o_0_rn","role":"admin","chat":237087423,"chat_type":"private","msg_id":1003,"kind":"text","text":"▶️ Старт","caption_len":0,"entities":0,"state":null}
{"t":"msg","ok":true,"ms":440,"req":"44be342e","bot":8304099970,"uid":237087423,"user":"Freep_o_0_rn","name":"Freep_o_0_rn","role":"admin","chat":237087423,"chat_type":"private","msg_id":1005,"kind":"web_app_data","text":"","caption_len":0,"entities":0,"state":null}
{"t":"msg","ok":true,"ms":230,"req":"a2a6c245","bot":8304099970,"uid":237087423,"user":"Freep_o_0_rn","name":"Freep_o_0_rn","role":"admin","chat":237087423,"chat_type":"private","msg_id":1007,"kind":"web_app_data","text":"","caption_len":0,"entities":0,"state":null}
{"t":"msg","ok":true,"ms":174,"req":"8b02e185","bot":8304099970,"uid":237087423,"user":"Freep_o_0_rn","name":"Freep_o_0_rn","role":"admin","chat":237087423,"chat_type":"private","msg_id":1009,"kind":"web_app_data","text":"","caption_len":0,"entities":0,"state":null}
{"t":"msg","ok":true,"ms":1,"req":"ff0d4931","bot":8304099970,"uid":237087423,"user":"Freep_o_0_rn","name":"Freep_o_0_rn","role":"admin","chat":237087423,"chat_type":"private","msg_id":1011,"kind":"web_app_data","text":"","caption_len":0,"entities":0,"state":null}
{"t":"msg","ok":true,"ms":552,"req":"7b8ed94d","bot":8304099970,"uid":237087423,"user":"Freep_o_0_rn","name":"Freep_o_0_rn","role":"admin","chat":237087423,"chat_type":"private","msg_id":1012,"kind":"text","text":"▶️ Старт","caption_len":0,"entities":0,"state":null}
{"t":"msg","ok":true,"ms":158,"req":"5a70149d","bot":8304099970,"uid":237087423,"user":"Freep_o_0_rn","name":"Freep_o_0_rn","role":"admin","chat":237087423,"chat_type":"private","msg_id":1014,"kind":"web_app_data","text":"","caption_len":0,"entities":0,"state":null}
{"t":"msg","ok":true,"ms":1,"req":"4bf3364d","bot":8304099970,"uid":237087423,"user":"Freep_o_0_rn","name":"Freep_o_0_rn","role":"admin","chat":237087423,"chat_type":"private","msg_id":1016,"kind":"web_app_data","text":"","caption_len":0,"entities":0,"state":null}
{"t":"msg","ok":true,"ms":151,"req":"675c65d5","bot":8304099970,"uid":237087423,"user":"Freep_o_0_rn","name":"Freep_o_0_rn","role":"admin","chat":237087423,"chat_type":"private","msg_id":1017,"kind":"web_app_data","text":"","caption_len":0,"entities":0,"state":null}
{"t":"msg","ok":true,"ms":209,"req":"bde468ca","bot":8304099970,"uid":237087423,"user":"Freep_o_0_rn","name":"Freep_o_0_rn","role":"admin","chat":237087423,"chat_type":"private","msg_id":1019,"kind":"web_app_data","text":"","caption_len":0,"entities":0,"state":null}
{"t":"msg","ok":true,"ms":1,"req":"1b2cf398","bot":8304099970,"uid":237087423,"user":"Freep_o_0_rn","name":"Freep_o_0_rn","role":"admin","chat":237087423,"chat_type":"private","msg_id":1021,"kind":"web_app_data","text":"","caption_len":0,"entities":0,"state":null}
{"t":"msg","ok":true,"ms":2,"req":"71fedd16","bot":8304099970,"uid":237087423,"user":"Freep_o_0_rn","name":"Freep_o_0_rn","role":"admin","chat":237087423,"chat_type":"private","msg_id":1022,"kind":"web_app_data","text":"","caption_len":0,"entities":0,"state":null}
{"t":"msg","ok":true,"ms":738,"req":"e6e6524b","bot":8304099970,"uid":237087423,"user":"Freep_o_0_rn","name":"Freep_o_0_rn","role":"admin","chat":237087423,"chat_type":"private","msg_id":1023,"kind":"web_app_data","text":"","caption_len":0,"entities":0,"state":null}
{"t":"msg","ok":true,"ms":925,"req":"08e01d2f","bot":8304099970,"uid":237087423,"user":"Freep_o_0_rn","name":"Freep_o_0_rn","role":"admin","chat":237087423,"chat_type":"private","msg_id":1025,"kind":"text","text":"▶️ Старт","caption_len":0,"entities":0,"state":null}
{"t":"msg","ok":true,"ms":197,"req":"2bb98d15","bot":8304099970,"uid":237087423,"user":"Freep_o_0_rn","name":"Freep_o_0_rn","role":"admin","chat":237087423,"chat_type":"private","msg_id":1027,"kind":"web_app_data","text":"","caption_len":0,"entities":0,"state":null}
{"t":"msg","ok":true,"ms":1,"req":"2f9cf454","bot":8304099970,"uid":237087423,"user":"Freep_o_0_rn","name":"Freep_o_0_rn","role":"admin","chat":237087423,"chat_type":"private","msg_id":1029,"kind":"web_app_data","text":"","caption_len":0,"entities":0,"state":null}
{"t":"msg","ok":true,"ms":539,"req":"694f837f","bot":8304099970,"uid":237087423,"user":"Freep_o_0_rn","name":"Freep_o_0_rn","role":"admin","chat":237087423,"chat_type":"private","msg_id":1030,"kind":"text","text":"▶️ Старт","caption_len":0,"entities":0,"state":null}
{"t":"msg","ok":true,"ms":186,"req":"c31a47cb","bot":8304099970,"uid":237087423,"user":"Freep_o_0_rn","name":"Freep_o_0_rn","role":"admin","chat":237087423,"chat_type":"private","msg_id":1032,"kind":"web_app_data","text":"","caption_len":0,"entities":0,"state":null}
{"t":"msg","ok":true,"ms":1,"req":"7967c005","bot":8304099970,"uid":237087423,"user":"Freep_o_0_rn","name":"Freep_o_0_rn","role":"admin","chat":237087423,"chat_type":"private","msg_id":1034,"kind":"web_app_data","text":"","caption_len":0,"entities":0,"state":null}
{"t":"msg","ok":true,"ms":1,"req":"2d70cc9d","bot":8304099970,"uid":237087423,"user":"Freep_o_0_rn","name":"Freep_o_0_rn","role":"admin","chat":237087423,"chat_type":"private","msg_id":1035,"kind":"web_app_data","text":"","caption_len":0,"entities":0,"state":null}
{"t":"msg","ok":true,"ms":321,"req":"5934fdfb","bot":8304099970,"uid":1188061961,"user":"Re1ze_r","name":"Vadim BeerMarket","role":"client","chat":1188061961,"chat_type":"private","msg_id":1036,"kind":"text","text":"▶️ Старт","caption_len":0,"entities":0,"state":null}
{"t":"msg","ok":true,"ms":1,"req":"2666378f","bot":8304099970,"uid":237087423,"user":"Freep_o_0_rn","name":"Freep_o_0_rn","role":"admin","chat":237087423,"chat_type":"private","msg_id":1038,"kind":"web_app_data","text":"","caption_len":0,"entities":0,"state":null}
{"t":"msg","ok":true,"ms":518,"req":"e37c5eef","bot":8304099970,"uid":1188061961,"user":"Re1ze_r","name":"Vadim BeerMarket","role":"client","chat":1188061961,"chat_type":"private","msg_id":1039,"kind":"text","text":"▶️ Старт","caption_len":0,"entities":0,"state":null}
{"t":"msg","ok":true,"ms":549,"req":"9655b880","bot":8304099970,"uid":237087423,"user":"Freep_o_0_rn","name":"Freep_o_0_rn","role":"admin","chat":237087423,"chat_type":"private","msg_id":1041,"kind":"text","text":"▶️ Старт","caption_len":0,"entities":0,"state":null}
{"t":"msg","ok":true,"ms":510,"req":"8e192dec","bot":8304099970,"uid":237087423,"user":"Freep_o_0_rn","name":"Freep_o_0_rn","role":"admin","chat":237087423,"chat_type":"private","msg_id":1043,"kind":"text","text":"▶️ Старт","caption_len":0,"entities":0,"state":null}
{"t":"msg","ok":true,"ms":608,"req":"d66eb061","bot":8304099970,"uid":237087423,"user":"Freep_o_0_rn","name":"Freep_o_0_rn","role":"admin","chat":237087423,"chat_type":"private","msg_id":1045,"kind":"text","text":"▶️ Старт","caption_len":0,"entities":0,"state":null}
{"t":"msg","ok":true,"ms":517,"req":"aff3be41","bot":8304099970,"uid":1188061961,"user":"Re1ze_r","name":"Vadim BeerMarket","role":"client","chat":1188061961,"chat_type":"private","msg_id":1064,"kind":"text","text":"▶️ Старт","caption_len":0,"entities":0,"state":null}
{"t":"msg","ok":true,"ms":1768,"req":"afa8e3e6","bot":8304099970,"uid":237087423,"user":"Freep_o_0_rn","name":"Freep_o_0_rn","role":"admin","chat":237087423,"chat_type":"private","msg_id":1066,"kind":"text","text":"▶️ Старт","caption_len":0,"entities":0,"state":null}
{"t":"msg","ok":true,"ms":190,"req":"73749518","bot":8304099970,"uid":237087423,"user":"Freep_o_0_rn","name":"Freep_o_0_rn","role":"admin","chat":237087423,"chat_type":"private","msg_id":1068,"kind":"text","text":"👥 Пользователи","caption_len":0,"entities":0,"state":null}
{"t":"cb","ok":true,"ms":390,"req":"6449d496","bot":8304099970,"uid":237087423,"user":"Freep_o_0_rn","name":"Freep_o_0_rn","role":"admin","chat":237087423,"cb_id":"1018282728115658831","msg_id":1069,"data":"usr:sel:1188061961:0","state":null}
{"t":"cb","ok":true,"ms":561,"req":"2047392e","bot":8304099970,"uid":237087423,"user":"Freep_o_0_rn","name":"Freep_o_0_rn","role":"admin","chat":237087423,"cb_id":"1018282731389721437","msg_id":1069,"data":"usr:setrole:1188061961:sales_rep","state":null}
{"t":"cb","ok":true,"ms":2046,"req":"9ed64ebe","bot":8304099970,"uid":237087423,"user":"Freep_o_0_rn","name":"Freep_o_0_rn","role":"admin","chat":237087423,"cb_id":"1018282730887215657","msg_id":1069,"data":"usr:list:0","state":null}
{"t":"cb","ok":true,"ms":1331,"req":"00bd4789","bot":8304099970,"uid":237087423,"user":"Freep_o_0_rn","name":"Freep_o_0_rn","role":"admin","chat":237087423,"cb_id":"1018282731316919439","msg_id":1069,"data":"menu:back","state":null}
{"t":"msg","ok":true,"ms":205,"req":"e6a095e0","bot":8304099970,"uid":1188061961,"user":"Re1ze_r","name":"Vadim BeerMarket","role":"sales_rep","chat":1188061961,"chat_type":"private","msg_id":1071,"kind":"text","text":"▶️ Старт","caption_len":0,"entities":0,"state":null}
{"t":"msg","ok":true,"ms":426,"req":"481c7a87","bot":8304099970,"uid":237087423,"user":"Freep_o_0_rn","name":"Freep_o_0_rn","role":"admin","chat":237087423,"chat_type":"private","msg_id":1073,"kind":"text","text":"▶️ Старт","caption_len":0,"entities":0,"state":null}
{"t":"msg","ok":true,"ms":420,"req":"80a2f459","bot":8304099970,"uid":237087423,"user":"Freep_o_0_rn","name":"Freep_o_0_rn","role":"admin","chat":237087423,"chat_type":"private","msg_id":1075,"kind":"text","text":"▶️ Старт","caption_len":0,"entities":0,"state":null}
{"t":"msg","ok":true,"ms":154,"req":"6ffd4799","bot":8304099970,"uid":237087423,"user":"Freep_o_0_rn","name":"Freep_o_0_rn","role":"admin","chat":237087423,"chat_type":"private","msg_id":1077,"kind":"text","text":"🔄 Обновить (14:59)","caption_len":0,"entities":0,"state":null}
{"t":"cb","ok":true,"ms":3472,"req":"b6a69f82","bot":8304099970,"uid":237087423,"user":"Freep_o_0_rn","name":"Freep_o_0_rn","role":"admin","chat":237087423,"cb_id":"1018282730746624855","msg_id":1078,"data":"upd:tara","state":null}
{"t":"msg","ok":true,"ms":146,"req":"4b4790a8","bot":8304099970,"uid":237087423,"user":"Freep_o_0_rn","name":"Freep_o_0_rn","role":"admin","chat":237087423,"chat_type":"private","msg_id":1080,"kind":"text","text":"🔎 Поиск тары","caption_len":0,"entities":0,"state":"SearchTaraStates:waiting_query"}
{"t":"msg","ok":true,"ms":1837,"req":"899d2f09","bot":8304099970,"uid":237087423,"user":"Freep_o_0_rn","name":"Freep_o_0_rn","role":"admin","chat":237087423,"chat_type":"private","msg_id":1082,"kind":"text","text":"заря","caption_len":0,"entities":0,"state":null}
{"t":"msg","ok":true,"ms":418,"req":"ec6a6ab8","bot":8304099970,"uid":237087423,"user":"Freep_o_0_rn","name":"Freep_o_0_rn","role":"admin","chat":237087423,"chat_type":"private","msg_id":1086,"kind":"text","text":"▶️ Старт","caption_len":0,"entities":0,"state":null}
{"t":"msg","ok":true,"ms":420,"req":"38698c00","bot":8304099970,"uid":237087423,"user":"Freep_o_0_rn","name":"Freep_o_0_rn","role":"admin","chat":237087423,"chat_type":"private","msg_id":1090,"kind":"text","text":"▶️ Старт","caption_len":0,"entities":0,"state":null}
{"t":"msg","ok":true,"ms":2481,"req":"512fce6b","bot":8304099970,"uid":237087423,"user":"Freep_o_0_rn","name":"Freep_o_0_rn","role":"admin","chat":237087423,"chat_type":"private","msg_id":1092,"kind":"text","text":"/repair_tara","caption_len":0,"entities":1,"state":null}
{"t":"msg","ok":true,"ms":153,"req":"f5544274","bot":8304099970,"uid":237087423,"user":"Freep_o_0_rn","name":"Freep_o_0_rn","role":"admin","chat":237087423,"chat_type":"private","msg_id":1095,"kind":"text","text":"🔎 Поиск тары","caption_len":0,"entities":0,"state":"SearchTaraStates:waiting_query"}
{"t":"msg","ok":true,"ms":2298,"req":"5c82ec2c","bot":8304099970,"uid":237087423,"user":"Freep_o_0_rn","name":"Freep_o_0_rn","role":"admin","chat":237087423,"chat_type":"private","msg_id":1097,"kind":"text","text":"заря","caption_len":0,"entities":0,"state":null}
{"t":"msg","ok":true,"ms":384,"req":"86127425","bot":8304099970,"uid":237087423,"user":"Freep_o_0_rn","name":"Freep_o_0_rn","role":"admin","chat":237087423,"chat_type":"private","msg_id":1100,"kind":"text","text":"▶️ Старт","caption_len":0,"entities":0,"state":null}
{"t":"msg","ok":true,"ms":148,"req":"319a442f","bot":8304099970,"uid":237087423,"user":"Freep_o_0_rn","name":"Freep_o_0_rn","role":"admin","chat":237087423,"chat_type":"private","msg_id":1102,"kind":"text","text":"/repair","caption_len":0,"entities":1,"state":null}
{"t":"cb","ok":true,"ms":279,"req":"81ec38d3","bot":8304099970,"uid":237087423,"user":"Freep_o_0_rn","name":"Freep_o_0_rn","role":"admin","chat":237087423,"cb_id":"1018282729105483736","msg_id":1103,"data":"repair:debt","state":"RepairStates:waiting_control_key"}
{"t":"msg","ok":true,"ms":958,"req":"b33cbf73","bot":8304099970,"uid":237087423,"user":"Freep_o_0_rn","name":"Freep_o_0_rn","role":"admin","chat":237087423,"chat_type":"private","msg_id":1105,"kind":"text","text":"Смирнов","caption_len":0,"entities":0,"state":null}
{"t":"msg","ok":true,"ms":147,"req":"86fc92c4","bot":8304099970,"uid":237087423,"user":"Freep_o_0_rn","name":"Freep_o_0_rn","role":"admin","chat":237087423,"chat_type":"private","msg_id":1108,"kind":"text","text":"🔎 Поиск тары","caption_len":0,"entities":0,"state":"SearchTaraStates:waiting_query"}
{"t":"msg","ok":true,"ms":2241,"req":"343476f0","bot":8304099970,"uid":237087423,"user":"Freep_o_0_rn","name":"Freep_o_0_rn","role":"admin","chat":237087423,"chat_type":"private","msg_id":1110,"kind":"text","text":"Смирнов","caption_len":0,"entities":0,"state":null}
{"t":"msg","ok":true,"ms":480,"req":"76aeae29","bot":8304099970,"uid":237087423,"user":"Freep_o_0_rn","name":"Freep_o_0_rn","role":"admin","chat":237087423,"chat_type":"private","msg_id":1115,"kind":"text","text":"▶️ Старт","caption_len":0,"entities":0,"state":null}
{"t":"msg","ok":true,"ms":476,"req":"72c58f87","bot":8304099970,"uid":237087423,"user":"Freep_o_0_rn","name":"Freep_o_0_rn","role":"admin","chat":237087423,"chat_type":"private","msg_id":1118,"kind":"text","text":"▶️ Старт","caption_len":0,"entities":0,"state":null}
{"t":"msg","ok":true,"ms":142,"req":"09c17bfe","bot":8304099970,"uid":237087423,"user":"Freep_o_0_rn","name":"Freep_o_0_rn","role":"admin","chat":237087423,"chat_type":"private","msg_id":1120,"kind":"text","text":"🏢 Клиенты","caption_len":0,"entities":0,"state":null}
{"t":"cb","ok":true,"ms":275,"req":"2d10c4ff","bot":8304099970,"uid":237087423,"user":"Freep_o_0_rn","name":"Freep_o_0_rn","role":"admin","chat":237087423,"cb_id":"1018282728586891664","msg_id":1121,"data":"cc:new","state":"ClientCardStates:waiting_legal_form"}
{"t":"cb","ok":true,"ms":381,"req":"5ffc585e","bot":8304099970,"uid":237087423,"user":"Freep_o_0_rn","name":"Freep_o_0_rn","role":"admin","chat":237087423,"cb_id":"1018282728161311767","msg_id":1122,"data":"cc:lf:ООО","state":"ClientCardStates:waiting_legal_name"}
{"t":"msg","ok":true,"ms":159,"req":"c76cf12e","bot":8304099970,"uid":237087423,"user":"Freep_o_0_rn","name":"Freep_o_0_rn","role":"admin","chat":237087423,"chat_type":"private","msg_id":1124,"kind":"text","text":"Заря","caption_len":0,"entities":0,"state":"ClientCardStates:waiting_store_name"}
{"t":"msg","ok":true,"ms":298,"req":"980974ff","bot":8304099970,"uid":237087423,"user":"Freep_o_0_rn","name":"Freep_o_0_rn","role":"admin","chat":237087423,"chat_type":"private","msg_id":1126,"kind":"text","text":"Республика","caption_len":0,"entities":0,"state":"ClientCardStates:waiting_address"}
{"t":"msg","ok":true,"ms":193,"req":"b2464524","bot":8304099970,"uid":237087423,"user":"Freep_o_0_rn","name":"Freep_o_0_rn","role":"admin","chat":237087423,"chat_type":"private","msg_id":1128,"kind":"text","text":"Дуси Ковальчук, 179/2","caption_len":0,"entities":0,"state":"ClientCardStates:waiting_overdue_days"}
{"t":"msg","ok":true,"ms":212,"req":"541f3e38","bot":8304099970,"uid":237087423,"user":"Freep_o_0_rn","name":"Freep_o_0_rn","role":"admin","chat":237087423,"chat_type":"private","msg_id":1130,"kind":"text","text":"28","caption_len":0,"entities":0,"state":"ClientCardStates:waiting_contact_name"}
{"t":"msg","ok":true,"ms":166,"req":"0b0c12ab","bot":8304099970,"uid":237087423,"user":"Freep_o_0_rn","name":"Freep_o_0_rn","role":"admin","chat":237087423,"chat_type":"private","msg_id":1132,"kind":"text","text":"Эльвира","caption_len":0,"entities":0,"state":"ClientCardStates:waiting_contact_phone"}
{"t":"msg","ok":true,"ms":213,"req":"86b350cb","bot":8304099970,"uid":237087423,"user":"Freep_o_0_rn","name":"Freep_o_0_rn","role":"admin","chat":237087423,"chat_type":"private","msg_id":1134,"kind":"text","text":"+79830514910","caption_len":0,"entities":1,"state":"ClientCardStates:waiting_contact_position"}
{"t":"cb","ok":true,"ms":270,"req":"c13a5d68","bot":8304099970,"uid":237087423,"user":"Freep_o_0_rn","name":"Freep_o_0_rn","role":"admin","chat":237087423,"cb_id":"1018282728322431665","msg_id":1135,"data":"cc:pos:Управляющий","state":"ClientCardStates:waiting_more_contacts"}
{"t":"cb","ok":true,"ms":294,"req":"91109996","bot":8304099970,"uid":237087423,"user":"Freep_o_0_rn","name":"Freep_o_0_rn","role":"admin","chat":237087423,"cb_id":"1018282731541889827","msg_id":1136,"data":"cc:more:no","state":"ClientCardStates:waiting_technician_name"}
{"t":"msg","ok":true,"ms":161,"req":"5bd648a1","bot":8304099970,"uid":237087423,"user":"Freep_o_0_rn","name":"Freep_o_0_rn","role":"admin","chat":237087423,"chat_type":"private","msg_id":1138,"kind":"text","text":"Алексей Поздняков","caption_len":0,"entities":0,"state":"ClientCardStates:waiting_technician_phone"}
{"t":"msg","ok":true,"ms":214,"req":"aaf25b09","bot":8304099970,"uid":237087423,"user":"Freep_o_0_rn","name":"Freep_o_0_rn","role":"admin","chat":237087423,"chat_type":"private","msg_id":1140,"kind":"text","text":"+79133756611","caption_len":0,"entities":1,"state":"ClientCardStates:waiting_sales_rep"}
{"t":"msg","ok":true,"ms":153,"req":"da268718","bot":8304099970,"uid":237087423,"user":"Freep_o_0_rn","name":"Freep_o_0_rn","role":"admin","chat":237087423,"chat_type":"private","msg_id":1142,"kind":"text","text":"Я","caption_len":0,"entities":0,"state":"ClientCardStates:waiting_network_name"}
{"t":"msg","ok":true,"ms":363,"req":"057dfba8","bot":8304099970,"uid":237087423,"user":"Freep_o_0_rn","name":"Freep_o_0_rn","role":"admin","chat":237087423,"chat_type":"private","msg_id":1144,"kind":"text","text":"Доски","caption_len":0,"entities":0,"state":null}
{"t":"cb","ok":true,"ms":266,"req":"4f70e7d4","bot":8304099970,"uid":237087423,"user":"Freep_o_0_rn","name":"Freep_o_0_rn","role":"admin","chat":237087423,"cb_id":"1018282731413699255","msg_id":1146,"data":"cc:list","state":null}
{"t":"msg","ok":true,"ms":938,"req":"a932a24d","bot":8304099970,"uid":237087423,"user":"Freep_o_0_rn","name":"Freep_o_0_rn","role":"admin","chat":237087423,"chat_type":"private","msg_id":1147,"kind":"text","text":"▶️ Старт","caption_len":0,"entities":0,"state":null}
{"t":"msg","ok":true,"ms":146,"req":"d73dbdcf","bot":8304099970,"uid":237087423,"user":"Freep_o_0_rn","name":"Freep_o_0_rn","role":"admin","chat":237087423,"chat_type":"private","msg_id":1149,"kind":"text","text":"🛠 Техники","caption_len":0,"entities":0,"state":null}
{"t":"cb","ok":true,"ms":281,"req":"0268bed0","bot":8304099970,"uid":237087423,"user":"Freep_o_0_rn","name":"Freep_o_0_rn","role":"admin","chat":237087423,"cb_id":"1018282732048235063","msg_id":1150,"data":"tc:list","state":null}
{"t":"cb","ok":true,"ms":301,"req":"9e00f3f4","bot":8304099970,"uid":237087423,"user":"Freep_o_0_rn","name":"Freep_o_0_rn","role":"admin","chat":237087423,"cb_id":"1018282729421718693","msg_id":1151,"data":"tc:new","state":"TechnicianStates:waiting_full_name"}
{"t":"msg","ok":true,"ms":141,"req":"e7eb030f","bot":8304099970,"uid":237087423,"user":"Freep_o_0_rn","name":"Freep_o_0_rn","role":"admin","chat":237087423,"chat_type":"private","msg_id":1153,"kind":"text","text":"Алексей Поздняков","caption_len":0,"entities":0,"state":"TechnicianStates:waiting_phone"}
{"t":"msg","ok":true,"ms":175,"req":"fa846c70","bot":8304099970,"uid":237087423,"user":"Freep_o_0_rn","name":"Freep_o_0_rn","role":"admin","chat":237087423,"chat_type":"private","msg_id":1155,"kind":"text","text":"+9133756611","caption_len":0,"entities":0,"state":"TechnicianStates:waiting_points"}
{"t":"msg","ok":true,"ms":322,"req":"16427846","bot":8304099970,"uid":237087423,"user":"Freep_o_0_rn","name":"Freep_o_0_rn","role":"admin","chat":237087423,"chat_type":"private","msg_id":1157,"kind":"text","text":"заря","caption_len":0,"entities":0,"state":null}
{"t":"cb","ok":true,"ms":283,"req":"f2f5882f","bot":8304099970,"uid":237087423,"user":"Freep_o_0_rn","name":"Freep_o_0_rn","role":"admin","chat":237087423,"cb_id":"1018282729623777949","msg_id":1159,"data":"tc:list","state":null}
{"t":"cb","ok":true,"ms":330,"req":"099b23a3","bot":8304099970,"uid":237087423,"user":"Freep_o_0_rn","name":"Freep_o_0_rn","role":"admin","chat":237087423,"cb_id":"1018282729778936088","msg_id":1160,"data":"tc:new","state":"TechnicianStates:waiting_full_name"}
{"t":"msg","ok":true,"ms":156,"req":"ffc5e56c","bot":8304099970,"uid":237087423,"user":"Freep_o_0_rn","name":"Freep_o_0_rn","role":"admin","chat":237087423,"chat_type":"private","msg_id":1162,"kind":"text","text":"Вячеслав Гусаров","caption_len":0,"entities":0,"state":"TechnicianStates:waiting_phone"}
{"t":"msg","ok":true,"ms":162,"req":"59aac478","bot":8304099970,"uid":237087423,"user":"Freep_o_0_rn","name":"Freep_o_0_rn","role":"admin","chat":237087423,"chat_type":"private","msg_id":1164,"kind":"text","text":"+79137404065","caption_len":0,"entities":1,"state":"TechnicianStates:waiting_points"}
{"t":"msg","ok":true,"ms":308,"req":"d9748735","bot":8304099970,"uid":237087423,"user":"Freep_o_0_rn","name":"Freep_o_0_rn","role":"admin","chat":237087423,"chat_type":"private","msg_id":1166,"kind":"text","text":"-","caption_len":0,"entities":0,"state":null}
{"t":"cb","ok":true,"ms":303,"req":"734dd841","bot":8304099970,"uid":237087423,"user":"Freep_o_0_rn","name":"Freep_o_0_rn","role":"admin","chat":237087423,"cb_id":"1018282729688749248","msg_id":1168,"data":"tc:list","state":null}
{"t":"cb","ok":true,"ms":289,"req":"0290ed0d","bot":8304099970,"uid":237087423,"user":"Freep_o_0_rn","name":"Freep_o_0_rn","role":"admin","chat":237087423,"cb_id":"1018282731904254775","msg_id":1169,"data":"tc:view:6dd639e6-9180-4842-997b-d033e16d540d","state":null}
{"t":"cb","ok":true,"ms":296,"req":"fb9dcdb7","bot":8304099970,"uid":237087423,"user":"Freep_o_0_rn","name":"Freep_o_0_rn","role":"admin","chat":237087423,"cb_id":"1018282729138039760","msg_id":1170,"data":"tc:edit:6dd639e6-9180-4842-997b-d033e16d540d","state":"TechnicianStates:waiting_full_name"}
{"t":"msg","ok":true,"ms":139,"req":"edaa9972","bot":8304099970,"uid":237087423,"user":"Freep_o_0_rn","name":"Freep_o_0_rn","role":"admin","chat":237087423,"chat_type":"private","msg_id":1172,"kind":"text","text":"Алексей Поздняков","caption_len":0,"entities":1,"state":"TechnicianStates:waiting_phone"}
{"t":"msg","ok":true,"ms":189,"req":"f7e36fb2","bot":8304099970,"uid":237087423,"user":"Freep_o_0_rn","name":"Freep_o_0_rn","role":"admin","chat":237087423,"chat_type":"private","msg_id":1174,"kind":"text","text":"+79133756611","caption_len":0,"entities":1,"state":"TechnicianStates:waiting_points"}
{"t":"msg","ok":true,"ms":296,"req":"8927b64f","bot":8304099970,"uid":237087423,"user":"Freep_o_0_rn","name":"Freep_o_0_rn","role":"admin","chat":237087423,"chat_type":"private","msg_id":1176,"kind":"text","text":"-","caption_len":0,"entities":0,"state":null}
{"t":"cb","ok":true,"ms":479,"req":"4047c0da","bot":8304099970,"uid":237087423,"user":"Freep_o_0_rn","name":"Freep_o_0_rn","role":"admin","chat":237087423,"cb_id":"1018282731375866142","msg_id":1178,"data":"menu:back","state":null}
{"t":"msg","ok":true,"ms":157,"req":"aa719d85","bot":8304099970,"uid":237087423,"user":"Freep_o_0_rn","name":"Freep_o_0_rn","role":"admin","chat":237087423,"chat_type":"private","msg_id":1180,"kind":"text","text":"🏢 Клиенты","caption_len":0,"entities":0,"state":null}
{"t":"cb","ok":true,"ms":290,"req":"ce96d623","bot":8304099970,"uid":237087423,"user":"Freep_o_0_rn","name":"Freep_o_0_rn","role":"admin","chat":237087423,"cb_id":"1018282729957559347","msg_id":1181,"data":"cc:view:ef06cd53-efb7-4375-87b0-dc3b2ed483cf","state":null}
{"t":"cb","ok":true,"ms":363,"req":"85c86d4f","bot":8304099970,"uid":237087423,"user":"Freep_o_0_rn","name":"Freep_o_0_rn","role":"admin","chat":237087423,"cb_id":"1018282728540596750","msg_id":1181,"data":"cc:list","state":null}
{"t":"cb","ok":true,"ms":293,"req":"794063f7","bot":8304099970,"uid":237087423,"user":"Freep_o_0_rn","name":"Freep_o_0_rn","role":"admin","chat":237087423,"cb_id":"1018282729426733613","msg_id":1181,"data":"cc:view:ef06cd53-efb7-4375-87b0-dc3b2ed483cf","state":null}
{"t":"msg","ok":true,"ms":409,"req":"72d30a75","bot":8304099970,"uid":237087423,"user":"Freep_o_0_rn","name":"Freep_o_0_rn","role":"admin","chat":237087423,"chat_type":"private","msg_id":1182,"kind":"text","text":"▶️ Старт","caption_len":0,"entities":0,"state":null}
{"t":"msg","ok":true,"ms":153,"req":"506b94d9","bot":8304099970,"uid":237087423,"user":"Freep_o_0_rn","name":"Freep_o_0_rn","role":"admin","chat":237087423,"chat_type":"private","msg_id":1184,"kind":"text","text":"🛠 Техники","caption_len":0,"entities":0,"state":null}
{"t":"cb","ok":true,"ms":294,"req":"703fa9ca","bot":8304099970,"uid":237087423,"user":"Freep_o_0_rn","name":"Freep_o_0_rn","role":"admin","chat":237087423,"cb_id":"1018282729942886916","msg_id":1185,"data":"tc:list","state":null}
{"t":"cb","ok":true,"ms":312,"req":"90cdbcbc","bot":8304099970,"uid":237087423,"user":"Freep_o_0_rn","name":"Freep_o_0_rn","role":"admin","chat":237087423,"cb_id":"1018282729266624091","msg_id":1186,"data":"tc:menu","state":null}
{"t":"cb","ok":true,"ms":425,"req":"9ec28615","bot":8304099970,"uid":237087423,"user":"Freep_o_0_rn","name":"Freep_o_0_rn","role":"admin","chat":237087423,"cb_id":"1018282731660585778","msg_id":1187,"data":"menu:back","state":null}
{"t":"msg","ok":true,"ms":153,"req":"9ed75b2c","bot":8304099970,"uid":237087423,"user":"Freep_o_0_rn","name":"Freep_o_0_rn","role":"admin","chat":237087423,"chat_type":"private","msg_id":1189,"kind":"text","text":"🏢 Клиенты","caption_len":0,"entities":0,"state":null}
{"t":"cb","ok":true,"ms":2751,"req":"0abfe50d","bot":8304099970,"uid":237087423,"user":"Freep_o_0_rn","name":"Freep_o_0_rn","role":"admin","chat":237087423,"cb_id":"1018282732085528584","msg_id":1190,"data":"cc:import:debt","state":null}
{"t":"cb","ok":true,"ms":286,"req":"184fcc5f","bot":8304099970,"uid":237087423,"user":"Freep_o_0_rn","name":"Freep_o_0_rn","role":"admin","chat":237087423,"cb_id":"1018282731379258458","msg_id":1192,"data":"cc:view:c5eb7446-91e2-4826-86ce-b9951534a2ad","state":null}
{"t":"cb","ok":true,"ms":1039,"req":"0e29f0a8","bot":8304099970,"uid":237087423,"user":"Freep_o_0_rn","name":"Freep_o_0_rn","role":"admin","chat":237087423,"cb_id":"1018282731132526090","msg_id":1192,"data":"cc:list","state":null}
{"t":"cb","ok":true,"ms":300,"req":"8da29a03","bot":8304099970,"uid":237087423,"user":"Freep_o_0_rn","name":"Freep_o_0_rn","role":"admin","chat":237087423,"cb_id":"1018282732168192111","msg_id":1192,"data":"cc:view:7fa5f4ae-7d60-4e0e-989e-5690110fa8c0","state":null}
{"t":"cb","ok":true,"ms":1214,"req":"85712b8f","bot":8304099970,"uid":237087423,"user":"Freep_o_0_rn","name":"Freep_o_0_rn","role":"admin","chat":237087423,"cb_id":"1018282728436671953","msg_id":1192,"data":"cc:list","state":null}
{"t":"cb","ok":true,"ms":320,"req":"e4b2de4d","bot":8304099970,"uid":237087423,"user":"Freep_o_0_rn","name":"Freep_o_0_rn","role":"admin","chat":237087423,"cb_id":"1018282731404036265","msg_id":1192,"data":"cc:view:c5eb7446-91e2-4826-86ce-b9951534a2ad","state":null}
{"t":"cb","ok":true,"ms":631,"req":"bbb7b3e2","bot":8304099970,"uid":237087423,"user":"Freep_o_0_rn","name":"Freep_o_0_rn","role":"admin","chat":237087423,"cb_id":"1018282728781845029","msg_id":1192,"data":"cc:del:c5eb7446-91e2-4826-86ce-b9951534a2ad","state":null}
{"t":"cb","ok":true,"ms":320,"req":"926c5ef0","bot":8304099970,"uid":237087423,"user":"Freep_o_0_rn","name":"Freep_o_0_rn","role":"admin","chat":237087423,"cb_id":"1018282730552739494","msg_id":1194,"data":"cc:view:498181aa-cb68-4192-8b16-3ff612c0719c","state":null}
{"t":"cb","ok":true,"ms":497,"req":"4e444c1c","bot":8304099970,"uid":237087423,"user":"Freep_o_0_rn","name":"Freep_o_0_rn","role":"admin","chat":237087423,"cb_id":"1018282731156691960","msg_id":1194,"data":"cc:del:498181aa-cb68-4192-8b16-3ff612c0719c","state":null}
{"t":"cb","ok":true,"ms":354,"req":"7d5c13b2","bot":8304099970,"uid":237087423,"user":"Freep_o_0_rn","name":"Freep_o_0_rn","role":"admin","chat":237087423,"cb_id":"1018282729688565146","msg_id":1196,"data":"cc:view:8839f174-9d5e-4089-91b3-0b52984f103b","state":null}
{"t":"cb","ok":true,"ms":480,"req":"ba892b13","bot":8304099970,"uid":237087423,"user":"Freep_o_0_rn","name":"Freep_o_0_rn","role":"admin","chat":237087423,"cb_id":"1018282728400590838","msg_id":1196,"data":"cc:del:8839f174-9d5e-4089-91b3-0b52984f103b","state":null}
{"t":"cb","ok":true,"ms":278,"req":"8c1f3458","bot":8304099970,"uid":237087423,"user":"Freep_o_0_rn","name":"Freep_o_0_rn","role":"admin","chat":237087423,"cb_id":"1018282729081639915","msg_id":1198,"data":"cc:view:d9565b3a-6eb4-4bee-9ccc-bf1441b0c961","state":null}
{"t":"cb","ok":true,"ms":478,"req":"ce5c14f6","bot":8304099970,"uid":237087423,"user":"Freep_o_0_rn","name":"Freep_o_0_rn","role":"admin","chat":237087423,"cb_id":"1018282728234664972","msg_id":1198,"data":"cc:del:d9565b3a-6eb4-4bee-9ccc-bf1441b0c961","state":null}
{"t":"cb","ok":true,"ms":278,"req":"2d327be1","bot":8304099970,"uid":237087423,"user":"Freep_o_0_rn","name":"Freep_o_0_rn","role":"admin","chat":237087423,"cb_id":"1018282732233931103","msg_id":1200,"data":"cc:view:adf2991f-71f8-4d9d-9e97-652e23562aa7","state":null}
{"t":"cb","ok":true,"ms":608,"req":"e29a5253","bot":8304099970,"uid":237087423,"user":"Freep_o_0_rn","name":"Freep_o_0_rn","role":"admin","chat":237087423,"cb_id":"1018282729565952932","msg_id":1200,"data":"cc:del:adf2991f-71f8-4d9d-9e97-652e23562aa7","state":null}
{"t":"msg","ok":true,"ms":402,"req":"a7dfb03d","bot":8304099970,"uid":237087423,"user":"Freep_o_0_rn","name":"Freep_o_0_rn","role":"admin","chat":237087423,"chat_type":"private","msg_id":1203,"kind":"text","text":"▶️ Старт","caption_len":0,"entities":0,"state":null}
{"t":"msg","ok":true,"ms":144,"req":"f5e50e24","bot":8304099970,"uid":237087423,"user":"Freep_o_0_rn","name":"Freep_o_0_rn","role":"admin","chat":237087423,"chat_type":"private","msg_id":1205,"kind":"text","text":"🏢 Клиенты","caption_len":0,"entities":0,"state":null}
{"t":"cb","ok":true,"ms":2907,"req":"499261c8","bot":8304099970,"uid":237087423,"user":"Freep_o_0_rn","name":"Freep_o_0_rn","role":"admin","chat":237087423,"cb_id":"1018282730989656061","msg_id":1206,"data":"cc:import:debt","state":null}
{"t":"cb","ok":true,"ms":626,"req":"821797a4","bot":8304099970,"uid":237087423,"user":"Freep_o_0_rn","name":"Freep_o_0_rn","role":"admin","chat":237087423,"cb_id":"1018282729905622313","msg_id":1208,"data":"cc:view:da7c4d54-60b7-40a4-b888-6626d8ab3e43","state":null}
{"t":"cb","ok":true,"ms":326,"req":"8c8686be","bot":8304099970,"uid":237087423,"user":"Freep_o_0_rn","name":"Freep_o_0_rn","role":"admin","chat":237087423,"cb_id":"1018282730130808171","msg_id":1208,"data":"cc:list","state":null}
{"t":"cb","ok":true,"ms":596,"req":"b7eb66c4","bot":8304099970,"uid":237087423,"user":"Freep_o_0_rn","name":"Freep_o_0_rn","role":"admin","chat":237087423,"cb_id":"1018282728886210323","msg_id":1208,"data":"cc:view:112e822c-2469-46f2-a0fd-b99bc4813fa0","state":null}
{"t":"cb","ok":true,"ms":297,"req":"a4aa779a","bot":8304099970,"uid":237087423,"user":"Freep_o_0_rn","name":"Freep_o_0_rn","role":"admin","chat":237087423,"cb_id":"1018282732222650091","msg_id":1208,"data":"cc:net:112e822c-2469-46f2-a0fd-b99bc4813fa0","state":"ClientCardStates:waiting_network_name"}
{"t":"msg","ok":true,"ms":302,"req":"c1d25da3","bot":8304099970,"uid":237087423,"user":"Freep_o_0_rn","name":"Freep_o_0_rn","role":"admin","chat":237087423,"chat_type":"private","msg_id":1210,"kind":"text","text":"Хмельбург","caption_len":0,"entities":0,"state":null}
{"t":"cb","ok":true,"ms":289,"req":"54db5388","bot":8304099970,"uid":237087423,"user":"Freep_o_0_rn","name":"Freep_o_0_rn","role":"admin","chat":237087423,"cb_id":"1018282729154481111","msg_id":1212,"data":"cc:net:112e822c-2469-46f2-a0fd-b99bc4813fa0","state":"ClientCardStates:waiting_network_name"}
{"t":"msg","ok":true,"ms":316,"req":"046b9a19","bot":8304099970,"uid":237087423,"user":"Freep_o_0_rn","name":"Freep_o_0_rn","role":"admin","chat":237087423,"chat_type":"private","msg_id":1214,"kind":"text","text":"Хмельбург","caption_len":0,"entities":0,"state":null}
{"t":"cb","ok":true,"ms":279,"req":"81f1ff34","bot":8304099970,"uid":237087423,"user":"Freep_o_0_rn","name":"Freep_o_0_rn","role":"admin","chat":237087423,"cb_id":"1018282731262871483","msg_id":1216,"data":"cc:list","state":null}
{"t":"cb","ok":true,"ms":291,"req":"f554c324","bot":8304099970,"uid":237087423,"user":"Freep_o_0_rn","name":"Freep_o_0_rn","role":"admin","chat":237087423,"cb_id":"1018282731998419105","msg_id":1216,"data":"cc:view:5edd3d27-f225-42b9-b9f1-82da5a292c30","state":null}
{"t":"cb","ok":true,"ms":282,"req":"3052926a","bot":8304099970,"uid":237087423,"user":"Freep_o_0_rn","name":"Freep_o_0_rn","role":"admin","chat":237087423,"cb_id":"1018282729279868818","msg_id":1216,"data":"cc:net:5edd3d27-f225-42b9-b9f1-82da5a292c30","state":"ClientCardStates:waiting_network_name"}
{"t":"msg","ok":true,"ms":617,"req":"41490f81","bot":8304099970,"uid":237087423,"user":"Freep_o_0_rn","name":"Freep_o_0_rn","role":"admin","chat":237087423,"chat_type":"private","msg_id":1218,"kind":"text","text":"Хмельбург","caption_len":0,"entities":0,"state":null}
{"t":"cb","ok":true,"ms":270,"req":"880de82b","bot":8304099970,"uid":237087423,"user":"Freep_o_0_rn","name":"Freep_o_0_rn","role":"admin","chat":237087423,"cb_id":"1018282729224736549","msg_id":1220,"data":"cc:list","state":null}
{"t":"cb","ok":true,"ms":461,"req":"92b7d205","bot":8304099970,"uid":237087423,"user":"Freep_o_0_rn","name":"Freep_o_0_rn","role":"admin","chat":237087423,"cb_id":"1018282731736848118","msg_id":1220,"data":"menu:back","state":null}
{"t":"msg","ok":true,"ms":217,"req":"9ab06cab","bot":8304099970,"uid":237087423,"user":"Freep_o_0_rn","name":"Freep_o_0_rn","role":"admin","chat":237087423,"chat_type":"private","msg_id":1222,"kind":"text","text":"🏢 Клиенты","caption_len":0,"entities":0,"state":null}
{"t":"msg","ok":true,"ms":502,"req":"13d3afed","bot":8304099970,"uid":237087423,"user":"Freep_o_0_rn","name":"Freep_o_0_rn","role":"admin","chat":237087423,"chat_type":"private","msg_id":1224,"kind":"text","text":"▶️ Старт","caption_len":0,"entities":0,"state":null}
{"t":"msg","ok":true,"ms":160,"req":"b1d60e05","bot":8304099970,"uid":237087423,"user":"Freep_o_0_rn","name":"Freep_o_0_rn","role":"admin","chat":237087423,"chat_type":"private","msg_id":1226,"kind":"text","text":"🏢 Клиенты","caption_len":0,"entities":0,"state":null}
{"t":"cb","ok":true,"ms":2677,"req":"fd77383b","bot":8304099970,"uid":237087423,"user":"Freep_o_0_rn","name":"Freep_o_0_rn","role":"admin","chat":237087423,"cb_id":"1018282731420001199","msg_id":1227,"data":"cc:import:debt","state":null}
{"t":"cb","ok":true,"ms":351,"req":"027e0f36","bot":8304099970,"uid":237087423,"user":"Freep_o_0_rn","name":"Freep_o_0_rn","role":"admin","chat":237087423,"cb_id":"1018282729967994128","msg_id":1229,"data":"cc:list:1","state":null}
{"t":"msg","ok":true,"ms":461,"req":"1767915a","bot":8304099970,"uid":237087423,"user":"Freep_o_0_rn","name":"Freep_o_0_rn","role":"admin","chat":237087423,"chat_type":"private","msg_id":1230,"kind":"text","text":"▶️ Старт","caption_len":0,"entities":0,"state":null}
{"t":"msg","ok":true,"ms":164,"req":"113ee11d","bot":8304099970,"uid":237087423,"user":"Freep_o_0_rn","name":"Freep_o_0_rn","role":"admin","chat":237087423,"chat_type":"private","msg_id":1232,"kind":"text","text":"🏢 Клиенты","caption_len":0,"entities":0,"state":null}
{"t":"cb","ok":true,"ms":2918,"req":"0988524e","bot":8304099970,"uid":237087423,"user":"Freep_o_0_rn","name":"Freep_o_0_rn","role":"admin","chat":237087423,"cb_id":"1018282730211955401","msg_id":1233,"data":"cc:import:debt","state":null}
{"t":"cb","ok":true,"ms":326,"req":"a4139c3d","bot":8304099970,"uid":237087423,"user":"Freep_o_0_rn","name":"Freep_o_0_rn","role":"admin","chat":237087423,"cb_id":"1018282730864833371","msg_id":1235,"data":"cc:view:03339032-2b10-4482-9fd4-97c8f2075c2b","state":null}
{"t":"cb","ok":true,"ms":341,"req":"66c24482","bot":8304099970,"uid":237087423,"user":"Freep_o_0_rn","name":"Freep_o_0_rn","role":"admin","chat":237087423,"cb_id":"1018282729186442934","msg_id":1235,"data":"cc:list","state":null}
{"t":"cb","ok":true,"ms":363,"req":"f70a2e8e","bot":8304099970,"uid":237087423,"user":"Freep_o_0_rn","name":"Freep_o_0_rn","role":"admin","chat":237087423,"cb_id":"1018282729352063286","msg_id":1235,"data":"cc:view:832fc23b-9c98-42ae-b6e0-7c4102399230","state":null}
{"t":"cb","ok":true,"ms":318,"req":"f3c57cfc","bot":8304099970,"uid":237087423,"user":"Freep_o_0_rn","name":"Freep_o_0_rn","role":"admin","chat":237087423,"cb_id":"1018282732028791562","msg_id":1235,"data":"cc:list","state":null}
{"t":"cb","ok":true,"ms":291,"req":"029bf6a9","bot":8304099970,"uid":237087423,"user":"Freep_o_0_rn","name":"Freep_o_0_rn","role":"admin","chat":237087423,"cb_id":"1018282730182271150","msg_id":1235,"data":"cc:list:1","state":null}
{"t":"cb","ok":true,"ms":364,"req":"308702fa","bot":8304099970,"uid":237087423,"user":"Freep_o_0_rn","name":"Freep_o_0_rn","role":"admin","chat":237087423,"cb_id":"1018282728461562689","msg_id":1235,"data":"cc:list:2","state":null}
{"t":"cb","ok":true,"ms":313,"req":"25fdd9f6","bot":8304099970,"uid":237087423,"user":"Freep_o_0_rn","name":"Freep_o_0_rn","role":"admin","chat":237087423,"cb_id":"1018282730699674798","msg_id":1235,"data":"cc:view:01ef93b4-3f9b-4203-8853-0a0e29d25fdf","state":null}
{"t":"msg","ok":true,"ms":438,"req":"070d9ae4","bot":8304099970,"uid":237087423,"user":"Freep_o_0_rn","name":"Freep_o_0_rn","role":"admin","chat":237087423,"chat_type":"private","msg_id":1237,"kind":"text","text":"▶️ Старт","caption_len":0,"entities":0,"state":null}
{"t":"msg","ok":true,"ms":144,"req":"1e1c3d35","bot":8304099970,"uid":237087423,"user":"Freep_o_0_rn","name":"Freep_o_0_rn","role":"admin","chat":237087423,"chat_type":"private","msg_id":1239,"kind":"text","text":"🏢 Клиенты","caption_len":0,"entities":0,"state":null}
{"t":"cb","ok":true,"ms":2992,"req":"5de50fb0","bot":8304099970,"uid":237087423,"user":"Freep_o_0_rn","name":"Freep_o_0_rn","role":"admin","chat":237087423,"cb_id":"1018282731395898297","msg_id":1240,"data":"cc:import:debt","state":null}
{"t":"msg","ok":true,"ms":409,"req":"e0920570","bot":8304099970,"uid":237087423,"user":"Freep_o_0_rn","name":"Freep_o_0_rn","role":"admin","chat":237087423,"chat_type":"private","msg_id":1243,"kind":"text","text":"🏢 Клиенты","caption_len":0,"entities":0,"state":null}
{"t":"cb","ok":true,"ms":1606,"req":"b6b7884b","bot":8304099970,"uid":237087423,"user":"Freep_o_0_rn","name":"Freep_o_0_rn","role":"admin","chat":237087423,"cb_id":"1018282731496880960","msg_id":1244,"data":"cc:import:debt","state":null}
{"t":"cb","ok":true,"ms":1551,"req":"bab595f8","bot":8304099970,"uid":237087423,"user":"Freep_o_0_rn","name":"Freep_o_0_rn","role":"admin","chat":237087423,"cb_id":"1018282728845027573","msg_id":1244,"data":"cc:import:debt","state":null}
{"t":"msg","ok":true,"ms":472,"req":"1bd11e6d","bot":8304099970,"uid":237087423,"user":"Freep_o_0_rn","name":"Freep_o_0_rn","role":"admin","chat":237087423,"chat_type":"private","msg_id":1247,"kind":"text","text":"▶️ Старт","caption_len":0,"entities":0,"state":null}
{"t":"msg","ok":true,"ms":159,"req":"ab4fa9ee","bot":8304099970,"uid":237087423,"user":"Freep_o_0_rn","name":"Freep_o_0_rn","role":"admin","chat":237087423,"chat_type":"private","msg_id":1249,"kind":"text","text":"🏢 Клиенты","caption_len":0,"entities":0,"state":null}
{"t":"cb","ok":true,"ms":2958,"req":"0de740eb","bot":8304099970,"uid":237087423,"user":"Freep_o_0_rn","name":"Freep_o_0_rn","role":"admin","chat":237087423,"cb_id":"1018282731033941017","msg_id":1250,"data":"cc:import:debt","state":null}
{"t":"cb","ok":true,"ms":282,"req":"3e4dfbb7","bot":8304099970,"uid":237087423,"user":"Freep_o_0_rn","name":"Freep_o_0_rn","role":"admin","chat":237087423,"cb_id":"1018282729556232892","msg_id":1252,"data":"cc:view:7c66c623-752e-4b4f-bdb7-32054092550a","state":null}
{"t":"cb","ok":true,"ms":283,"req":"83f93b69","bot":8304099970,"uid":237087423,"user":"Freep_o_0_rn","name":"Freep_o_0_rn","role":"admin","chat":237087423,"cb_id":"1018282731556079405","msg_id":1252,"data":"cc:list","state":null}
{"t":"cb","ok":true,"ms":308,"req":"b736b514","bot":8304099970,"uid":237087423,"user":"Freep_o_0_rn","name":"Freep_o_0_rn","role":"admin","chat":237087423,"cb_id":"1018282731630767348","msg_id":1252,"data":"cc:list:1","state":null}
{"t":"msg","ok":true,"ms":520,"req":"d4e5f232","bot":8304099970,"uid":237087423,"user":"Freep_o_0_rn","name":"Freep_o_0_rn","role":"admin","chat":237087423,"chat_type":"private","msg_id":1253,"kind":"text","text":"▶️ Старт","caption_len":0,"entities":0,"state":null}
{"t":"msg","ok":true,"ms":156,"req":"07f17e8d","bot":8304099970,"uid":237087423,"user":"Freep_o_0_rn","name":"Freep_o_0_rn","role":"admin","chat":237087423,"chat_type":"private","msg_id":1255,"kind":"text","text":"⚙️ Отсрочки","caption_len":0,"entities":0,"state":null}
{"t":"cb","ok":true,"ms":290,"req":"e24a8757","bot":8304099970,"uid":237087423,"user":"Freep_o_0_rn","name":"Freep_o_0_rn","role":"admin","chat":237087423,"cb_id":"1018282729017225549","msg_id":1256,"data":"od:list","state":null}
{"t":"msg","ok":true,"ms":295,"req":"a5cbc4af","bot":8304099970,"uid":237087423,"user":"Freep_o_0_rn","name":"Freep_o_0_rn","role":"admin","chat":237087423,"chat_type":"private","msg_id":1257,"kind":"text","text":"🏢 Клиенты","caption_len":0,"entities":0,"state":null}
{"t":"cb","ok":true,"ms":2656,"req":"f26378ef","bot":8304099970,"uid":237087423,"user":"Freep_o_0_rn","name":"Freep_o_0_rn","role":"admin","chat":237087423,"cb_id":"1018282729935300920","msg_id":1258,"data":"cc:import:debt","state":null}
{"t":"cb","ok":true,"ms":352,"req":"9e82ad48","bot":8304099970,"uid":237087423,"user":"Freep_o_0_rn","name":"Freep_o_0_rn","role":"admin","chat":237087423,"cb_id":"1018282731908893438","msg_id":1260,"data":"cc:view:7c66c623-752e-4b4f-bdb7-32054092550a","state":null}
{"t":"msg","ok":true,"ms":491,"req":"46434f9e","bot":8304099970,"uid":237087423,"user":"Freep_o_0_rn","name":"Freep_o_0_rn","role":"admin","chat":237087423,"chat_type":"private","msg_id":1261,"kind":"text","text":"🏢 Клиенты","caption_len":0,"entities":0,"state":null}
{"t":"cb","ok":true,"ms":290,"req":"8b66c41a","bot":8304099970,"uid":237087423,"user":"Freep_o_0_rn","name":"Freep_o_0_rn","role":"admin","chat":237087423,"cb_id":"1018282731756649260","msg_id":1262,"data":"cc:view:da12f063-c611-40c4-aac1-6aabcb96ea4d","state":null}
{"t":"msg","ok":true,"ms":453,"req":"93c4117b","bot":8304099970,"uid":237087423,"user":"Freep_o_0_rn","name":"Freep_o_0_rn","role":"admin","chat":237087423,"chat_type":"private","msg_id":1263,"kind":"text","text":"▶️ Старт","caption_len":0,"entities":0,"state":null}
{"t":"msg","ok":true,"ms":165,"req":"d32490fe","bot":8304099970,"uid":237087423,"user":"Freep_o_0_rn","name":"Freep_o_0_rn","role":"admin","chat":237087423,"chat_type":"private","msg_id":1265,"kind":"text","text":"🏢 Клиенты","caption_len":0,"entities":0,"state":null}
{"t":"cb","ok":true,"ms":2980,"req":"cfdd51ac","bot":8304099970,"uid":237087423,"user":"Freep_o_0_rn","name":"Freep_o_0_rn","role":"admin","chat":237087423,"cb_id":"1018282730982182091","msg_id":1266,"data":"cc:import:debt","state":null}
{"t":"cb","ok":true,"ms":305,"req":"04061887","bot":8304099970,"uid":237087423,"user":"Freep_o_0_rn","name":"Freep_o_0_rn","role":"admin","chat":237087423,"cb_id":"1018282728964090495","msg_id":1268,"data":"cc:view:2ffc3441-dd6c-4f16-afc8-8d8a0654af0f","state":null}
{"t":"msg","ok":true,"ms":1273,"req":"a4c127c4","bot":8304099970,"uid":237087423,"user":"Freep_o_0_rn","name":"Freep_o_0_rn","role":"admin","chat":237087423,"chat_type":"private","msg_id":1269,"kind":"text","text":"🏢 Клиенты","caption_len":0,"entities":0,"state":null}
{"t":"cb","ok":true,"ms":307,"req":"cdfb4aaa","bot":8304099970,"uid":237087423,"user":"Freep_o_0_rn","name":"Freep_o_0_rn","role":"admin","chat":237087423,"cb_id":"1018282729779514422","msg_id":1270,"data":"cc:list:1","state":null}
{"t":"cb","ok":true,"ms":278,"req":"dd7150a1","bot":8304099970,"uid":237087423,"user":"Freep_o_0_rn","name":"Freep_o_0_rn","role":"admin","chat":237087423,"cb_id":"1018282729901208915","msg_id":1270,"data":"cc:view:7047924d-8200-4897-a5a7-0a3a1ba9c54d","state":null}
{"t":"cb","ok":true,"ms":413,"req":"8f3765b6","bot":8304099970,"uid":237087423,"user":"Freep_o_0_rn","name":"Freep_o_0_rn","role":"admin","chat":237087423,"cb_id":"1018282729191134738","msg_id":1270,"data":"cc:list","state":null}
{"t":"cb","ok":true,"ms":292,"req":"b4620cc1","bot":8304099970,"uid":237087423,"user":"Freep_o_0_rn","name":"Freep_o_0_rn","role":"admin","chat":237087423,"cb_id":"1018282732295373274","msg_id":1270,"data":"cc:view:fc8964d6-179c-477e-805c-f63333dc2b1b","state":null}
{"t":"cb","ok":true,"ms":289,"req":"0c2e3f61","bot":8304099970,"uid":237087423,"user":"Freep_o_0_rn","name":"Freep_o_0_rn","role":"admin","chat":237087423,"cb_id":"1018282729488925907","msg_id":1270,"data":"cc:list","state":null}
{"t":"msg","ok":true,"ms":488,"req":"6438bbd7","bot":8304099970,"uid":237087423,"user":"Freep_o_0_rn","name":"Freep_o_0_rn","role":"admin","chat":237087423,"chat_type":"private","msg_id":1271,"kind":"text","text":"▶️ Старт","caption_len":0,"entities":0,"state":null}
{"t":"msg","ok":true,"ms":157,"req":"993ccfbf","bot":8304099970,"uid":237087423,"user":"Freep_o_0_rn","name":"Freep_o_0_rn","role":"admin","chat":237087423,"chat_type":"private","msg_id":1273,"kind":"text","text":"🛠 Техники","caption_len":0,"entities":0,"state":null}
{"t":"cb","ok":true,"ms":310,"req":"490cd9eb","bot":8304099970,"uid":237087423,"user":"Freep_o_0_rn","name":"Freep_o_0_rn","role":"admin","chat":237087423,"cb_id":"1018282732022253875","msg_id":1274,"data":"tc:list","state":null}
{"t":"cb","ok":true,"ms":309,"req":"1e069d82","bot":8304099970,"uid":237087423,"user":"Freep_o_0_rn","name":"Freep_o_0_rn","role":"admin","chat":237087423,"cb_id":"1018282728889836015","msg_id":1275,"data":"tc:list","state":null}
{"t":"cb","ok":true,"ms":512,"req":"b37f6c8e","bot":8304099970,"uid":237087423,"user":"Freep_o_0_rn","name":"Freep_o_0_rn","role":"admin","chat":237087423,"cb_id":"1018282731566901795","msg_id":1276,"data":"tc:new","state":"TechnicianStates:waiting_full_name"}
{"t":"msg","ok":true,"ms":316,"req":"93b32b91","bot":8304099970,"uid":237087423,"user":"Freep_o_0_rn","name":"Freep_o_0_rn","role":"admin","chat":237087423,"chat_type":"private","msg_id":1278,"kind":"text","text":"Поздняков Алексей","caption_len":0,"entities":0,"state":"TechnicianStates:waiting_phone"}
{"t":"msg","ok":true,"ms":154,"req":"d77d7f64","bot":8304099970,"uid":237087423,"user":"Freep_o_0_rn","name":"Freep_o_0_rn","role":"admin","chat":237087423,"chat_type":"private","msg_id":1280,"kind":"text","text":"+79133756611","caption_len":0,"entities":1,"state":"TechnicianStates:waiting_points"}
{"t":"msg","ok":true,"ms":387,"req":"af90bbd2","bot":8304099970,"uid":237087423,"user":"Freep_o_0_rn","name":"Freep_o_0_rn","role":"admin","chat":237087423,"chat_type":"private","msg_id":1282,"kind":"text","text":"-","caption_len":0,"entities":0,"state":null}
{"t":"cb","ok":true,"ms":307,"req":"6131393e","bot":8304099970,"uid":237087423,"user":"Freep_o_0_rn","name":"Freep_o_0_rn","role":"admin","chat":237087423,"cb_id":"1018282729047067101","msg_id":1284,"data":"tc:list","state":null}
{"t":"cb","ok":true,"ms":327,"req":"7687db5a","bot":8304099970,"uid":237087423,"user":"Freep_o_0_rn","name":"Freep_o_0_rn","role":"admin","chat":237087423,"cb_id":"1018282731466748859","msg_id":1285,"data":"tc:new","state":"TechnicianStates:waiting_full_name"}
{"t":"msg","ok":true,"ms":174,"req":"1fd95ea6","bot":8304099970,"uid":237087423,"user":"Freep_o_0_rn","name":"Freep_o_0_rn","role":"admin","chat":237087423,"chat_type":"private","msg_id":1287,"kind":"text","text":"Гусаров Вячеслав","caption_len":0,"entities":0,"state":"TechnicianStates:waiting_phone"}
{"t":"msg","ok":true,"ms":216,"req":"240621cf","bot":8304099970,"uid":237087423,"user":"Freep_o_0_rn","name":"Freep_o_0_rn","role":"admin","chat":237087423,"chat_type":"private","msg_id":1289,"kind":"text","text":"+79137404065","caption_len":0,"entities":1,"state":"TechnicianStates:waiting_points"}
{"t":"msg","ok":true,"ms":405,"req":"9352a6ad","bot":8304099970,"uid":237087423,"user":"Freep_o_0_rn","name":"Freep_o_0_rn","role":"admin","chat":237087423,"chat_type":"private","msg_id":1291,"kind":"text","text":"-","caption_len":0,"entities":0,"state":null}
{"t":"cb","ok":true,"ms":319,"req":"19188a39","bot":8304099970,"uid":237087423,"user":"Freep_o_0_rn","name":"Freep_o_0_rn","role":"admin","chat":237087423,"cb_id":"1018282729934287570","msg_id":1293,"data":"tc:list","state":null}
{"t":"cb","ok":true,"ms":328,"req":"a077c658","bot":8304099970,"uid":237087423,"user":"Freep_o_0_rn","name":"Freep_o_0_rn","role":"admin","chat":237087423,"cb_id":"1018282729883921052","msg_id":1294,"data":"tc:menu","state":null}
{"t":"cb","ok":true,"ms":475,"req":"3f9ac828","bot":8304099970,"uid":237087423,"user":"Freep_o_0_rn","name":"Freep_o_0_rn","role":"admin","chat":237087423,"cb_id":"1018282729774604382","msg_id":1295,"data":"menu:back","state":null}
{"t":"msg","ok":true,"ms":174,"req":"c86edb18","bot":8304099970,"uid":237087423,"user":"Freep_o_0_rn","name":"Freep_o_0_rn","role":"admin","chat":237087423,"chat_type":"private","msg_id":1297,"kind":"text","text":"🏢 Клиенты","caption_len":0,"entities":0,"state":null}
{"t":"cb","ok":true,"ms":319,"req":"fa5c4d3c","bot":8304099970,"uid":237087423,"user":"Freep_o_0_rn","name":"Freep_o_0_rn","role":"admin","chat":237087423,"cb_id":"1018282729429615641","msg_id":1298,"data":"cc:view:d632cf93-744a-4c7f-8d04-afafa06f714a","state":null}
{"t":"cb","ok":true,"ms":287,"req":"75f6bc37","bot":8304099970,"uid":237087423,"user":"Freep_o_0_rn","name":"Freep_o_0_rn","role":"admin","chat":237087423,"cb_id":"1018282731173580298","msg_id":1298,"data":"cc:list","state":null}
{"t":"cb","ok":true,"ms":306,"req":"737764a0","bot":8304099970,"uid":237087423,"user":"Freep_o_0_rn","name":"Freep_o_0_rn","role":"admin","chat":237087423,"cb_id":"1018282729998010559","msg_id":1298,"data":"cc:view:211eafca-4895-47e9-aa77-7bba459bb5c2","state":null}
{"t":"cb","ok":true,"ms":300,"req":"fe509740","bot":8304099970,"uid":237087423,"user":"Freep_o_0_rn","name":"Freep_o_0_rn","role":"admin","chat":237087423,"cb_id":"1018282732049969129","msg_id":1298,"data":"cc:edit:211eafca-4895-47e9-aa77-7bba459bb5c2","state":null}
{"t":"cb","ok":true,"ms":306,"req":"03e4ad9b","bot":8304099970,"uid":237087423,"user":"Freep_o_0_rn","name":"Freep_o_0_rn","role":"admin","chat":237087423,"cb_id":"1018282729539298410","msg_id":1299,"data":"cc:editfield:211eafca-4895-47e9-aa77-7bba459bb5c2:legal_form","state":"ClientCardStates:waiting_edit_value"}
{"t":"cb","ok":true,"ms":307,"req":"74199c8b","bot":8304099970,"uid":237087423,"user":"Freep_o_0_rn","name":"Freep_o_0_rn","role":"admin","chat":237087423,"cb_id":"1018282728260949655","msg_id":1299,"data":"cc:view:211eafca-4895-47e9-aa77-7bba459bb5c2","state":"ClientCardStates:waiting_edit_value"}
{"t":"cb","ok":true,"ms":306,"req":"b5ff86f7","bot":8304099970,"uid":237087423,"user":"Freep_o_0_rn","name":"Freep_o_0_rn","role":"admin","chat":237087423,"cb_id":"1018282728549187857","msg_id":1299,"data":"cc:list","state":"ClientCardStates:waiting_edit_value"}
{"t":"cb","ok":true,"ms":675,"req":"04f35094","bot":8304099970,"uid":237087423,"user":"Freep_o_0_rn","name":"Freep_o_0_rn","role":"admin","chat":237087423,"cb_id":"1018282730640436271","msg_id":1299,"data":"menu:back","state":"ClientCardStates:waiting_edit_value"}
{"t":"msg","ok":true,"ms":199,"req":"22e7a74a","bot":8304099970,"uid":237087423,"user":"Freep_o_0_rn","name":"Freep_o_0_rn","role":"admin","chat":237087423,"chat_type":"private","msg_id":1302,"kind":"text","text":"👥 Пользователи","caption_len":0,"entities":0,"state":"ClientCardStates:waiting_edit_value"}
{"t":"msg","ok":true,"ms":192,"req":"3b38daeb","bot":8304099970,"uid":237087423,"user":"Freep_o_0_rn","name":"Freep_o_0_rn","role":"admin","chat":237087423,"chat_type":"private","msg_id":1304,"kind":"text","text":"▶️ Старт","caption_len":0,"entities":0,"state":null}
{"t":"msg","ok":true,"ms":191,"req":"92f67913","bot":8304099970,"uid":237087423,"user":"Freep_o_0_rn","name":"Freep_o_0_rn","role":"admin","chat":237087423,"chat_type":"private","msg_id":1306,"kind":"text","text":"👥 Пользователи","caption_len":0,"entities":0,"state":null}
{"t":"msg","ok":true,"ms":461,"req":"66780305","bot":8304099970,"uid":237087423,"user":"Freep_o_0_rn","name":"Freep_o_0_rn","role":"admin","chat":237087423,"chat_type":"private","msg_id":1308,"kind":"text","text":"🏢 Клиенты","caption_len":0,"entities":0,"state":null}
{"t":"cb","ok":true,"ms":351,"req":"64fa1261","bot":8304099970,"uid":237087423,"user":"Freep_o_0_rn","name":"Freep_o_0_rn","role":"admin","chat":237087423,"cb_id":"1018282728093144674","msg_id":1309,"data":"cc:new","state":"ClientCardStates:waiting_legal_form"}
{"t":"cb","ok":true,"ms":290,"req":"f9df2007","bot":8304099970,"uid":237087423,"user":"Freep_o_0_rn","name":"Freep_o_0_rn","role":"admin","chat":237087423,"cb_id":"1018282729717198505","msg_id":1310,"data":"cc:lf:ИП","state":"ClientCardStates:waiting_legal_name"}
{"t":"msg","ok":true,"ms":148,"req":"5537ba48","bot":8304099970,"uid":237087423,"user":"Freep_o_0_rn","name":"Freep_o_0_rn","role":"admin","chat":237087423,"chat_type":"private","msg_id":1312,"kind":"text","text":"Тестовый","caption_len":0,"entities":0,"state":"ClientCardStates:waiting_store_name"}
{"t":"msg","ok":true,"ms":183,"req":"f18c6af7","bot":8304099970,"uid":237087423,"user":"Freep_o_0_rn","name":"Freep_o_0_rn","role":"admin","chat":237087423,"chat_type":"private","msg_id":1314,"kind":"text","text":"-","caption_len":0,"entities":0,"state":"ClientCardStates:waiting_store_name"}
{"t":"msg","ok":true,"ms":168,"req":"4e7788e6","bot":8304099970,"uid":237087423,"user":"Freep_o_0_rn","name":"Freep_o_0_rn","role":"admin","chat":237087423,"chat_type":"private","msg_id":1316,"kind":"text","text":"фыв","caption_len":0,"entities":0,"state":"ClientCardStates:waiting_address"}
{"t":"msg","ok":true,"ms":156,"req":"5acdef1c","bot":8304099970,"uid":237087423,"user":"Freep_o_0_rn","name":"Freep_o_0_rn","role":"admin","chat":237087423,"chat_type":"private","msg_id":1318,"kind":"text","text":"фыв","caption_len":0,"entities":0,"state":"ClientCardStates:waiting_address"}
{"t":"msg","ok":true,"ms":149,"req":"d10856ca","bot":8304099970,"uid":237087423,"user":"Freep_o_0_rn","name":"Freep_o_0_rn","role":"admin","chat":237087423,"chat_type":"private","msg_id":1320,"kind":"text","text":"фывывф","caption_len":0,"entities":0,"state":"ClientCardStates:waiting_overdue_days"}
{"t":"msg","ok":true,"ms":194,"req":"5287e4a4","bot":8304099970,"uid":237087423,"user":"Freep_o_0_rn","name":"Freep_o_0_rn","role":"admin","chat":237087423,"chat_type":"private","msg_id":1322,"kind":"text","text":"111","caption_len":0,"entities":0,"state":"ClientCardStates:waiting_contact_name"}
{"t":"msg","ok":true,"ms":190,"req":"e37d9145","bot":8304099970,"uid":237087423,"user":"Freep_o_0_rn","name":"Freep_o_0_rn","role":"admin","chat":237087423,"chat_type":"private","msg_id":1324,"kind":"text","text":"111","caption_len":0,"entities":0,"state":"ClientCardStates:waiting_contact_phone"}
{"t":"msg","ok":true,"ms":149,"req":"51df8efc","bot":8304099970,"uid":237087423,"user":"Freep_o_0_rn","name":"Freep_o_0_rn","role":"admin","chat":237087423,"chat_type":"private","msg_id":1326,"kind":"text","text":"+79990000000","caption_len":0,"entities":1,"state":"ClientCardStates:waiting_contact_position"}
{"t":"cb","ok":true,"ms":293,"req":"2528141f","bot":8304099970,"uid":237087423,"user":"Freep_o_0_rn","name":"Freep_o_0_rn","role":"admin","chat":237087423,"cb_id":"1018282732124267852","msg_id":1327,"data":"cc:pos:Директор","state":"ClientCardStates:waiting_more_contacts"}
{"t":"cb","ok":true,"ms":347,"req":"b41ed7ba","bot":8304099970,"uid":237087423,"user":"Freep_o_0_rn","name":"Freep_o_0_rn","role":"admin","chat":237087423,"cb_id":"1018282731861633082","msg_id":1328,"data":"cc:more:no","state":"ClientCardStates:waiting_technician_select"}
{"t":"cb","ok":true,"ms":281,"req":"cbc1dc24","bot":8304099970,"uid":237087423,"user":"Freep_o_0_rn","name":"Freep_o_0_rn","role":"admin","chat":237087423,"cb_id":"1018282731327866210","msg_id":1329,"data":"cc:tech:sel:36cc0b2e-6943-4c32-9d98-96bb424348c6","state":"ClientCardStates:waiting_sales_rep"}
{"t":"msg","ok":true,"ms":159,"req":"f360840c","bot":8304099970,"uid":237087423,"user":"Freep_o_0_rn","name":"Freep_o_0_rn","role":"admin","chat":237087423,"chat_type":"private","msg_id":1331,"kind":"text","text":"васечка","caption_len":0,"entities":0,"state":"ClientCardStates:waiting_network_name"}
{"t":"msg","ok":true,"ms":750,"req":"5c3926cf","bot":8304099970,"uid":237087423,"user":"Freep_o_0_rn","name":"Freep_o_0_rn","role":"admin","chat":237087423,"chat_type":"private","msg_id":1333,"kind":"text","text":"-","caption_len":0,"entities":0,"state":null}
{"t":"msg","ok":true,"ms":405,"req":"80d42c28","bot":8304099970,"uid":237087423,"user":"Freep_o_0_rn","name":"Freep_o_0_rn","role":"admin","chat":237087423,"chat_type":"private","msg_id":1336,"kind":"text","text":"▶️ Старт","caption_len":0,"entities":0,"state":null}
{"t":"msg","ok":true,"ms":153,"req":"adddef81","bot":8304099970,"uid":237087423,"user":"Freep_o_0_rn","name":"Freep_o_0_rn","role":"admin","chat":237087423,"chat_type":"private","msg_id":1338,"kind":"text","text":"🔎 Поиск тары","caption_len":0,"entities":0,"state":"SearchTaraStates:waiting_query"}
{"t":"msg","ok":true,"ms":2224,"req":"f4e5916c","bot":8304099970,"uid":237087423,"user":"Freep_o_0_rn","name":"Freep_o_0_rn","role":"admin","chat":237087423,"chat_type":"private","msg_id":1340,"kind":"text","text":"заря","caption_len":0,"entities":0,"state":null}
{"t":"msg","ok":true,"ms":154,"req":"7d4b420c","bot":8304099970,"uid":237087423,"user":"Freep_o_0_rn","name":"Freep_o_0_rn","role":"admin","chat":237087423,"chat_type":"private","msg_id":1343,"kind":"text","text":"🏢 Клиенты","caption_len":0,"entities":0,"state":null}
{"t":"cb","ok":true,"ms":287,"req":"33719f17","bot":8304099970,"uid":237087423,"user":"Freep_o_0_rn","name":"Freep_o_0_rn","role":"admin","chat":237087423,"cb_id":"1018282729241713380","msg_id":1344,"data":"cc:new","state":"ClientCardStates:waiting_legal_form"}
{"t":"cb","ok":true,"ms":275,"req":"57aae48a","bot":8304099970,"uid":237087423,"user":"Freep_o_0_rn","name":"Freep_o_0_rn","role":"admin","chat":237087423,"cb_id":"1018282730601658513","msg_id":1345,"data":"cc:lf:ООО","state":"ClientCardStates:waiting_legal_name"}
{"t":"msg","ok":true,"ms":190,"req":"e33d10a2","bot":8304099970,"uid":237087423,"user":"Freep_o_0_rn","name":"Freep_o_0_rn","role":"admin","chat":237087423,"chat_type":"private","msg_id":1347,"kind":"text","text":"ромашка","caption_len":0,"entities":0,"state":"ClientCardStates:waiting_store_name"}
{"t":"msg","ok":true,"ms":210,"req":"9160e945","bot":8304099970,"uid":237087423,"user":"Freep_o_0_rn","name":"Freep_o_0_rn","role":"admin","chat":237087423,"chat_type":"private","msg_id":1349,"kind":"text","text":"⏭ Пропустить","caption_len":0,"entities":0,"state":"ClientCardStates:waiting_address"}
{"t":"msg","ok":true,"ms":157,"req":"c5491e3c","bot":8304099970,"uid":237087423,"user":"Freep_o_0_rn","name":"Freep_o_0_rn","role":"admin","chat":237087423,"chat_type":"private","msg_id":1351,"kind":"text","text":"⏭ Пропустить","caption_len":0,"entities":0,"state":"ClientCardStates:waiting_overdue_days"}
{"t":"msg","ok":true,"ms":284,"req":"b08f6a82","bot":8304099970,"uid":237087423,"user":"Freep_o_0_rn","name":"Freep_o_0_rn","role":"admin","chat":237087423,"chat_type":"private","msg_id":1353,"kind":"text","text":"7","caption_len":0,"entities":0,"state":"ClientCardStates:waiting_contact_name"}
{"t":"msg","ok":true,"ms":295,"req":"b7c60346","bot":8304099970,"uid":237087423,"user":"Freep_o_0_rn","name":"Freep_o_0_rn","role":"admin","chat":237087423,"chat_type":"private","msg_id":1355,"kind":"text","text":"⏭ Пропустить","caption_len":0,"entities":0,"state":"ClientCardStates:waiting_technician_select"}
{"t":"cb","ok":true,"ms":318,"req":"b353a57b","bot":8304099970,"uid":237087423,"user":"Freep_o_0_rn","name":"Freep_o_0_rn","role":"admin","chat":237087423,"cb_id":"1018282731325189778","msg_id":1357,"data":"cc:tech:skip","state":"ClientCardStates:waiting_sales_rep"}
{"t":"msg","ok":true,"ms":155,"req":"1855db7e","bot":8304099970,"uid":237087423,"user":"Freep_o_0_rn","name":"Freep_o_0_rn","role":"admin","chat":237087423,"chat_type":"private","msg_id":1359,"kind":"text","text":"васек","caption_len":0,"entities":0,"state":"ClientCardStates:waiting_network_name"}
{"t":"msg","ok":true,"ms":316,"req":"efccbeca","bot":8304099970,"uid":237087423,"user":"Freep_o_0_rn","name":"Freep_o_0_rn","role":"admin","chat":237087423,"chat_type":"private","msg_id":1361,"kind":"text","text":"⏭ Пропустить","caption_len":0,"entities":0,"state":null}
{"t":"cb","ok":true,"ms":276,"req":"ea5196e9","bot":8304099970,"uid":237087423,"user":"Freep_o_0_rn","name":"Freep_o_0_rn","role":"admin","chat":237087423,"cb_id":"1018282731823859686","msg_id":1363,"data":"cc:edit:128067ed-24dd-4087-86bf-1fb0745a9c33","state":null}
{"t":"cb","ok":true,"ms":289,"req":"ef83a74e","bot":8304099970,"uid":237087423,"user":"Freep_o_0_rn","name":"Freep_o_0_rn","role":"admin","chat":237087423,"cb_id":"1018282730502534790","msg_id":1364,"data":"cc:view:128067ed-24dd-4087-86bf-1fb0745a9c33","state":null}
{"t":"cb","ok":true,"ms":271,"req":"d68432d3","bot":8304099970,"uid":237087423,"user":"Freep_o_0_rn","name":"Freep_o_0_rn","role":"admin","chat":237087423,"cb_id":"1018282730208765658","msg_id":1364,"data":"cc:list","state":null}
{"t":"cb","ok":true,"ms":577,"req":"5a434472","bot":8304099970,"uid":237087423,"user":"Freep_o_0_rn","name":"Freep_o_0_rn","role":"admin","chat":237087423,"cb_id":"1018282729010947210","msg_id":1364,"data":"menu:back","state":null}
{"t":"msg","ok":true,"ms":165,"req":"686e883b","bot":8304099970,"uid":237087423,"user":"Freep_o_0_rn","name":"Freep_o_0_rn","role":"admin","chat":237087423,"chat_type":"private","msg_id":1366,"kind":"text","text":"🏢 Клиенты","caption_len":0,"entities":0,"state":null}
{"t":"msg","ok":true,"ms":164,"req":"23be6ed6","bot":8304099970,"uid":237087423,"user":"Freep_o_0_rn","name":"Freep_o_0_rn","role":"admin","chat":237087423,"chat_type":"private","msg_id":1368,"kind":"text","text":"🛠 Техники","caption_len":0,"entities":0,"state":null}
{"t":"cb","ok":true,"ms":302,"req":"e99e7668","bot":8304099970,"uid":237087423,"user":"Freep_o_0_rn","name":"Freep_o_0_rn","role":"admin","chat":237087423,"cb_id":"1018282732313154097","msg_id":1369,"data":"tc:list","state":null}
{"t":"msg","ok":true,"ms":146,"req":"2822f96b","bot":8304099970,"uid":237087423,"user":"Freep_o_0_rn","name":"Freep_o_0_rn","role":"admin","chat":237087423,"chat_type":"private","msg_id":1371,"kind":"text","text":"🏢 Клиенты","caption_len":0,"entities":0,"state":null}
{"t":"cb","ok":true,"ms":275,"req":"c37963c0","bot":8304099970,"uid":237087423,"user":"Freep_o_0_rn","name":"Freep_o_0_rn","role":"admin","chat":237087423,"cb_id":"1018282731480341026","msg_id":1372,"data":"cc:view:b12aa194-951e-4c8f-b097-fafdc9b74eaf","state":null}
{"t":"cb","ok":true,"ms":276,"req":"4af08f0d","bot":8304099970,"uid":237087423,"user":"Freep_o_0_rn","name":"Freep_o_0_rn","role":"admin","chat":237087423,"cb_id":"1018282729393923622","msg_id":1372,"data":"cc:edit:b12aa194-951e-4c8f-b097-fafdc9b74eaf","state":null}
{"t":"msg","ok":true,"ms":452,"req":"723b8085","bot":8304099970,"uid":237087423,"user":"Freep_o_0_rn","name":"Freep_o_0_rn","role":"admin","chat":237087423,"chat_type":"private","msg_id":1374,"kind":"text","text":"👥 Пользователи","caption_len":0,"entities":0,"state":null}
{"t":"cb","ok":true,"ms":307,"req":"98fdbb9a","bot":8304099970,"uid":237087423,"user":"Freep_o_0_rn","name":"Freep_o_0_rn","role":"admin","chat":237087423,"cb_id":"1018282730487031503","msg_id":1375,"data":"usr:sel:727411283:0","state":null}
{"t":"cb","ok":true,"ms":502,"req":"0ab614be","bot":8304099970,"uid":237087423,"user":"Freep_o_0_rn","name":"Freep_o_0_rn","role":"admin","chat":237087423,"cb_id":"1018282730223033302","msg_id":1375,"data":"usr:block:727411283","state":null}
{"t":"cb","ok":true,"ms":462,"req":"9d3b6a37","bot":8304099970,"uid":237087423,"user":"Freep_o_0_rn","name":"Freep_o_0_rn","role":"admin","chat":237087423,"cb_id":"1018282731425914075","msg_id":1375,"data":"usr:unblock:727411283","state":null}
{"t":"msg","ok":true,"ms":159,"req":"51c707a8","bot":8304099970,"uid":1188061961,"user":"Re1ze_r","name":"Vadim BeerMarket","role":"sales_rep","chat":1188061961,"chat_type":"private","msg_id":1376,"kind":"text","text":"▶️ Старт","caption_len":0,"entities":0,"state":null}
{"t":"msg","ok":true,"ms":164,"req":"4eac7c91","bot":8304099970,"uid":1188061961,"user":"Re1ze_r","name":"Vadim BeerMarket","role":"sales_rep","chat":1188061961,"chat_type":"private","msg_id":1378,"kind":"text","text":"🏢 Клиенты","caption_len":0,"entities":0,"state":null}
{"t":"cb","ok":true,"ms":1982,"req":"dd159533","bot":8304099970,"uid":1188061961,"user":"Re1ze_r","name":"Vadim BeerMarket","role":"sales_rep","chat":1188061961,"cb_id":"5102687268156336180","msg_id":1379,"data":"cc:import:debt","state":null}
{"t":"cb","ok":true,"ms":460,"req":"11680788","bot":8304099970,"uid":1188061961,"user":"Re1ze_r","name":"Vadim BeerMarket","role":"sales_rep","chat":1188061961,"cb_id":"5102687269349629825","msg_id":1381,"data":"menu:back","state":null}
{"t":"msg","ok":true,"ms":171,"req":"f46cb9c6","bot":8304099970,"uid":1188061961,"user":"Re1ze_r","name":"Vadim BeerMarket","role":"sales_rep","chat":1188061961,"chat_type":"private","msg_id":1383,"kind":"text","text":"🏢 Клиенты","caption_len":0,"entities":0,"state":null}
{"t":"msg","ok":true,"ms":172,"req":"783124ff","bot":8304099970,"uid":237087423,"user":"Freep_o_0_rn","name":"Freep_o_0_rn","role":"admin","chat":237087423,"chat_type":"private","msg_id":1385,"kind":"text","text":"🏢 Клиенты","caption_len":0,"entities":0,"state":null}
{"t":"cb","ok":true,"ms":599,"req":"ae2de305","bot":8304099970,"uid":237087423,"user":"Freep_o_0_rn","name":"Freep_o_0_rn","role":"admin","chat":237087423,"cb_id":"1018282728650377108","msg_id":1386,"data":"menu:back","state":null}
{"t":"msg","ok":true,"ms":176,"req":"4b8796a2","bot":8304099970,"uid":237087423,"user":"Freep_o_0_rn","name":"Freep_o_0_rn","role":"admin","chat":237087423,"chat_type":"private","msg_id":1388,"kind":"text","text":"👥 Пользователи","caption_len":0,"entities":0,"state":null}
{"t":"msg","ok":true,"ms":162,"req":"faa2b2fd","bot":8304099970,"uid":237087423,"user":"Freep_o_0_rn","name":"Freep_o_0_rn","role":"admin","chat":237087423,"chat_type":"private","msg_id":1390,"kind":"text","text":"🏢 Клиенты","caption_len":0,"entities":0,"state":null}
{"t":"msg","ok":true,"ms":428,"req":"96d106b3","bot":8304099970,"uid":1188061961,"user":"Re1ze_r","name":"Vadim BeerMarket","role":"sales_rep","chat":1188061961,"chat_type":"private","msg_id":1392,"kind":"text","text":"▶️ Старт","caption_len":0,"entities":0,"state":null}
{"t":"msg","ok":true,"ms":184,"req":"42e99675","bot":8304099970,"uid":1188061961,"user":"Re1ze_r","name":"Vadim BeerMarket","role":"sales_rep","chat":1188061961,"chat_type":"private","msg_id":1394,"kind":"text","text":"🏢 Клиенты","caption_len":0,"entities":0,"state":null}
{"t":"cb","ok":true,"ms":507,"req":"9e74203f","bot":8304099970,"uid":1188061961,"user":"Re1ze_r","name":"Vadim BeerMarket","role":"sales_rep","chat":1188061961,"cb_id":"5102687268767928360","msg_id":1395,"data":"cc:import:debt","state":null}
{"t":"msg","ok":true,"ms":175,"req":"8ba97b05","bot":8304099970,"uid":237087423,"user":"Freep_o_0_rn","name":"Freep_o_0_rn","role":"admin","chat":237087423,"chat_type":"private","msg_id":1397,"kind":"text","text":"👥 Пользователи","caption_len":0,"entities":0,"state":null}
{"t":"cb","ok":true,"ms":295,"req":"4cb1d8ca","bot":8304099970,"uid":237087423,"user":"Freep_o_0_rn","name":"Freep_o_0_rn","role":"admin","chat":237087423,"cb_id":"1018282729235020620","msg_id":1398,"data":"usr:sel:1188061961:0","state":null}
{"t":"cb","ok":true,"ms":291,"req":"a13bb04a","bot":8304099970,"uid":237087423,"user":"Freep_o_0_rn","name":"Freep_o_0_rn","role":"admin","chat":237087423,"cb_id":"1018282728343492122","msg_id":1398,"data":"usr:editname:1188061961","state":"AdminUserEditStates:waiting_name"}
{"t":"msg","ok":true,"ms":153,"req":"f1c2aff7","bot":8304099970,"uid":237087423,"user":"Freep_o_0_rn","name":"Freep_o_0_rn","role":"admin","chat":237087423,"chat_type":"private","msg_id":1400,"kind":"text","text":"Воротников","caption_len":0,"entities":0,"state":null}
{"t":"msg","ok":true,"ms":157,"req":"37fa9f07","bot":8304099970,"uid":1188061961,"user":"Re1ze_r","name":"Vadim BeerMarket","role":"sales_rep","chat":1188061961,"chat_type":"private","msg_id":1402,"kind":"text","text":"🏢 Клиенты","caption_len":0,"entities":0,"state":null}
{"t":"cb","ok":true,"ms":448,"req":"887d7e6a","bot":8304099970,"uid":1188061961,"user":"Re1ze_r","name":"Vadim BeerMarket","role":"sales_rep","chat":1188061961,"cb_id":"5102687270508051147","msg_id":1403,"data":"cc:import:debt","state":null}
{"t":"msg","ok":true,"ms":167,"req":"f1825bed","bot":8304099970,"uid":237087423,"user":"Freep_o_0_rn","name":"Freep_o_0_rn","role":"admin","chat":237087423,"chat_type":"private","msg_id":1405,"kind":"text","text":"▶️ Старт","caption_len":0,"entities":0,"state":null}
{"t":"msg","ok":true,"ms":216,"req":"58764365","bot":8304099970,"uid":237087423,"user":"Freep_o_0_rn","name":"Freep_o_0_rn","role":"admin","chat":237087423,"chat_type":"private","msg_id":1407,"kind":"text","text":"🏢 Клиенты","caption_len":0,"entities":0,"state":null}
{"t":"cb","ok":true,"ms":359,"req":"15f34b6b","bot":8304099970,"uid":237087423,"user":"Freep_o_0_rn","name":"Freep_o_0_rn","role":"admin","chat":237087423,"cb_id":"1018282731346643550","msg_id":1408,"data":"cc:import:debt","state":null}
{"t":"msg","ok":true,"ms":402,"req":"f6ea1881","bot":8304099970,"uid":1188061961,"user":"Re1ze_r","name":"Vadim BeerMarket","role":"sales_rep","chat":1188061961,"chat_type":"private","msg_id":1410,"kind":"text","text":"🏢 Клиенты","caption_len":0,"entities":0,"state":null}
{"t":"cb","ok":true,"ms":2256,"req":"cdd8c521","bot":8304099970,"uid":1188061961,"user":"Re1ze_r","name":"Vadim BeerMarket","role":"sales_rep","chat":1188061961,"cb_id":"5102687268874863720","msg_id":1411,"data":"cc:import:debt","state":null}
{"t":"cb","ok":true,"ms":293,"req":"9cbd5621","bot":8304099970,"uid":1188061961,"user":"Re1ze_r","name":"Vadim BeerMarket","role":"sales_rep","chat":1188061961,"cb_id":"5102687271899783229","msg_id":1413,"data":"cc:list:1","state":null}
{"t":"cb","ok":true,"ms":532,"req":"ec1cf317","bot":8304099970,"uid":1188061961,"user":"Re1ze_r","name":"Vadim BeerMarket","role":"sales_rep","chat":1188061961,"cb_id":"5102687270255422786","msg_id":1413,"data":"menu:back","state":null}
{"t":"msg","ok":true,"ms":593,"req":"384ed46e","bot":8304099970,"uid":237087423,"user":"Freep_o_0_rn","name":"Freep_o_0_rn","role":"admin","chat":237087423,"chat_type":"private","msg_id":1416,"kind":"text","text":"👥 Пользователи","caption_len":0,"entities":0,"state":null}
{"t":"cb","ok":true,"ms":313,"req":"7e087392","bot":8304099970,"uid":237087423,"user":"Freep_o_0_rn","name":"Freep_o_0_rn","role":"admin","chat":237087423,"cb_id":"1018282728453491241","msg_id":1417,"data":"usr:sel:288807506:0","state":null}
{"t":"cb","ok":true,"ms":299,"req":"6d5b0a98","bot":8304099970,"uid":237087423,"user":"Freep_o_0_rn","name":"Freep_o_0_rn","role":"admin","chat":237087423,"cb_id":"1018282730846792482","msg_id":1417,"data":"usr:editname:288807506","state":"AdminUserEditStates:waiting_name"}
{"t":"msg","ok":true,"ms":211,"req":"3ac29b90","bot":8304099970,"uid":237087423,"user":"Freep_o_0_rn","name":"Freep_o_0_rn","role":"admin","chat":237087423,"chat_type":"private","msg_id":1419,"kind":"text","text":"Морозова","caption_len":0,"entities":0,"state":null}
{"t":"cb","ok":true,"ms":481,"req":"f15bdf36","bot":8304099970,"uid":237087423,"user":"Freep_o_0_rn","name":"Freep_o_0_rn","role":"admin","chat":237087423,"cb_id":"1018282728966430861","msg_id":1417,"data":"usr:setrole:288807506:client","state":null}
{"t":"cb","ok":true,"ms":483,"req":"4e2f5fc7","bot":8304099970,"uid":237087423,"user":"Freep_o_0_rn","name":"Freep_o_0_rn","role":"admin","chat":237087423,"cb_id":"1018282730161543390","msg_id":1417,"data":"usr:block:288807506","state":null}
{"t":"msg","ok":true,"ms":157,"req":"ff4a0784","bot":8304099970,"uid":288807506,"user":"Yudzhik","name":"Анка Евгеньевна Колягина","role":"client","chat":288807506,"chat_type":"private","msg_id":1421,"kind":"text","text":"▶️ Старт","caption_len":0,"entities":0,"state":null}
{"t":"cb","ok":true,"ms":416,"req":"12f06174","bot":8304099970,"uid":237087423,"user":"Freep_o_0_rn","name":"Freep_o_0_rn","role":"admin","chat":237087423,"cb_id":"1018282731751727309","msg_id":1417,"data":"usr:unblock:288807506","state":null}
{"t":"msg","ok":true,"ms":172,"req":"aa947f2b","bot":8304099970,"uid":288807506,"user":"Yudzhik","name":"Анка Евгеньевна Колягина","role":"client","chat":288807506,"chat_type":"private","msg_id":1423,"kind":"text","text":"▶️ Старт","caption_len":0,"entities":0,"state":null}
{"t":"msg","ok":true,"ms":157,"req":"e49a9629","bot":8304099970,"uid":288807506,"user":"Yudzhik","name":"Анка Евгеньевна Колягина","role":"client","chat":288807506,"chat_type":"private","msg_id":1425,"kind":"text","text":"🏢 Моя карточка","caption_len":0,"entities":0,"state":null}
{"t":"cb","ok":true,"ms":299,"req":"11392591","bot":8304099970,"uid":288807506,"user":"Yudzhik","name":"Анка Евгеньевна Колягина","role":"client","chat":288807506,"cb_id":"1240418796490558838","msg_id":1426,"data":"cc:view:44d9adf1-c490-45f8-861e-c9581a82200c","state":null}
{"t":"cb","ok":true,"ms":340,"req":"cf343b06","bot":8304099970,"uid":288807506,"user":"Yudzhik","name":"Анка Евгеньевна Колягина","role":"client","chat":288807506,"cb_id":"1240418796954745985","msg_id":1426,"data":"cc:list","state":null}
{"t":"msg","ok":true,"ms":439,"req":"dfd25eff","bot":8304099970,"uid":288807506,"user":"Yudzhik","name":"Анка Евгеньевна Колягина","role":"client","chat":288807506,"chat_type":"private","msg_id":1427,"kind":"text","text":"▶️ Старт","caption_len":0,"entities":0,"state":null}
{"t":"msg","ok":true,"ms":175,"req":"a64578e0","bot":8304099970,"uid":288807506,"user":"Yudzhik","name":"Анка Евгеньевна Колягина","role":"client","chat":288807506,"chat_type":"private","msg_id":1429,"kind":"text","text":"🏢 Моя карточка","caption_len":0,"entities":0,"state":null}
{"t":"cb","ok":true,"ms":141,"req":"2b2813ac","bot":8304099970,"uid":288807506,"user":"Yudzhik","name":"Анка Евгеньевна Колягина","role":"client","chat":288807506,"cb_id":"1240418796426056313","msg_id":1430,"data":"cc:import:debt","state":null}
{"t":"cb","ok":true,"ms":323,"req":"0ceb408c","bot":8304099970,"uid":288807506,"user":"Yudzhik","name":"Анка Евгеньевна Колягина","role":"client","chat":288807506,"cb_id":"1240418794829497370","msg_id":1430,"data":"cc:view:44d9adf1-c490-45f8-861e-c9581a82200c","state":null}
{"t":"msg","ok":true,"ms":187,"req":"3661ded1","bot":8304099970,"uid":288807506,"user":"Yudzhik","name":"Анка Евгеньевна Колягина","role":"client","chat":288807506,"chat_type":"private","msg_id":1431,"kind":"text","text":"▶️ Старт","caption_len":0,"entities":0,"state":null}
{"t":"msg","ok":true,"ms":181,"req":"ae1262bc","bot":8304099970,"uid":288807506,"user":"Yudzhik","name":"Анка Евгеньевна Колягина","role":"client","chat":288807506,"chat_type":"private","msg_id":1433,"kind":"text","text":"🏢 Моя карточка","caption_len":0,"entities":0,"state":null}
{"t":"cb","ok":true,"ms":515,"req":"df96c415","bot":8304099970,"uid":288807506,"user":"Yudzhik","name":"Анка Евгеньевна Колягина","role":"client","chat":288807506,"cb_id":"1240418793753329680","msg_id":1434,"data":"cc:view:44d9adf1-c490-45f8-861e-c9581a82200c","state":null}
{"t":"cb","ok":true,"ms":148,"req":"16009b6a","bot":8304099970,"uid":288807506,"user":"Yudzhik","name":"Анка Евгеньевна Колягина","role":"client","chat":288807506,"cb_id":"1240418793702606852","msg_id":1434,"data":"cc:edit:44d9adf1-c490-45f8-861e-c9581a82200c","state":null}
{"t":"msg","ok":true,"ms":485,"req":"0a045488","bot":8304099970,"uid":237087423,"user":"Freep_o_0_rn","name":"Freep_o_0_rn","role":"admin","chat":237087423,"chat_type":"private","msg_id":1436,"kind":"text","text":"▶️ Старт","caption_len":0,"entities":0,"state":null}
{"t":"msg","ok":true,"ms":151,"req":"1b7e002e","bot":8304099970,"uid":237087423,"user":"Freep_o_0_rn","name":"Freep_o_0_rn","role":"admin","chat":237087423,"chat_type":"private","msg_id":1438,"kind":"text","text":"👥 Пользователи","caption_len":0,"entities":0,"state":null}
{"t":"cb","ok":true,"ms":273,"req":"ab93537d","bot":8304099970,"uid":237087423,"user":"Freep_o_0_rn","name":"Freep_o_0_rn","role":"admin","chat":237087423,"cb_id":"1018282728732132217","msg_id":1439,"data":"usr:sel:1153611285:0","state":null}
{"t":"cb","ok":true,"ms":300,"req":"6567f46a","bot":8304099970,"uid":237087423,"user":"Freep_o_0_rn","name":"Freep_o_0_rn","role":"admin","chat":237087423,"cb_id":"1018282728896922484","msg_id":1439,"data":"usr:list:0","state":null}
{"t":"cb","ok":true,"ms":378,"req":"6c8f7b3e","bot":8304099970,"uid":237087423,"user":"Freep_o_0_rn","name":"Freep_o_0_rn","role":"admin","chat":237087423,"cb_id":"1018282730305694023","msg_id":1439,"data":"usr:sel:1188061961:0","state":null}
{"t":"cb","ok":true,"ms":412,"req":"9aee9e48","bot":8304099970,"uid":237087423,"user":"Freep_o_0_rn","name":"Freep_o_0_rn","role":"admin","chat":237087423,"cb_id":"1018282729958555288","msg_id":1439,"data":"usr:del:1188061961:0","state":"AdminUserEditStates:waiting_delete_confirm"}
{"t":"cb","ok":true,"ms":301,"req":"83b4aad7","bot":8304099970,"uid":237087423,"user":"Freep_o_0_rn","name":"Freep_o_0_rn","role":"admin","chat":237087423,"cb_id":"1018282731845676180","msg_id":1440,"data":"usr:confirm_del:yes","state":null}
{"t":"msg","ok":true,"ms":160,"req":"ca270d53","bot":8304099970,"uid":1188061961,"user":"Re1ze_r","name":"Vadim BeerMarket","role":"client","chat":1188061961,"chat_type":"private","msg_id":1442,"kind":"text","text":"▶️ Старт","caption_len":0,"entities":0,"state":"OnboardStates:waiting_phone_contact"}
{"t":"msg","ok":true,"ms":332,"req":"28c3ebf6","bot":8304099970,"uid":1188061961,"user":"Re1ze_r","name":"Vadim BeerMarket","role":"client","chat":1188061961,"chat_type":"private","msg_id":1444,"kind":"contact","text":"","caption_len":0,"entities":0,"state":"OnboardStates:waiting_client_name"}
{"t":"msg","ok":true,"ms":352,"req":"50ad94ae","bot":8304099970,"uid":1188061961,"user":"Re1ze_r","name":"Vadim BeerMarket","role":"client","chat":1188061961,"chat_type":"private","msg_id":1447,"kind":"text","text":"Воротников","caption_len":0,"entities":0,"state":null}
{"t":"cb","ok":true,"ms":726,"req":"b96fb1f5","bot":8304099970,"uid":237087423,"user":"Freep_o_0_rn","name":"Freep_o_0_rn","role":"admin","chat":237087423,"cb_id":"1018282728553290986","msg_id":1441,"data":"menu:back","state":null}
{"t":"msg","ok":true,"ms":154,"req":"13674d6a","bot":8304099970,"uid":237087423,"user":"Freep_o_0_rn","name":"Freep_o_0_rn","role":"admin","chat":237087423,"chat_type":"private","msg_id":1451,"kind":"text","text":"👥 Пользователи","caption_len":0,"entities":0,"state":null}
{"t":"cb","ok":true,"ms":343,"req":"a71f30d0","bot":8304099970,"uid":237087423,"user":"Freep_o_0_rn","name":"Freep_o_0_rn","role":"admin","chat":237087423,"cb_id":"1018282728747016614","msg_id":1452,"data":"usr:sel:750420118:0","state":null}
{"t":"cb","ok":true,"ms":476,"req":"429a88ce","bot":8304099970,"uid":237087423,"user":"Freep_o_0_rn","name":"Freep_o_0_rn","role":"admin","chat":237087423,"cb_id":"1018282728915960207","msg_id":1452,"data":"usr:auth:750420118:0","state":null}
{"t":"cb","ok":true,"ms":551,"req":"264ee673","bot":8304099970,"uid":237087423,"user":"Freep_o_0_rn","name":"Freep_o_0_rn","role":"admin","chat":237087423,"cb_id":"1018282728267214996","msg_id":1452,"data":"usr:auth:750420118:0","state":null}
{"t":"cb","ok":true,"ms":480,"req":"964be153","bot":8304099970,"uid":237087423,"user":"Freep_o_0_rn","name":"Freep_o_0_rn","role":"admin","chat":237087423,"cb_id":"1018282730988766906","msg_id":1452,"data":"usr:auth:750420118:0","state":null}
{"t":"msg","ok":true,"ms":181,"req":"08c0a0eb","bot":8304099970,"uid":237087423,"user":"Freep_o_0_rn","name":"Freep_o_0_rn","role":"admin","chat":237087423,"chat_type":"private","msg_id":1453,"kind":"text","text":"▶️ Старт","caption_len":0,"entities":0,"state":null}
{"t":"msg","ok":true,"ms":464,"req":"c2ae5f2a","bot":8304099970,"uid":237087423,"user":"Freep_o_0_rn","name":"Freep_o_0_rn","role":"admin","chat":237087423,"chat_type":"private","msg_id":1455,"kind":"text","text":"▶️ Старт","caption_len":0,"entities":0,"state":null}
{"t":"msg","ok":true,"ms":532,"req":"d1af8137","bot":8304099970,"uid":237087423,"user":"Freep_o_0_rn","name":"Freep_o_0_rn","role":"admin","chat":237087423,"chat_type":"private","msg_id":1457,"kind":"text","text":"/bakalar","caption_len":0,"entities":1,"state":null}
{"t":"msg","ok":true,"ms":151,"req":"7000936e","bot":8304099970,"uid":237087423,"user":"Freep_o_0_rn","name":"Freep_o_0_rn","role":"admin","chat":237087423,"chat_type":"private","msg_id":1459,"kind":"text","text":"🔎 Поиск","caption_len":0,"entities":0,"state":"SearchStates:waiting_query"}
{"t":"msg","ok":true,"ms":2121,"req":"f1de9a3b","bot":8304099970,"uid":237087423,"user":"Freep_o_0_rn","name":"Freep_o_0_rn","role":"admin","chat":237087423,"chat_type":"private","msg_id":1461,"kind":"text","text":"Виса","caption_len":0,"entities":0,"state":null}
{"t":"msg","ok":true,"ms":152,"req":"1b7f4863","bot":8304099970,"uid":237087423,"user":"Freep_o_0_rn","name":"Freep_o_0_rn","role":"admin","chat":237087423,"chat_type":"private","msg_id":1467,"kind":"text","text":"🔎 Поиск","caption_len":0,"entities":0,"state":"SearchStates:waiting_query"}
{"t":"msg","ok":true,"ms":2364,"req":"47ba8f11","bot":8304099970,"uid":237087423,"user":"Freep_o_0_rn","name":"Freep_o_0_rn","role":"admin","chat":237087423,"chat_type":"private","msg_id":1469,"kind":"text","text":"Заря","caption_len":0,"entities":0,"state":null}
{"t":"msg","ok":true,"ms":166,"req":"6258168e","bot":8304099970,"uid":237087423,"user":"Freep_o_0_rn","name":"Freep_o_0_rn","role":"admin","chat":237087423,"chat_type":"private","msg_id":1477,"kind":"text","text":"⚙️ Отсрочки","caption_len":0,"entities":0,"state":null}
{"t":"cb","ok":true,"ms":462,"req":"87211aae","bot":8304099970,"uid":237087423,"user":"Freep_o_0_rn","name":"Freep_o_0_rn","role":"admin","chat":237087423,"cb_id":"1018282730202912235","msg_id":1478,"data":"od:list","state":null}
{"t":"cb","ok":true,"ms":1656,"req":"7d198ee5","bot":8304099970,"uid":237087423,"user":"Freep_o_0_rn","name":"Freep_o_0_rn","role":"admin","chat":237087423,"cb_id":"1018282730441006123","msg_id":1478,"data":"od:edit","state":null}
{"t":"cb","ok":true,"ms":1703,"req":"269b8eca","bot":8304099970,"uid":237087423,"user":"Freep_o_0_rn","name":"Freep_o_0_rn","role":"admin","chat":237087423,"cb_id":"1018282730970817808","msg_id":1478,"data":"od:pick:1","state":null}
{"t":"cb","ok":true,"ms":1650,"req":"a0a4783e","bot":8304099970,"uid":237087423,"user":"Freep_o_0_rn","name":"Freep_o_0_rn","role":"admin","chat":237087423,"cb_id":"1018282731449976327","msg_id":1478,"data":"od:pick:2","state":null}
{"t":"cb","ok":true,"ms":753,"req":"aed6e7bc","bot":8304099970,"uid":237087423,"user":"Freep_o_0_rn","name":"Freep_o_0_rn","role":"admin","chat":237087423,"cb_id":"1018282729420715550","msg_id":1478,"data":"menu:back","state":null}
{"t":"msg","ok":true,"ms":194,"req":"f98bda3e","bot":8304099970,"uid":237087423,"user":"Freep_o_0_rn","name":"Freep_o_0_rn","role":"admin","chat":237087423,"chat_type":"private","msg_id":1480,"kind":"text","text":"⚙️ Отсрочки","caption_len":0,"entities":0,"state":null}
{"t":"cb","ok":true,"ms":315,"req":"dab62ffa","bot":8304099970,"uid":237087423,"user":"Freep_o_0_rn","name":"Freep_o_0_rn","role":"admin","chat":237087423,"cb_id":"1018282729103987359","msg_id":1481,"data":"od:add","state":"OverdueSetStates:waiting_key"}
{"t":"msg","ok":true,"ms":165,"req":"a8182b43","bot":8304099970,"uid":237087423,"user":"Freep_o_0_rn","name":"Freep_o_0_rn","role":"admin","chat":237087423,"chat_type":"private","msg_id":1482,"kind":"text","text":"Морозова Оксана Владимировна","caption_len":0,"entities":0,"state":"OverdueSetStates:waiting_days"}
{"t":"msg","ok":true,"ms":182,"req":"85401c73","bot":8304099970,"uid":237087423,"user":"Freep_o_0_rn","name":"Freep_o_0_rn","role":"admin","chat":237087423,"chat_type":"private","msg_id":1484,"kind":"text","text":"14","caption_len":0,"entities":0,"state":null}
{"t":"msg","ok":true,"ms":170,"req":"ac563e32","bot":8304099970,"uid":237087423,"user":"Freep_o_0_rn","name":"Freep_o_0_rn","role":"admin","chat":237087423,"chat_type":"private","msg_id":1486,"kind":"text","text":"⚙️ Отсрочки","caption_len":0,"entities":0,"state":null}
{"t":"cb","ok":true,"ms":511,"req":"0d1fa8a4","bot":8304099970,"uid":237087423,"user":"Freep_o_0_rn","name":"Freep_o_0_rn","role":"admin","chat":237087423,"cb_id":"1018282728346887470","msg_id":1487,"data":"od:list","state":null}
{"t":"cb","ok":true,"ms":452,"req":"17dfdd73","bot":8304099970,"uid":237087423,"user":"Freep_o_0_rn","name":"Freep_o_0_rn","role":"admin","chat":237087423,"cb_id":"1018282730956842358","msg_id":1487,"data":"menu:back","state":null}
{"t":"msg","ok":true,"ms":159,"req":"5b77837f","bot":8304099970,"uid":237087423,"user":"Freep_o_0_rn","name":"Freep_o_0_rn","role":"admin","chat":237087423,"chat_type":"private","msg_id":1489,"kind":"text","text":"🏢 Клиенты","caption_len":0,"entities":0,"state":null}
{"t":"cb","ok":true,"ms":320,"req":"4d8ccecd","bot":8304099970,"uid":237087423,"user":"Freep_o_0_rn","name":"Freep_o_0_rn","role":"admin","chat":237087423,"cb_id":"1018282730544631633","msg_id":1490,"data":"cc:view:ecd584db-50d3-49bb-8a19-e0997ea26613","state":null}
{"t":"cb","ok":true,"ms":312,"req":"cac3107a","bot":8304099970,"uid":237087423,"user":"Freep_o_0_rn","name":"Freep_o_0_rn","role":"admin","chat":237087423,"cb_id":"1018282729330373886","msg_id":1490,"data":"cc:edit:ecd584db-50d3-49bb-8a19-e0997ea26613","state":null}
{"t":"cb","ok":false,"ms":174,"req":"520058d9","bot":8304099970,"uid":237087423,"user":"Freep_o_0_rn","name":"Freep_o_0_rn","role":"admin","chat":237087423,"cb_id":"1018282729537609334","msg_id":1491,"data":"cc:edittech:ecd584db-50d3-49bb-8a19-e0997ea26613","state":null}
{"t":"error","req":"520058d9","exc":"TelegramBadRequest: Telegram server says - Bad Request: BUTTON_DATA_INVALID"}
{"t":"cb","ok":true,"ms":332,"req":"48c90ed5","bot":8304099970,"uid":237087423,"user":"Freep_o_0_rn","name":"Freep_o_0_rn","role":"admin","chat":237087423,"cb_id":"1018282729490218256","msg_id":1491,"data":"cc:editfield:ecd584db-50d3-49bb-8a19-e0997ea26613:sales_rep_name","state":"ClientCardStates:waiting_edit_value"}
{"t":"cb","ok":true,"ms":282,"req":"592b5319","bot":8304099970,"uid":237087423,"user":"Freep_o_0_rn","name":"Freep_o_0_rn","role":"admin","chat":237087423,"cb_id":"1018282730916586762","msg_id":1491,"data":"cc:view:ecd584db-50d3-49bb-8a19-e0997ea26613","state":"ClientCardStates:waiting_edit_value"}
{"t":"cb","ok":true,"ms":361,"req":"e977f95e","bot":8304099970,"uid":237087423,"user":"Freep_o_0_rn","name":"Freep_o_0_rn","role":"admin","chat":237087423,"cb_id":"1018282732189272602","msg_id":1491,"data":"cc:edit:ecd584db-50d3-49bb-8a19-e0997ea26613","state":null}
{"t":"cb","ok":true,"ms":276,"req":"85744bbb","bot":8304099970,"uid":237087423,"user":"Freep_o_0_rn","name":"Freep_o_0_rn","role":"admin","chat":237087423,"cb_id":"1018282730727709325","msg_id":1493,"data":"cc:editfield:ecd584db-50d3-49bb-8a19-e0997ea26613:sales_rep_name","state":"ClientCardStates:waiting_edit_value"}
{"t":"msg","ok":true,"ms":333,"req":"83d0121a","bot":8304099970,"uid":237087423,"user":"Freep_o_0_rn","name":"Freep_o_0_rn","role":"admin","chat":237087423,"chat_type":"private","msg_id":1496,"kind":"text","text":"Колягин","caption_len":0,"entities":0,"state":null}
{"t":"cb","ok":true,"ms":357,"req":"24f80902","bot":8304099970,"uid":237087423,"user":"Freep_o_0_rn","name":"Freep_o_0_rn","role":"admin","chat":237087423,"cb_id":"1018282731544410051","msg_id":1498,"data":"cc:list","state":null}
{"t":"cb","ok":true,"ms":2809,"req":"d7cd8b47","bot":8304099970,"uid":237087423,"user":"Freep_o_0_rn","name":"Freep_o_0_rn","role":"admin","chat":237087423,"cb_id":"1018282732136253388","msg_id":1498,"data":"cc:import:debt","state":null}
{"t":"cb","ok":true,"ms":306,"req":"b01a3667","bot":8304099970,"uid":237087423,"user":"Freep_o_0_rn","name":"Freep_o_0_rn","role":"admin","chat":237087423,"cb_id":"1018282730838891333","msg_id":1500,"data":"cc:view:ecd584db-50d3-49bb-8a19-e0997ea26613","state":null}
{"t":"cb","ok":true,"ms":313,"req":"09adb71f","bot":8304099970,"uid":237087423,"user":"Freep_o_0_rn","name":"Freep_o_0_rn","role":"admin","chat":237087423,"cb_id":"1018282730759022248","msg_id":1500,"data":"cc:edit:ecd584db-50d3-49bb-8a19-e0997ea26613","state":null}
{"t":"cb","ok":true,"ms":299,"req":"82657642","bot":8304099970,"uid":237087423,"user":"Freep_o_0_rn","name":"Freep_o_0_rn","role":"admin","chat":237087423,"cb_id":"1018282729581169344","msg_id":1501,"data":"cc:editfield:ecd584db-50d3-49bb-8a19-e0997ea26613:sales_rep_name","state":"ClientCardStates:waiting_edit_value"}
{"t":"msg","ok":true,"ms":308,"req":"f4ae5c8e","bot":8304099970,"uid":237087423,"user":"Freep_o_0_rn","name":"Freep_o_0_rn","role":"admin","chat":237087423,"chat_type":"private","msg_id":1503,"kind":"text","text":"Воротников Д","caption_len":0,"entities":0,"state":null}
{"t":"msg","ok":true,"ms":459,"req":"7c2458fb","bot":8304099970,"uid":237087423,"user":"Freep_o_0_rn","name":"Freep_o_0_rn","role":"admin","chat":237087423,"chat_type":"private","msg_id":1506,"kind":"text","text":"🏢 Клиенты","caption_len":0,"entities":0,"state":null}
{"t":"cb","ok":true,"ms":411,"req":"bf0bbc2f","bot":8304099970,"uid":237087423,"user":"Freep_o_0_rn","name":"Freep_o_0_rn","role":"admin","chat":237087423,"cb_id":"1018282730183979039","msg_id":1507,"data":"cc:view:2ffc3441-dd6c-4f16-afc8-8d8a0654af0f","state":null}
{"t":"cb","ok":true,"ms":473,"req":"789fa2e9","bot":8304099970,"uid":237087423,"user":"Freep_o_0_rn","name":"Freep_o_0_rn","role":"admin","chat":237087423,"cb_id":"1018282730163499544","msg_id":1507,"data":"cc:edit:2ffc3441-dd6c-4f16-afc8-8d8a0654af0f","state":null}
{"t":"cb","ok":true,"ms":417,"req":"d4ba9aab","bot":8304099970,"uid":237087423,"user":"Freep_o_0_rn","name":"Freep_o_0_rn","role":"admin","chat":237087423,"cb_id":"1018282732010461523","msg_id":1508,"data":"cc:edittech:2ffc3441-dd6c-4f16-afc8-8d8a0654af0f","state":null}
{"t":"cb","ok":true,"ms":133,"req":"4f3216dd","bot":8304099970,"uid":237087423,"user":"Freep_o_0_rn","name":"Freep_o_0_rn","role":"admin","chat":237087423,"cb_id":"1018282731385223649","msg_id":1509,"data":"cc:edittechsel:f152491c-8747-42e1-a611-aa8080f7ab55","state":null}
{"t":"cb","ok":true,"ms":313,"req":"1e693ca5","bot":8304099970,"uid":237087423,"user":"Freep_o_0_rn","name":"Freep_o_0_rn","role":"admin","chat":237087423,"cb_id":"1018282729713751578","msg_id":1509,"data":"cc:view:2ffc3441-dd6c-4f16-afc8-8d8a0654af0f","state":null}
{"t":"cb","ok":true,"ms":302,"req":"9f60c0bf","bot":8304099970,"uid":237087423,"user":"Freep_o_0_rn","name":"Freep_o_0_rn","role":"admin","chat":237087423,"cb_id":"1018282728942086091","msg_id":1509,"data":"cc:edit:2ffc3441-dd6c-4f16-afc8-8d8a0654af0f","state":null}
{"t":"cb","ok":true,"ms":293,"req":"1a136996","bot":8304099970,"uid":237087423,"user":"Freep_o_0_rn","name":"Freep_o_0_rn","role":"admin","chat":237087423,"cb_id":"1018282732067462815","msg_id":1510,"data":"cc:edittech:2ffc3441-dd6c-4f16-afc8-8d8a0654af0f","state":null}
{"t":"cb","ok":true,"ms":165,"req":"e49857c0","bot":8304099970,"uid":237087423,"user":"Freep_o_0_rn","name":"Freep_o_0_rn","role":"admin","chat":237087423,"cb_id":"1018282728525586718","msg_id":1511,"data":"cc:edittechsel:f152491c-8747-42e1-a611-aa8080f7ab55","state":null}
{"t":"msg","ok":true,"ms":419,"req":"8ee953e2","bot":8304099970,"uid":237087423,"user":"Freep_o_0_rn","name":"Freep_o_0_rn","role":"admin","chat":237087423,"chat_type":"private","msg_id":1512,"kind":"text","text":"👥 Пользователи","caption_len":0,"entities":0,"state":null}
{"t":"cb","ok":true,"ms":299,"req":"b8268b66","bot":8304099970,"uid":237087423,"user":"Freep_o_0_rn","name":"Freep_o_0_rn","role":"admin","chat":237087423,"cb_id":"1018282730214349958","msg_id":1513,"data":"usr:sel:1153611285:0","state":null}
{"t":"msg","ok":true,"ms":174,"req":"4adb744b","bot":8304099970,"uid":237087423,"user":"Freep_o_0_rn","name":"Freep_o_0_rn","role":"admin","chat":237087423,"chat_type":"private","msg_id":1514,"kind":"text","text":"🏢 Клиенты","caption_len":0,"entities":0,"state":null}
{"t":"cb","ok":true,"ms":307,"req":"29c437c0","bot":8304099970,"uid":237087423,"user":"Freep_o_0_rn","name":"Freep_o_0_rn","role":"admin","chat":237087423,"cb_id":"1018282730004770688","msg_id":1515,"data":"cc:list:1","state":null}
{"t":"cb","ok":true,"ms":281,"req":"9efea09e","bot":8304099970,"uid":237087423,"user":"Freep_o_0_rn","name":"Freep_o_0_rn","role":"admin","chat":237087423,"cb_id":"1018282730135176276","msg_id":1515,"data":"cc:view:81295766-b876-4398-8f47-58e62fcf087b","state":null}
{"t":"cb","ok":true,"ms":351,"req":"c9a9fce7","bot":8304099970,"uid":237087423,"user":"Freep_o_0_rn","name":"Freep_o_0_rn","role":"admin","chat":237087423,"cb_id":"1018282730495079907","msg_id":1515,"data":"cc:edit:81295766-b876-4398-8f47-58e62fcf087b","state":null}
{"t":"cb","ok":true,"ms":309,"req":"95220def","bot":8304099970,"uid":237087423,"user":"Freep_o_0_rn","name":"Freep_o_0_rn","role":"admin","chat":237087423,"cb_id":"1018282731130341145","msg_id":1516,"data":"cc:edittech:81295766-b876-4398-8f47-58e62fcf087b","state":null}
{"t":"cb","ok":true,"ms":187,"req":"e312bdf4","bot":8304099970,"uid":237087423,"user":"Freep_o_0_rn","name":"Freep_o_0_rn","role":"admin","chat":237087423,"cb_id":"1018282730014980057","msg_id":1517,"data":"cc:edittechsel:36cc0b2e-6943-4c32-9d98-96bb424348c6","state":null}
{"t":"msg","ok":true,"ms":423,"req":"fb1a750d","bot":8304099970,"uid":237087423,"user":"Freep_o_0_rn","name":"Freep_o_0_rn","role":"admin","chat":237087423,"chat_type":"private","msg_id":1518,"kind":"text","text":"🏢 Клиенты","caption_len":0,"entities":0,"state":null}
{"t":"cb","ok":true,"ms":313,"req":"79303252","bot":8304099970,"uid":237087423,"user":"Freep_o_0_rn","name":"Freep_o_0_rn","role":"admin","chat":237087423,"cb_id":"1018282729000805617","msg_id":1519,"data":"cc:view:d632cf93-744a-4c7f-8d04-afafa06f714a","state":null}
{"t":"cb","ok":true,"ms":306,"req":"3ab0d6cb","bot":8304099970,"uid":237087423,"user":"Freep_o_0_rn","name":"Freep_o_0_rn","role":"admin","chat":237087423,"cb_id":"1018282729398255058","msg_id":1519,"data":"cc:edit:d632cf93-744a-4c7f-8d04-afafa06f714a","state":null}
{"t":"cb","ok":true,"ms":317,"req":"7a7dddad","bot":8304099970,"uid":237087423,"user":"Freep_o_0_rn","name":"Freep_o_0_rn","role":"admin","chat":237087423,"cb_id":"1018282730087327236","msg_id":1520,"data":"cc:edittech:d632cf93-744a-4c7f-8d04-afafa06f714a","state":null}
{"t":"cb","ok":true,"ms":135,"req":"2a6988de","bot":8304099970,"uid":237087423,"user":"Freep_o_0_rn","name":"Freep_o_0_rn","role":"admin","chat":237087423,"cb_id":"1018282729588391234","msg_id":1521,"data":"cc:edittechsel:36cc0b2e-6943-4c32-9d98-96bb424348c6","state":null}
{"t":"msg","ok":true,"ms":442,"req":"3c78eb51","bot":8304099970,"uid":237087423,"user":"Freep_o_0_rn","name":"Freep_o_0_rn","role":"admin","chat":237087423,"chat_type":"private","msg_id":1522,"kind":"text","text":"🏢 Клиенты","caption_len":0,"entities":0,"state":null}
{"t":"cb","ok":true,"ms":276,"req":"2ec464c9","bot":8304099970,"uid":237087423,"user":"Freep_o_0_rn","name":"Freep_o_0_rn","role":"admin","chat":237087423,"cb_id":"1018282730029107949","msg_id":1523,"data":"cc:view:d632cf93-744a-4c7f-8d04-afafa06f714a","state":null}
{"t":"cb","ok":true,"ms":297,"req":"63b769ea","bot":8304099970,"uid":237087423,"user":"Freep_o_0_rn","name":"Freep_o_0_rn","role":"admin","chat":237087423,"cb_id":"1018282731495395402","msg_id":1523,"data":"cc:edit:d632cf93-744a-4c7f-8d04-afafa06f714a","state":null}
{"t":"cb","ok":true,"ms":301,"req":"8a4dc097","bot":8304099970,"uid":237087423,"user":"Freep_o_0_rn","name":"Freep_o_0_rn","role":"admin","chat":237087423,"cb_id":"1018282728311056178","msg_id":1524,"data":"cc:edittech:d632cf93-744a-4c7f-8d04-afafa06f714a","state":null}
{"t":"cb","ok":true,"ms":166,"req":"2c546091","bot":8304099970,"uid":237087423,"user":"Freep_o_0_rn","name":"Freep_o_0_rn","role":"admin","chat":237087423,"cb_id":"1018282731587665784","msg_id":1525,"data":"cc:edittechsel:36cc0b2e-6943-4c32-9d98-96bb424348c6","state":null}
{"t":"msg","ok":true,"ms":440,"req":"057ddf62","bot":8304099970,"uid":237087423,"user":"Freep_o_0_rn","name":"Freep_o_0_rn","role":"admin","chat":237087423,"chat_type":"private","msg_id":1526,"kind":"text","text":"🏢 Клиенты","caption_len":0,"entities":0,"state":null}
{"t":"cb","ok":true,"ms":289,"req":"cbe54533","bot":8304099970,"uid":237087423,"user":"Freep_o_0_rn","name":"Freep_o_0_rn","role":"admin","chat":237087423,"cb_id":"1018282730861247597","msg_id":1527,"data":"cc:view:d632cf93-744a-4c7f-8d04-afafa06f714a","state":null}
{"t":"cb","ok":true,"ms":281,"req":"58d83d4d","bot":8304099970,"uid":237087423,"user":"Freep_o_0_rn","name":"Freep_o_0_rn","role":"admin","chat":237087423,"cb_id":"1018282729715276841","msg_id":1527,"data":"cc:edit:d632cf93-744a-4c7f-8d04-afafa06f714a","state":null}
{"t":"cb","ok":false,"ms":146,"req":"8d0275f7","bot":8304099970,"uid":237087423,"user":"Freep_o_0_rn","name":"Freep_o_0_rn","role":"admin","chat":237087423,"cb_id":"1018282729423415729","msg_id":1528,"data":"cc:edittech:d632cf93-744a-4c7f-8d04-afafa06f714a","state":null}
{"t":"error","req":"8d0275f7","exc":"TelegramBadRequest: Telegram server says - Bad Request: BUTTON_DATA_INVALID"}
{"t":"msg","ok":true,"ms":434,"req":"b87b6c7b","bot":8304099970,"uid":237087423,"user":"Freep_o_0_rn","name":"Freep_o_0_rn","role":"admin","chat":237087423,"chat_type":"private","msg_id":1529,"kind":"text","text":"▶️ Старт","caption_len":0,"entities":0,"state":null}
{"t":"msg","ok":true,"ms":155,"req":"fe7ee724","bot":8304099970,"uid":237087423,"user":"Freep_o_0_rn","name":"Freep_o_0_rn","role":"admin","chat":237087423,"chat_type":"private","msg_id":1531,"kind":"text","text":"🏢 Клиенты","caption_len":0,"entities":0,"state":null}
{"t":"cb","ok":true,"ms":270,"req":"09aaa5f4","bot":8304099970,"uid":237087423,"user":"Freep_o_0_rn","name":"Freep_o_0_rn","role":"admin","chat":237087423,"cb_id":"1018282730888515965","msg_id":1532,"data":"cc:view:d632cf93-744a-4c7f-8d04-afafa06f714a","state":null}
{"t":"cb","ok":true,"ms":272,"req":"ef4c7e4b","bot":8304099970,"uid":237087423,"user":"Freep_o_0_rn","name":"Freep_o_0_rn","role":"admin","chat":237087423,"cb_id":"1018282731483704510","msg_id":1532,"data":"cc:edit:d632cf93-744a-4c7f-8d04-afafa06f714a","state":null}
{"t":"cb","ok":true,"ms":282,"req":"023f47ed","bot":8304099970,"uid":237087423,"user":"Freep_o_0_rn","name":"Freep_o_0_rn","role":"admin","chat":237087423,"cb_id":"1018282728172993236","msg_id":1533,"data":"cc:edittech:d632cf93-744a-4c7f-8d04-afafa06f714a","state":null}
{"t":"cb","ok":true,"ms":475,"req":"821a37d5","bot":8304099970,"uid":237087423,"user":"Freep_o_0_rn","name":"Freep_o_0_rn","role":"admin","chat":237087423,"cb_id":"1018282729380856340","msg_id":1534,"data":"cc:edittechsel:d632cf93-744a-4c7f-8d04-afafa06f714a:0:0","state":null}
{"t":"cb","ok":true,"ms":285,"req":"be101913","bot":8304099970,"uid":237087423,"user":"Freep_o_0_rn","name":"Freep_o_0_rn","role":"admin","chat":237087423,"cb_id":"1018282730146670122","msg_id":1536,"data":"cc:list","state":null}
{"t":"cb","ok":true,"ms":319,"req":"881103bb","bot":8304099970,"uid":237087423,"user":"Freep_o_0_rn","name":"Freep_o_0_rn","role":"admin","chat":237087423,"cb_id":"1018282728404132745","msg_id":1536,"data":"cc:view:2ffc3441-dd6c-4f16-afc8-8d8a0654af0f","state":null}
{"t":"cb","ok":true,"ms":281,"req":"0d830643","bot":8304099970,"uid":237087423,"user":"Freep_o_0_rn","name":"Freep_o_0_rn","role":"admin","chat":237087423,"cb_id":"1018282730386209663","msg_id":1536,"data":"cc:edit:2ffc3441-dd6c-4f16-afc8-8d8a0654af0f","state":null}
{"t":"cb","ok":true,"ms":292,"req":"fd715499","bot":8304099970,"uid":237087423,"user":"Freep_o_0_rn","name":"Freep_o_0_rn","role":"admin","chat":237087423,"cb_id":"1018282732196177557","msg_id":1537,"data":"cc:edittech:2ffc3441-dd6c-4f16-afc8-8d8a0654af0f","state":null}
{"t":"cb","ok":true,"ms":258,"req":"e4107e33","bot":8304099970,"uid":237087423,"user":"Freep_o_0_rn","name":"Freep_o_0_rn","role":"admin","chat":237087423,"cb_id":"1018282730372228625","msg_id":1538,"data":"cc:edittechaddr:2ffc3441-dd6c-4f16-afc8-8d8a0654af0f:4","state":null}
{"t":"cb","ok":true,"ms":530,"req":"c9c16edc","bot":8304099970,"uid":237087423,"user":"Freep_o_0_rn","name":"Freep_o_0_rn","role":"admin","chat":237087423,"cb_id":"1018282732177667192","msg_id":1539,"data":"cc:edittechskip:2ffc3441-dd6c-4f16-afc8-8d8a0654af0f:4","state":null}
{"t":"cb","ok":true,"ms":335,"req":"460bca87","bot":8304099970,"uid":237087423,"user":"Freep_o_0_rn","name":"Freep_o_0_rn","role":"admin","chat":237087423,"cb_id":"1018282731736636586","msg_id":1541,"data":"cc:edit:2ffc3441-dd6c-4f16-afc8-8d8a0654af0f","state":null}
{"t":"cb","ok":true,"ms":576,"req":"0226e636","bot":8304099970,"uid":237087423,"user":"Freep_o_0_rn","name":"Freep_o_0_rn","role":"admin","chat":237087423,"cb_id":"1018282731986333626","msg_id":1542,"data":"cc:edittech:2ffc3441-dd6c-4f16-afc8-8d8a0654af0f","state":null}
{"t":"cb","ok":true,"ms":274,"req":"38dfb6bf","bot":8304099970,"uid":237087423,"user":"Freep_o_0_rn","name":"Freep_o_0_rn","role":"admin","chat":237087423,"cb_id":"1018282732063755855","msg_id":1543,"data":"cc:edittechaddr:2ffc3441-dd6c-4f16-afc8-8d8a0654af0f:4","state":null}
{"t":"cb","ok":true,"ms":320,"req":"3c8dc3c5","bot":8304099970,"uid":237087423,"user":"Freep_o_0_rn","name":"Freep_o_0_rn","role":"admin","chat":237087423,"cb_id":"1018282729295497665","msg_id":1544,"data":"cc:view:2ffc3441-dd6c-4f16-afc8-8d8a0654af0f","state":null}
{"t":"msg","ok":true,"ms":205,"req":"595b27f3","bot":8304099970,"uid":237087423,"user":"Freep_o_0_rn","name":"Freep_o_0_rn","role":"admin","chat":237087423,"chat_type":"private","msg_id":1545,"kind":"text","text":"🛠 Техники","caption_len":0,"entities":0,"state":null}
{"t":"cb","ok":true,"ms":334,"req":"362a3b8b","bot":8304099970,"uid":237087423,"user":"Freep_o_0_rn","name":"Freep_o_0_rn","role":"admin","chat":237087423,"cb_id":"1018282728413611282","msg_id":1546,"data":"tc:list","state":null}
{"t":"cb","ok":true,"ms":328,"req":"93d1ee69","bot":8304099970,"uid":237087423,"user":"Freep_o_0_rn","name":"Freep_o_0_rn","role":"admin","chat":237087423,"cb_id":"1018282728293868071","msg_id":1547,"data":"tc:new","state":"TechnicianStates:waiting_full_name"}
{"t":"msg","ok":true,"ms":209,"req":"28dd4e37","bot":8304099970,"uid":237087423,"user":"Freep_o_0_rn","name":"Freep_o_0_rn","role":"admin","chat":237087423,"chat_type":"private","msg_id":1549,"kind":"text","text":"Логушкин Антон","caption_len":0,"entities":0,"state":"TechnicianStates:waiting_phone"}
{"t":"msg","ok":true,"ms":150,"req":"1a41bb44","bot":8304099970,"uid":237087423,"user":"Freep_o_0_rn","name":"Freep_o_0_rn","role":"admin","chat":237087423,"chat_type":"private","msg_id":1551,"kind":"text","text":"79139867622","caption_len":0,"entities":0,"state":"TechnicianStates:waiting_points"}
{"t":"msg","ok":true,"ms":289,"req":"2c462a6a","bot":8304099970,"uid":237087423,"user":"Freep_o_0_rn","name":"Freep_o_0_rn","role":"admin","chat":237087423,"chat_type":"private","msg_id":1553,"kind":"text","text":"-","caption_len":0,"entities":0,"state":null}
{"t":"cb","ok":true,"ms":447,"req":"77bc24ef","bot":8304099970,"uid":237087423,"user":"Freep_o_0_rn","name":"Freep_o_0_rn","role":"admin","chat":237087423,"cb_id":"1018282730207377941","msg_id":1555,"data":"tc:list","state":null}
{"t":"msg","ok":true,"ms":157,"req":"8f71ed9f","bot":8304099970,"uid":237087423,"user":"Freep_o_0_rn","name":"Freep_o_0_rn","role":"admin","chat":237087423,"chat_type":"private","msg_id":1557,"kind":"text","text":"🏢 Клиенты","caption_len":0,"entities":0,"state":null}
{"t":"cb","ok":true,"ms":331,"req":"456a5c39","bot":8304099970,"uid":237087423,"user":"Freep_o_0_rn","name":"Freep_o_0_rn","role":"admin","chat":237087423,"cb_id":"1018282731903501283","msg_id":1558,"data":"cc:view:2ffc3441-dd6c-4f16-afc8-8d8a0654af0f","state":null}
{"t":"cb","ok":true,"ms":457,"req":"4e548e40","bot":8304099970,"uid":237087423,"user":"Freep_o_0_rn","name":"Freep_o_0_rn","role":"admin","chat":237087423,"cb_id":"1018282728465039015","msg_id":1558,"data":"cc:edit:2ffc3441-dd6c-4f16-afc8-8d8a0654af0f","state":null}
{"t":"cb","ok":true,"ms":321,"req":"1836ad89","bot":8304099970,"uid":237087423,"user":"Freep_o_0_rn","name":"Freep_o_0_rn","role":"admin","chat":237087423,"cb_id":"1018282731476218468","msg_id":1559,"data":"cc:edittech:2ffc3441-dd6c-4f16-afc8-8d8a0654af0f","state":null}
{"t":"cb","ok":true,"ms":275,"req":"cc18eacf","bot":8304099970,"uid":237087423,"user":"Freep_o_0_rn","name":"Freep_o_0_rn","role":"admin","chat":237087423,"cb_id":"1018282729672362141","msg_id":1560,"data":"cc:edittechaddr:2ffc3441-dd6c-4f16-afc8-8d8a0654af0f:9","state":null}
{"t":"msg","ok":true,"ms":393,"req":"7dfe716d","bot":8304099970,"uid":237087423,"user":"Freep_o_0_rn","name":"Freep_o_0_rn","role":"admin","chat":237087423,"chat_type":"private","msg_id":1563,"kind":"text","text":"🛠 Техники","caption_len":0,"entities":0,"state":null}
{"t":"cb","ok":true,"ms":454,"req":"cb5623e5","bot":8304099970,"uid":237087423,"user":"Freep_o_0_rn","name":"Freep_o_0_rn","role":"admin","chat":237087423,"cb_id":"1018282731924687147","msg_id":1564,"data":"tc:list","state":null}
{"t":"msg","ok":true,"ms":148,"req":"07279f34","bot":8304099970,"uid":237087423,"user":"Freep_o_0_rn","name":"Freep_o_0_rn","role":"admin","chat":237087423,"chat_type":"private","msg_id":1566,"kind":"text","text":"🏢 Клиенты","caption_len":0,"entities":0,"state":null}
{"t":"cb","ok":true,"ms":333,"req":"344f43eb","bot":8304099970,"uid":237087423,"user":"Freep_o_0_rn","name":"Freep_o_0_rn","role":"admin","chat":237087423,"cb_id":"1018282731368043778","msg_id":1567,"data":"cc:view:2ffc3441-dd6c-4f16-afc8-8d8a0654af0f","state":null}
{"t":"cb","ok":true,"ms":285,"req":"0e46bc24","bot":8304099970,"uid":237087423,"user":"Freep_o_0_rn","name":"Freep_o_0_rn","role":"admin","chat":237087423,"cb_id":"1018282730573079493","msg_id":1567,"data":"cc:edit:2ffc3441-dd6c-4f16-afc8-8d8a0654af0f","state":null}
{"t":"cb","ok":true,"ms":408,"req":"211531ec","bot":8304099970,"uid":237087423,"user":"Freep_o_0_rn","name":"Freep_o_0_rn","role":"admin","chat":237087423,"cb_id":"1018282730529146554","msg_id":1568,"data":"cc:edittech:2ffc3441-dd6c-4f16-afc8-8d8a0654af0f","state":null}
{"t":"cb","ok":true,"ms":290,"req":"44b17437","bot":8304099970,"uid":237087423,"user":"Freep_o_0_rn","name":"Freep_o_0_rn","role":"admin","chat":237087423,"cb_id":"1018282731783684256","msg_id":1569,"data":"cc:edittechaddr:2ffc3441-dd6c-4f16-afc8-8d8a0654af0f:9","state":null}
{"t":"msg","ok":true,"ms":445,"req":"2677b411","bot":8304099970,"uid":237087423,"user":"Freep_o_0_rn","name":"Freep_o_0_rn","role":"admin","chat":237087423,"chat_type":"private","msg_id":1571,"kind":"text","text":"▶️ Старт","caption_len":0,"entities":0,"state":null}
{"t":"msg","ok":true,"ms":159,"req":"6330ddb4","bot":8304099970,"uid":237087423,"user":"Freep_o_0_rn","name":"Freep_o_0_rn","role":"admin","chat":237087423,"chat_type":"private","msg_id":1573,"kind":"text","text":"🏢 Клиенты","caption_len":0,"entities":0,"state":null}
{"t":"cb","ok":true,"ms":385,"req":"be1b3b76","bot":8304099970,"uid":237087423,"user":"Freep_o_0_rn","name":"Freep_o_0_rn","role":"admin","chat":237087423,"cb_id":"1018282731368574808","msg_id":1574,"data":"cc:view:2ffc3441-dd6c-4f16-afc8-8d8a0654af0f","state":null}
{"t":"cb","ok":true,"ms":293,"req":"425f71e8","bot":8304099970,"uid":237087423,"user":"Freep_o_0_rn","name":"Freep_o_0_rn","role":"admin","chat":237087423,"cb_id":"1018282730309248360","msg_id":1574,"data":"cc:edit:2ffc3441-dd6c-4f16-afc8-8d8a0654af0f","state":null}
{"t":"cb","ok":true,"ms":335,"req":"06570dc1","bot":8304099970,"uid":237087423,"user":"Freep_o_0_rn","name":"Freep_o_0_rn","role":"admin","chat":237087423,"cb_id":"1018282732171981673","msg_id":1575,"data":"cc:edittech:2ffc3441-dd6c-4f16-afc8-8d8a0654af0f","state":null}
{"t":"cb","ok":true,"ms":908,"req":"844ac0be","bot":8304099970,"uid":237087423,"user":"Freep_o_0_rn","name":"Freep_o_0_rn","role":"admin","chat":237087423,"cb_id":"1018282731081412419","msg_id":1576,"data":"cc:edittechaddr:2ffc3441-dd6c-4f16-afc8-8d8a0654af0f:9","state":null}
{"t":"msg","ok":true,"ms":475,"req":"da3e7271","bot":8304099970,"uid":237087423,"user":"Freep_o_0_rn","name":"Freep_o_0_rn","role":"admin","chat":237087423,"chat_type":"private","msg_id":1578,"kind":"text","text":"🏢 Клиенты","caption_len":0,"entities":0,"state":null}
{"t":"msg","ok":true,"ms":170,"req":"e25d0641","bot":8304099970,"uid":237087423,"user":"Freep_o_0_rn","name":"Freep_o_0_rn","role":"admin","chat":237087423,"chat_type":"private","msg_id":1580,"kind":"text","text":"🛠 Техники","caption_len":0,"entities":0,"state":null}
{"t":"cb","ok":true,"ms":325,"req":"4f73d732","bot":8304099970,"uid":237087423,"user":"Freep_o_0_rn","name":"Freep_o_0_rn","role":"admin","chat":237087423,"cb_id":"1018282728079660201","msg_id":1581,"data":"tc:list","state":null}
{"t":"msg","ok":true,"ms":176,"req":"c989b690","bot":8304099970,"uid":237087423,"user":"Freep_o_0_rn","name":"Freep_o_0_rn","role":"admin","chat":237087423,"chat_type":"private","msg_id":1583,"kind":"text","text":"🏢 Клиенты","caption_len":0,"entities":0,"state":null}
{"t":"cb","ok":true,"ms":290,"req":"041026e4","bot":8304099970,"uid":237087423,"user":"Freep_o_0_rn","name":"Freep_o_0_rn","role":"admin","chat":237087423,"cb_id":"1018282729720692987","msg_id":1584,"data":"cc:view:b12aa194-951e-4c8f-b097-fafdc9b74eaf","state":null}
{"t":"cb","ok":true,"ms":287,"req":"0abe6133","bot":8304099970,"uid":237087423,"user":"Freep_o_0_rn","name":"Freep_o_0_rn","role":"admin","chat":237087423,"cb_id":"1018282728394107700","msg_id":1584,"data":"cc:edit:b12aa194-951e-4c8f-b097-fafdc9b74eaf","state":null}
{"t":"cb","ok":true,"ms":300,"req":"e8d03740","bot":8304099970,"uid":237087423,"user":"Freep_o_0_rn","name":"Freep_o_0_rn","role":"admin","chat":237087423,"cb_id":"1018282731745557162","msg_id":1585,"data":"cc:edittech:b12aa194-951e-4c8f-b097-fafdc9b74eaf","state":null}
{"t":"cb","ok":true,"ms":305,"req":"266f3e04","bot":8304099970,"uid":237087423,"user":"Freep_o_0_rn","name":"Freep_o_0_rn","role":"admin","chat":237087423,"cb_id":"1018282729734427111","msg_id":1586,"data":"cc:edittechaddr:b12aa194-951e-4c8f-b097-fafdc9b74eaf:0","state":null}
{"t":"msg","ok":true,"ms":402,"req":"b7aff3a1","bot":8304099970,"uid":237087423,"user":"Freep_o_0_rn","name":"Freep_o_0_rn","role":"admin","chat":237087423,"chat_type":"private","msg_id":1588,"kind":"text","text":"🏢 Клиенты","caption_len":0,"entities":0,"state":null}
{"t":"cb","ok":true,"ms":269,"req":"6525a1af","bot":8304099970,"uid":237087423,"user":"Freep_o_0_rn","name":"Freep_o_0_rn","role":"admin","chat":237087423,"cb_id":"1018282728538498900","msg_id":1589,"data":"cc:view:2ffc3441-dd6c-4f16-afc8-8d8a0654af0f","state":null}
{"t":"cb","ok":true,"ms":273,"req":"857ad3d8","bot":8304099970,"uid":237087423,"user":"Freep_o_0_rn","name":"Freep_o_0_rn","role":"admin","chat":237087423,"cb_id":"1018282730163155936","msg_id":1589,"data":"cc:edit:2ffc3441-dd6c-4f16-afc8-8d8a0654af0f","state":null}
{"t":"cb","ok":true,"ms":266,"req":"dee0fecc","bot":8304099970,"uid":237087423,"user":"Freep_o_0_rn","name":"Freep_o_0_rn","role":"admin","chat":237087423,"cb_id":"1018282730254351568","msg_id":1590,"data":"cc:edittech:2ffc3441-dd6c-4f16-afc8-8d8a0654af0f","state":null}
{"t":"cb","ok":true,"ms":279,"req":"36394bd6","bot":8304099970,"uid":237087423,"user":"Freep_o_0_rn","name":"Freep_o_0_rn","role":"admin","chat":237087423,"cb_id":"1018282728885001158","msg_id":1591,"data":"cc:edittechaddr:2ffc3441-dd6c-4f16-afc8-8d8a0654af0f:9","state":null}
{"t":"msg","ok":true,"ms":541,"req":"9d2e92c2","bot":8304099970,"uid":237087423,"user":"Freep_o_0_rn","name":"Freep_o_0_rn","role":"admin","chat":237087423,"chat_type":"private","msg_id":1593,"kind":"text","text":"🛠 Техники","caption_len":0,"entities":0,"state":null}
{"t":"cb","ok":true,"ms":320,"req":"78d40369","bot":8304099970,"uid":237087423,"user":"Freep_o_0_rn","name":"Freep_o_0_rn","role":"admin","chat":237087423,"cb_id":"1018282729044114334","msg_id":1594,"data":"tc:list","state":null}
{"t":"msg","ok":true,"ms":164,"req":"c24cb917","bot":8304099970,"uid":237087423,"user":"Freep_o_0_rn","name":"Freep_o_0_rn","role":"admin","chat":237087423,"chat_type":"private","msg_id":1596,"kind":"text","text":"🏢 Клиенты","caption_len":0,"entities":0,"state":null}
{"t":"cb","ok":true,"ms":278,"req":"148982d6","bot":8304099970,"uid":237087423,"user":"Freep_o_0_rn","name":"Freep_o_0_rn","role":"admin","chat":237087423,"cb_id":"1018282731749405267","msg_id":1597,"data":"cc:view:2ffc3441-dd6c-4f16-afc8-8d8a0654af0f","state":null}
{"t":"cb","ok":true,"ms":273,"req":"607c743c","bot":8304099970,"uid":237087423,"user":"Freep_o_0_rn","name":"Freep_o_0_rn","role":"admin","chat":237087423,"cb_id":"1018282732286040354","msg_id":1597,"data":"cc:edit:2ffc3441-dd6c-4f16-afc8-8d8a0654af0f","state":null}
{"t":"cb","ok":true,"ms":275,"req":"85d271f4","bot":8304099970,"uid":237087423,"user":"Freep_o_0_rn","name":"Freep_o_0_rn","role":"admin","chat":237087423,"cb_id":"1018282731176503286","msg_id":1598,"data":"cc:edittech:2ffc3441-dd6c-4f16-afc8-8d8a0654af0f","state":null}
{"t":"cb","ok":true,"ms":271,"req":"caece740","bot":8304099970,"uid":237087423,"user":"Freep_o_0_rn","name":"Freep_o_0_rn","role":"admin","chat":237087423,"cb_id":"1018282730511679304","msg_id":1599,"data":"cc:edittechaddr:2ffc3441-dd6c-4f16-afc8-8d8a0654af0f:9","state":null}
{"t":"cb","ok":true,"ms":475,"req":"9e47a4ec","bot":8304099970,"uid":237087423,"user":"Freep_o_0_rn","name":"Freep_o_0_rn","role":"admin","chat":237087423,"cb_id":"1018282730704495031","msg_id":1600,"data":"cc:edittechsel:2ffc3441-dd6c-4f16-afc8-8d8a0654af0f:9:1","state":null}
{"t":"msg","ok":true,"ms":380,"req":"2fd3e05e","bot":8304099970,"uid":237087423,"user":"Freep_o_0_rn","name":"Freep_o_0_rn","role":"admin","chat":237087423,"chat_type":"private","msg_id":1603,"kind":"text","text":"🏢 Клиенты","caption_len":0,"entities":0,"state":null}
{"t":"msg","ok":true,"ms":139,"req":"99a99bd4","bot":8304099970,"uid":1438912261,"user":"Vays_V","name":"Alex V","role":"client","chat":1438912261,"chat_type":"private","msg_id":1605,"kind":"text","text":"/start","caption_len":0,"entities":1,"state":"OnboardStates:waiting_phone_contact"}
{"t":"msg","ok":true,"ms":282,"req":"9cf29375","bot":8304099970,"uid":1438912261,"user":"Vays_V","name":"Alex V","role":"client","chat":1438912261,"chat_type":"private","msg_id":1607,"kind":"contact","text":"","caption_len":0,"entities":0,"state":"OnboardStates:waiting_client_name"}
{"t":"msg","ok":true,"ms":445,"req":"6c7b520a","bot":8304099970,"uid":1438912261,"user":"Vays_V","name":"Alex V","role":"client","chat":1438912261,"chat_type":"private","msg_id":1610,"kind":"text","text":"Заря","caption_len":0,"entities":0,"state":null}
{"t":"msg","ok":true,"ms":2171,"req":"7528a723","bot":8304099970,"uid":1438912261,"user":"Vays_V","name":"Alex V","role":"client","chat":1438912261,"chat_type":"private","msg_id":1613,"kind":"text","text":"🔎 Поиск","caption_len":0,"entities":0,"state":null}
{"t":"msg","ok":true,"ms":961,"req":"7dc127cd","bot":8304099970,"uid":1438912261,"user":"Vays_V","name":"Alex V","role":"client","chat":1438912261,"chat_type":"private","msg_id":1620,"kind":"text","text":"🔎 Поиск тары","caption_len":0,"entities":0,"state":null}
{"t":"msg","ok":true,"ms":201,"req":"7bc0e479","bot":8304099970,"uid":1438912261,"user":"Vays_V","name":"Alex V","role":"client","chat":1438912261,"chat_type":"private","msg_id":1622,"kind":"text","text":"📑 Прайсы","caption_len":0,"entities":0,"state":null}
{"t":"cb","ok":true,"ms":689,"req":"58dd1a3f","bot":8304099970,"uid":1438912261,"user":"Vays_V","name":"Alex V","role":"client","chat":1438912261,"cb_id":"6180081103023472476","msg_id":1623,"data":"pr:send:5246fd8bf8cc","state":null}
{"t":"msg","ok":true,"ms":1835,"req":"205d4a97","bot":8304099970,"uid":1438912261,"user":"Vays_V","name":"Alex V","role":"client","chat":1438912261,"chat_type":"private","msg_id":1625,"kind":"text","text":"🔎 Поиск тары","caption_len":0,"entities":0,"state":null}
{"t":"msg","ok":true,"ms":140,"req":"3231831a","bot":8304099970,"uid":237087423,"user":"Freep_o_0_rn","name":"Freep_o_0_rn","role":"admin","chat":237087423,"chat_type":"private","msg_id":1629,"kind":"text","text":"🎁 Акции","caption_len":0,"entities":0,"state":null}
{"t":"cb","ok":true,"ms":902,"req":"2c7f3c9b","bot":8304099970,"uid":237087423,"user":"Freep_o_0_rn","name":"Freep_o_0_rn","role":"admin","chat":237087423,"cb_id":"1018282730732994638","msg_id":1630,"data":"promo:view:8798d2dc3bb3","state":null}
{"t":"cb","ok":true,"ms":540,"req":"f9cdde93","bot":8304099970,"uid":237087423,"user":"Freep_o_0_rn","name":"Freep_o_0_rn","role":"admin","chat":237087423,"cb_id":"1018282730320884861","msg_id":1631,"data":"promo:toggle:8798d2dc3bb3","state":null}
{"t":"cb","ok":true,"ms":435,"req":"d9b05133","bot":8304099970,"uid":237087423,"user":"Freep_o_0_rn","name":"Freep_o_0_rn","role":"admin","chat":237087423,"cb_id":"1018282732340433806","msg_id":1632,"data":"promo:dates:8798d2dc3bb3","state":"PromoStates:waiting_promo_dates_edit"}
{"t":"cb","ok":true,"ms":394,"req":"1b0373b4","bot":8304099970,"uid":237087423,"user":"Freep_o_0_rn","name":"Freep_o_0_rn","role":"admin","chat":237087423,"cb_id":"1018282731619132568","msg_id":1633,"data":"promo:cal:open:edit","state":"PromoStates:waiting_promo_dates_edit"}
{"t":"cb","ok":true,"ms":850,"req":"9cff64ad","bot":8304099970,"uid":237087423,"user":"Freep_o_0_rn","name":"Freep_o_0_rn","role":"admin","chat":237087423,"cb_id":"1018282731309724772","msg_id":1634,"data":"promo:cal:pick:edit:2026-02-28","state":null}
{"t":"cb","ok":false,"ms":122,"req":"0adeadf4","bot":8304099970,"uid":237087423,"user":"Freep_o_0_rn","name":"Freep_o_0_rn","role":"admin","chat":237087423,"cb_id":"1018282728533935448","msg_id":1636,"data":"promo:list:0","state":null}
{"t":"error","req":"0adeadf4","exc":"TelegramBadRequest: Telegram server says - Bad Request: there is no text in the message to edit"}
{"t":"msg","ok":true,"ms":140,"req":"ec09779d","bot":8304099970,"uid":237087423,"user":"Freep_o_0_rn","name":"Freep_o_0_rn","role":"admin","chat":237087423,"chat_type":"private","msg_id":1637,"kind":"text","text":"🎁 Акции","caption_len":0,"entities":0,"state":null}
{"t":"cb","ok":true,"ms":506,"req":"caeb8750","bot":8304099970,"uid":237087423,"user":"Freep_o_0_rn","name":"Freep_o_0_rn","role":"admin","chat":237087423,"cb_id":"1018282730295646532","msg_id":1638,"data":"promo:view:8798d2dc3bb3","state":null}
{"t":"cb","ok":true,"ms":437,"req":"02fb0a82","bot":8304099970,"uid":237087423,"user":"Freep_o_0_rn","name":"Freep_o_0_rn","role":"admin","chat":237087423,"cb_id":"1018282730674615993","msg_id":1639,"data":"promo:toggle:8798d2dc3bb3","state":null}
{"t":"msg","ok":true,"ms":160,"req":"d28d8279","bot":8304099970,"uid":237087423,"user":"Freep_o_0_rn","name":"Freep_o_0_rn","role":"admin","chat":237087423,"chat_type":"private","msg_id":1641,"kind":"text","text":"🎁 Акции","caption_len":0,"entities":0,"state":null}
{"t":"msg","ok":true,"ms":151,"req":"f46096d8","bot":8304099970,"uid":237087423,"user":"Freep_o_0_rn","name":"Freep_o_0_rn","role":"admin","chat":237087423,"chat_type":"private","msg_id":1643,"kind":"text","text":"👥 Пользователи","caption_len":0,"entities":0,"state":null}
{"t":"cb","ok":true,"ms":402,"req":"53d6ffbf","bot":8304099970,"uid":237087423,"user":"Freep_o_0_rn","name":"Freep_o_0_rn","role":"admin","chat":237087423,"cb_id":"1018282729885756154","msg_id":1644,"data":"usr:sel:1438912261:0","state":null}
{"t":"cb","ok":true,"ms":371,"req":"d34bf735","bot":8304099970,"uid":237087423,"user":"Freep_o_0_rn","name":"Freep_o_0_rn","role":"admin","chat":237087423,"cb_id":"1018282728930010138","msg_id":1644,"data":"usr:block:1438912261","state":null}
{"t":"cb","ok":false,"ms":570,"req":"92f12de6","bot":8304099970,"uid":237087423,"user":"Freep_o_0_rn","name":"Freep_o_0_rn","role":"admin","chat":237087423,"cb_id":"1018282729321864320","msg_id":1644,"data":"usr:block:1438912261","state":null}
{"t":"error","req":"92f12de6","exc":"TelegramBadRequest: Telegram server says - Bad Request: message is not modified: specified new message content and reply markup are exactly the same as a current content and reply markup of the message"}
{"t":"msg","ok":true,"ms":2498,"req":"d6d435c3","bot":8304099970,"uid":1438912261,"user":"Vays_V","name":"Alex V","role":"client","chat":1438912261,"chat_type":"private","msg_id":1646,"kind":"text","text":"🔎 Поиск","caption_len":0,"entities":0,"state":null}
{"t":"msg","ok":true,"ms":1787,"req":"87399c11","bot":8304099970,"uid":1438912261,"user":"Vays_V","name":"Alex V","role":"client","chat":1438912261,"chat_type":"private","msg_id":1653,"kind":"text","text":"🔎 Поиск тары","caption_len":0,"entities":0,"state":null}
{"t":"msg","ok":true,"ms":223,"req":"98bed2e3","bot":8304099970,"uid":1438912261,"user":"Vays_V","name":"Alex V","role":"client","chat":1438912261,"chat_type":"private","msg_id":1657,"kind":"text","text":"📑 Прайсы","caption_len":0,"entities":0,"state":null}
{"t":"cb","ok":true,"ms":382,"req":"643711c3","bot":8304099970,"uid":237087423,"user":"Freep_o_0_rn","name":"Freep_o_0_rn","role":"admin","chat":237087423,"cb_id":"1018282731165195617","msg_id":1644,"data":"usr:unblock:1438912261","state":null}
{"t":"cb","ok":true,"ms":399,"req":"66e63189","bot":8304099970,"uid":237087423,"user":"Freep_o_0_rn","name":"Freep_o_0_rn","role":"admin","chat":237087423,"cb_id":"1018282728856502593","msg_id":1644,"data":"usr:setrole:1438912261:sales_rep","state":null}
{"t":"msg","ok":true,"ms":184,"req":"0102e344","bot":8304099970,"uid":1438912261,"user":"Vays_V","name":"Alex V","role":"sales_rep","chat":1438912261,"chat_type":"private","msg_id":1659,"kind":"text","text":"▶️ Старт","caption_len":0,"entities":0,"state":null}
{"t":"msg","ok":true,"ms":4746,"req":"9e60d23d","bot":8304099970,"uid":1438912261,"user":"Vays_V","name":"Alex V","role":"sales_rep","chat":1438912261,"chat_type":"private","msg_id":1661,"kind":"text","text":"⏰ Просрочено","caption_len":0,"entities":0,"state":null}
{"t":"msg","ok":true,"ms":140,"req":"4a4ecb7d","bot":8304099970,"uid":1438912261,"user":"Vays_V","name":"Alex V","role":"sales_rep","chat":1438912261,"chat_type":"private","msg_id":1681,"kind":"text","text":"🏢 Клиенты","caption_len":0,"entities":0,"state":null}
{"t":"cb","ok":true,"ms":269,"req":"1f8892b0","bot":8304099970,"uid":237087423,"user":"Freep_o_0_rn","name":"Freep_o_0_rn","role":"admin","chat":237087423,"cb_id":"1018282731160014852","msg_id":1644,"data":"usr:editname:1438912261","state":"AdminUserEditStates:waiting_name"}
{"t":"msg","ok":true,"ms":141,"req":"cfd7d2f5","bot":8304099970,"uid":237087423,"user":"Freep_o_0_rn","name":"Freep_o_0_rn","role":"admin","chat":237087423,"chat_type":"private","msg_id":1684,"kind":"text","text":"Колягин","caption_len":0,"entities":0,"state":null}
{"t":"msg","ok":true,"ms":157,"req":"aa1bc5ee","bot":8304099970,"uid":1438912261,"user":"Vays_V","name":"Alex V","role":"sales_rep","chat":1438912261,"chat_type":"private","msg_id":1686,"kind":"text","text":"▶️ Старт","caption_len":0,"entities":0,"state":null}
{"t":"msg","ok":true,"ms":266,"req":"b2100320","bot":8304099970,"uid":1438912261,"user":"Vays_V","name":"Alex V","role":"sales_rep","chat":1438912261,"chat_type":"private","msg_id":1688,"kind":"text","text":"▶️ Старт","caption_len":0,"entities":0,"state":null}
{"t":"msg","ok":true,"ms":156,"req":"45197d9e","bot":8304099970,"uid":1438912261,"user":"Vays_V","name":"Alex V","role":"sales_rep","chat":1438912261,"chat_type":"private","msg_id":1690,"kind":"text","text":"🏢 Клиенты","caption_len":0,"entities":0,"state":null}
{"t":"msg","ok":true,"ms":139,"req":"9293c313","bot":8304099970,"uid":1438912261,"user":"Vays_V","name":"Alex V","role":"sales_rep","chat":1438912261,"chat_type":"private","msg_id":1692,"kind":"text","text":"🏢 Клиенты","caption_len":0,"entities":0,"state":null}
{"t":"msg","ok":true,"ms":142,"req":"1c6e6ac4","bot":8304099970,"uid":237087423,"user":"Freep_o_0_rn","name":"Freep_o_0_rn","role":"admin","chat":237087423,"chat_type":"private","msg_id":1694,"kind":"text","text":"👥 Пользователи","caption_len":0,"entities":0,"state":null}
{"t":"cb","ok":true,"ms":2616,"req":"172fa69a","bot":8304099970,"uid":1438912261,"user":"Vays_V","name":"Alex V","role":"sales_rep","chat":1438912261,"cb_id":"6180081104524797621","msg_id":1693,"data":"cc:import:debt","state":null}
{"t":"cb","ok":true,"ms":125,"req":"0663db8a","bot":8304099970,"uid":1438912261,"user":"Vays_V","name":"Alex V","role":"sales_rep","chat":1438912261,"cb_id":"6180081106446484256","msg_id":1697,"data":"cc:list:noop","state":null}
{"t":"cb","ok":true,"ms":593,"req":"135ed375","bot":8304099970,"uid":1438912261,"user":"Vays_V","name":"Alex V","role":"sales_rep","chat":1438912261,"cb_id":"6180081104990618547","msg_id":1697,"data":"cc:list:1","state":null}
{"t":"cb","ok":true,"ms":257,"req":"19d6537f","bot":8304099970,"uid":1438912261,"user":"Vays_V","name":"Alex V","role":"sales_rep","chat":1438912261,"cb_id":"6180081106770675351","msg_id":1697,"data":"cc:view:858c4fb6-fce9-4b87-ad6a-46b21d40c73e","state":null}
{"t":"cb","ok":true,"ms":273,"req":"eff8cbf1","bot":8304099970,"uid":1438912261,"user":"Vays_V","name":"Alex V","role":"sales_rep","chat":1438912261,"cb_id":"6180081104944696363","msg_id":1697,"data":"cc:edit:858c4fb6-fce9-4b87-ad6a-46b21d40c73e","state":null}
{"t":"cb","ok":true,"ms":130,"req":"ee02d943","bot":8304099970,"uid":1438912261,"user":"Vays_V","name":"Alex V","role":"sales_rep","chat":1438912261,"cb_id":"6180081106706885790","msg_id":1698,"data":"cc:edittech:858c4fb6-fce9-4b87-ad6a-46b21d40c73e","state":null}
{"t":"cb","ok":true,"ms":359,"req":"df4373e0","bot":8304099970,"uid":1438912261,"user":"Vays_V","name":"Alex V","role":"sales_rep","chat":1438912261,"cb_id":"6180081103017790237","msg_id":1698,"data":"cc:edittech:858c4fb6-fce9-4b87-ad6a-46b21d40c73e","state":null}
{"t":"msg","ok":true,"ms":151,"req":"1020ea99","bot":8304099970,"uid":237087423,"user":"Freep_o_0_rn","name":"Freep_o_0_rn","role":"admin","chat":237087423,"chat_type":"private","msg_id":1699,"kind":"text","text":"🏢 Клиенты","caption_len":0,"entities":0,"state":null}
{"t":"cb","ok":true,"ms":368,"req":"c39ad5d6","bot":8304099970,"uid":237087423,"user":"Freep_o_0_rn","name":"Freep_o_0_rn","role":"admin","chat":237087423,"cb_id":"1018282731429603974","msg_id":1700,"data":"cc:list:1","state":null}
{"t":"cb","ok":true,"ms":264,"req":"9825fa9d","bot":8304099970,"uid":237087423,"user":"Freep_o_0_rn","name":"Freep_o_0_rn","role":"admin","chat":237087423,"cb_id":"1018282732072700303","msg_id":1700,"data":"cc:list:2","state":null}
{"t":"cb","ok":true,"ms":272,"req":"8b5dff32","bot":8304099970,"uid":237087423,"user":"Freep_o_0_rn","name":"Freep_o_0_rn","role":"admin","chat":237087423,"cb_id":"1018282729367289935","msg_id":1700,"data":"cc:list:3","state":null}
{"t":"cb","ok":true,"ms":261,"req":"fccf3116","bot":8304099970,"uid":237087423,"user":"Freep_o_0_rn","name":"Freep_o_0_rn","role":"admin","chat":237087423,"cb_id":"1018282730341826164","msg_id":1700,"data":"cc:view:858c4fb6-fce9-4b87-ad6a-46b21d40c73e","state":null}
{"t":"cb","ok":true,"ms":331,"req":"47f99792","bot":8304099970,"uid":237087423,"user":"Freep_o_0_rn","name":"Freep_o_0_rn","role":"admin","chat":237087423,"cb_id":"1018282729205189947","msg_id":1700,"data":"cc:edit:858c4fb6-fce9-4b87-ad6a-46b21d40c73e","state":null}
{"t":"cb","ok":true,"ms":140,"req":"e169658a","bot":8304099970,"uid":237087423,"user":"Freep_o_0_rn","name":"Freep_o_0_rn","role":"admin","chat":237087423,"cb_id":"1018282730681277990","msg_id":1701,"data":"cc:edittech:858c4fb6-fce9-4b87-ad6a-46b21d40c73e","state":null}
{"t":"cb","ok":true,"ms":266,"req":"e673ada1","bot":8304099970,"uid":237087423,"user":"Freep_o_0_rn","name":"Freep_o_0_rn","role":"admin","chat":237087423,"cb_id":"1018282729247172776","msg_id":1701,"data":"cc:editfield:858c4fb6-fce9-4b87-ad6a-46b21d40c73e:address","state":"ClientCardStates:waiting_edit_value"}
{"t":"msg","ok":true,"ms":313,"req":"db3a4674","bot":8304099970,"uid":237087423,"user":"Freep_o_0_rn","name":"Freep_o_0_rn","role":"admin","chat":237087423,"chat_type":"private","msg_id":1703,"kind":"text","text":"Бетонная улица, 16/а","caption_len":0,"entities":0,"state":null}
{"t":"cb","ok":true,"ms":261,"req":"9d53b910","bot":8304099970,"uid":237087423,"user":"Freep_o_0_rn","name":"Freep_o_0_rn","role":"admin","chat":237087423,"cb_id":"1018282729078684630","msg_id":1705,"data":"cc:edit:858c4fb6-fce9-4b87-ad6a-46b21d40c73e","state":null}
{"t":"cb","ok":true,"ms":286,"req":"0fda1df3","bot":8304099970,"uid":237087423,"user":"Freep_o_0_rn","name":"Freep_o_0_rn","role":"admin","chat":237087423,"cb_id":"1018282729100839610","msg_id":1706,"data":"cc:edittech:858c4fb6-fce9-4b87-ad6a-46b21d40c73e","state":null}
{"t":"cb","ok":true,"ms":428,"req":"3706679c","bot":8304099970,"uid":237087423,"user":"Freep_o_0_rn","name":"Freep_o_0_rn","role":"admin","chat":237087423,"cb_id":"1018282731858360897","msg_id":1707,"data":"cc:edittechskip:858c4fb6-fce9-4b87-ad6a-46b21d40c73e:0","state":null}
{"t":"cb","ok":true,"ms":578,"req":"d3d0c7fb","bot":8304099970,"uid":1438912261,"user":"Vays_V","name":"Alex V","role":"sales_rep","chat":1438912261,"cb_id":"6180081103135983849","msg_id":1698,"data":"cc:view:858c4fb6-fce9-4b87-ad6a-46b21d40c73e","state":null}
{"t":"cb","ok":true,"ms":283,"req":"47443b40","bot":8304099970,"uid":1438912261,"user":"Vays_V","name":"Alex V","role":"sales_rep","chat":1438912261,"cb_id":"6180081103751048406","msg_id":1698,"data":"cc:edit:858c4fb6-fce9-4b87-ad6a-46b21d40c73e","state":null}
{"t":"cb","ok":true,"ms":272,"req":"ea891ad3","bot":8304099970,"uid":1438912261,"user":"Vays_V","name":"Alex V","role":"sales_rep","chat":1438912261,"cb_id":"6180081104136567828","msg_id":1710,"data":"cc:edittech:858c4fb6-fce9-4b87-ad6a-46b21d40c73e","state":null}
{"t":"cb","ok":true,"ms":402,"req":"62fa7fc7","bot":8304099970,"uid":1438912261,"user":"Vays_V","name":"Alex V","role":"sales_rep","chat":1438912261,"cb_id":"6180081104649015304","msg_id":1711,"data":"cc:view:858c4fb6-fce9-4b87-ad6a-46b21d40c73e","state":null}
{"t":"cb","ok":true,"ms":541,"req":"046915b6","bot":8304099970,"uid":1438912261,"user":"Vays_V","name":"Alex V","role":"sales_rep","chat":1438912261,"cb_id":"6180081105730069676","msg_id":1711,"data":"cc:list","state":null}
{"t":"msg","ok":true,"ms":161,"req":"0b44dff3","bot":8304099970,"uid":1438912261,"user":"Vays_V","name":"Alex V","role":"sales_rep","chat":1438912261,"chat_type":"private","msg_id":1712,"kind":"text","text":"📑 Прайсы","caption_len":0,"entities":0,"state":null}
{"t":"cb","ok":true,"ms":279,"req":"0c79b735","bot":8304099970,"uid":1438912261,"user":"Vays_V","name":"Alex V","role":"sales_rep","chat":1438912261,"cb_id":"6180081105408121364","msg_id":1713,"data":"pr:list:1","state":null}
{"t":"cb","ok":true,"ms":424,"req":"675bbd40","bot":8304099970,"uid":1438912261,"user":"Vays_V","name":"Alex V","role":"sales_rep","chat":1438912261,"cb_id":"6180081106730559951","msg_id":1713,"data":"menu:back","state":null}
{"t":"msg","ok":true,"ms":992,"req":"15851c72","bot":8304099970,"uid":1188061961,"user":"Re1ze_r","name":"Vadim BeerMarket","role":"client","chat":1188061961,"chat_type":"private","msg_id":1715,"kind":"text","text":"▶️ Старт","caption_len":0,"entities":0,"state":null}
{"t":"msg","ok":true,"ms":481,"req":"20531afa","bot":8304099970,"uid":1188061961,"user":"Re1ze_r","name":"Vadim BeerMarket","role":"client","chat":1188061961,"chat_type":"private","msg_id":1717,"kind":"text","text":"🏢 Моя карточка","caption_len":0,"entities":0,"state":null}
{"t":"msg","ok":true,"ms":17574,"req":"5e0c6b89","bot":8304099970,"uid":1188061961,"user":"Re1ze_r","name":"Vadim BeerMarket","role":"client","chat":1188061961,"chat_type":"private","msg_id":1719,"kind":"text","text":"🔎 Поиск","caption_len":0,"entities":0,"state":null}
{"t":"msg","ok":true,"ms":725,"req":"064c7cd3","bot":8304099970,"uid":237087423,"user":"Freep_o_0_rn","name":"Freep_o_0_rn","role":"admin","chat":237087423,"chat_type":"private","msg_id":1760,"kind":"text","text":"🔄 Обновить (00:00)","caption_len":0,"entities":0,"state":null}
{"t":"cb","ok":true,"ms":2720,"req":"afbdc03b","bot":8304099970,"uid":237087423,"user":"Freep_o_0_rn","name":"Freep_o_0_rn","role":"admin","chat":237087423,"cb_id":"1018282731452379823","msg_id":1761,"data":"upd:tara","state":null}
{"t":"msg","ok":true,"ms":113,"req":"5a0f6174","bot":8304099970,"uid":237087423,"user":"Freep_o_0_rn","name":"Freep_o_0_rn","role":"admin","chat":237087423,"chat_type":"private","msg_id":1763,"kind":"text","text":"🔄 Обновить (00:00)","caption_len":0,"entities":0,"state":null}
{"t":"cb","ok":true,"ms":3404,"req":"445532a3","bot":8304099970,"uid":237087423,"user":"Freep_o_0_rn","name":"Freep_o_0_rn","role":"admin","chat":237087423,"cb_id":"1018282729500138129","msg_id":1764,"data":"upd:tara","state":null}
{"t":"msg","ok":true,"ms":308,"req":"44eda93a","bot":8304099970,"uid":237087423,"user":"Freep_o_0_rn","name":"Freep_o_0_rn","role":"admin","chat":237087423,"chat_type":"private","msg_id":1766,"kind":"text","text":"🔎 Поиск тары","caption_len":0,"entities":0,"state":"SearchTaraStates:waiting_query"}
{"t":"msg","ok":true,"ms":1956,"req":"f04e0440","bot":8304099970,"uid":237087423,"user":"Freep_o_0_rn","name":"Freep_o_0_rn","role":"admin","chat":237087423,"chat_type":"private","msg_id":1768,"kind":"text","text":"Смирнов","caption_len":0,"entities":0,"state":null}
{"t":"msg","ok":true,"ms":962,"req":"5f0539c1","bot":8304099970,"uid":237087423,"user":"Freep_o_0_rn","name":"Freep_o_0_rn","role":"admin","chat":237087423,"chat_type":"private","msg_id":1771,"kind":"text","text":"🔎 Поиск","caption_len":0,"entities":0,"state":"SearchStates:waiting_query"}
{"t":"msg","ok":true,"ms":1018,"req":"7858e534","bot":8304099970,"uid":1188061961,"user":"Re1ze_r","name":"Vadim BeerMarket","role":"client","chat":1188061961,"chat_type":"private","msg_id":1773,"kind":"text","text":"▶️ Старт","caption_len":0,"entities":0,"state":null}
{"t":"msg","ok":true,"ms":731,"req":"565f14f6","bot":8304099970,"uid":1188061961,"user":"Re1ze_r","name":"Vadim BeerMarket","role":"client","chat":1188061961,"chat_type":"private","msg_id":1775,"kind":"text","text":"🏢 Моя карточка","caption_len":0,"entities":0,"state":null}
{"t":"msg","ok":true,"ms":3361,"req":"e91fe9dd","bot":8304099970,"uid":237087423,"user":"Freep_o_0_rn","name":"Freep_o_0_rn","role":"admin","chat":237087423,"chat_type":"private","msg_id":1777,"kind":"text","text":"👥 Пользователи","caption_len":0,"entities":0,"state":null}
{"t":"msg","ok":true,"ms":634,"req":"86872aef","bot":8304099970,"uid":237087423,"user":"Freep_o_0_rn","name":"Freep_o_0_rn","role":"admin","chat":237087423,"chat_type":"private","msg_id":1780,"kind":"text","text":"👥 Пользователи","caption_len":0,"entities":0,"state":null}
{"t":"cb","ok":true,"ms":369,"req":"6696fb13","bot":8304099970,"uid":237087423,"user":"Freep_o_0_rn","name":"Freep_o_0_rn","role":"admin","chat":237087423,"cb_id":"1018282729792065849","msg_id":1781,"data":"usr:sel:727411283:0","state":null}
{"t":"msg","ok":true,"ms":1040,"req":"327c6dda","bot":8304099970,"uid":237087423,"user":"Freep_o_0_rn","name":"Freep_o_0_rn","role":"admin","chat":237087423,"chat_type":"private","msg_id":1782,"kind":"text","text":"🏢 Клиенты","caption_len":0,"entities":0,"state":null}
{"t":"cb","ok":true,"ms":1151,"req":"8977f6bf","bot":8304099970,"uid":237087423,"user":"Freep_o_0_rn","name":"Freep_o_0_rn","role":"admin","chat":237087423,"cb_id":"1018282731677397508","msg_id":1783,"data":"cc:view:2ffc3441-dd6c-4f16-afc8-8d8a0654af0f","state":null}
{"t":"msg","ok":true,"ms":438,"req":"aa83a9b2","bot":8304099970,"uid":1188061961,"user":"Re1ze_r","name":"Vadim BeerMarket","role":"client","chat":1188061961,"chat_type":"private","msg_id":1784,"kind":"text","text":"▶️ Старт","caption_len":0,"entities":0,"state":null}
{"t":"msg","ok":true,"ms":1429,"req":"b7ee5e60","bot":8304099970,"uid":1188061961,"user":"Re1ze_r","name":"Vadim BeerMarket","role":"client","chat":1188061961,"chat_type":"private","msg_id":1786,"kind":"text","text":"🔎 Поиск тары","caption_len":0,"entities":0,"state":null}
{"t":"msg","ok":true,"ms":144,"req":"6579f955","bot":8304099970,"uid":1188061961,"user":"Re1ze_r","name":"Vadim BeerMarket","role":"client","chat":1188061961,"chat_type":"private","msg_id":1788,"kind":"text","text":"🏢 Моя карточка","caption_len":0,"entities":0,"state":null}
{"t":"msg","ok":true,"ms":143,"req":"20f8e0d0","bot":8304099970,"uid":1188061961,"user":"Re1ze_r","name":"Vadim BeerMarket","role":"client","chat":1188061961,"chat_type":"private","msg_id":1790,"kind":"text","text":"✏️ Изменить название","caption_len":0,"entities":0,"state":"ClientEditStates:waiting_new_name"}
{"t":"msg","ok":true,"ms":144,"req":"b57a22c0","bot":8304099970,"uid":1188061961,"user":"Re1ze_r","name":"Vadim BeerMarket","role":"client","chat":1188061961,"chat_type":"private","msg_id":1792,"kind":"text","text":"Колядина","caption_len":0,"entities":0,"state":null}
{"t":"msg","ok":true,"ms":1444,"req":"ce1589c3","bot":8304099970,"uid":1188061961,"user":"Re1ze_r","name":"Vadim BeerMarket","role":"client","chat":1188061961,"chat_type":"private","msg_id":1794,"kind":"text","text":"🔎 Поиск тары","caption_len":0,"entities":0,"state":null}
{"t":"msg","ok":true,"ms":152,"req":"aeca2dec","bot":8304099970,"uid":237087423,"user":"Freep_o_0_rn","name":"Freep_o_0_rn","role":"admin","chat":237087423,"chat_type":"private","msg_id":1796,"kind":"text","text":"▶️ Старт","caption_len":0,"entities":0,"state":null}
{"t":"msg","ok":true,"ms":228,"req":"9a3f9565","bot":8304099970,"uid":237087423,"user":"Freep_o_0_rn","name":"Freep_o_0_rn","role":"admin","chat":237087423,"chat_type":"private","msg_id":1798,"kind":"text","text":"🏢 Клиенты","caption_len":0,"entities":0,"state":null}
{"t":"msg","ok":true,"ms":192,"req":"5b61940b","bot":8304099970,"uid":237087423,"user":"Freep_o_0_rn","name":"Freep_o_0_rn","role":"admin","chat":237087423,"chat_type":"private","msg_id":1800,"kind":"text","text":"🔄 Обновить (11:59)","caption_len":0,"entities":0,"state":null}
{"t":"cb","ok":true,"ms":3459,"req":"a384dd29","bot":8304099970,"uid":237087423,"user":"Freep_o_0_rn","name":"Freep_o_0_rn","role":"admin","chat":237087423,"cb_id":"1018282729914215726","msg_id":1801,"data":"upd:tara","state":null}
{"t":"msg","ok":true,"ms":141,"req":"5a996454","bot":8304099970,"uid":237087423,"user":"Freep_o_0_rn","name":"Freep_o_0_rn","role":"admin","chat":237087423,"chat_type":"private","msg_id":1803,"kind":"text","text":"🔎 Поиск тары","caption_len":0,"entities":0,"state":"SearchTaraStates:waiting_query"}
{"t":"msg","ok":true,"ms":1698,"req":"1cc67001","bot":8304099970,"uid":237087423,"user":"Freep_o_0_rn","name":"Freep_o_0_rn","role":"admin","chat":237087423,"chat_type":"private","msg_id":1805,"kind":"text","text":"смирнов","caption_len":0,"entities":0,"state":null}
{"t":"msg","ok":true,"ms":394,"req":"ebc40893","bot":8304099970,"uid":237087423,"user":"Freep_o_0_rn","name":"Freep_o_0_rn","role":"admin","chat":237087423,"chat_type":"private","msg_id":1808,"kind":"text","text":"▶️ Старт","caption_len":0,"entities":0,"state":null}
{"t":"msg","ok":true,"ms":3251,"req":"4ee1b94a","bot":8304099970,"uid":237087423,"user":"Freep_o_0_rn","name":"Freep_o_0_rn","role":"admin","chat":237087423,"chat_type":"private","msg_id":1810,"kind":"text","text":"/refresh tara","caption_len":0,"entities":1,"state":null}
{"t":"msg","ok":true,"ms":144,"req":"710a24bc","bot":8304099970,"uid":237087423,"user":"Freep_o_0_rn","name":"Freep_o_0_rn","role":"admin","chat":237087423,"chat_type":"private","msg_id":1813,"kind":"text","text":"🔄 Обновить (12:09)","caption_len":0,"entities":0,"state":null}
{"t":"cb","ok":true,"ms":3602,"req":"4ab5d9f0","bot":8304099970,"uid":237087423,"user":"Freep_o_0_rn","name":"Freep_o_0_rn","role":"admin","chat":237087423,"cb_id":"1018282731331145710","msg_id":1814,"data":"upd:tara","state":null}
{"t":"msg","ok":true,"ms":379,"req":"c0d58bf0","bot":8304099970,"uid":237087423,"user":"Freep_o_0_rn","name":"Freep_o_0_rn","role":"admin","chat":237087423,"chat_type":"private","msg_id":1816,"kind":"text","text":"▶️ Старт","caption_len":0,"entities":0,"state":null}
{"t":"msg","ok":true,"ms":187,"req":"b0e4d0ea","bot":8304099970,"uid":237087423,"user":"Freep_o_0_rn","name":"Freep_o_0_rn","role":"admin","chat":237087423,"chat_type":"private","msg_id":1818,"kind":"text","text":"🔎 Поиск тары","caption_len":0,"entities":0,"state":"SearchTaraStates:waiting_query"}
{"t":"msg","ok":true,"ms":1603,"req":"5d30778e","bot":8304099970,"uid":237087423,"user":"Freep_o_0_rn","name":"Freep_o_0_rn","role":"admin","chat":237087423,"chat_type":"private","msg_id":1820,"kind":"text","text":"🔄 Обновить (15:38)","caption_len":0,"entities":0,"state":null}
{"t":"msg","ok":true,"ms":160,"req":"92a6660d","bot":8304099970,"uid":237087423,"user":"Freep_o_0_rn","name":"Freep_o_0_rn","role":"admin","chat":237087423,"chat_type":"private","msg_id":1823,"kind":"text","text":"🔄 Обновить (15:38)","caption_len":0,"entities":0,"state":null}
{"t":"cb","ok":true,"ms":13202,"req":"9ec670a7","bot":8304099970,"uid":237087423,"user":"Freep_o_0_rn","name":"Freep_o_0_rn","role":"admin","chat":237087423,"cb_id":"1018282730503032484","msg_id":1824,"data":"upd:tara","state":null}
{"t":"msg","ok":true,"ms":420,"req":"41301c5f","bot":8304099970,"uid":237087423,"user":"Freep_o_0_rn","name":"Freep_o_0_rn","role":"admin","chat":237087423,"chat_type":"private","msg_id":1826,"kind":"text","text":"🔄 Обновить (15:40)","caption_len":0,"entities":0,"state":null}
{"t":"cb","ok":true,"ms":4149,"req":"1dd56c03","bot":8304099970,"uid":237087423,"user":"Freep_o_0_rn","name":"Freep_o_0_rn","role":"admin","chat":237087423,"cb_id":"1018282732253518959","msg_id":1827,"data":"upd:tara","state":null}
{"t":"msg","ok":true,"ms":143,"req":"8661c50f","bot":8304099970,"uid":237087423,"user":"Freep_o_0_rn","name":"Freep_o_0_rn","role":"admin","chat":237087423,"chat_type":"private","msg_id":1829,"kind":"text","text":"🔎 Поиск тары","caption_len":0,"entities":0,"state":"SearchTaraStates:waiting_query"}
{"t":"msg","ok":true,"ms":2334,"req":"cb5e3f31","bot":8304099970,"uid":237087423,"user":"Freep_o_0_rn","name":"Freep_o_0_rn","role":"admin","chat":237087423,"chat_type":"private","msg_id":1831,"kind":"text","text":"анохина","caption_len":0,"entities":0,"state":null}
{"t":"msg","ok":true,"ms":446,"req":"ca31b558","bot":8304099970,"uid":1188061961,"user":"Re1ze_r","name":"Vadim BeerMarket","role":"client","chat":1188061961,"chat_type":"private","msg_id":1835,"kind":"text","text":"▶️ Старт","caption_len":0,"entities":0,"state":null}
{"t":"msg","ok":true,"ms":150,"req":"caf5d504","bot":8304099970,"uid":1188061961,"user":"Re1ze_r","name":"Vadim BeerMarket","role":"client","chat":1188061961,"chat_type":"private","msg_id":1837,"kind":"text","text":"🏢 Моя карточка","caption_len":0,"entities":0,"state":null}
{"t":"cb","ok":true,"ms":339,"req":"fefaa7c2","bot":8304099970,"uid":1188061961,"user":"Re1ze_r","name":"Vadim BeerMarket","role":"client","chat":1188061961,"cb_id":"5102687268797278839","msg_id":1838,"data":"cc:list:1","state":null}
{"t":"msg","ok":true,"ms":1569,"req":"20cd88ee","bot":8304099970,"uid":1188061961,"user":"Re1ze_r","name":"Vadim BeerMarket","role":"client","chat":1188061961,"chat_type":"private","msg_id":1839,"kind":"text","text":"🔎 Поиск","caption_len":0,"entities":0,"state":null}
{"t":"msg","ok":true,"ms":2198,"req":"75907d30","bot":8304099970,"uid":1188061961,"user":"Re1ze_r","name":"Vadim BeerMarket","role":"client","chat":1188061961,"chat_type":"private","msg_id":1842,"kind":"text","text":"🔎 Поиск тары","caption_len":0,"entities":0,"state":null}
{"t":"msg","ok":true,"ms":140,"req":"3629b3e2","bot":8304099970,"uid":1188061961,"user":"Re1ze_r","name":"Vadim BeerMarket","role":"client","chat":1188061961,"chat_type":"private","msg_id":1845,"kind":"text","text":"✏️ Изменить название","caption_len":0,"entities":0,"state":"ClientEditStates:waiting_new_name"}
{"t":"msg","ok":true,"ms":200,"req":"b6d4f47d","bot":8304099970,"uid":1188061961,"user":"Re1ze_r","name":"Vadim BeerMarket","role":"client","chat":1188061961,"chat_type":"private","msg_id":1847,"kind":"text","text":"🏢 Моя карточка","caption_len":0,"entities":0,"state":null}
{"t":"msg","ok":true,"ms":141,"req":"cff0d5fe","bot":8304099970,"uid":1188061961,"user":"Re1ze_r","name":"Vadim BeerMarket","role":"client","chat":1188061961,"chat_type":"private","msg_id":1849,"kind":"text","text":"✏️ Изменить название","caption_len":0,"entities":0,"state":"ClientEditStates:waiting_new_name"}
{"t":"msg","ok":true,"ms":227,"req":"04d3ac3a","bot":8304099970,"uid":1188061961,"user":"Re1ze_r","name":"Vadim BeerMarket","role":"client","chat":1188061961,"chat_type":"private","msg_id":1851,"kind":"text","text":"Анохина","caption_len":0,"entities":0,"state":null}
{"t":"msg","ok":true,"ms":1616,"req":"4f0e8f6c","bot":8304099970,"uid":1188061961,"user":"Re1ze_r","name":"Vadim BeerMarket","role":"client","chat":1188061961,"chat_type":"private","msg_id":1853,"kind":"text","text":"🔎 Поиск","caption_len":0,"entities":0,"state":null}
{"t":"msg","ok":true,"ms":141,"req":"cf282beb","bot":8304099970,"uid":1188061961,"user":"Re1ze_r","name":"Vadim BeerMarket","role":"client","chat":1188061961,"chat_type":"private","msg_id":1856,"kind":"text","text":"🏢 Моя карточка","caption_len":0,"entities":0,"state":null}
{"t":"msg","ok":true,"ms":474,"req":"eab198fc","bot":8304099970,"uid":237087423,"user":"Freep_o_0_rn","name":"Freep_o_0_rn","role":"admin","chat":237087423,"chat_type":"private","msg_id":1858,"kind":"text","text":"▶️ Старт","caption_len":0,"entities":0,"state":null}
{"t":"msg","ok":true,"ms":160,"req":"d86f90fa","bot":8304099970,"uid":237087423,"user":"Freep_o_0_rn","name":"Freep_o_0_rn","role":"admin","chat":237087423,"chat_type":"private","msg_id":1860,"kind":"text","text":"👥 Пользователи","caption_len":0,"entities":0,"state":null}
{"t":"cb","ok":true,"ms":367,"req":"681f4506","bot":8304099970,"uid":237087423,"user":"Freep_o_0_rn","name":"Freep_o_0_rn","role":"admin","chat":237087423,"cb_id":"1018282731556827994","msg_id":1861,"data":"usr:sel:1188061961:0","state":null}
{"t":"cb","ok":true,"ms":430,"req":"8303ca75","bot":8304099970,"uid":237087423,"user":"Freep_o_0_rn","name":"Freep_o_0_rn","role":"admin","chat":237087423,"cb_id":"1018282728246926646","msg_id":1861,"data":"usr:setrole:1188061961:guest","state":null}
{"t":"cb","ok":true,"ms":427,"req":"cd9010ed","bot":8304099970,"uid":237087423,"user":"Freep_o_0_rn","name":"Freep_o_0_rn","role":"admin","chat":237087423,"cb_id":"1018282729992820777","msg_id":1861,"data":"usr:setrole:1188061961:admin","state":null}
{"t":"cb","ok":true,"ms":420,"req":"bbe0915f","bot":8304099970,"uid":237087423,"user":"Freep_o_0_rn","name":"Freep_o_0_rn","role":"admin","chat":237087423,"cb_id":"1018282728653052636","msg_id":1861,"data":"usr:setrole:1188061961:client","state":null}
{"t":"cb","ok":false,"ms":298,"req":"331972e1","bot":8304099970,"uid":237087423,"user":"Freep_o_0_rn","name":"Freep_o_0_rn","role":"admin","chat":237087423,"cb_id":"1018282732001064588","msg_id":1861,"data":"usr:setrole:1188061961:client","state":null}
{"t":"error","req":"331972e1","exc":"TelegramBadRequest: Telegram server says - Bad Request: message is not modified: specified new message content and reply markup are exactly the same as a current content and reply markup of the message"}
{"t":"cb","ok":true,"ms":438,"req":"f39b950a","bot":8304099970,"uid":237087423,"user":"Freep_o_0_rn","name":"Freep_o_0_rn","role":"admin","chat":237087423,"cb_id":"1018282731924739212","msg_id":1861,"data":"usr:list:0","state":null}
{"t":"msg","ok":true,"ms":175,"req":"38c2ca82","bot":8304099970,"uid":1188061961,"user":"Re1ze_r","name":"Vadim BeerMarket","role":"client","chat":1188061961,"chat_type":"private","msg_id":1862,"kind":"text","text":"▶️ Старт","caption_len":0,"entities":0,"state":null}
{"t":"msg","ok":true,"ms":156,"req":"c6d1929b","bot":8304099970,"uid":1188061961,"user":"Re1ze_r","name":"Vadim BeerMarket","role":"client","chat":1188061961,"chat_type":"private","msg_id":1864,"kind":"text","text":"🏢 Моя карточка","caption_len":0,"entities":0,"state":null}
{"t":"msg","ok":true,"ms":419,"req":"8c726308","bot":8304099970,"uid":1188061961,"user":"Re1ze_r","name":"Vadim BeerMarket","role":"client","chat":1188061961,"chat_type":"private","msg_id":1866,"kind":"text","text":"▶️ Старт","caption_len":0,"entities":0,"state":null}
{"t":"msg","ok":true,"ms":170,"req":"8b7c7ff2","bot":8304099970,"uid":1188061961,"user":"Re1ze_r","name":"Vadim BeerMarket","role":"client","chat":1188061961,"chat_type":"private","msg_id":1868,"kind":"text","text":"🏢 Моя карточка","caption_len":0,"entities":0,"state":null}
{"t":"cb","ok":true,"ms":334,"req":"157ebaae","bot":8304099970,"uid":1188061961,"user":"Re1ze_r","name":"Vadim BeerMarket","role":"client","chat":1188061961,"cb_id":"5102687270542694441","msg_id":1869,"data":"cc:view:d632cf93-744a-4c7f-8d04-afafa06f714a","state":null}
{"t":"msg","ok":true,"ms":443,"req":"0d634b54","bot":8304099970,"uid":1188061961,"user":"Re1ze_r","name":"Vadim BeerMarket","role":"client","chat":1188061961,"chat_type":"private","msg_id":1870,"kind":"text","text":"▶️ Старт","caption_len":0,"entities":0,"state":null}
{"t":"msg","ok":true,"ms":204,"req":"0fa87e5b","bot":8304099970,"uid":1188061961,"user":"Re1ze_r","name":"Vadim BeerMarket","role":"client","chat":1188061961,"chat_type":"private","msg_id":1872,"kind":"text","text":"🏢 Моя карточка","caption_len":0,"entities":0,"state":null}
{"t":"cb","ok":true,"ms":286,"req":"782c5a36","bot":8304099970,"uid":1188061961,"user":"Re1ze_r","name":"Vadim BeerMarket","role":"client","chat":1188061961,"cb_id":"5102687271007303267","msg_id":1873,"data":"cc:view:90eb3452-ebf8-4f39-8033-5449091af808","state":null}
{"t":"msg","ok":true,"ms":2169,"req":"8a4a2d14","bot":8304099970,"uid":1188061961,"user":"Re1ze_r","name":"Vadim BeerMarket","role":"client","chat":1188061961,"chat_type":"private","msg_id":1874,"kind":"text","text":"🔎 Поиск тары","caption_len":0,"entities":0,"state":null}
{"t":"msg","ok":true,"ms":1584,"req":"0aa56cbf","bot":8304099970,"uid":1188061961,"user":"Re1ze_r","name":"Vadim BeerMarket","role":"client","chat":1188061961,"chat_type":"private","msg_id":1877,"kind":"text","text":"🔎 Поиск","caption_len":0,"entities":0,"state":null}
{"t":"msg","ok":true,"ms":5506,"req":"7a13dfcd","bot":8304099970,"uid":1188061961,"user":"Re1ze_r","name":"Vadim BeerMarket","role":"client","chat":1188061961,"chat_type":"private","msg_id":1880,"kind":"text","text":"▶️ Старт","caption_len":0,"entities":0,"state":null}
{"t":"msg","ok":true,"ms":1925,"req":"a48d4ece","bot":8304099970,"uid":237087423,"user":"Freep_o_0_rn","name":"Freep_o_0_rn","role":"admin","chat":237087423,"chat_type":"private","msg_id":1882,"kind":"text","text":"▶️ Старт","caption_len":0,"entities":0,"state":null}
{"t":"msg","ok":true,"ms":3152,"req":"c58c8cee","bot":8304099970,"uid":237087423,"user":"Freep_o_0_rn","name":"Freep_o_0_rn","role":"admin","chat":237087423,"chat_type":"private","msg_id":1884,"kind":"text","text":"👥 Пользователи","caption_len":0,"entities":0,"state":null}
{"t":"cb","ok":true,"ms":456,"req":"8bb2e11c","bot":8304099970,"uid":237087423,"user":"Freep_o_0_rn","name":"Freep_o_0_rn","role":"admin","chat":237087423,"cb_id":"1018282730817201049","msg_id":1885,"data":"usr:sel:1188061961:0","state":null}
{"t":"cb","ok":true,"ms":428,"req":"b063bb36","bot":8304099970,"uid":237087423,"user":"Freep_o_0_rn","name":"Freep_o_0_rn","role":"admin","chat":237087423,"cb_id":"1018282731454980793","msg_id":1885,"data":"usr:setrole:1188061961:sales_rep","state":null}
{"t":"cb","ok":true,"ms":298,"req":"e0a31c49","bot":8304099970,"uid":237087423,"user":"Freep_o_0_rn","name":"Freep_o_0_rn","role":"admin","chat":237087423,"cb_id":"1018282728133731087","msg_id":1885,"data":"usr:del:1188061961:0","state":"AdminUserEditStates:waiting_delete_confirm"}
{"t":"cb","ok":true,"ms":306,"req":"30de8dca","bot":8304099970,"uid":237087423,"user":"Freep_o_0_rn","name":"Freep_o_0_rn","role":"admin","chat":237087423,"cb_id":"1018282728187533112","msg_id":1886,"data":"usr:confirm_del:yes","state":null}
{"t":"msg","ok":true,"ms":150,"req":"9ab808fb","bot":8304099970,"uid":1188061961,"user":"Re1ze_r","name":"Vadim BeerMarket","role":"guest","chat":1188061961,"chat_type":"private","msg_id":1888,"kind":"text","text":"▶️ Старт","caption_len":0,"entities":0,"state":"OnboardStates:waiting_phone_contact"}
{"t":"msg","ok":true,"ms":730,"req":"694c06f2","bot":8304099970,"uid":1188061961,"user":"Re1ze_r","name":"Vadim BeerMarket","role":"guest","chat":1188061961,"chat_type":"private","msg_id":1890,"kind":"contact","text":"","caption_len":0,"entities":0,"state":null}
{"t":"msg","ok":true,"ms":413,"req":"6f04a38f","bot":8304099970,"uid":237087423,"user":"Freep_o_0_rn","name":"Freep_o_0_rn","role":"admin","chat":237087423,"chat_type":"private","msg_id":1893,"kind":"text","text":"👥 Пользователи","caption_len":0,"entities":0,"state":null}
{"t":"cb","ok":true,"ms":1151,"req":"5c66ebff","bot":8304099970,"uid":237087423,"user":"Freep_o_0_rn","name":"Freep_o_0_rn","role":"admin","chat":237087423,"cb_id":"1018282728478162695","msg_id":1894,"data":"menu:back","state":null}
{"t":"msg","ok":true,"ms":4711,"req":"d3a77cdf","bot":8304099970,"uid":237087423,"user":"Freep_o_0_rn","name":"Freep_o_0_rn","role":"admin","chat":237087423,"chat_type":"private","msg_id":1896,"kind":"text","text":"👥 Пользователи","caption_len":0,"entities":0,"state":null}
{"t":"cb","ok":false,"ms":425,"req":"aecfc677","bot":8304099970,"uid":237087423,"user":"Freep_o_0_rn","name":"Freep_o_0_rn","role":"admin","chat":237087423,"cb_id":"1018282731612800833","msg_id":1897,"data":"usr:sel:1188061961:0","state":null}
{"t":"error","req":"aecfc677","exc":"TelegramBadRequest: Telegram server says - Bad Request: message is not modified: specified new message content and reply markup are exactly the same as a current content and reply markup of the message"}
{"t":"cb","ok":false,"ms":564,"req":"c4564722","bot":8304099970,"uid":237087423,"user":"Freep_o_0_rn","name":"Freep_o_0_rn","role":"admin","chat":237087423,"cb_id":"1018282729546776164","msg_id":1897,"data":"usr:sel:1188061961:0","state":null}
{"t":"error","req":"c4564722","exc":"TelegramBadRequest: Telegram server says - Bad Request: query is too old and response timeout expired or query ID is invalid"}
{"t":"cb","ok":true,"ms":643,"req":"bb92ad8a","bot":8304099970,"uid":237087423,"user":"Freep_o_0_rn","name":"Freep_o_0_rn","role":"admin","chat":237087423,"cb_id":"1018282730093749665","msg_id":1897,"data":"usr:setrole:1188061961:client","state":null}
{"t":"cb","ok":false,"ms":946,"req":"b9a25f9c","bot":8304099970,"uid":237087423,"user":"Freep_o_0_rn","name":"Freep_o_0_rn","role":"admin","chat":237087423,"cb_id":"1018282729865734735","msg_id":1897,"data":"usr:block:1188061961","state":null}
{"t":"error","req":"b9a25f9c","exc":"TelegramBadRequest: Telegram server says - Bad Request: query is too old and response timeout expired or query ID is invalid"}
{"t":"msg","ok":true,"ms":169,"req":"f4e16f92","bot":8304099970,"uid":1188061961,"user":"Re1ze_r","name":"Vadim BeerMarket","role":"client","chat":1188061961,"chat_type":"private","msg_id":1898,"kind":"text","text":"▶️ Старт","caption_len":0,"entities":0,"state":null}
{"t":"msg","ok":true,"ms":16753,"req":"0d25109a","bot":8304099970,"uid":1188061961,"user":"Re1ze_r","name":"Vadim BeerMarket","role":"client","chat":1188061961,"chat_type":"private","msg_id":1900,"kind":"text","text":"🚚 График развоза","caption_len":0,"entities":0,"state":null}
{"t":"msg","ok":true,"ms":6105,"req":"2e75c9e8","bot":8304099970,"uid":1188061961,"user":"Re1ze_r","name":"Vadim BeerMarket","role":"client","chat":1188061961,"chat_type":"private","msg_id":1902,"kind":"text","text":"📑 Прайсы","caption_len":0,"entities":0,"state":null}
{"t":"cb","ok":true,"ms":533,"req":"be56ab91","bot":8304099970,"uid":237087423,"user":"Freep_o_0_rn","name":"Freep_o_0_rn","role":"admin","chat":237087423,"cb_id":"1018282730691194606","msg_id":1897,"data":"usr:list:0","state":null}
{"t":"cb","ok":true,"ms":6964,"req":"ca41f3da","bot":8304099970,"uid":237087423,"user":"Freep_o_0_rn","name":"Freep_o_0_rn","role":"admin","chat":237087423,"cb_id":"1018282728126346507","msg_id":1897,"data":"usr:sel:1188061961:0","state":null}
{"t":"cb","ok":false,"ms":7375,"req":"e45916cb","bot":8304099970,"uid":237087423,"user":"Freep_o_0_rn","name":"Freep_o_0_rn","role":"admin","chat":237087423,"cb_id":"1018282732207799501","msg_id":1897,"data":"usr:sel:1188061961:0","state":null}
{"t":"error","req":"e45916cb","exc":"TelegramBadRequest: Telegram server says - Bad Request: message is not modified: specified new message content and reply markup are exactly the same as a current content and reply markup of the message"}
{"t":"cb","ok":true,"ms":415,"req":"9af3dc4e","bot":8304099970,"uid":237087423,"user":"Freep_o_0_rn","name":"Freep_o_0_rn","role":"admin","chat":237087423,"cb_id":"1018282730614985265","msg_id":1897,"data":"usr:unblock:1188061961","state":null}
{"t":"cb","ok":true,"ms":429,"req":"7d99eb55","bot":8304099970,"uid":237087423,"user":"Freep_o_0_rn","name":"Freep_o_0_rn","role":"admin","chat":237087423,"cb_id":"1018282730503596841","msg_id":1897,"data":"usr:block:1188061961","state":null}
{"t":"cb","ok":true,"ms":449,"req":"045acad6","bot":8304099970,"uid":237087423,"user":"Freep_o_0_rn","name":"Freep_o_0_rn","role":"admin","chat":237087423,"cb_id":"1018282728213024456","msg_id":1897,"data":"usr:unblock:1188061961","state":null}
{"t":"msg","ok":true,"ms":411,"req":"8c84c7a1","bot":8304099970,"uid":1188061961,"user":"Re1ze_r","name":"Vadim BeerMarket","role":"client","chat":1188061961,"chat_type":"private","msg_id":1904,"kind":"text","text":"▶️ Старт","caption_len":0,"entities":0,"state":"OnboardStates:waiting_client_name"}
{"t":"msg","ok":false,"ms":5,"req":"322b48a8","bot":8304099970,"uid":1188061961,"user":"Re1ze_r","name":"Vadim BeerMarket","role":"client","chat":1188061961,"chat_type":"private","msg_id":1906,"kind":"text","text":"Морозова","caption_len":0,"entities":0,"state":null}
{"t":"error","req":"322b48a8","exc":"NameError: name 'user_id' is not defined"}
{"t":"msg","ok":false,"ms":2,"req":"d34b8082","bot":8304099970,"uid":1188061961,"user":"Re1ze_r","name":"Vadim BeerMarket","role":"client","chat":1188061961,"chat_type":"private","msg_id":1907,"kind":"text","text":"▶️ Старт","caption_len":0,"entities":0,"state":null}
{"t":"error","req":"d34b8082","exc":"NameError: name 'user_id' is not defined"}
{"t":"msg","ok":false,"ms":4,"req":"e019a8f1","bot":8304099970,"uid":237087423,"user":"Freep_o_0_rn","name":"Freep_o_0_rn","role":"admin","chat":237087423,"chat_type":"private","msg_id":1909,"kind":"text","text":"▶️ Старт","caption_len":0,"entities":0,"state":null}
{"t":"error","req":"e019a8f1","exc":"NameError: name 'user_id' is not defined"}
{"t":"msg","ok":false,"ms":2,"req":"71c0930e","bot":8304099970,"uid":237087423,"user":"Freep_o_0_rn","name":"Freep_o_0_rn","role":"admin","chat":237087423,"chat_type":"private","msg_id":1910,"kind":"text","text":"▶️ Старт","caption_len":0,"entities":0,"state":null}
{"t":"error","req":"71c0930e","exc":"NameError: name 'user_id' is not defined"}
{"t":"msg","ok":true,"ms":422,"req":"a1c81354","bot":8304099970,"uid":1188061961,"user":"Re1ze_r","name":"Vadim BeerMarket","role":"client","chat":1188061961,"chat_type":"private","msg_id":1911,"kind":"text","text":"▶️ Старт","caption_len":0,"entities":0,"state":null}
{"t":"msg","ok":true,"ms":1677,"req":"7b11639d","bot":8304099970,"uid":1188061961,"user":"Re1ze_r","name":"Vadim BeerMarket","role":"client","chat":1188061961,"chat_type":"private","msg_id":1913,"kind":"text","text":"🔎 Поиск","caption_len":0,"entities":0,"state":null}
{"t":"msg","ok":true,"ms":167,"req":"60637d2e","bot":8304099970,"uid":237087423,"user":"Freep_o_0_rn","name":"Freep_o_0_rn","role":"admin","chat":237087423,"chat_type":"private","msg_id":1916,"kind":"text","text":"▶️ Старт","caption_len":0,"entities":0,"state":null}
{"t":"msg","ok":true,"ms":151,"req":"d3d11418","bot":8304099970,"uid":237087423,"user":"Freep_o_0_rn","name":"Freep_o_0_rn","role":"admin","chat":237087423,"chat_type":"private","msg_id":1918,"kind":"text","text":"🔔 Уведомления","caption_len":0,"entities":0,"state":null}
{"t":"cb","ok":true,"ms":283,"req":"b15c45c8","bot":8304099970,"uid":237087423,"user":"Freep_o_0_rn","name":"Freep_o_0_rn","role":"admin","chat":237087423,"cb_id":"1018282731430376437","msg_id":1919,"data":"notify:toggle:new_users:1","state":null}
{"t":"cb","ok":true,"ms":290,"req":"55b21abd","bot":8304099970,"uid":237087423,"user":"Freep_o_0_rn","name":"Freep_o_0_rn","role":"admin","chat":237087423,"cb_id":"1018282729503952461","msg_id":1919,"data":"notify:toggle:new_users:0","state":null}
{"t":"msg","ok":true,"ms":151,"req":"3e7fb041","bot":8304099970,"uid":237087423,"user":"Freep_o_0_rn","name":"Freep_o_0_rn","role":"admin","chat":237087423,"chat_type":"private","msg_id":1920,"kind":"text","text":"👥 Пользователи","caption_len":0,"entities":0,"state":null}
{"t":"cb","ok":true,"ms":281,"req":"19ed2345","bot":8304099970,"uid":237087423,"user":"Freep_o_0_rn","name":"Freep_o_0_rn","role":"admin","chat":237087423,"cb_id":"1018282731022892982","msg_id":1921,"data":"usr:sel:288807506:0","state":null}
{"t":"cb","ok":true,"ms":287,"req":"6ddef2e2","bot":8304099970,"uid":237087423,"user":"Freep_o_0_rn","name":"Freep_o_0_rn","role":"admin","chat":237087423,"cb_id":"1018282732238350040","msg_id":1921,"data":"usr:list:0","state":null}
{"t":"cb","ok":true,"ms":445,"req":"c99392dc","bot":8304099970,"uid":237087423,"user":"Freep_o_0_rn","name":"Freep_o_0_rn","role":"admin","chat":237087423,"cb_id":"1018282728572235878","msg_id":1921,"data":"usr:sel:1188061961:0","state":null}
{"t":"cb","ok":true,"ms":415,"req":"f4cad78d","bot":8304099970,"uid":237087423,"user":"Freep_o_0_rn","name":"Freep_o_0_rn","role":"admin","chat":237087423,"cb_id":"1018282729908712529","msg_id":1921,"data":"usr:block:1188061961","state":null}
{"t":"cb","ok":true,"ms":433,"req":"f6486e0a","bot":8304099970,"uid":237087423,"user":"Freep_o_0_rn","name":"Freep_o_0_rn","role":"admin","chat":237087423,"cb_id":"1018282729353770367","msg_id":1921,"data":"usr:unblock:1188061961","state":null}
{"t":"msg","ok":true,"ms":172,"req":"7ef644a6","bot":8304099970,"uid":1188061961,"user":"Re1ze_r","name":"Vadim BeerMarket","role":"client","chat":1188061961,"chat_type":"private","msg_id":1934,"kind":"text","text":"▶️ Старт","caption_len":0,"entities":0,"state":null}
{"t":"cb","ok":true,"ms":286,"req":"2f65b395","bot":8304099970,"uid":237087423,"user":"Freep_o_0_rn","name":"Freep_o_0_rn","role":"admin","chat":237087423,"cb_id":"1018282731152841076","msg_id":1921,"data":"usr:perms:1188061961:0","state":null}
{"t":"cb","ok":true,"ms":290,"req":"58ac0374","bot":8304099970,"uid":237087423,"user":"Freep_o_0_rn","name":"Freep_o_0_rn","role":"admin","chat":237087423,"cb_id":"1018282731266703308","msg_id":1921,"data":"usr:permtoggle:1188061961:5:0","state":null}
{"t":"msg","ok":true,"ms":169,"req":"f276cdb0","bot":8304099970,"uid":1188061961,"user":"Re1ze_r","name":"Vadim BeerMarket","role":"client","chat":1188061961,"chat_type":"private","msg_id":1936,"kind":"text","text":"▶️ Старт","caption_len":0,"entities":0,"state":null}
{"t":"msg","ok":true,"ms":153,"req":"ff02e9d8","bot":8304099970,"uid":1188061961,"user":"Re1ze_r","name":"Vadim BeerMarket","role":"client","chat":1188061961,"chat_type":"private","msg_id":1938,"kind":"text","text":"🏢 Моя карточка","caption_len":0,"entities":0,"state":null}
{"t":"cb","ok":true,"ms":281,"req":"8bfcda55","bot":8304099970,"uid":1188061961,"user":"Re1ze_r","name":"Vadim BeerMarket","role":"client","chat":1188061961,"cb_id":"5102687271109176478","msg_id":1939,"data":"cc:view:44d9adf1-c490-45f8-861e-c9581a82200c","state":null}
{"t":"cb","ok":true,"ms":286,"req":"6b69aea6","bot":8304099970,"uid":237087423,"user":"Freep_o_0_rn","name":"Freep_o_0_rn","role":"admin","chat":237087423,"cb_id":"1018282728372000694","msg_id":1921,"data":"usr:perms:1188061961:1","state":null}
{"t":"cb","ok":true,"ms":312,"req":"425130e4","bot":8304099970,"uid":237087423,"user":"Freep_o_0_rn","name":"Freep_o_0_rn","role":"admin","chat":237087423,"cb_id":"1018282731477627641","msg_id":1921,"data":"usr:perms:1188061961:2","state":null}
{"t":"msg","ok":true,"ms":161,"req":"a1349851","bot":8304099970,"uid":1188061961,"user":"Re1ze_r","name":"Vadim BeerMarket","role":"client","chat":1188061961,"chat_type":"private","msg_id":1940,"kind":"text","text":"🏢 Моя карточка","caption_len":0,"entities":0,"state":null}
{"t":"cb","ok":true,"ms":445,"req":"c14cbbf0","bot":8304099970,"uid":1188061961,"user":"Re1ze_r","name":"Vadim BeerMarket","role":"client","chat":1188061961,"cb_id":"5102687269612108012","msg_id":1941,"data":"menu:back","state":null}
{"t":"cb","ok":true,"ms":462,"req":"da6e56da","bot":8304099970,"uid":237087423,"user":"Freep_o_0_rn","name":"Freep_o_0_rn","role":"admin","chat":237087423,"cb_id":"1018282728727299324","msg_id":1921,"data":"usr:sel:1188061961:0","state":null}
{"t":"cb","ok":true,"ms":284,"req":"1e62c13a","bot":8304099970,"uid":237087423,"user":"Freep_o_0_rn","name":"Freep_o_0_rn","role":"admin","chat":237087423,"cb_id":"1018282730410782916","msg_id":1921,"data":"usr:del:1188061961:0","state":"AdminUserEditStates:waiting_delete_confirm"}
{"t":"cb","ok":true,"ms":287,"req":"4a46930c","bot":8304099970,"uid":237087423,"user":"Freep_o_0_rn","name":"Freep_o_0_rn","role":"admin","chat":237087423,"cb_id":"1018282732002442602","msg_id":1943,"data":"usr:confirm_del:yes","state":null}
{"t":"msg","ok":true,"ms":215,"req":"dd2d3327","bot":8304099970,"uid":1188061961,"user":"Re1ze_r","name":"Vadim BeerMarket","role":"guest","chat":1188061961,"chat_type":"private","msg_id":1945,"kind":"text","text":"▶️ Старт","caption_len":0,"entities":0,"state":"OnboardStates:waiting_phone_contact"}
{"t":"msg","ok":true,"ms":337,"req":"e8d091a5","bot":8304099970,"uid":1188061961,"user":"Re1ze_r","name":"Vadim BeerMarket","role":"guest","chat":1188061961,"chat_type":"private","msg_id":1947,"kind":"contact","text":"","caption_len":0,"entities":0,"state":null}
{"t":"msg","ok":true,"ms":156,"req":"d949c504","bot":8304099970,"uid":237087423,"user":"Freep_o_0_rn","name":"Freep_o_0_rn","role":"admin","chat":237087423,"chat_type":"private","msg_id":1950,"kind":"text","text":"👥 Пользователи","caption_len":0,"entities":0,"state":null}
{"t":"cb","ok":true,"ms":320,"req":"6c44dadc","bot":8304099970,"uid":237087423,"user":"Freep_o_0_rn","name":"Freep_o_0_rn","role":"admin","chat":237087423,"cb_id":"1018282729070942652","msg_id":1951,"data":"usr:sel:1188061961:0","state":null}
{"t":"cb","ok":true,"ms":285,"req":"a4f57930","bot":8304099970,"uid":237087423,"user":"Freep_o_0_rn","name":"Freep_o_0_rn","role":"admin","chat":237087423,"cb_id":"1018282729887095651","msg_id":1951,"data":"usr:editname:1188061961","state":"AdminUserEditStates:waiting_name"}
{"t":"msg","ok":true,"ms":146,"req":"68c53da9","bot":8304099970,"uid":237087423,"user":"Freep_o_0_rn","name":"Freep_o_0_rn","role":"admin","chat":237087423,"chat_type":"private","msg_id":1953,"kind":"text","text":"Прозвицкий","caption_len":0,"entities":0,"state":null}
{"t":"msg","ok":true,"ms":160,"req":"7836f8c6","bot":8304099970,"uid":1188061961,"user":"Re1ze_r","name":"Vadim BeerMarket","role":"guest","chat":1188061961,"chat_type":"private","msg_id":1955,"kind":"text","text":"▶️ Старт","caption_len":0,"entities":0,"state":null}
{"t":"msg","ok":true,"ms":212,"req":"ce5012a5","bot":8304099970,"uid":1188061961,"user":"Re1ze_r","name":"Vadim BeerMarket","role":"guest","chat":1188061961,"chat_type":"private","msg_id":1957,"kind":"text","text":"▶️ Старт","caption_len":0,"entities":0,"state":null}
{"t":"cb","ok":true,"ms":278,"req":"615b5c4d","bot":8304099970,"uid":237087423,"user":"Freep_o_0_rn","name":"Freep_o_0_rn","role":"admin","chat":237087423,"cb_id":"1018282729107936460","msg_id":1951,"data":"usr:list:0","state":null}
{"t":"msg","ok":true,"ms":159,"req":"abb5655e","bot":8304099970,"uid":237087423,"user":"Freep_o_0_rn","name":"Freep_o_0_rn","role":"admin","chat":237087423,"chat_type":"private","msg_id":1959,"kind":"text","text":"👥 Пользователи","caption_len":0,"entities":0,"state":null}
{"t":"cb","ok":true,"ms":285,"req":"e03143d3","bot":8304099970,"uid":237087423,"user":"Freep_o_0_rn","name":"Freep_o_0_rn","role":"admin","chat":237087423,"cb_id":"1018282728708960440","msg_id":1960,"data":"usr:sel:1188061961:0","state":null}
{"t":"cb","ok":true,"ms":414,"req":"8ccf926e","bot":8304099970,"uid":237087423,"user":"Freep_o_0_rn","name":"Freep_o_0_rn","role":"admin","chat":237087423,"cb_id":"1018282729027481876","msg_id":1960,"data":"usr:setrole:1188061961:client","state":null}
{"t":"msg","ok":true,"ms":41443,"req":"f51860a1","bot":8304099970,"uid":1188061961,"user":"Re1ze_r","name":"Vadim BeerMarket","role":"client","chat":1188061961,"chat_type":"private","msg_id":1961,"kind":"text","text":"▶️ Старт","caption_len":0,"entities":0,"state":null}
{"t":"msg","ok":true,"ms":3649,"req":"69bcb857","bot":8304099970,"uid":1188061961,"user":"Re1ze_r","name":"Vadim BeerMarket","role":"client","chat":1188061961,"chat_type":"private","msg_id":1964,"kind":"text","text":"🏢 Моя карточка","caption_len":0,"entities":0,"state":null}
{"t":"cb","ok":false,"ms":998,"req":"b7ac27b4","bot":8304099970,"uid":1188061961,"user":"Re1ze_r","name":"Vadim BeerMarket","role":"client","chat":1188061961,"cb_id":"5102687269711053591","msg_id":1965,"data":"cc:view:924b2d68-0bc5-4d5d-8f60-7f14aec9e4a2","state":null}
{"t":"error","req":"b7ac27b4","exc":"TelegramBadRequest: Telegram server says - Bad Request: query is too old and response timeout expired or query ID is invalid"}
{"t":"msg","ok":true,"ms":10058,"req":"6727af04","bot":8304099970,"uid":237087423,"user":"Freep_o_0_rn","name":"Freep_o_0_rn","role":"admin","chat":237087423,"chat_type":"private","msg_id":1967,"kind":"text","text":"👥 Пользователи","caption_len":0,"entities":0,"state":null}
{"t":"msg","ok":false,"ms":60468,"req":"42a45e0e","bot":8304099970,"uid":237087423,"user":"Freep_o_0_rn","name":"Freep_o_0_rn","role":"admin","chat":237087423,"chat_type":"private","msg_id":1963,"kind":"text","text":"▶️ Старт","caption_len":0,"entities":0,"state":null}
{"t":"error","req":"42a45e0e","exc":"TelegramNetworkError: HTTP Client says - Request timeout error"}
{"t":"cb","ok":false,"ms":60607,"req":"0cf0ca17","bot":8304099970,"uid":237087423,"user":"Freep_o_0_rn","name":"Freep_o_0_rn","role":"admin","chat":237087423,"cb_id":"1018282730529147747","msg_id":1968,"data":"usr:sel:1188061961:0","state":null}
{"t":"error","req":"0cf0ca17","exc":"TelegramNetworkError: HTTP Client says - Request timeout error"}
{"t":"msg","ok":true,"ms":41612,"req":"41fb016d","bot":8304099970,"uid":1188061961,"user":"Re1ze_r","name":"Vadim BeerMarket","role":"client","chat":1188061961,"chat_type":"private","msg_id":1969,"kind":"text","text":"▶️ Старт","caption_len":0,"entities":0,"state":null}
{"t":"cb","ok":false,"ms":60717,"req":"9c50043f","bot":8304099970,"uid":237087423,"user":"Freep_o_0_rn","name":"Freep_o_0_rn","role":"admin","chat":237087423,"cb_id":"1018282730368238954","msg_id":1968,"data":"usr:perms:1188061961:0","state":null}
{"t":"error","req":"9c50043f","exc":"TelegramNetworkError: HTTP Client says - Request timeout error"}
{"t":"cb","ok":true,"ms":12103,"req":"695d9be0","bot":8304099970,"uid":237087423,"user":"Freep_o_0_rn","name":"Freep_o_0_rn","role":"admin","chat":237087423,"cb_id":"1018282732061304806","msg_id":1968,"data":"usr:permtoggle:1188061961:3:0","state":null}
{"t":"cb","ok":false,"ms":47800,"req":"52d7d652","bot":8304099970,"uid":237087423,"user":"Freep_o_0_rn","name":"Freep_o_0_rn","role":"admin","chat":237087423,"cb_id":"1018282731678907015","msg_id":1968,"data":"usr:permtoggle:1188061961:5:0","state":null}
{"t":"error","req":"52d7d652","exc":"TelegramBadRequest: Telegram server says - Bad Request: message is not modified: specified new message content and reply markup are exactly the same as a current content and reply markup of the message"}
{"t":"cb","ok":true,"ms":5585,"req":"2e73e6f3","bot":8304099970,"uid":237087423,"user":"Freep_o_0_rn","name":"Freep_o_0_rn","role":"admin","chat":237087423,"cb_id":"1018282728085885808","msg_id":1968,"data":"usr:permtoggle:1188061961:4:0","state":null}
{"t":"cb","ok":false,"ms":16736,"req":"4a3fa5b8","bot":8304099970,"uid":237087423,"user":"Freep_o_0_rn","name":"Freep_o_0_rn","role":"admin","chat":237087423,"cb_id":"1018282728157364122","msg_id":1968,"data":"usr:permtoggle:1188061961:3:0","state":null}
{"t":"error","req":"4a3fa5b8","exc":"TelegramBadRequest: Telegram server says - Bad Request: message is not modified: specified new message content and reply markup are exactly the same as a current content and reply markup of the message"}
{"t":"cb","ok":false,"ms":68395,"req":"2b6a518b","bot":8304099970,"uid":237087423,"user":"Freep_o_0_rn","name":"Freep_o_0_rn","role":"admin","chat":237087423,"cb_id":"1018282728129945721","msg_id":1968,"data":"usr:permtoggle:1188061961:5:0","state":null}
{"t":"error","req":"2b6a518b","exc":"TelegramBadRequest: Telegram server says - Bad Request: query is too old and response timeout expired or query ID is invalid"}
{"t":"cb","ok":false,"ms":61261,"req":"cca7f2ed","bot":8304099970,"uid":237087423,"user":"Freep_o_0_rn","name":"Freep_o_0_rn","role":"admin","chat":237087423,"cb_id":"1018282729777300437","msg_id":1968,"data":"usr:permtoggle:1188061961:4:0","state":null}
{"t":"error","req":"cca7f2ed","exc":"TelegramBadRequest: Telegram server says - Bad Request: message is not modified: specified new message content and reply markup are exactly the same as a current content and reply markup of the message"}
{"t":"cb","ok":false,"ms":68946,"req":"519c221b","bot":8304099970,"uid":237087423,"user":"Freep_o_0_rn","name":"Freep_o_0_rn","role":"admin","chat":237087423,"cb_id":"1018282728133227102","msg_id":1968,"data":"usr:permtoggle:1188061961:4:0","state":null}
{"t":"error","req":"519c221b","exc":"TelegramBadRequest: Telegram server says - Bad Request: message is not modified: specified new message content and reply markup are exactly the same as a current content and reply markup of the message"}
{"t":"msg","ok":true,"ms":24922,"req":"b7c030ec","bot":8304099970,"uid":237087423,"user":"Freep_o_0_rn","name":"Freep_o_0_rn","role":"admin","chat":237087423,"chat_type":"private","msg_id":1982,"kind":"text","text":"👥 Пользователи","caption_len":0,"entities":0,"state":null}
{"t":"msg","ok":false,"ms":61001,"req":"4437baac","bot":8304099970,"uid":237087423,"user":"Freep_o_0_rn","name":"Freep_o_0_rn","role":"admin","chat":237087423,"chat_type":"private","msg_id":1980,"kind":"text","text":"▶️ Старт","caption_len":0,"entities":0,"state":null}
{"t":"error","req":"4437baac","exc":"TelegramNetworkError: HTTP Client says - Request timeout error"}
{"t":"cb","ok":false,"ms":60487,"req":"0bd406ca","bot":8304099970,"uid":237087423,"user":"Freep_o_0_rn","name":"Freep_o_0_rn","role":"admin","chat":237087423,"cb_id":"1018282730493017779","msg_id":1983,"data":"usr:sel:1188061961:0","state":null}
{"t":"error","req":"0bd406ca","exc":"TelegramNetworkError: HTTP Client says - Request timeout error"}
{"t":"msg","ok":true,"ms":39884,"req":"fa021788","bot":8304099970,"uid":1188061961,"user":"Re1ze_r","name":"Vadim BeerMarket","role":"client","chat":1188061961,"chat_type":"private","msg_id":1984,"kind":"text","text":"▶️ Старт","caption_len":0,"entities":0,"state":null}
{"t":"cb","ok":false,"ms":27849,"req":"233141f3","bot":8304099970,"uid":237087423,"user":"Freep_o_0_rn","name":"Freep_o_0_rn","role":"admin","chat":237087423,"cb_id":"1018282730452986056","msg_id":1968,"data":"usr:permtoggle:1188061961:4:0","state":null}
{"t":"error","req":"233141f3","exc":"TelegramBadRequest: Telegram server says - Bad Request: query is too old and response timeout expired or query ID is invalid"}
{"t":"cb","ok":false,"ms":26673,"req":"e5fc17c5","bot":8304099970,"uid":237087423,"user":"Freep_o_0_rn","name":"Freep_o_0_rn","role":"admin","chat":237087423,"cb_id":"1018282731944574991","msg_id":1983,"data":"usr:perms:1188061961:0","state":null}
{"t":"error","req":"e5fc17c5","exc":"TelegramBadRequest: Telegram server says - Bad Request: query is too old and response timeout expired or query ID is invalid"}
{"t":"msg","ok":true,"ms":23590,"req":"d8fc4f1d","bot":8304099970,"uid":1188061961,"user":"Re1ze_r","name":"Vadim BeerMarket","role":"client","chat":1188061961,"chat_type":"private","msg_id":1987,"kind":"text","text":"🏢 Моя карточка","caption_len":0,"entities":0,"state":null}
{"t":"msg","ok":true,"ms":51438,"req":"b8aafed6","bot":8304099970,"uid":1188061961,"user":"Re1ze_r","name":"Vadim BeerMarket","role":"client","chat":1188061961,"chat_type":"private","msg_id":1988,"kind":"text","text":"🏢 Моя карточка","caption_len":0,"entities":0,"state":null}
{"t":"cb","ok":false,"ms":60848,"req":"6a2c6da6","bot":8304099970,"uid":237087423,"user":"Freep_o_0_rn","name":"Freep_o_0_rn","role":"admin","chat":237087423,"cb_id":"1018282728629269291","msg_id":1983,"data":"usr:perms:1188061961:1","state":null}
{"t":"error","req":"6a2c6da6","exc":"TelegramNetworkError: HTTP Client says - Request timeout error"}
{"t":"cb","ok":false,"ms":7063,"req":"92bcff41","bot":8304099970,"uid":1188061961,"user":"Re1ze_r","name":"Vadim BeerMarket","role":"client","chat":1188061961,"cb_id":"5102687268860297303","msg_id":1989,"data":"cc:view:924b2d68-0bc5-4d5d-8f60-7f14aec9e4a2","state":null}
{"t":"error","req":"92bcff41","exc":"TelegramBadRequest: Telegram server says - Bad Request: query is too old and response timeout expired or query ID is invalid"}
{"t":"cb","ok":false,"ms":30066,"req":"fb4dc9db","bot":8304099970,"uid":237087423,"user":"Freep_o_0_rn","name":"Freep_o_0_rn","role":"admin","chat":237087423,"cb_id":"1018282728555439501","msg_id":1983,"data":"usr:perms:1188061961:0","state":null}
{"t":"error","req":"fb4dc9db","exc":"TelegramBadRequest: Telegram server says - Bad Request: query is too old and response timeout expired or query ID is invalid"}
{"t":"cb","ok":true,"ms":3809,"req":"8c38b043","bot":8304099970,"uid":237087423,"user":"Freep_o_0_rn","name":"Freep_o_0_rn","role":"admin","chat":237087423,"cb_id":"1018282729448132032","msg_id":1983,"data":"usr:setrole:1188061961:moderator","state":null}
{"t":"msg","ok":true,"ms":491,"req":"c093d936","bot":8304099970,"uid":1188061961,"user":"Re1ze_r","name":"Vadim BeerMarket","role":"moderator","chat":1188061961,"chat_type":"private","msg_id":1992,"kind":"text","text":"🔔 Уведомления","caption_len":0,"entities":0,"state":null}
{"t":"cb","ok":false,"ms":60780,"req":"c1142675","bot":8304099970,"uid":237087423,"user":"Freep_o_0_rn","name":"Freep_o_0_rn","role":"admin","chat":237087423,"cb_id":"1018282732112607806","msg_id":1983,"data":"usr:sel:1188061961:0","state":null}
{"t":"error","req":"c1142675","exc":"TelegramNetworkError: HTTP Client says - Request timeout error"}
{"t":"msg","ok":true,"ms":10037,"req":"b6e3a790","bot":8304099970,"uid":1188061961,"user":"Re1ze_r","name":"Vadim BeerMarket","role":"moderator","chat":1188061961,"chat_type":"private","msg_id":1994,"kind":"text","text":"🎁 Акции","caption_len":0,"entities":0,"state":null}
{"t":"msg","ok":false,"ms":18924,"req":"bce7dbe9","bot":8304099970,"uid":237087423,"user":"Freep_o_0_rn","name":"Freep_o_0_rn","role":"admin","chat":237087423,"chat_type":"private","msg_id":1996,"kind":"text","text":"👥 Пользователи","caption_len":0,"entities":0,"state":null}
{"t":"error","req":"bce7dbe9","exc":"TelegramNetworkError: HTTP Client says - ClientConnectionError: Connector is closed."}
{"t":"msg","ok":true,"ms":433,"req":"972c60ac","bot":8304099970,"uid":237087423,"user":"Freep_o_0_rn","name":"Freep_o_0_rn","role":"admin","chat":237087423,"chat_type":"private","msg_id":1997,"kind":"text","text":"👥 Пользователи","caption_len":0,"entities":0,"state":null}
{"t":"cb","ok":true,"ms":309,"req":"10f26816","bot":8304099970,"uid":237087423,"user":"Freep_o_0_rn","name":"Freep_o_0_rn","role":"admin","chat":237087423,"cb_id":"1018282730509876680","msg_id":1998,"data":"usr:sel:288807506:0","state":null}
{"t":"cb","ok":true,"ms":353,"req":"38568911","bot":8304099970,"uid":237087423,"user":"Freep_o_0_rn","name":"Freep_o_0_rn","role":"admin","chat":237087423,"cb_id":"1018282731277945095","msg_id":1998,"data":"usr:perms:288807506:0","state":null}
{"t":"cb","ok":true,"ms":298,"req":"085bf216","bot":8304099970,"uid":288807506,"user":"Yudzhik","name":"Анка Евгеньевна Колягина","role":"client","chat":288807506,"cb_id":"1240418794489592979","msg_id":1434,"data":"cc:list","state":null}
{"t":"cb","ok":true,"ms":459,"req":"67d25508","bot":8304099970,"uid":288807506,"user":"Yudzhik","name":"Анка Евгеньевна Колягина","role":"client","chat":288807506,"cb_id":"1240418794553861676","msg_id":1434,"data":"menu:back","state":null}
{"t":"cb","ok":true,"ms":469,"req":"837b15e3","bot":8304099970,"uid":237087423,"user":"Freep_o_0_rn","name":"Freep_o_0_rn","role":"admin","chat":237087423,"cb_id":"1018282730096681085","msg_id":1998,"data":"usr:permtoggle:288807506:0:0","state":null}
{"t":"cb","ok":true,"ms":480,"req":"d30e697e","bot":8304099970,"uid":237087423,"user":"Freep_o_0_rn","name":"Freep_o_0_rn","role":"admin","chat":237087423,"cb_id":"1018282728598491438","msg_id":1998,"data":"usr:permtoggle:288807506:0:0","state":null}
{"t":"cb","ok":true,"ms":336,"req":"fe476233","bot":8304099970,"uid":237087423,"user":"Freep_o_0_rn","name":"Freep_o_0_rn","role":"admin","chat":237087423,"cb_id":"1018282729327267287","msg_id":1998,"data":"usr:sel:288807506:0","state":null}
{"t":"cb","ok":true,"ms":693,"req":"95925758","bot":8304099970,"uid":237087423,"user":"Freep_o_0_rn","name":"Freep_o_0_rn","role":"admin","chat":237087423,"cb_id":"1018282728655863065","msg_id":1998,"data":"usr:block:288807506","state":null}
{"t":"cb","ok":true,"ms":313,"req":"5f472969","bot":8304099970,"uid":237087423,"user":"Freep_o_0_rn","name":"Freep_o_0_rn","role":"admin","chat":237087423,"cb_id":"1018282730478907850","msg_id":1998,"data":"usr:perms:288807506:0","state":null}
{"t":"cb","ok":true,"ms":309,"req":"6e27fdaf","bot":8304099970,"uid":237087423,"user":"Freep_o_0_rn","name":"Freep_o_0_rn","role":"admin","chat":237087423,"cb_id":"1018282728631981940","msg_id":1998,"data":"usr:perms:288807506:1","state":null}
{"t":"cb","ok":true,"ms":473,"req":"f75acdde","bot":8304099970,"uid":237087423,"user":"Freep_o_0_rn","name":"Freep_o_0_rn","role":"admin","chat":237087423,"cb_id":"1018282731445854854","msg_id":1998,"data":"usr:permtoggle:288807506:10:1","state":null}
{"t":"cb","ok":true,"ms":470,"req":"07b137aa","bot":8304099970,"uid":237087423,"user":"Freep_o_0_rn","name":"Freep_o_0_rn","role":"admin","chat":237087423,"cb_id":"1018282732209566493","msg_id":1998,"data":"usr:permtoggle:288807506:10:1","state":null}
{"t":"cb","ok":true,"ms":309,"req":"b2713197","bot":8304099970,"uid":237087423,"user":"Freep_o_0_rn","name":"Freep_o_0_rn","role":"admin","chat":237087423,"cb_id":"1018282731170590749","msg_id":1998,"data":"usr:sel:288807506:0","state":null}
{"t":"cb","ok":true,"ms":450,"req":"597dd591","bot":8304099970,"uid":237087423,"user":"Freep_o_0_rn","name":"Freep_o_0_rn","role":"admin","chat":237087423,"cb_id":"1018282731152101581","msg_id":1998,"data":"usr:unblock:288807506","state":null}
{"t":"msg","ok":true,"ms":181,"req":"25b89410","bot":8304099970,"uid":288807506,"user":"Yudzhik","name":"Анка Евгеньевна Колягина","role":"client","chat":288807506,"chat_type":"private","msg_id":2016,"kind":"text","text":"▶️ Старт","caption_len":0,"entities":0,"state":null}
{"t":"msg","ok":true,"ms":206,"req":"44c28c4a","bot":8304099970,"uid":288807506,"user":"Yudzhik","name":"Анка Евгеньевна Колягина","role":"client","chat":288807506,"chat_type":"private","msg_id":2018,"kind":"text","text":"🏢 Моя карточка","caption_len":0,"entities":0,"state":null}
{"t":"cb","ok":true,"ms":348,"req":"905900b5","bot":8304099970,"uid":288807506,"user":"Yudzhik","name":"Анка Евгеньевна Колягина","role":"client","chat":288807506,"cb_id":"1240418796308290139","msg_id":2019,"data":"cc:view:44d9adf1-c490-45f8-861e-c9581a82200c","state":null}
{"t":"cb","ok":true,"ms":314,"req":"97ed1479","bot":8304099970,"uid":237087423,"user":"Freep_o_0_rn","name":"Freep_o_0_rn","role":"admin","chat":237087423,"cb_id":"1018282730370007501","msg_id":1998,"data":"usr:list:0","state":null}
{"t":"cb","ok":true,"ms":590,"req":"96e046dd","bot":8304099970,"uid":237087423,"user":"Freep_o_0_rn","name":"Freep_o_0_rn","role":"admin","chat":237087423,"cb_id":"1018282732007492365","msg_id":1998,"data":"menu:back","state":null}
{"t":"msg","ok":true,"ms":167,"req":"be0d1925","bot":8304099970,"uid":237087423,"user":"Freep_o_0_rn","name":"Freep_o_0_rn","role":"admin","chat":237087423,"chat_type":"private","msg_id":2021,"kind":"text","text":"🏢 Клиенты","caption_len":0,"entities":0,"state":null}
{"t":"cb","ok":true,"ms":456,"req":"73a54457","bot":8304099970,"uid":237087423,"user":"Freep_o_0_rn","name":"Freep_o_0_rn","role":"admin","chat":237087423,"cb_id":"1018282730154464341","msg_id":2022,"data":"menu:back","state":null}
{"t":"msg","ok":true,"ms":157,"req":"b5e720e8","bot":8304099970,"uid":237087423,"user":"Freep_o_0_rn","name":"Freep_o_0_rn","role":"admin","chat":237087423,"chat_type":"private","msg_id":2024,"kind":"text","text":"🛠 Техники","caption_len":0,"entities":0,"state":null}
{"t":"msg","ok":true,"ms":164,"req":"08f2f3e9","bot":8304099970,"uid":237087423,"user":"Freep_o_0_rn","name":"Freep_o_0_rn","role":"admin","chat":237087423,"chat_type":"private","msg_id":2026,"kind":"text","text":"👥 Пользователи","caption_len":0,"entities":0,"state":null}
{"t":"cb","ok":true,"ms":317,"req":"f5e4a322","bot":8304099970,"uid":237087423,"user":"Freep_o_0_rn","name":"Freep_o_0_rn","role":"admin","chat":237087423,"cb_id":"1018282730141443651","msg_id":2027,"data":"usr:sel:288807506:0","state":null}
{"t":"cb","ok":true,"ms":297,"req":"fec3606b","bot":8304099970,"uid":237087423,"user":"Freep_o_0_rn","name":"Freep_o_0_rn","role":"admin","chat":237087423,"cb_id":"1018282730067040842","msg_id":2027,"data":"usr:del:288807506:0","state":"AdminUserEditStates:waiting_delete_confirm"}
{"t":"cb","ok":true,"ms":302,"req":"73f36193","bot":8304099970,"uid":237087423,"user":"Freep_o_0_rn","name":"Freep_o_0_rn","role":"admin","chat":237087423,"cb_id":"1018282728560907636","msg_id":2028,"data":"usr:confirm_del:yes","state":null}
{"t":"msg","ok":true,"ms":168,"req":"e2575c5d","bot":8304099970,"uid":288807506,"user":"Yudzhik","name":"Анка Евгеньевна Колягина","role":"guest","chat":288807506,"chat_type":"private","msg_id":2030,"kind":"text","text":"▶️ Старт","caption_len":0,"entities":0,"state":"OnboardStates:waiting_phone_contact"}
{"t":"msg","ok":true,"ms":332,"req":"a40768bc","bot":8304099970,"uid":288807506,"user":"Yudzhik","name":"Анка Евгеньевна Колягина","role":"guest","chat":288807506,"chat_type":"private","msg_id":2032,"kind":"contact","text":"","caption_len":0,"entities":0,"state":null}
{"t":"msg","ok":true,"ms":195,"req":"c415f40b","bot":8304099970,"uid":237087423,"user":"Freep_o_0_rn","name":"Freep_o_0_rn","role":"admin","chat":237087423,"chat_type":"private","msg_id":2035,"kind":"text","text":"▶️ Старт","caption_len":0,"entities":0,"state":null}
{"t":"msg","ok":true,"ms":165,"req":"6ed4e382","bot":8304099970,"uid":237087423,"user":"Freep_o_0_rn","name":"Freep_o_0_rn","role":"admin","chat":237087423,"chat_type":"private","msg_id":2037,"kind":"text","text":"🔔 Уведомления","caption_len":0,"entities":0,"state":null}
{"t":"cb","ok":true,"ms":310,"req":"10044b9c","bot":8304099970,"uid":237087423,"user":"Freep_o_0_rn","name":"Freep_o_0_rn","role":"admin","chat":237087423,"cb_id":"1018282732349877292","msg_id":2038,"data":"notify:toggle:new_users:1","state":null}
{"t":"cb","ok":true,"ms":406,"req":"fafdd0af","bot":8304099970,"uid":237087423,"user":"Freep_o_0_rn","name":"Freep_o_0_rn","role":"admin","chat":237087423,"cb_id":"1018282731056606801","msg_id":2038,"data":"notify:toggle:new_users:0","state":null}
{"t":"msg","ok":true,"ms":187,"req":"7a95ff9f","bot":8304099970,"uid":237087423,"user":"Freep_o_0_rn","name":"Freep_o_0_rn","role":"admin","chat":237087423,"chat_type":"private","msg_id":2039,"kind":"text","text":"👥 Пользователи","caption_len":0,"entities":0,"state":null}
{"t":"cb","ok":true,"ms":442,"req":"35b9ba2d","bot":8304099970,"uid":237087423,"user":"Freep_o_0_rn","name":"Freep_o_0_rn","role":"admin","chat":237087423,"cb_id":"1018282731839068069","msg_id":2040,"data":"usr:sel:288807506:0","state":null}
{"t":"cb","ok":true,"ms":618,"req":"c8708fc6","bot":8304099970,"uid":237087423,"user":"Freep_o_0_rn","name":"Freep_o_0_rn","role":"admin","chat":237087423,"cb_id":"1018282730711733042","msg_id":2040,"data":"usr:setrole:288807506:client","state":null}
{"t":"cb","ok":true,"ms":630,"req":"535ceef7","bot":8304099970,"uid":237087423,"user":"Freep_o_0_rn","name":"Freep_o_0_rn","role":"admin","chat":237087423,"cb_id":"1018282731158735856","msg_id":2040,"data":"usr:setrole:288807506:moderator","state":null}
{"t":"cb","ok":false,"ms":512,"req":"0a6b107c","bot":8304099970,"uid":237087423,"user":"Freep_o_0_rn","name":"Freep_o_0_rn","role":"admin","chat":237087423,"cb_id":"1018282728684430137","msg_id":2040,"data":"usr:setrole:288807506:moderator","state":null}
{"t":"error","req":"0a6b107c","exc":"TelegramBadRequest: Telegram server says - Bad Request: message is not modified: specified new message content and reply markup are exactly the same as a current content and reply markup of the message"}
{"t":"cb","ok":true,"ms":618,"req":"cc0e06e9","bot":8304099970,"uid":237087423,"user":"Freep_o_0_rn","name":"Freep_o_0_rn","role":"admin","chat":237087423,"cb_id":"1018282730811392712","msg_id":2040,"data":"usr:setrole:288807506:sales_rep","state":null}
{"t":"cb","ok":true,"ms":628,"req":"d34bcf3c","bot":8304099970,"uid":237087423,"user":"Freep_o_0_rn","name":"Freep_o_0_rn","role":"admin","chat":237087423,"cb_id":"1018282728127393188","msg_id":2040,"data":"usr:setrole:288807506:guest","state":null}
{"t":"cb","ok":true,"ms":625,"req":"9e78c79f","bot":8304099970,"uid":237087423,"user":"Freep_o_0_rn","name":"Freep_o_0_rn","role":"admin","chat":237087423,"cb_id":"1018282729484350455","msg_id":2040,"data":"usr:setrole:288807506:client","state":null}
{"t":"cb","ok":true,"ms":691,"req":"1f92221e","bot":8304099970,"uid":237087423,"user":"Freep_o_0_rn","name":"Freep_o_0_rn","role":"admin","chat":237087423,"cb_id":"1018282728134461912","msg_id":2040,"data":"usr:setrole:288807506:moderator","state":null}
{"t":"cb","ok":true,"ms":353,"req":"f32c4fd3","bot":8304099970,"uid":237087423,"user":"Freep_o_0_rn","name":"Freep_o_0_rn","role":"admin","chat":237087423,"cb_id":"1018282729836608317","msg_id":2040,"data":"usr:list:0","state":null}
{"t":"msg","ok":true,"ms":436,"req":"2e8b9727","bot":8304099970,"uid":1188061961,"user":"Re1ze_r","name":"Vadim BeerMarket","role":"moderator","chat":1188061961,"chat_type":"private","msg_id":2048,"kind":"text","text":"▶️ Старт","caption_len":0,"entities":0,"state":null}
{"t":"msg","ok":true,"ms":164,"req":"7745183c","bot":8304099970,"uid":1188061961,"user":"Re1ze_r","name":"Vadim BeerMarket","role":"moderator","chat":1188061961,"chat_type":"private","msg_id":2050,"kind":"text","text":"🏢 Клиенты","caption_len":0,"entities":0,"state":null}
{"t":"msg","ok":true,"ms":319,"req":"10fae5a4","bot":8304099970,"uid":1188061961,"user":"Re1ze_r","name":"Vadim BeerMarket","role":"moderator","chat":1188061961,"chat_type":"private","msg_id":2052,"kind":"text","text":"▶️ Старт","caption_len":0,"entities":0,"state":null}
{"t":"msg","ok":true,"ms":193,"req":"70e99bac","bot":8304099970,"uid":1188061961,"user":"Re1ze_r","name":"Vadim BeerMarket","role":"moderator","chat":1188061961,"chat_type":"private","msg_id":2054,"kind":"text","text":"🏢 Клиенты","caption_len":0,"entities":0,"state":null}
{"t":"cb","ok":true,"ms":340,"req":"d0e30540","bot":8304099970,"uid":1188061961,"user":"Re1ze_r","name":"Vadim BeerMarket","role":"moderator","chat":1188061961,"cb_id":"5102687268872480854","msg_id":2055,"data":"cc:view:d632cf93-744a-4c7f-8d04-afafa06f714a","state":null}
{"t":"cb","ok":true,"ms":292,"req":"39283b58","bot":8304099970,"uid":1188061961,"user":"Re1ze_r","name":"Vadim BeerMarket","role":"moderator","chat":1188061961,"cb_id":"5102687271012628660","msg_id":2055,"data":"cc:list","state":null}
{"t":"cb","ok":true,"ms":284,"req":"0aa0023f","bot":8304099970,"uid":1188061961,"user":"Re1ze_r","name":"Vadim BeerMarket","role":"moderator","chat":1188061961,"cb_id":"5102687270155416181","msg_id":2055,"data":"cc:view:16610b81-2a43-4210-9ae0-817581ee5937","state":null}
{"t":"cb","ok":true,"ms":360,"req":"5f5a3c0b","bot":8304099970,"uid":1188061961,"user":"Re1ze_r","name":"Vadim BeerMarket","role":"moderator","chat":1188061961,"cb_id":"5102687269741559107","msg_id":2055,"data":"cc:list","state":null}
{"t":"cb","ok":true,"ms":604,"req":"7e385a70","bot":8304099970,"uid":1188061961,"user":"Re1ze_r","name":"Vadim BeerMarket","role":"moderator","chat":1188061961,"cb_id":"5102687268298491794","msg_id":2055,"data":"menu:back","state":null}
{"t":"msg","ok":true,"ms":190,"req":"b4395f3d","bot":8304099970,"uid":1188061961,"user":"Re1ze_r","name":"Vadim BeerMarket","role":"moderator","chat":1188061961,"chat_type":"private","msg_id":2057,"kind":"text","text":"🔎 Поиск тары","caption_len":0,"entities":0,"state":"SearchTaraStates:waiting_query"}
{"t":"msg","ok":true,"ms":2368,"req":"7d27755c","bot":8304099970,"uid":1188061961,"user":"Re1ze_r","name":"Vadim BeerMarket","role":"moderator","chat":1188061961,"chat_type":"private","msg_id":2059,"kind":"text","text":"Смирнов","caption_len":0,"entities":0,"state":null}
{"t":"msg","ok":true,"ms":161,"req":"b342e607","bot":8304099970,"uid":1188061961,"user":"Re1ze_r","name":"Vadim BeerMarket","role":"moderator","chat":1188061961,"chat_type":"private","msg_id":2063,"kind":"text","text":"🔎 Поиск тары","caption_len":0,"entities":0,"state":"SearchTaraStates:waiting_query"}
{"t":"msg","ok":true,"ms":2369,"req":"19cbc4f9","bot":8304099970,"uid":1188061961,"user":"Re1ze_r","name":"Vadim BeerMarket","role":"moderator","chat":1188061961,"chat_type":"private","msg_id":2065,"kind":"text","text":"Морозова","caption_len":0,"entities":0,"state":null}
{"t":"msg","ok":true,"ms":149,"req":"51a3b697","bot":8304099970,"uid":1188061961,"user":"Re1ze_r","name":"Vadim BeerMarket","role":"moderator","chat":1188061961,"chat_type":"private","msg_id":2069,"kind":"text","text":"🔎 Поиск тары","caption_len":0,"entities":0,"state":"SearchTaraStates:waiting_query"}
{"t":"msg","ok":true,"ms":2534,"req":"0e0ab7d5","bot":8304099970,"uid":1188061961,"user":"Re1ze_r","name":"Vadim BeerMarket","role":"moderator","chat":1188061961,"chat_type":"private","msg_id":2071,"kind":"text","text":"прозвицкий","caption_len":0,"entities":0,"state":null}
{"t":"msg","ok":true,"ms":193,"req":"17b3952e","bot":8304099970,"uid":237087423,"user":"Freep_o_0_rn","name":"Freep_o_0_rn","role":"admin","chat":237087423,"chat_type":"private","msg_id":2075,"kind":"text","text":"▶️ Старт","caption_len":0,"entities":0,"state":null}
{"t":"msg","ok":true,"ms":161,"req":"b84e60b9","bot":8304099970,"uid":237087423,"user":"Freep_o_0_rn","name":"Freep_o_0_rn","role":"admin","chat":237087423,"chat_type":"private","msg_id":2077,"kind":"text","text":"👥 Пользователи","caption_len":0,"entities":0,"state":null}
{"t":"cb","ok":true,"ms":301,"req":"46f19172","bot":8304099970,"uid":237087423,"user":"Freep_o_0_rn","name":"Freep_o_0_rn","role":"admin","chat":237087423,"cb_id":"1018282730365295135","msg_id":2078,"data":"usr:sel:1438912261:0","state":null}
{"t":"msg","ok":true,"ms":160,"req":"795444d6","bot":8304099970,"uid":1188061961,"user":"Re1ze_r","name":"Vadim BeerMarket","role":"moderator","chat":1188061961,"chat_type":"private","msg_id":2079,"kind":"text","text":"▶️ Старт","caption_len":0,"entities":0,"state":null}
{"t":"cb","ok":true,"ms":292,"req":"66532e49","bot":8304099970,"uid":237087423,"user":"Freep_o_0_rn","name":"Freep_o_0_rn","role":"admin","chat":237087423,"cb_id":"1018282728395310665","msg_id":2078,"data":"usr:list:0","state":null}
{"t":"msg","ok":true,"ms":164,"req":"d948d2bd","bot":8304099970,"uid":1188061961,"user":"Re1ze_r","name":"Vadim BeerMarket","role":"moderator","chat":1188061961,"chat_type":"private","msg_id":2081,"kind":"text","text":"▶️ Старт","caption_len":0,"entities":0,"state":null}
{"t":"cb","ok":true,"ms":300,"req":"52c8b282","bot":8304099970,"uid":237087423,"user":"Freep_o_0_rn","name":"Freep_o_0_rn","role":"admin","chat":237087423,"cb_id":"1018282730103864858","msg_id":2078,"data":"usr:sel:1188061961:0","state":null}
{"t":"cb","ok":true,"ms":587,"req":"4d215556","bot":8304099970,"uid":237087423,"user":"Freep_o_0_rn","name":"Freep_o_0_rn","role":"admin","chat":237087423,"cb_id":"1018282729272058958","msg_id":2078,"data":"usr:setrole:1188061961:sales_rep","state":null}
{"t":"msg","ok":true,"ms":177,"req":"525d781d","bot":8304099970,"uid":1188061961,"user":"Re1ze_r","name":"Vadim BeerMarket","role":"sales_rep","chat":1188061961,"chat_type":"private","msg_id":2084,"kind":"text","text":"▶️ Старт","caption_len":0,"entities":0,"state":null}
{"t":"msg","ok":true,"ms":154,"req":"94a6ba3f","bot":8304099970,"uid":1188061961,"user":"Re1ze_r","name":"Vadim BeerMarket","role":"sales_rep","chat":1188061961,"chat_type":"private","msg_id":2086,"kind":"text","text":"🏢 Клиенты","caption_len":0,"entities":0,"state":null}
{"t":"cb","ok":true,"ms":331,"req":"39206626","bot":8304099970,"uid":1188061961,"user":"Re1ze_r","name":"Vadim BeerMarket","role":"sales_rep","chat":1188061961,"cb_id":"5102687270031255875","msg_id":2087,"data":"cc:view:955f4754-ac4b-4dec-beaf-d1838d9a061c","state":null}
{"t":"cb","ok":true,"ms":871,"req":"f7204a5c","bot":8304099970,"uid":1188061961,"user":"Re1ze_r","name":"Vadim BeerMarket","role":"sales_rep","chat":1188061961,"cb_id":"5102687270821196853","msg_id":2087,"data":"cc:list","state":null}
{"t":"cb","ok":true,"ms":293,"req":"66569181","bot":8304099970,"uid":1188061961,"user":"Re1ze_r","name":"Vadim BeerMarket","role":"sales_rep","chat":1188061961,"cb_id":"5102687272407727216","msg_id":2087,"data":"cc:view:5b6013ef-bf0e-4edc-a183-67f1c27dd9ac","state":null}
{"t":"cb","ok":true,"ms":293,"req":"63b94c4f","bot":8304099970,"uid":1188061961,"user":"Re1ze_r","name":"Vadim BeerMarket","role":"sales_rep","chat":1188061961,"cb_id":"5102687270809490141","msg_id":2087,"data":"cc:list","state":null}
{"t":"msg","ok":true,"ms":177,"req":"049914f6","bot":8304099970,"uid":1188061961,"user":"Re1ze_r","name":"Vadim BeerMarket","role":"sales_rep","chat":1188061961,"chat_type":"private","msg_id":2088,"kind":"text","text":"▶️ Старт","caption_len":0,"entities":0,"state":null}
{"t":"msg","ok":true,"ms":181,"req":"959d78ee","bot":8304099970,"uid":1188061961,"user":"Re1ze_r","name":"Vadim BeerMarket","role":"sales_rep","chat":1188061961,"chat_type":"private","msg_id":2090,"kind":"text","text":"▶️ Старт","caption_len":0,"entities":0,"state":null}
{"t":"cb","ok":true,"ms":435,"req":"ec948296","bot":8304099970,"uid":237087423,"user":"Freep_o_0_rn","name":"Freep_o_0_rn","role":"admin","chat":237087423,"cb_id":"1018282729487948749","msg_id":2078,"data":"usr:block:1188061961","state":null}
{"t":"cb","ok":true,"ms":753,"req":"cb8f3562","bot":8304099970,"uid":237087423,"user":"Freep_o_0_rn","name":"Freep_o_0_rn","role":"admin","chat":237087423,"cb_id":"1018282728380183134","msg_id":2078,"data":"usr:unblock:1188061961","state":null}
{"t":"cb","ok":true,"ms":316,"req":"ffeb1826","bot":8304099970,"uid":237087423,"user":"Freep_o_0_rn","name":"Freep_o_0_rn","role":"admin","chat":237087423,"cb_id":"1018282730625739811","msg_id":2078,"data":"usr:perms:1188061961:0","state":null}
{"t":"cb","ok":true,"ms":291,"req":"f2c168a3","bot":8304099970,"uid":237087423,"user":"Freep_o_0_rn","name":"Freep_o_0_rn","role":"admin","chat":237087423,"cb_id":"1018282732174576866","msg_id":2078,"data":"usr:perms:1188061961:1","state":null}
{"t":"cb","ok":true,"ms":668,"req":"1f679180","bot":8304099970,"uid":237087423,"user":"Freep_o_0_rn","name":"Freep_o_0_rn","role":"admin","chat":237087423,"cb_id":"1018282731173278603","msg_id":2078,"data":"usr:perms:1188061961:2","state":null}
{"t":"cb","ok":true,"ms":510,"req":"c6ee5d69","bot":8304099970,"uid":237087423,"user":"Freep_o_0_rn","name":"Freep_o_0_rn","role":"admin","chat":237087423,"cb_id":"1018282731295967403","msg_id":2078,"data":"usr:permtoggle:1188061961:13:2","state":null}
{"t":"msg","ok":true,"ms":168,"req":"feb96858","bot":8304099970,"uid":1188061961,"user":"Re1ze_r","name":"Vadim BeerMarket","role":"sales_rep","chat":1188061961,"chat_type":"private","msg_id":2095,"kind":"text","text":"🛠 Техники","caption_len":0,"entities":0,"state":null}
{"t":"msg","ok":true,"ms":161,"req":"6c1d7aa4","bot":8304099970,"uid":1188061961,"user":"Re1ze_r","name":"Vadim BeerMarket","role":"sales_rep","chat":1188061961,"chat_type":"private","msg_id":2097,"kind":"text","text":"▶️ Старт","caption_len":0,"entities":0,"state":null}
{"t":"cb","ok":true,"ms":290,"req":"dde9af20","bot":8304099970,"uid":1188061961,"user":"Re1ze_r","name":"Vadim BeerMarket","role":"sales_rep","chat":1188061961,"cb_id":"5102687269913969667","msg_id":2096,"data":"tc:list","state":null}
{"t":"cb","ok":true,"ms":291,"req":"9f1c9b92","bot":8304099970,"uid":1188061961,"user":"Re1ze_r","name":"Vadim BeerMarket","role":"sales_rep","chat":1188061961,"cb_id":"5102687269815345172","msg_id":2099,"data":"tc:view:36cc0b2e-6943-4c32-9d98-96bb424348c6","state":null}
{"t":"cb","ok":true,"ms":296,"req":"98f3c0f3","bot":8304099970,"uid":1188061961,"user":"Re1ze_r","name":"Vadim BeerMarket","role":"sales_rep","chat":1188061961,"cb_id":"5102687269095239236","msg_id":2099,"data":"tc:view:3551a7ba-b9e8-4423-a631-6142a338e9aa","state":null}
{"t":"cb","ok":true,"ms":299,"req":"44423ef5","bot":8304099970,"uid":1188061961,"user":"Re1ze_r","name":"Vadim BeerMarket","role":"sales_rep","chat":1188061961,"cb_id":"5102687269345597556","msg_id":2101,"data":"tc:list","state":null}
{"t":"cb","ok":true,"ms":294,"req":"c9069a83","bot":8304099970,"uid":1188061961,"user":"Re1ze_r","name":"Vadim BeerMarket","role":"sales_rep","chat":1188061961,"cb_id":"5102687271172502880","msg_id":2102,"data":"tc:menu","state":null}
{"t":"cb","ok":true,"ms":446,"req":"0da6ddfa","bot":8304099970,"uid":1188061961,"user":"Re1ze_r","name":"Vadim BeerMarket","role":"sales_rep","chat":1188061961,"cb_id":"5102687269590667829","msg_id":2103,"data":"menu:back","state":null}
{"t":"cb","ok":true,"ms":360,"req":"55df3071","bot":8304099970,"uid":237087423,"user":"Freep_o_0_rn","name":"Freep_o_0_rn","role":"admin","chat":237087423,"cb_id":"1018282729797598847","msg_id":2078,"data":"usr:perms:1188061961:1","state":null}
{"t":"cb","ok":true,"ms":467,"req":"48d76d89","bot":8304099970,"uid":237087423,"user":"Freep_o_0_rn","name":"Freep_o_0_rn","role":"admin","chat":237087423,"cb_id":"1018282731323360673","msg_id":2078,"data":"usr:setrole:1188061961:client","state":null}
{"t":"msg","ok":true,"ms":175,"req":"a026c868","bot":8304099970,"uid":1188061961,"user":"Re1ze_r","name":"Vadim BeerMarket","role":"client","chat":1188061961,"chat_type":"private","msg_id":2106,"kind":"text","text":"▶️ Старт","caption_len":0,"entities":0,"state":null}
{"t":"cb","ok":true,"ms":301,"req":"baa496c4","bot":8304099970,"uid":237087423,"user":"Freep_o_0_rn","name":"Freep_o_0_rn","role":"admin","chat":237087423,"cb_id":"1018282731462493328","msg_id":2078,"data":"usr:perms:1188061961:1","state":null}
{"t":"cb","ok":true,"ms":299,"req":"70c5968f","bot":8304099970,"uid":237087423,"user":"Freep_o_0_rn","name":"Freep_o_0_rn","role":"admin","chat":237087423,"cb_id":"1018282728247284447","msg_id":2078,"data":"usr:perms:1188061961:2","state":null}
{"t":"cb","ok":true,"ms":466,"req":"d59b9bbe","bot":8304099970,"uid":237087423,"user":"Freep_o_0_rn","name":"Freep_o_0_rn","role":"admin","chat":237087423,"cb_id":"1018282729026058243","msg_id":2078,"data":"usr:permtoggle:1188061961:13:2","state":null}
{"t":"cb","ok":true,"ms":287,"req":"60959e2d","bot":8304099970,"uid":237087423,"user":"Freep_o_0_rn","name":"Freep_o_0_rn","role":"admin","chat":237087423,"cb_id":"1018282731307675964","msg_id":2078,"data":"usr:sel:1188061961:0","state":null}
{"t":"msg","ok":true,"ms":174,"req":"fc7db958","bot":8304099970,"uid":1188061961,"user":"Re1ze_r","name":"Vadim BeerMarket","role":"client","chat":1188061961,"chat_type":"private","msg_id":2109,"kind":"text","text":"▶️ Старт","caption_len":0,"entities":0,"state":null}
{"t":"msg","ok":true,"ms":154,"req":"62ee87e5","bot":8304099970,"uid":1188061961,"user":"Re1ze_r","name":"Vadim BeerMarket","role":"client","chat":1188061961,"chat_type":"private","msg_id":2111,"kind":"text","text":"🏢 Моя карточка","caption_len":0,"entities":0,"state":null}
{"t":"cb","ok":true,"ms":308,"req":"f446d99e","bot":8304099970,"uid":1188061961,"user":"Re1ze_r","name":"Vadim BeerMarket","role":"client","chat":1188061961,"cb_id":"5102687269976962569","msg_id":2112,"data":"cc:view:58de6fb1-360e-407e-830c-9f59fedc7724","state":null}
{"t":"cb","ok":true,"ms":289,"req":"9dfa5115","bot":8304099970,"uid":1188061961,"user":"Re1ze_r","name":"Vadim BeerMarket","role":"client","chat":1188061961,"cb_id":"5102687268682781142","msg_id":2112,"data":"cc:list","state":null}
{"t":"msg","ok":true,"ms":199,"req":"ac4fa868","bot":8304099970,"uid":1188061961,"user":"Re1ze_r","name":"Vadim BeerMarket","role":"client","chat":1188061961,"chat_type":"private","msg_id":2113,"kind":"text","text":"✏️ Изменить название","caption_len":0,"entities":0,"state":"ClientEditStates:waiting_new_name"}
{"t":"msg","ok":true,"ms":160,"req":"fb40d1fe","bot":8304099970,"uid":1188061961,"user":"Re1ze_r","name":"Vadim BeerMarket","role":"client","chat":1188061961,"chat_type":"private","msg_id":2115,"kind":"text","text":"Арракис","caption_len":0,"entities":0,"state":null}
{"t":"msg","ok":true,"ms":424,"req":"fd55d98d","bot":8304099970,"uid":1188061961,"user":"Re1ze_r","name":"Vadim BeerMarket","role":"client","chat":1188061961,"chat_type":"private","msg_id":2117,"kind":"text","text":"🏢 Моя карточка","caption_len":0,"entities":0,"state":null}
{"t":"cb","ok":true,"ms":290,"req":"03c6f579","bot":8304099970,"uid":1188061961,"user":"Re1ze_r","name":"Vadim BeerMarket","role":"client","chat":1188061961,"cb_id":"5102687268515229306","msg_id":2118,"data":"cc:view:fc8964d6-179c-477e-805c-f63333dc2b1b","state":null}
{"t":"cb","ok":true,"ms":286,"req":"dc008ee9","bot":8304099970,"uid":1188061961,"user":"Re1ze_r","name":"Vadim BeerMarket","role":"client","chat":1188061961,"cb_id":"5102687271995491432","msg_id":2118,"data":"cc:list","state":null}
{"t":"cb","ok":true,"ms":709,"req":"738cd56e","bot":8304099970,"uid":1188061961,"user":"Re1ze_r","name":"Vadim BeerMarket","role":"client","chat":1188061961,"cb_id":"5102687271831941936","msg_id":2118,"data":"menu:back","state":null}
{"t":"cb","ok":true,"ms":830,"req":"eb14cf00","bot":8304099970,"uid":237087423,"user":"Freep_o_0_rn","name":"Freep_o_0_rn","role":"admin","chat":237087423,"cb_id":"1018282731255233620","msg_id":2078,"data":"usr:setrole:1188061961:moderator","state":null}
{"t":"msg","ok":true,"ms":252,"req":"2b09b474","bot":8304099970,"uid":1188061961,"user":"Re1ze_r","name":"Vadim BeerMarket","role":"moderator","chat":1188061961,"chat_type":"private","msg_id":2121,"kind":"text","text":"🏢 Клиенты","caption_len":0,"entities":0,"state":null}
{"t":"cb","ok":true,"ms":1172,"req":"565ae281","bot":8304099970,"uid":237087423,"user":"Freep_o_0_rn","name":"Freep_o_0_rn","role":"admin","chat":237087423,"cb_id":"1018282729635419853","msg_id":2078,"data":"usr:setrole:1188061961:admin","state":null}
{"t":"msg","ok":true,"ms":199,"req":"377b9205","bot":8304099970,"uid":1188061961,"user":"Re1ze_r","name":"Vadim BeerMarket","role":"admin","chat":1188061961,"chat_type":"private","msg_id":2124,"kind":"text","text":"👥 Пользователи","caption_len":0,"entities":0,"state":null}
{"t":"cb","ok":true,"ms":564,"req":"e7900f4f","bot":8304099970,"uid":1188061961,"user":"Re1ze_r","name":"Vadim BeerMarket","role":"admin","chat":1188061961,"cb_id":"5102687270554514357","msg_id":2125,"data":"menu:back","state":null}
{"t":"msg","ok":true,"ms":169,"req":"ecf363be","bot":8304099970,"uid":1188061961,"user":"Re1ze_r","name":"Vadim BeerMarket","role":"admin","chat":1188061961,"chat_type":"private","msg_id":2127,"kind":"text","text":"👥 Пользователи","caption_len":0,"entities":0,"state":null}
{"t":"msg","ok":true,"ms":214,"req":"83037d18","bot":8304099970,"uid":1188061961,"user":"Re1ze_r","name":"Vadim BeerMarket","role":"admin","chat":1188061961,"chat_type":"private","msg_id":2129,"kind":"text","text":"🏢 Клиенты","caption_len":0,"entities":0,"state":null}
{"t":"cb","ok":true,"ms":2666,"req":"d3d0c2fd","bot":8304099970,"uid":1188061961,"user":"Re1ze_r","name":"Vadim BeerMarket","role":"admin","chat":1188061961,"cb_id":"5102687270704672908","msg_id":2130,"data":"cc:import:debt","state":null}
{"t":"cb","ok":true,"ms":601,"req":"fdce8882","bot":8304099970,"uid":237087423,"user":"Freep_o_0_rn","name":"Freep_o_0_rn","role":"admin","chat":237087423,"cb_id":"1018282731707923951","msg_id":2078,"data":"usr:setrole:1188061961:moderator","state":null}
{"t":"cb","ok":true,"ms":292,"req":"037fa63d","bot":8304099970,"uid":237087423,"user":"Freep_o_0_rn","name":"Freep_o_0_rn","role":"admin","chat":237087423,"cb_id":"1018282728231395004","msg_id":2078,"data":"usr:editname:1188061961","state":"AdminUserEditStates:waiting_name"}
{"t":"msg","ok":true,"ms":248,"req":"503709d3","bot":8304099970,"uid":237087423,"user":"Freep_o_0_rn","name":"Freep_o_0_rn","role":"admin","chat":237087423,"chat_type":"private","msg_id":2135,"kind":"text","text":"Колягин","caption_len":0,"entities":0,"state":null}
{"t":"msg","ok":true,"ms":333,"req":"927b764b","bot":8304099970,"uid":1188061961,"user":"Re1ze_r","name":"Vadim BeerMarket","role":"moderator","chat":1188061961,"chat_type":"private","msg_id":2137,"kind":"text","text":"🏢 Клиенты","caption_len":0,"entities":0,"state":null}
{"t":"cb","ok":true,"ms":287,"req":"d335679c","bot":8304099970,"uid":237087423,"user":"Freep_o_0_rn","name":"Freep_o_0_rn","role":"admin","chat":237087423,"cb_id":"1018282729026001529","msg_id":2078,"data":"usr:list:0","state":null}
{"t":"cb","ok":true,"ms":500,"req":"66015c60","bot":8304099970,"uid":237087423,"user":"Freep_o_0_rn","name":"Freep_o_0_rn","role":"admin","chat":237087423,"cb_id":"1018282732004191847","msg_id":2078,"data":"menu:back","state":null}
{"t":"msg","ok":true,"ms":161,"req":"bf5e8ab3","bot":8304099970,"uid":1188061961,"user":"Re1ze_r","name":"Vadim BeerMarket","role":"moderator","chat":1188061961,"chat_type":"private","msg_id":2140,"kind":"text","text":"▶️ Старт","caption_len":0,"entities":0,"state":null}
{"t":"msg","ok":true,"ms":195,"req":"99725fe6","bot":8304099970,"uid":237087423,"user":"Freep_o_0_rn","name":"Freep_o_0_rn","role":"admin","chat":237087423,"chat_type":"private","msg_id":2142,"kind":"text","text":"👥 Пользователи","caption_len":0,"entities":0,"state":null}
{"t":"cb","ok":true,"ms":428,"req":"5105036f","bot":8304099970,"uid":237087423,"user":"Freep_o_0_rn","name":"Freep_o_0_rn","role":"admin","chat":237087423,"cb_id":"1018282731055278867","msg_id":2143,"data":"usr:sel:1188061961:0","state":null}
{"t":"cb","ok":true,"ms":804,"req":"7829a8f7","bot":8304099970,"uid":237087423,"user":"Freep_o_0_rn","name":"Freep_o_0_rn","role":"admin","chat":237087423,"cb_id":"1018282728250971209","msg_id":2143,"data":"usr:setrole:1188061961:client","state":null}
{"t":"msg","ok":true,"ms":15196,"req":"aa420d86","bot":8304099970,"uid":1188061961,"user":"Re1ze_r","name":"Vadim BeerMarket","role":"client","chat":1188061961,"chat_type":"private","msg_id":2145,"kind":"text","text":"🔎 Поиск","caption_len":0,"entities":0,"state":null}
{"t":"msg","ok":true,"ms":157,"req":"c0208340","bot":8304099970,"uid":1188061961,"user":"Re1ze_r","name":"Vadim BeerMarket","role":"client","chat":1188061961,"chat_type":"private","msg_id":2222,"kind":"text","text":"🏢 Моя карточка","caption_len":0,"entities":0,"state":null}
{"t":"msg","ok":true,"ms":151,"req":"9e6f7202","bot":8304099970,"uid":1188061961,"user":"Re1ze_r","name":"Vadim BeerMarket","role":"client","chat":1188061961,"chat_type":"private","msg_id":2224,"kind":"text","text":"🎁 Акции","caption_len":0,"entities":0,"state":null}
{"t":"cb","ok":true,"ms":847,"req":"9ac0e579","bot":8304099970,"uid":237087423,"user":"Freep_o_0_rn","name":"Freep_o_0_rn","role":"admin","chat":237087423,"cb_id":"1018282730247689687","msg_id":2143,"data":"usr:setrole:1188061961:moderator","state":null}
{"t":"msg","ok":true,"ms":158,"req":"4b68c8ba","bot":8304099970,"uid":1188061961,"user":"Re1ze_r","name":"Vadim BeerMarket","role":"moderator","chat":1188061961,"chat_type":"private","msg_id":2227,"kind":"text","text":"🎁 Акции","caption_len":0,"entities":0,"state":null}
{"t":"cb","ok":true,"ms":308,"req":"43e2bad9","bot":8304099970,"uid":237087423,"user":"Freep_o_0_rn","name":"Freep_o_0_rn","role":"admin","chat":237087423,"cb_id":"1018282729365174763","msg_id":2143,"data":"usr:list:0","state":null}
{"t":"cb","ok":true,"ms":507,"req":"b404e4d4","bot":8304099970,"uid":237087423,"user":"Freep_o_0_rn","name":"Freep_o_0_rn","role":"admin","chat":237087423,"cb_id":"1018282732292711317","msg_id":2143,"data":"menu:back","state":null}
{"t":"msg","ok":true,"ms":233,"req":"9435414f","bot":8304099970,"uid":237087423,"user":"Freep_o_0_rn","name":"Freep_o_0_rn","role":"admin","chat":237087423,"chat_type":"private","msg_id":2230,"kind":"text","text":"👥 Пользователи","caption_len":0,"entities":0,"state":null}
{"t":"cb","ok":true,"ms":302,"req":"a5124a0f","bot":8304099970,"uid":237087423,"user":"Freep_o_0_rn","name":"Freep_o_0_rn","role":"admin","chat":237087423,"cb_id":"1018282732179549494","msg_id":2231,"data":"usr:sel:1188061961:0","state":null}
{"t":"cb","ok":true,"ms":620,"req":"44e54feb","bot":8304099970,"uid":237087423,"user":"Freep_o_0_rn","name":"Freep_o_0_rn","role":"admin","chat":237087423,"cb_id":"1018282731771951321","msg_id":2231,"data":"usr:setrole:1188061961:admin","state":null}
{"t":"msg","ok":true,"ms":152,"req":"ce85b7e5","bot":8304099970,"uid":1188061961,"user":"Re1ze_r","name":"Vadim BeerMarket","role":"admin","chat":1188061961,"chat_type":"private","msg_id":2233,"kind":"text","text":"🎁 Акции","caption_len":0,"entities":0,"state":null}
{"t":"cb","ok":true,"ms":385,"req":"6c829cab","bot":8304099970,"uid":1188061961,"user":"Re1ze_r","name":"Vadim BeerMarket","role":"admin","chat":1188061961,"cb_id":"5102687268165663994","msg_id":2234,"data":"promo:add","state":"PromoStates:waiting_promo_title"}
{"t":"cb","ok":true,"ms":479,"req":"7fd8f432","bot":8304099970,"uid":1188061961,"user":"Re1ze_r","name":"Vadim BeerMarket","role":"admin","chat":1188061961,"cb_id":"5102687268147531065","msg_id":2234,"data":"back:main","state":"PromoStates:waiting_promo_title"}
{"t":"msg","ok":true,"ms":164,"req":"f8ced59f","bot":8304099970,"uid":237087423,"user":"Freep_o_0_rn","name":"Freep_o_0_rn","role":"admin","chat":237087423,"chat_type":"private","msg_id":2237,"kind":"text","text":"▶️ Старт","caption_len":0,"entities":0,"state":null}
{"t":"msg","ok":true,"ms":307,"req":"28268f12","bot":8304099970,"uid":237087423,"user":"Freep_o_0_rn","name":"Freep_o_0_rn","role":"admin","chat":237087423,"chat_type":"private","msg_id":2239,"kind":"text","text":"🔄 Обновить (00:26)","caption_len":0,"entities":0,"state":null}
{"t":"msg","ok":true,"ms":7990,"req":"8b3c677e","bot":8304099970,"uid":237087423,"user":"Freep_o_0_rn","name":"Freep_o_0_rn","role":"admin","chat":237087423,"chat_type":"private","msg_id":2241,"kind":"text","text":"/refresh","caption_len":0,"entities":1,"state":null}
{"t":"msg","ok":true,"ms":343,"req":"61886657","bot":8304099970,"uid":1188061961,"user":"Re1ze_r","name":"Vadim BeerMarket","role":"admin","chat":1188061961,"chat_type":"private","msg_id":2495,"kind":"text","text":"▶️ Старт","caption_len":0,"entities":0,"state":null}
{"t":"msg","ok":true,"ms":150,"req":"a2c5cbfb","bot":8304099970,"uid":1188061961,"user":"Re1ze_r","name":"Vadim BeerMarket","role":"admin","chat":1188061961,"chat_type":"private","msg_id":2497,"kind":"text","text":"👥 Пользователи","caption_len":0,"entities":0,"state":null}
{"t":"cb","ok":true,"ms":248,"req":"9089a5a4","bot":8304099970,"uid":1188061961,"user":"Re1ze_r","name":"Vadim BeerMarket","role":"admin","chat":1188061961,"cb_id":"5102687272153949414","msg_id":2498,"data":"usr:sel:1188061961:0","state":null}
{"t":"cb","ok":true,"ms":528,"req":"09c3f1ed","bot":8304099970,"uid":1188061961,"user":"Re1ze_r","name":"Vadim BeerMarket","role":"moderator","chat":1188061961,"cb_id":"5102687268172453556","msg_id":2498,"data":"usr:setrole:1188061961:moderator","state":null}
{"t":"msg","ok":true,"ms":125,"req":"5097cb96","bot":8304099970,"uid":237087423,"user":"Freep_o_0_rn","name":"Freep_o_0_rn","role":"admin","chat":237087423,"chat_type":"private","msg_id":2501,"kind":"text","text":"👥 Пользователи","caption_len":0,"entities":0,"state":null}
{"t":"cb","ok":true,"ms":229,"req":"1dc6ed16","bot":8304099970,"uid":237087423,"user":"Freep_o_0_rn","name":"Freep_o_0_rn","role":"admin","chat":237087423,"cb_id":"1018282731941090662","msg_id":2502,"data":"usr:sel:1188061961:0","state":null}
{"t":"cb","ok":true,"ms":501,"req":"335ba3fe","bot":8304099970,"uid":237087423,"user":"Freep_o_0_rn","name":"Freep_o_0_rn","role":"admin","chat":237087423,"cb_id":"1018282730170376289","msg_id":2502,"data":"usr:setrole:1188061961:client","state":null}
{"t":"msg","ok":true,"ms":164,"req":"fbf0366f","bot":8304099970,"uid":1188061961,"user":"Re1ze_r","name":"Vadim BeerMarket","role":"client","chat":1188061961,"chat_type":"private","msg_id":2504,"kind":"text","text":"▶️ Старт","caption_len":0,"entities":0,"state":null}
{"t":"msg","ok":false,"ms":127,"req":"c86fc432","bot":8304099970,"uid":1188061961,"user":"Re1ze_r","name":"Vadim BeerMarket","role":"client","chat":1188061961,"chat_type":"private","msg_id":2506,"kind":"text","text":"🏢 Моя карточка","caption_len":0,"entities":0,"state":null}
{"t":"error","req":"c86fc432","exc":"NameError: name '_network_clients_visible' is not defined"}
{"t":"msg","ok":true,"ms":542,"req":"860d1ba2","bot":8304099970,"uid":1188061961,"user":"Re1ze_r","name":"Vadim BeerMarket","role":"client","chat":1188061961,"chat_type":"private","msg_id":2508,"kind":"text","text":"▶️ Старт","caption_len":0,"entities":0,"state":null}
{"t":"msg","ok":true,"ms":267,"req":"9c36eeec","bot":8304099970,"uid":1188061961,"user":"Re1ze_r","name":"Vadim BeerMarket","role":"client","chat":1188061961,"chat_type":"private","msg_id":2510,"kind":"text","text":"🏢 Моя карточка","caption_len":0,"entities":0,"state":null}
{"t":"msg","ok":true,"ms":146,"req":"0ec807f9","bot":8304099970,"uid":1188061961,"user":"Re1ze_r","name":"Vadim BeerMarket","role":"client","chat":1188061961,"chat_type":"private","msg_id":2513,"kind":"text","text":"✏️ Изменить название","caption_len":0,"entities":0,"state":"ClientEditStates:waiting_new_name"}
{"t":"msg","ok":true,"ms":139,"req":"49010259","bot":8304099970,"uid":1188061961,"user":"Re1ze_r","name":"Vadim BeerMarket","role":"client","chat":1188061961,"chat_type":"private","msg_id":2515,"kind":"text","text":"смирнов","caption_len":0,"entities":0,"state":null}
{"t":"msg","ok":true,"ms":280,"req":"dd0bb1e8","bot":8304099970,"uid":1188061961,"user":"Re1ze_r","name":"Vadim BeerMarket","role":"client","chat":1188061961,"chat_type":"private","msg_id":2517,"kind":"text","text":"🏢 Моя карточка","caption_len":0,"entities":0,"state":null}
{"t":"msg","ok":true,"ms":392,"req":"6a3409d0","bot":8304099970,"uid":237087423,"user":"Freep_o_0_rn","name":"Freep_o_0_rn","role":"admin","chat":237087423,"chat_type":"private","msg_id":2520,"kind":"text","text":"▶️ Старт","caption_len":0,"entities":0,"state":null}
{"t":"msg","ok":true,"ms":401,"req":"2072ed9b","bot":8304099970,"uid":237087423,"user":"Freep_o_0_rn","name":"Freep_o_0_rn","role":"admin","chat":237087423,"chat_type":"private","msg_id":2522,"kind":"text","text":"▶️ Старт","caption_len":0,"entities":0,"state":null}
{"t":"msg","ok":true,"ms":416,"req":"72e9731a","bot":8304099970,"uid":237087423,"user":"Freep_o_0_rn","name":"Freep_o_0_rn","role":"admin","chat":237087423,"chat_type":"private","msg_id":2524,"kind":"text","text":"▶️ Старт","caption_len":0,"entities":0,"state":null}
{"t":"msg","ok":true,"ms":369,"req":"b0bbc982","bot":8304099970,"uid":237087423,"user":"Freep_o_0_rn","name":"Freep_o_0_rn","role":"admin","chat":237087423,"chat_type":"private","msg_id":2526,"kind":"text","text":"▶️ Старт","caption_len":0,"entities":0,"state":null}
{"t":"msg","ok":true,"ms":160,"req":"852e6c43","bot":8304099970,"uid":1188061961,"user":"Re1ze_r","name":"Vadim BeerMarket","role":"client","chat":1188061961,"chat_type":"private","msg_id":2528,"kind":"text","text":"▶️ Старт","caption_len":0,"entities":0,"state":null}
{"t":"msg","ok":true,"ms":452,"req":"2139eb1a","bot":8304099970,"uid":1188061961,"user":"Re1ze_r","name":"Vadim BeerMarket","role":"client","chat":1188061961,"chat_type":"private","msg_id":2530,"kind":"text","text":"▶️ Старт","caption_len":0,"entities":0,"state":null}
{"t":"msg","ok":true,"ms":169,"req":"07e14223","bot":8304099970,"uid":237087423,"user":"Freep_o_0_rn","name":"Freep_o_0_rn","role":"admin","chat":237087423,"chat_type":"private","msg_id":2532,"kind":"text","text":"▶️ Старт","caption_len":0,"entities":0,"state":null}
{"t":"msg","ok":true,"ms":451,"req":"651f0c6d","bot":8304099970,"uid":237087423,"user":"Freep_o_0_rn","name":"Freep_o_0_rn","role":"admin","chat":237087423,"chat_type":"private","msg_id":2535,"kind":"text","text":"▶️ Старт","caption_len":0,"entities":0,"state":null}
{"t":"msg","ok":true,"ms":152,"req":"50a7bd92","bot":8304099970,"uid":237087423,"user":"Freep_o_0_rn","name":"Freep_o_0_rn","role":"admin","chat":237087423,"chat_type":"private","msg_id":2537,"kind":"text","text":"👥 Пользователи","caption_len":0,"entities":0,"state":null}
{"t":"cb","ok":false,"ms":4,"req":"560e8dd1","bot":8304099970,"uid":237087423,"user":"Freep_o_0_rn","name":"Freep_o_0_rn","role":"admin","chat":237087423,"cb_id":"1018282728666119816","msg_id":2538,"data":"usr:sel:1153611285:0","state":null}
{"t":"error","req":"560e8dd1","exc":"NameError: name 'user_detail_kb' is not defined"}
{"t":"cb","ok":true,"ms":473,"req":"4cdb8307","bot":8304099970,"uid":237087423,"user":"Freep_o_0_rn","name":"Freep_o_0_rn","role":"admin","chat":237087423,"cb_id":"1018282729245378099","msg_id":2538,"data":"usr:list:1","state":null}
{"t":"cb","ok":true,"ms":249,"req":"64ca84f0","bot":8304099970,"uid":237087423,"user":"Freep_o_0_rn","name":"Freep_o_0_rn","role":"admin","chat":237087423,"cb_id":"1018282728174856647","msg_id":2538,"data":"usr:sel:288807506:1","state":null}
{"t":"msg","ok":true,"ms":373,"req":"e39cfb5b","bot":8304099970,"uid":237087423,"user":"Freep_o_0_rn","name":"Freep_o_0_rn","role":"admin","chat":237087423,"chat_type":"private","msg_id":2539,"kind":"text","text":"▶️ Старт","caption_len":0,"entities":0,"state":null}
{"t":"msg","ok":true,"ms":189,"req":"99eea96e","bot":8304099970,"uid":237087423,"user":"Freep_o_0_rn","name":"Freep_o_0_rn","role":"admin","chat":237087423,"chat_type":"private","msg_id":2541,"kind":"text","text":"👥 Пользователи","caption_len":0,"entities":0,"state":null}
{"t":"cb","ok":true,"ms":263,"req":"f5de6ec7","bot":8304099970,"uid":237087423,"user":"Freep_o_0_rn","name":"Freep_o_0_rn","role":"admin","chat":237087423,"cb_id":"1018282732133960022","msg_id":2542,"data":"usr:sel:1438912261:0","state":null}
{"t":"msg","ok":true,"ms":395,"req":"cf583c6c","bot":8304099970,"uid":237087423,"user":"Freep_o_0_rn","name":"Freep_o_0_rn","role":"admin","chat":237087423,"chat_type":"private","msg_id":2565,"kind":"text","text":"▶️ Старт","caption_len":0,"entities":0,"state":null}
{"t":"msg","ok":true,"ms":208,"req":"a2d30441","bot":8304099970,"uid":237087423,"user":"Freep_o_0_rn","name":"Freep_o_0_rn","role":"admin","chat":237087423,"chat_type":"private","msg_id":2567,"kind":"text","text":"👥 Пользователи","caption_len":0,"entities":0,"state":null}
{"t":"cb","ok":true,"ms":311,"req":"59a562e3","bot":8304099970,"uid":237087423,"user":"Freep_o_0_rn","name":"Freep_o_0_rn","role":"admin","chat":237087423,"cb_id":"1018282729229536449","msg_id":2568,"data":"usr:sel:1153611285:0","state":null}
{"t":"msg","ok":true,"ms":432,"req":"d84f552a","bot":8304099970,"uid":237087423,"user":"Freep_o_0_rn","name":"Freep_o_0_rn","role":"admin","chat":237087423,"chat_type":"private","msg_id":2569,"kind":"text","text":"🔎 Поиск","caption_len":0,"entities":0,"state":"SearchStates:waiting_query"}
{"t":"cb","ok":true,"ms":496,"req":"43acf59c","bot":8304099970,"uid":237087423,"user":"Freep_o_0_rn","name":"Freep_o_0_rn","role":"admin","chat":237087423,"cb_id":"1018282730268550622","msg_id":2570,"data":"menu:back","state":"SearchStates:waiting_query"}
{"t":"msg","ok":true,"ms":1571,"req":"464f039e","bot":8304099970,"uid":237087423,"user":"Freep_o_0_rn","name":"Freep_o_0_rn","role":"admin","chat":237087423,"chat_type":"private","msg_id":2572,"kind":"text","text":"🔎 Поиск тары","caption_len":0,"entities":0,"state":null}
{"t":"msg","ok":true,"ms":141,"req":"77af8fe2","bot":8304099970,"uid":237087423,"user":"Freep_o_0_rn","name":"Freep_o_0_rn","role":"admin","chat":237087423,"chat_type":"private","msg_id":2575,"kind":"text","text":"🔄 Обновить (21:19)","caption_len":0,"entities":0,"state":null}
{"t":"cb","ok":true,"ms":4360,"req":"ecd6774d","bot":8304099970,"uid":237087423,"user":"Freep_o_0_rn","name":"Freep_o_0_rn","role":"admin","chat":237087423,"cb_id":"1018282730327384521","msg_id":2576,"data":"upd:tara","state":null}
{"t":"msg","ok":true,"ms":161,"req":"46f23080","bot":8304099970,"uid":237087423,"user":"Freep_o_0_rn","name":"Freep_o_0_rn","role":"admin","chat":237087423,"chat_type":"private","msg_id":2578,"kind":"text","text":"🔎 Поиск тары","caption_len":0,"entities":0,"state":"SearchTaraStates:waiting_query"}
{"t":"msg","ok":true,"ms":2310,"req":"6bf70896","bot":8304099970,"uid":237087423,"user":"Freep_o_0_rn","name":"Freep_o_0_rn","role":"admin","chat":237087423,"chat_type":"private","msg_id":2580,"kind":"text","text":"морозова","caption_len":0,"entities":0,"state":null}
{"t":"msg","ok":false,"ms":364,"req":"194902d1","bot":8304099970,"uid":237087423,"user":"Freep_o_0_rn","name":"Freep_o_0_rn","role":"admin","chat":237087423,"chat_type":"private","msg_id":2584,"kind":"text","text":"▶️ Старт","caption_len":0,"entities":0,"state":null}
{"t":"error","req":"194902d1","exc":"TelegramBadRequest: Telegram server says - Bad Request: keyboard button Web App URL '' is invalid: URL host is empty"}
{"t":"msg","ok":true,"ms":391,"req":"a44f499d","bot":8304099970,"uid":237087423,"user":"Freep_o_0_rn","name":"Freep_o_0_rn","role":"admin","chat":237087423,"chat_type":"private","msg_id":2585,"kind":"text","text":"▶️ Старт","caption_len":0,"entities":0,"state":null}
{"t":"msg","ok":true,"ms":392,"req":"22a363ef","bot":8304099970,"uid":237087423,"user":"Freep_o_0_rn","name":"Freep_o_0_rn","role":"admin","chat":237087423,"chat_type":"private","msg_id":2587,"kind":"text","text":"▶️ Старт","caption_len":0,"entities":0,"state":null}
{"t":"msg","ok":true,"ms":417,"req":"87bc2b29","bot":8304099970,"uid":237087423,"user":"Freep_o_0_rn","name":"Freep_o_0_rn","role":"admin","chat":237087423,"chat_type":"private","msg_id":2589,"kind":"text","text":"▶️ Старт","caption_len":0,"entities":0,"state":null}
{"t":"msg","ok":true,"ms":387,"req":"6904edcd","bot":8304099970,"uid":237087423,"user":"Freep_o_0_rn","name":"Freep_o_0_rn","role":"admin","chat":237087423,"chat_type":"private","msg_id":2591,"kind":"text","text":"▶️ Старт","caption_len":0,"entities":0,"state":null}
{"t":"msg","ok":true,"ms":147,"req":"2d484144","bot":8304099970,"uid":237087423,"user":"Freep_o_0_rn","name":"Freep_o_0_rn","role":"admin","chat":237087423,"chat_type":"private","msg_id":2593,"kind":"text","text":"📰 Управление новостями","caption_len":0,"entities":0,"state":null}
{"t":"cb","ok":true,"ms":447,"req":"c1577c94","bot":8304099970,"uid":237087423,"user":"Freep_o_0_rn","name":"Freep_o_0_rn","role":"admin","chat":237087423,"cb_id":"1018282731583849973","msg_id":2594,"data":"news:list:published:0","state":null}
{"t":"cb","ok":true,"ms":159,"req":"83ac3e4e","bot":8304099970,"uid":237087423,"user":"Freep_o_0_rn","name":"Freep_o_0_rn","role":"admin","chat":237087423,"cb_id":"1018282729079767331","msg_id":2594,"data":"news:noop","state":null}
{"t":"cb","ok":true,"ms":412,"req":"562a4449","bot":8304099970,"uid":237087423,"user":"Freep_o_0_rn","name":"Freep_o_0_rn","role":"admin","chat":237087423,"cb_id":"1018282728342211378","msg_id":2594,"data":"news:menu","state":null}
{"t":"cb","ok":true,"ms":472,"req":"a04e4691","bot":8304099970,"uid":237087423,"user":"Freep_o_0_rn","name":"Freep_o_0_rn","role":"admin","chat":237087423,"cb_id":"1018282731728737184","msg_id":2594,"data":"news:create","state":"NewsCreateStates:waiting_title"}
{"t":"msg","ok":true,"ms":148,"req":"d81aba3d","bot":8304099970,"uid":237087423,"user":"Freep_o_0_rn","name":"Freep_o_0_rn","role":"admin","chat":237087423,"chat_type":"private","msg_id":2596,"kind":"text","text":"Обновление! Добавлен МиниАпп с новостями","caption_len":0,"entities":0,"state":"NewsCreateStates:waiting_text"}
{"t":"msg","ok":true,"ms":237,"req":"73de1ec4","bot":8304099970,"uid":237087423,"user":"Freep_o_0_rn","name":"Freep_o_0_rn","role":"admin","chat":237087423,"chat_type":"private","msg_id":2598,"kind":"text","text":"Добавлено меню с новостями. Мелкие баг фиксы.","caption_len":0,"entities":0,"state":null}
{"t":"cb","ok":true,"ms":290,"req":"8998ada9","bot":8304099970,"uid":237087423,"user":"Freep_o_0_rn","name":"Freep_o_0_rn","role":"admin","chat":237087423,"cb_id":"1018282729618522869","msg_id":2599,"data":"news:addmedia:f79ba96bd70c4768aefaed4d3e9a1f3e","state":null}
{"t":"msg","ok":true,"ms":928,"req":"c3bf2275","bot":8304099970,"uid":237087423,"user":"Freep_o_0_rn","name":"Freep_o_0_rn","role":"admin","chat":237087423,"chat_type":"private","msg_id":2601,"kind":"photo","text":"","caption_len":0,"entities":0,"state":null,"media":{"photo":{"w":1920,"h":2560,"size":490456}}}
{"t":"msg","ok":true,"ms":155,"req":"1ab376b9","bot":8304099970,"uid":237087423,"user":"Freep_o_0_rn","name":"Freep_o_0_rn","role":"admin","chat":237087423,"chat_type":"private","msg_id":2603,"kind":"text","text":"/cancel","caption_len":0,"entities":1,"state":null}
{"t":"msg","ok":true,"ms":142,"req":"d705e02e","bot":8304099970,"uid":237087423,"user":"Freep_o_0_rn","name":"Freep_o_0_rn","role":"admin","chat":237087423,"chat_type":"private","msg_id":2605,"kind":"text","text":"📰 Управление новостями","caption_len":0,"entities":0,"state":null}
{"t":"cb","ok":true,"ms":345,"req":"3aeb9eb4","bot":8304099970,"uid":237087423,"user":"Freep_o_0_rn","name":"Freep_o_0_rn","role":"admin","chat":237087423,"cb_id":"1018282730373205127","msg_id":2606,"data":"news:list:draft:0","state":null}
{"t":"cb","ok":true,"ms":304,"req":"ae689d15","bot":8304099970,"uid":237087423,"user":"Freep_o_0_rn","name":"Freep_o_0_rn","role":"admin","chat":237087423,"cb_id":"1018282731643944321","msg_id":2606,"data":"news:item:f79ba96bd70c4768aefaed4d3e9a1f3e:0:draft","state":null}
{"t":"cb","ok":true,"ms":294,"req":"2778fe6d","bot":8304099970,"uid":237087423,"user":"Freep_o_0_rn","name":"Freep_o_0_rn","role":"admin","chat":237087423,"cb_id":"1018282728604385849","msg_id":2606,"data":"news:toggle:f79ba96bd70c4768aefaed4d3e9a1f3e:0:draft","state":null}
{"t":"cb","ok":true,"ms":277,"req":"a60022da","bot":8304099970,"uid":237087423,"user":"Freep_o_0_rn","name":"Freep_o_0_rn","role":"admin","chat":237087423,"cb_id":"1018282731828023931","msg_id":2606,"data":"news:list:draft:0","state":null}
{"t":"cb","ok":true,"ms":423,"req":"115cb579","bot":8304099970,"uid":237087423,"user":"Freep_o_0_rn","name":"Freep_o_0_rn","role":"admin","chat":237087423,"cb_id":"1018282731226199099","msg_id":2606,"data":"news:menu","state":null}
{"t":"cb","ok":true,"ms":267,"req":"a5a83ef9","bot":8304099970,"uid":237087423,"user":"Freep_o_0_rn","name":"Freep_o_0_rn","role":"admin","chat":237087423,"cb_id":"1018282731654639816","msg_id":2606,"data":"news:list:published:0","state":null}
{"t":"cb","ok":true,"ms":318,"req":"a8f52241","bot":8304099970,"uid":237087423,"user":"Freep_o_0_rn","name":"Freep_o_0_rn","role":"admin","chat":237087423,"cb_id":"1018282729271998119","msg_id":2606,"data":"news:menu","state":null}
{"t":"msg","ok":true,"ms":143,"req":"ace8d72f","bot":8304099970,"uid":237087423,"user":"Freep_o_0_rn","name":"Freep_o_0_rn","role":"admin","chat":237087423,"chat_type":"private","msg_id":2607,"kind":"text","text":"📰 Управление новостями","caption_len":0,"entities":0,"state":null}
{"t":"cb","ok":true,"ms":260,"req":"da21ab36","bot":8304099970,"uid":237087423,"user":"Freep_o_0_rn","name":"Freep_o_0_rn","role":"admin","chat":237087423,"cb_id":"1018282729054093709","msg_id":2608,"data":"news:list:published:0","state":null}
{"t":"cb","ok":true,"ms":276,"req":"ad6ee7f9","bot":8304099970,"uid":237087423,"user":"Freep_o_0_rn","name":"Freep_o_0_rn","role":"admin","chat":237087423,"cb_id":"1018282728714368611","msg_id":2608,"data":"news:menu","state":null}
{"t":"cb","ok":true,"ms":282,"req":"92f51746","bot":8304099970,"uid":237087423,"user":"Freep_o_0_rn","name":"Freep_o_0_rn","role":"admin","chat":237087423,"cb_id":"1018282730996292345","msg_id":2608,"data":"news:list:draft:0","state":null}
{"t":"cb","ok":true,"ms":267,"req":"bb4c4287","bot":8304099970,"uid":237087423,"user":"Freep_o_0_rn","name":"Freep_o_0_rn","role":"admin","chat":237087423,"cb_id":"1018282728368276881","msg_id":2608,"data":"news:menu","state":null}
{"t":"cb","ok":true,"ms":326,"req":"42d8b1d6","bot":8304099970,"uid":237087423,"user":"Freep_o_0_rn","name":"Freep_o_0_rn","role":"admin","chat":237087423,"cb_id":"1018282729088417734","msg_id":2608,"data":"news:create","state":"NewsCreateStates:waiting_title"}
{"t":"msg","ok":true,"ms":197,"req":"27e162c0","bot":8304099970,"uid":237087423,"user":"Freep_o_0_rn","name":"Freep_o_0_rn","role":"admin","chat":237087423,"chat_type":"private","msg_id":2610,"kind":"text","text":"Тест 0042","caption_len":0,"entities":0,"state":"NewsCreateStates:waiting_text"}
{"t":"msg","ok":true,"ms":162,"req":"3c6b55f8","bot":8304099970,"uid":237087423,"user":"Freep_o_0_rn","name":"Freep_o_0_rn","role":"admin","chat":237087423,"chat_type":"private","msg_id":2612,"kind":"text","text":"134","caption_len":0,"entities":0,"state":null}
{"t":"cb","ok":true,"ms":480,"req":"b63770c9","bot":8304099970,"uid":237087423,"user":"Freep_o_0_rn","name":"Freep_o_0_rn","role":"admin","chat":237087423,"cb_id":"1018282729525707461","msg_id":2613,"data":"news:toggle:03c365108e914bb18b5f115586c40056:0:draft","state":null}
{"t":"cb","ok":true,"ms":259,"req":"194b7976","bot":8304099970,"uid":237087423,"user":"Freep_o_0_rn","name":"Freep_o_0_rn","role":"admin","chat":237087423,"cb_id":"1018282728260402701","msg_id":2613,"data":"news:list:draft:0","state":null}
{"t":"cb","ok":true,"ms":257,"req":"3c703e78","bot":8304099970,"uid":237087423,"user":"Freep_o_0_rn","name":"Freep_o_0_rn","role":"admin","chat":237087423,"cb_id":"1018282728365951594","msg_id":2613,"data":"news:menu","state":null}
{"t":"cb","ok":true,"ms":266,"req":"0b65afb0","bot":8304099970,"uid":237087423,"user":"Freep_o_0_rn","name":"Freep_o_0_rn","role":"admin","chat":237087423,"cb_id":"1018282728678022311","msg_id":2613,"data":"news:list:published:0","state":null}
{"t":"msg","ok":true,"ms":389,"req":"60b1b6da","bot":8304099970,"uid":237087423,"user":"Freep_o_0_rn","name":"Freep_o_0_rn","role":"admin","chat":237087423,"chat_type":"private","msg_id":2614,"kind":"text","text":"📰 Управление новостями","caption_len":0,"entities":0,"state":null}
{"t":"cb","ok":true,"ms":291,"req":"c0aacc4b","bot":8304099970,"uid":237087423,"user":"Freep_o_0_rn","name":"Freep_o_0_rn","role":"admin","chat":237087423,"cb_id":"1018282730464979968","msg_id":2615,"data":"news:list:published:0","state":null}
{"t":"msg","ok":true,"ms":173,"req":"7b5fe6f6","bot":8304099970,"uid":237087423,"user":"Freep_o_0_rn","name":"Freep_o_0_rn","role":"admin","chat":237087423,"chat_type":"private","msg_id":2616,"kind":"text","text":"▶️ Старт","caption_len":0,"entities":0,"state":null}
{"t":"msg","ok":true,"ms":152,"req":"acfa197a","bot":8304099970,"uid":237087423,"user":"Freep_o_0_rn","name":"Freep_o_0_rn","role":"admin","chat":237087423,"chat_type":"private","msg_id":2618,"kind":"text","text":"📰 Управление новостями","caption_len":0,"entities":0,"state":null}
{"t":"cb","ok":true,"ms":439,"req":"4717a61b","bot":8304099970,"uid":237087423,"user":"Freep_o_0_rn","name":"Freep_o_0_rn","role":"admin","chat":237087423,"cb_id":"1018282730735994951","msg_id":2619,"data":"news:list:published:0","state":null}
{"t":"cb","ok":true,"ms":290,"req":"41c61a8e","bot":8304099970,"uid":237087423,"user":"Freep_o_0_rn","name":"Freep_o_0_rn","role":"admin","chat":237087423,"cb_id":"1018282728841875085","msg_id":2619,"data":"news:item:03c365108e914bb18b5f115586c40056:0:published","state":null}
{"t":"cb","ok":true,"ms":302,"req":"9a33f6a2","bot":8304099970,"uid":237087423,"user":"Freep_o_0_rn","name":"Freep_o_0_rn","role":"admin","chat":237087423,"cb_id":"1018282732000273518","msg_id":2619,"data":"news:toggle:03c365108e914bb18b5f115586c40056:0:published","state":null}
{"t":"cb","ok":true,"ms":271,"req":"cdafaf0c","bot":8304099970,"uid":237087423,"user":"Freep_o_0_rn","name":"Freep_o_0_rn","role":"admin","chat":237087423,"cb_id":"1018282729332968441","msg_id":2619,"data":"news:toggle:03c365108e914bb18b5f115586c40056:0:published","state":null}
{"t":"cb","ok":true,"ms":278,"req":"68f15a10","bot":8304099970,"uid":237087423,"user":"Freep_o_0_rn","name":"Freep_o_0_rn","role":"admin","chat":237087423,"cb_id":"1018282729689775012","msg_id":2619,"data":"news:list:published:0","state":null}
{"t":"cb","ok":true,"ms":257,"req":"e9e567f9","bot":8304099970,"uid":237087423,"user":"Freep_o_0_rn","name":"Freep_o_0_rn","role":"admin","chat":237087423,"cb_id":"1018282731829090897","msg_id":2619,"data":"news:menu","state":null}
{"t":"cb","ok":true,"ms":402,"req":"af5f2c60","bot":8304099970,"uid":237087423,"user":"Freep_o_0_rn","name":"Freep_o_0_rn","role":"admin","chat":237087423,"cb_id":"1018282729171691882","msg_id":2619,"data":"news:list:draft:0","state":null}
{"t":"cb","ok":true,"ms":282,"req":"40199dc7","bot":8304099970,"uid":237087423,"user":"Freep_o_0_rn","name":"Freep_o_0_rn","role":"admin","chat":237087423,"cb_id":"1018282730510660842","msg_id":2619,"data":"news:menu","state":null}
{"t":"cb","ok":true,"ms":265,"req":"86e0791a","bot":8304099970,"uid":237087423,"user":"Freep_o_0_rn","name":"Freep_o_0_rn","role":"admin","chat":237087423,"cb_id":"1018282730946917152","msg_id":2619,"data":"news:create","state":"NewsCreateStates:waiting_title"}
{"t":"msg","ok":true,"ms":141,"req":"681ad437","bot":8304099970,"uid":237087423,"user":"Freep_o_0_rn","name":"Freep_o_0_rn","role":"admin","chat":237087423,"chat_type":"private","msg_id":2621,"kind":"text","text":"123","caption_len":0,"entities":0,"state":"NewsCreateStates:waiting_text"}
{"t":"msg","ok":true,"ms":155,"req":"b5b023e7","bot":8304099970,"uid":237087423,"user":"Freep_o_0_rn","name":"Freep_o_0_rn","role":"admin","chat":237087423,"chat_type":"private","msg_id":2623,"kind":"text","text":"Йоу","caption_len":0,"entities":0,"state":null}
{"t":"cb","ok":true,"ms":264,"req":"a051a267","bot":8304099970,"uid":237087423,"user":"Freep_o_0_rn","name":"Freep_o_0_rn","role":"admin","chat":237087423,"cb_id":"1018282728366283570","msg_id":2624,"data":"news:toggle:5fdf9315e9024b8c9c2a752de8a9ccc3:0:draft","state":null}
{"t":"msg","ok":true,"ms":385,"req":"8e41736b","bot":8304099970,"uid":237087423,"user":"Freep_o_0_rn","name":"Freep_o_0_rn","role":"admin","chat":237087423,"chat_type":"private","msg_id":2625,"kind":"text","text":"📰 Управление новостями","caption_len":0,"entities":0,"state":null}
{"t":"cb","ok":true,"ms":270,"req":"160fdc53","bot":8304099970,"uid":237087423,"user":"Freep_o_0_rn","name":"Freep_o_0_rn","role":"admin","chat":237087423,"cb_id":"1018282731127646132","msg_id":2626,"data":"news:list:draft:0","state":null}
{"t":"cb","ok":true,"ms":281,"req":"d80c9050","bot":8304099970,"uid":237087423,"user":"Freep_o_0_rn","name":"Freep_o_0_rn","role":"admin","chat":237087423,"cb_id":"1018282730201499431","msg_id":2626,"data":"news:menu","state":null}
{"t":"cb","ok":true,"ms":267,"req":"2a218912","bot":8304099970,"uid":237087423,"user":"Freep_o_0_rn","name":"Freep_o_0_rn","role":"admin","chat":237087423,"cb_id":"1018282732213405228","msg_id":2626,"data":"news:create","state":"NewsCreateStates:waiting_title"}
{"t":"msg","ok":true,"ms":153,"req":"89917ad9","bot":8304099970,"uid":237087423,"user":"Freep_o_0_rn","name":"Freep_o_0_rn","role":"admin","chat":237087423,"chat_type":"private","msg_id":2628,"kind":"text","text":"11111111","caption_len":0,"entities":0,"state":"NewsCreateStates:waiting_text"}
{"t":"msg","ok":true,"ms":173,"req":"2db17560","bot":8304099970,"uid":237087423,"user":"Freep_o_0_rn","name":"Freep_o_0_rn","role":"admin","chat":237087423,"chat_type":"private","msg_id":2630,"kind":"text","text":":8:8(:8(:&(:8(:85285","caption_len":0,"entities":0,"state":null}
{"t":"cb","ok":true,"ms":289,"req":"d44a17d0","bot":8304099970,"uid":237087423,"user":"Freep_o_0_rn","name":"Freep_o_0_rn","role":"admin","chat":237087423,"cb_id":"1018282730272791220","msg_id":2631,"data":"news:addmedia:52b93f16680b4a76ab19d49b9b7ba87c","state":null}
{"t":"msg","ok":true,"ms":843,"req":"f22c5229","bot":8304099970,"uid":237087423,"user":"Freep_o_0_rn","name":"Freep_o_0_rn","role":"admin","chat":237087423,"chat_type":"private","msg_id":2633,"kind":"photo","text":"","caption_len":0,"entities":0,"state":null,"media":{"photo":{"w":1920,"h":2560,"size":241596}}}
{"t":"cb","ok":true,"ms":337,"req":"8c295b0c","bot":8304099970,"uid":237087423,"user":"Freep_o_0_rn","name":"Freep_o_0_rn","role":"admin","chat":237087423,"cb_id":"1018282729894656445","msg_id":2634,"data":"news:finishmedia:publish:52b93f16680b4a76ab19d49b9b7ba87c","state":null}
{"t":"cb","ok":true,"ms":302,"req":"7278adf9","bot":8304099970,"uid":237087423,"user":"Freep_o_0_rn","name":"Freep_o_0_rn","role":"admin","chat":237087423,"cb_id":"1018282731258691310","msg_id":2634,"data":"news:list:published:0","state":null}
{"t":"msg","ok":true,"ms":381,"req":"7ffa82bc","bot":8304099970,"uid":237087423,"user":"Freep_o_0_rn","name":"Freep_o_0_rn","role":"admin","chat":237087423,"chat_type":"private","msg_id":2635,"kind":"text","text":"📰 Управление новостями","caption_len":0,"entities":0,"state":null}
{"t":"cb","ok":true,"ms":283,"req":"a9cffc08","bot":8304099970,"uid":237087423,"user":"Freep_o_0_rn","name":"Freep_o_0_rn","role":"admin","chat":237087423,"cb_id":"1018282730137269803","msg_id":2636,"data":"news:list:published:0","state":null}
{"t":"cb","ok":true,"ms":279,"req":"ad560567","bot":8304099970,"uid":237087423,"user":"Freep_o_0_rn","name":"Freep_o_0_rn","role":"admin","chat":237087423,"cb_id":"1018282728188554014","msg_id":2636,"data":"news:menu","state":null}
{"t":"cb","ok":true,"ms":124,"req":"86332440","bot":8304099970,"uid":237087423,"user":"Freep_o_0_rn","name":"Freep_o_0_rn","role":"admin","chat":237087423,"cb_id":"1018282730792089224","msg_id":2636,"data":"news:purgeask:published","state":null}
{"t":"cb","ok":true,"ms":145,"req":"b6daf08c","bot":8304099970,"uid":237087423,"user":"Freep_o_0_rn","name":"Freep_o_0_rn","role":"admin","chat":237087423,"cb_id":"1018282730989979655","msg_id":2636,"data":"news:purgeask:published","state":null}
{"t":"cb","ok":true,"ms":200,"req":"654ffc91","bot":8304099970,"uid":237087423,"user":"Freep_o_0_rn","name":"Freep_o_0_rn","role":"admin","chat":237087423,"cb_id":"1018282732024654720","msg_id":2636,"data":"news:purgeask:draft","state":null}
{"t":"msg","ok":true,"ms":187,"req":"512f274c","bot":8304099970,"uid":237087423,"user":"Freep_o_0_rn","name":"Freep_o_0_rn","role":"admin","chat":237087423,"chat_type":"private","msg_id":2637,"kind":"text","text":"📰 Управление новостями","caption_len":0,"entities":0,"state":null}
{"t":"cb","ok":true,"ms":382,"req":"9a7fd712","bot":8304099970,"uid":237087423,"user":"Freep_o_0_rn","name":"Freep_o_0_rn","role":"admin","chat":237087423,"cb_id":"1018282731625145707","msg_id":2638,"data":"news:list:published:0","state":null}
{"t":"cb","ok":true,"ms":281,"req":"d0d02682","bot":8304099970,"uid":237087423,"user":"Freep_o_0_rn","name":"Freep_o_0_rn","role":"admin","chat":237087423,"cb_id":"1018282728529667231","msg_id":2638,"data":"news:item:52b93f16680b4a76ab19d49b9b7ba87c:0:published","state":null}
{"t":"cb","ok":true,"ms":268,"req":"5b03dfbf","bot":8304099970,"uid":237087423,"user":"Freep_o_0_rn","name":"Freep_o_0_rn","role":"admin","chat":237087423,"cb_id":"1018282728619511221","msg_id":2638,"data":"news:delete:52b93f16680b4a76ab19d49b9b7ba87c:0:published","state":null}
{"t":"cb","ok":true,"ms":271,"req":"be8410b8","bot":8304099970,"uid":237087423,"user":"Freep_o_0_rn","name":"Freep_o_0_rn","role":"admin","chat":237087423,"cb_id":"1018282729730013587","msg_id":2638,"data":"news:menu","state":null}
{"t":"cb","ok":true,"ms":146,"req":"d275142c","bot":8304099970,"uid":237087423,"user":"Freep_o_0_rn","name":"Freep_o_0_rn","role":"admin","chat":237087423,"cb_id":"1018282729858180373","msg_id":2638,"data":"news:purgeask:draft","state":null}
{"t":"cb","ok":true,"ms":137,"req":"2282433e","bot":8304099970,"uid":237087423,"user":"Freep_o_0_rn","name":"Freep_o_0_rn","role":"admin","chat":237087423,"cb_id":"1018282728557156998","msg_id":2638,"data":"news:purgeask:published","state":null}
{"t":"cb","ok":true,"ms":503,"req":"6306d12b","bot":8304099970,"uid":237087423,"user":"Freep_o_0_rn","name":"Freep_o_0_rn","role":"admin","chat":237087423,"cb_id":"1018282729410220557","msg_id":2638,"data":"news:purgeask:published","state":null}
{"t":"cb","ok":true,"ms":415,"req":"e0faf9a5","bot":8304099970,"uid":237087423,"user":"Freep_o_0_rn","name":"Freep_o_0_rn","role":"admin","chat":237087423,"cb_id":"1018282731623815058","msg_id":2638,"data":"news:purgeconfirm:published","state":null}
{"t":"cb","ok":true,"ms":317,"req":"f24181e7","bot":8304099970,"uid":237087423,"user":"Freep_o_0_rn","name":"Freep_o_0_rn","role":"admin","chat":237087423,"cb_id":"1018282729818698033","msg_id":2638,"data":"news:purge:published","state":null}
{"t":"cb","ok":true,"ms":393,"req":"fbd858b1","bot":8304099970,"uid":237087423,"user":"Freep_o_0_rn","name":"Freep_o_0_rn","role":"admin","chat":237087423,"cb_id":"1018282731708627697","msg_id":2638,"data":"news:menu","state":null}
{"t":"cb","ok":true,"ms":260,"req":"09e19d95","bot":8304099970,"uid":237087423,"user":"Freep_o_0_rn","name":"Freep_o_0_rn","role":"admin","chat":237087423,"cb_id":"1018282729689871257","msg_id":2638,"data":"news:list:published:0","state":null}
{"t":"cb","ok":true,"ms":275,"req":"f83f490c","bot":8304099970,"uid":237087423,"user":"Freep_o_0_rn","name":"Freep_o_0_rn","role":"admin","chat":237087423,"cb_id":"1018282729962864740","msg_id":2638,"data":"news:menu","state":null}
{"t":"cb","ok":true,"ms":297,"req":"cb727607","bot":8304099970,"uid":237087423,"user":"Freep_o_0_rn","name":"Freep_o_0_rn","role":"admin","chat":237087423,"cb_id":"1018282730726651529","msg_id":2638,"data":"news:list:draft:0","state":null}
{"t":"cb","ok":true,"ms":407,"req":"3cd24c0c","bot":8304099970,"uid":237087423,"user":"Freep_o_0_rn","name":"Freep_o_0_rn","role":"admin","chat":237087423,"cb_id":"1018282732137212579","msg_id":2638,"data":"news:menu","state":null}
{"t":"cb","ok":true,"ms":286,"req":"42cc5bc2","bot":8304099970,"uid":237087423,"user":"Freep_o_0_rn","name":"Freep_o_0_rn","role":"admin","chat":237087423,"cb_id":"1018282730650365068","msg_id":2638,"data":"news:create","state":"NewsCreateStates:waiting_title"}
{"t":"msg","ok":true,"ms":138,"req":"904bc25c","bot":8304099970,"uid":237087423,"user":"Freep_o_0_rn","name":"Freep_o_0_rn","role":"admin","chat":237087423,"chat_type":"private","msg_id":2640,"kind":"text","text":"Ыыыыы","caption_len":0,"entities":0,"state":"NewsCreateStates:waiting_text"}
{"t":"msg","ok":true,"ms":167,"req":"bfd168a6","bot":8304099970,"uid":237087423,"user":"Freep_o_0_rn","name":"Freep_o_0_rn","role":"admin","chat":237087423,"chat_type":"private","msg_id":2642,"kind":"text","text":"Лвлатататат","caption_len":0,"entities":0,"state":null}
{"t":"cb","ok":true,"ms":273,"req":"c2fd2b5c","bot":8304099970,"uid":237087423,"user":"Freep_o_0_rn","name":"Freep_o_0_rn","role":"admin","chat":237087423,"cb_id":"1018282729983131532","msg_id":2643,"data":"news:toggle:9e0aa102676c40c583deacc8352c34fa:0:draft","state":null}
{"t":"msg","ok":true,"ms":378,"req":"dd1506e2","bot":8304099970,"uid":237087423,"user":"Freep_o_0_rn","name":"Freep_o_0_rn","role":"admin","chat":237087423,"chat_type":"private","msg_id":2644,"kind":"text","text":"📰 Управление новостями","caption_len":0,"entities":0,"state":null}
{"t":"cb","ok":true,"ms":271,"req":"f9c5cd7d","bot":8304099970,"uid":237087423,"user":"Freep_o_0_rn","name":"Freep_o_0_rn","role":"admin","chat":237087423,"cb_id":"1018282730593160379","msg_id":2645,"data":"news:purgeask:draft","state":null}
{"t":"cb","ok":true,"ms":323,"req":"0e99544c","bot":8304099970,"uid":237087423,"user":"Freep_o_0_rn","name":"Freep_o_0_rn","role":"admin","chat":237087423,"cb_id":"1018282730609532938","msg_id":2645,"data":"news:purgeconfirm:draft","state":null}
{"t":"cb","ok":true,"ms":344,"req":"724b75d8","bot":8304099970,"uid":237087423,"user":"Freep_o_0_rn","name":"Freep_o_0_rn","role":"admin","chat":237087423,"cb_id":"1018282728346330311","msg_id":2645,"data":"news:purge:draft","state":null}
{"t":"cb","ok":true,"ms":264,"req":"f9e6c686","bot":8304099970,"uid":237087423,"user":"Freep_o_0_rn","name":"Freep_o_0_rn","role":"admin","chat":237087423,"cb_id":"1018282731204243424","msg_id":2645,"data":"news:menu","state":null}
{"t":"cb","ok":true,"ms":266,"req":"e7f0ba96","bot":8304099970,"uid":237087423,"user":"Freep_o_0_rn","name":"Freep_o_0_rn","role":"admin","chat":237087423,"cb_id":"1018282731831190337","msg_id":2645,"data":"news:create","state":"NewsCreateStates:waiting_title"}
{"t":"msg","ok":true,"ms":154,"req":"f4eabbc3","bot":8304099970,"uid":237087423,"user":"Freep_o_0_rn","name":"Freep_o_0_rn","role":"admin","chat":237087423,"chat_type":"private","msg_id":2647,"kind":"text","text":"Згзощоащращращоащоащоа","caption_len":0,"entities":0,"state":"NewsCreateStates:waiting_text"}
{"t":"msg","ok":true,"ms":185,"req":"34e8fc53","bot":8304099970,"uid":237087423,"user":"Freep_o_0_rn","name":"Freep_o_0_rn","role":"admin","chat":237087423,"chat_type":"private","msg_id":2649,"kind":"text","text":"Зозощоаййййййййй","caption_len":0,"entities":0,"state":null}
{"t":"cb","ok":true,"ms":278,"req":"29a2a98d","bot":8304099970,"uid":237087423,"user":"Freep_o_0_rn","name":"Freep_o_0_rn","role":"admin","chat":237087423,"cb_id":"1018282729976468675","msg_id":2650,"data":"news:toggle:d731551235b1425b904b2a851ff686f2:0:draft","state":null}
{"t":"cb","ok":true,"ms":264,"req":"fd573e21","bot":8304099970,"uid":237087423,"user":"Freep_o_0_rn","name":"Freep_o_0_rn","role":"admin","chat":237087423,"cb_id":"1018282730068008236","msg_id":2650,"data":"news:list:draft:0","state":null}
{"t":"cb","ok":true,"ms":317,"req":"7ab94724","bot":8304099970,"uid":237087423,"user":"Freep_o_0_rn","name":"Freep_o_0_rn","role":"admin","chat":237087423,"cb_id":"1018282732342630143","msg_id":2650,"data":"news:menu","state":null}
{"t":"cb","ok":true,"ms":311,"req":"b4eca1a5","bot":8304099970,"uid":237087423,"user":"Freep_o_0_rn","name":"Freep_o_0_rn","role":"admin","chat":237087423,"cb_id":"1018282728873789181","msg_id":2650,"data":"news:list:published:0","state":null}
{"t":"cb","ok":true,"ms":274,"req":"c9564983","bot":8304099970,"uid":237087423,"user":"Freep_o_0_rn","name":"Freep_o_0_rn","role":"admin","chat":237087423,"cb_id":"1018282732367397333","msg_id":2650,"data":"news:item:d731551235b1425b904b2a851ff686f2:0:published","state":null}
{"t":"cb","ok":true,"ms":267,"req":"60047964","bot":8304099970,"uid":237087423,"user":"Freep_o_0_rn","name":"Freep_o_0_rn","role":"admin","chat":237087423,"cb_id":"1018282728721754094","msg_id":2650,"data":"news:list:published:0","state":null}
{"t":"cb","ok":true,"ms":273,"req":"9026d01e","bot":8304099970,"uid":237087423,"user":"Freep_o_0_rn","name":"Freep_o_0_rn","role":"admin","chat":237087423,"cb_id":"1018282730701053506","msg_id":2650,"data":"news:item:9e0aa102676c40c583deacc8352c34fa:0:published","state":null}
{"t":"cb","ok":true,"ms":293,"req":"fcbec3c3","bot":8304099970,"uid":237087423,"user":"Freep_o_0_rn","name":"Freep_o_0_rn","role":"admin","chat":237087423,"cb_id":"1018282728292095988","msg_id":2650,"data":"news:list:published:0","state":null}
{"t":"cb","ok":true,"ms":275,"req":"7b5c7dea","bot":8304099970,"uid":237087423,"user":"Freep_o_0_rn","name":"Freep_o_0_rn","role":"admin","chat":237087423,"cb_id":"1018282728556478522","msg_id":2650,"data":"news:item:d731551235b1425b904b2a851ff686f2:0:published","state":null}
{"t":"cb","ok":true,"ms":472,"req":"d01265ca","bot":8304099970,"uid":237087423,"user":"Freep_o_0_rn","name":"Freep_o_0_rn","role":"admin","chat":237087423,"cb_id":"1018282728412427677","msg_id":2650,"data":"news:list:published:0","state":null}
{"t":"msg","ok":true,"ms":417,"req":"d096ccfc","bot":8304099970,"uid":237087423,"user":"Freep_o_0_rn","name":"Freep_o_0_rn","role":"admin","chat":237087423,"chat_type":"private","msg_id":2651,"kind":"text","text":"▶️ Старт","caption_len":0,"entities":0,"state":null}
{"t":"msg","ok":true,"ms":144,"req":"9c1f43b0","bot":8304099970,"uid":237087423,"user":"Freep_o_0_rn","name":"Freep_o_0_rn","role":"admin","chat":237087423,"chat_type":"private","msg_id":2653,"kind":"text","text":"📰 Управление новостями","caption_len":0,"entities":0,"state":null}
{"t":"cb","ok":true,"ms":268,"req":"590c1aff","bot":8304099970,"uid":237087423,"user":"Freep_o_0_rn","name":"Freep_o_0_rn","role":"admin","chat":237087423,"cb_id":"1018282728216207415","msg_id":2654,"data":"news:list:published:0","state":null}
{"t":"cb","ok":true,"ms":311,"req":"2f712366","bot":8304099970,"uid":237087423,"user":"Freep_o_0_rn","name":"Freep_o_0_rn","role":"admin","chat":237087423,"cb_id":"1018282731134313591","msg_id":2654,"data":"news:item:d731551235b1425b904b2a851ff686f2:0:published","state":null}
{"t":"cb","ok":true,"ms":276,"req":"d696bfa4","bot":8304099970,"uid":237087423,"user":"Freep_o_0_rn","name":"Freep_o_0_rn","role":"admin","chat":237087423,"cb_id":"1018282732274167330","msg_id":2654,"data":"news:delete:d731551235b1425b904b2a851ff686f2:0:published","state":null}
{"t":"cb","ok":true,"ms":333,"req":"e3bd2843","bot":8304099970,"uid":237087423,"user":"Freep_o_0_rn","name":"Freep_o_0_rn","role":"admin","chat":237087423,"cb_id":"1018282730325964047","msg_id":2654,"data":"news:menu","state":null}
{"t":"cb","ok":true,"ms":279,"req":"4d09c66f","bot":8304099970,"uid":237087423,"user":"Freep_o_0_rn","name":"Freep_o_0_rn","role":"admin","chat":237087423,"cb_id":"1018282728200067555","msg_id":2654,"data":"news:list:draft:0","state":null}
{"t":"cb","ok":true,"ms":264,"req":"41028392","bot":8304099970,"uid":237087423,"user":"Freep_o_0_rn","name":"Freep_o_0_rn","role":"admin","chat":237087423,"cb_id":"1018282730727434821","msg_id":2654,"data":"news:menu","state":null}
{"t":"cb","ok":true,"ms":324,"req":"23df6b95","bot":8304099970,"uid":237087423,"user":"Freep_o_0_rn","name":"Freep_o_0_rn","role":"admin","chat":237087423,"cb_id":"1018282729755209140","msg_id":2654,"data":"news:create","state":"NewsCreateStates:waiting_title"}
{"t":"msg","ok":true,"ms":143,"req":"9fcc0a51","bot":8304099970,"uid":237087423,"user":"Freep_o_0_rn","name":"Freep_o_0_rn","role":"admin","chat":237087423,"chat_type":"private","msg_id":2656,"kind":"text","text":"Тест после обновы","caption_len":0,"entities":0,"state":"NewsCreateStates:waiting_text"}
{"t":"msg","ok":true,"ms":260,"req":"3de694a4","bot":8304099970,"uid":237087423,"user":"Freep_o_0_rn","name":"Freep_o_0_rn","role":"admin","chat":237087423,"chat_type":"private","msg_id":2658,"kind":"text","text":"0156","caption_len":0,"entities":0,"state":null}
{"t":"cb","ok":true,"ms":333,"req":"e074287f","bot":8304099970,"uid":237087423,"user":"Freep_o_0_rn","name":"Freep_o_0_rn","role":"admin","chat":237087423,"cb_id":"1018282731948758686","msg_id":2659,"data":"news:addmedia:fd17318ebbe24ceb98661b7e8ac80cc6","state":null}
{"t":"msg","ok":true,"ms":899,"req":"6e077a20","bot":8304099970,"uid":237087423,"user":"Freep_o_0_rn","name":"Freep_o_0_rn","role":"admin","chat":237087423,"chat_type":"private","msg_id":2661,"kind":"photo","text":"","caption_len":0,"entities":0,"state":null,"media":{"photo":{"w":1920,"h":2560,"size":282920}}}
{"t":"cb","ok":true,"ms":264,"req":"73529a0a","bot":8304099970,"uid":237087423,"user":"Freep_o_0_rn","name":"Freep_o_0_rn","role":"admin","chat":237087423,"cb_id":"1018282731366375238","msg_id":2662,"data":"news:finishmedia:draft:fd17318ebbe24ceb98661b7e8ac80cc6","state":null}
{"t":"cb","ok":true,"ms":269,"req":"b700ad4e","bot":8304099970,"uid":237087423,"user":"Freep_o_0_rn","name":"Freep_o_0_rn","role":"admin","chat":237087423,"cb_id":"1018282732094917860","msg_id":2662,"data":"news:list:draft:0","state":null}
{"t":"cb","ok":true,"ms":257,"req":"436251ae","bot":8304099970,"uid":237087423,"user":"Freep_o_0_rn","name":"Freep_o_0_rn","role":"admin","chat":237087423,"cb_id":"1018282729172415769","msg_id":2662,"data":"news:menu","state":null}
{"t":"msg","ok":true,"ms":159,"req":"ab7a10a8","bot":8304099970,"uid":237087423,"user":"Freep_o_0_rn","name":"Freep_o_0_rn","role":"admin","chat":237087423,"chat_type":"private","msg_id":2663,"kind":"text","text":"📰 Управление новостями","caption_len":0,"entities":0,"state":null}
{"t":"msg","ok":true,"ms":161,"req":"40bb33c6","bot":8304099970,"uid":237087423,"user":"Freep_o_0_rn","name":"Freep_o_0_rn","role":"admin","chat":237087423,"chat_type":"private","msg_id":2665,"kind":"text","text":"📰 Управление новостями","caption_len":0,"entities":0,"state":null}
{"t":"msg","ok":true,"ms":188,"req":"9f4e2c02","bot":8304099970,"uid":237087423,"user":"Freep_o_0_rn","name":"Freep_o_0_rn","role":"admin","chat":237087423,"chat_type":"private","msg_id":2667,"kind":"text","text":"📰 Управление новостями","caption_len":0,"entities":0,"state":null}
{"t":"cb","ok":true,"ms":332,"req":"36711a14","bot":8304099970,"uid":237087423,"user":"Freep_o_0_rn","name":"Freep_o_0_rn","role":"admin","chat":237087423,"cb_id":"1018282729838634448","msg_id":2668,"data":"news:list:draft:0","state":null}
{"t":"cb","ok":true,"ms":274,"req":"d2e81994","bot":8304099970,"uid":237087423,"user":"Freep_o_0_rn","name":"Freep_o_0_rn","role":"admin","chat":237087423,"cb_id":"1018282731430147937","msg_id":2668,"data":"news:item:fd17318ebbe24ceb98661b7e8ac80cc6:0:draft","state":null}
{"t":"cb","ok":true,"ms":413,"req":"70368cc9","bot":8304099970,"uid":237087423,"user":"Freep_o_0_rn","name":"Freep_o_0_rn","role":"admin","chat":237087423,"cb_id":"1018282731173459176","msg_id":2668,"data":"news:toggle:fd17318ebbe24ceb98661b7e8ac80cc6:0:draft","state":null}
{"t":"cb","ok":true,"ms":509,"req":"3eb72b60","bot":8304099970,"uid":237087423,"user":"Freep_o_0_rn","name":"Freep_o_0_rn","role":"admin","chat":237087423,"cb_id":"1018282732182402549","msg_id":2668,"data":"news:list:draft:0","state":null}
{"t":"cb","ok":true,"ms":259,"req":"30d6a647","bot":8304099970,"uid":237087423,"user":"Freep_o_0_rn","name":"Freep_o_0_rn","role":"admin","chat":237087423,"cb_id":"1018282730293227953","msg_id":2668,"data":"news:menu","state":null}
{"t":"cb","ok":true,"ms":288,"req":"69d0868c","bot":8304099970,"uid":237087423,"user":"Freep_o_0_rn","name":"Freep_o_0_rn","role":"admin","chat":237087423,"cb_id":"1018282730009529448","msg_id":2668,"data":"news:list:published:0","state":null}
{"t":"msg","ok":true,"ms":380,"req":"468fdede","bot":8304099970,"uid":8668259399,"user":"knvejabhiotrj","name":"He Go I","role":"guest","chat":8668259399,"chat_type":"private","msg_id":2669,"kind":"text","text":"/start","caption_len":0,"entities":1,"state":"OnboardStates:waiting_phone_contact"}
{"t":"msg","ok":true,"ms":143,"req":"2bbf1c55","bot":8304099970,"uid":237087423,"user":"Freep_o_0_rn","name":"Freep_o_0_rn","role":"admin","chat":237087423,"chat_type":"private","msg_id":2671,"kind":"text","text":"👥 Пользователи","caption_len":0,"entities":0,"state":null}
{"t":"cb","ok":true,"ms":263,"req":"baa6aec6","bot":8304099970,"uid":237087423,"user":"Freep_o_0_rn","name":"Freep_o_0_rn","role":"admin","chat":237087423,"cb_id":"1018282730685484927","msg_id":2672,"data":"usr:list:1","state":null}
{"t":"cb","ok":true,"ms":314,"req":"8ed0937c","bot":8304099970,"uid":237087423,"user":"Freep_o_0_rn","name":"Freep_o_0_rn","role":"admin","chat":237087423,"cb_id":"1018282729131816846","msg_id":2672,"data":"usr:sel:8668259399:1","state":null}
{"t":"cb","ok":true,"ms":258,"req":"35e56388","bot":8304099970,"uid":237087423,"user":"Freep_o_0_rn","name":"Freep_o_0_rn","role":"admin","chat":237087423,"cb_id":"1018282729600330420","msg_id":2672,"data":"usr:list:1","state":null}
{"t":"cb","ok":true,"ms":287,"req":"f59765ba","bot":8304099970,"uid":237087423,"user":"Freep_o_0_rn","name":"Freep_o_0_rn","role":"admin","chat":237087423,"cb_id":"1018282728137121440","msg_id":2672,"data":"usr:list:0","state":null}
{"t":"cb","ok":true,"ms":307,"req":"394d86fd","bot":8304099970,"uid":237087423,"user":"Freep_o_0_rn","name":"Freep_o_0_rn","role":"admin","chat":237087423,"cb_id":"1018282730557351751","msg_id":2672,"data":"usr:list:1","state":null}
{"t":"cb","ok":true,"ms":297,"req":"905f041b","bot":8304099970,"uid":237087423,"user":"Freep_o_0_rn","name":"Freep_o_0_rn","role":"admin","chat":237087423,"cb_id":"1018282728281011745","msg_id":2672,"data":"usr:sel:8668259399:1","state":null}
{"t":"cb","ok":true,"ms":508,"req":"76282244","bot":8304099970,"uid":237087423,"user":"Freep_o_0_rn","name":"Freep_o_0_rn","role":"admin","chat":237087423,"cb_id":"1018282732197610627","msg_id":2672,"data":"usr:list:1","state":null}
{"t":"msg","ok":true,"ms":229,"req":"be327632","bot":8304099970,"uid":237087423,"user":"Freep_o_0_rn","name":"Freep_o_0_rn","role":"admin","chat":237087423,"chat_type":"private","msg_id":2673,"kind":"text","text":"📰 Управление новостями","caption_len":0,"entities":0,"state":null}
{"t":"cb","ok":true,"ms":411,"req":"4c30c845","bot":8304099970,"uid":237087423,"user":"Freep_o_0_rn","name":"Freep_o_0_rn","role":"admin","chat":237087423,"cb_id":"1018282730820118991","msg_id":2674,"data":"news:sync","state":null}
{"t":"cb","ok":true,"ms":318,"req":"348232cc","bot":8304099970,"uid":237087423,"user":"Freep_o_0_rn","name":"Freep_o_0_rn","role":"admin","chat":237087423,"cb_id":"1018282730451555503","msg_id":2674,"data":"news:list:published:0","state":null}
{"t":"cb","ok":true,"ms":259,"req":"1f710fa3","bot":8304099970,"uid":237087423,"user":"Freep_o_0_rn","name":"Freep_o_0_rn","role":"admin","chat":237087423,"cb_id":"1018282732356586701","msg_id":2674,"data":"news:menu","state":null}
{"t":"cb","ok":true,"ms":275,"req":"d37f0a6c","bot":8304099970,"uid":237087423,"user":"Freep_o_0_rn","name":"Freep_o_0_rn","role":"admin","chat":237087423,"cb_id":"1018282731024328502","msg_id":2674,"data":"news:create","state":"NewsCreateStates:waiting_title"}
{"t":"msg","ok":true,"ms":188,"req":"11771adb","bot":8304099970,"uid":237087423,"user":"Freep_o_0_rn","name":"Freep_o_0_rn","role":"admin","chat":237087423,"chat_type":"private","msg_id":2676,"kind":"text","text":"0210","caption_len":0,"entities":0,"state":"NewsCreateStates:waiting_text"}
{"t":"msg","ok":true,"ms":236,"req":"6b1d9b18","bot":8304099970,"uid":237087423,"user":"Freep_o_0_rn","name":"Freep_o_0_rn","role":"admin","chat":237087423,"chat_type":"private","msg_id":2678,"kind":"text","text":"Тест","caption_len":0,"entities":0,"state":null}
{"t":"cb","ok":true,"ms":277,"req":"0e008fbd","bot":8304099970,"uid":237087423,"user":"Freep_o_0_rn","name":"Freep_o_0_rn","role":"admin","chat":237087423,"cb_id":"1018282729207548784","msg_id":2679,"data":"news:toggle:b434f6cf671a4cfe990e043776278c81:0:draft","state":null}
{"t":"msg","ok":true,"ms":141,"req":"757c9faf","bot":8304099970,"uid":237087423,"user":"Freep_o_0_rn","name":"Freep_o_0_rn","role":"admin","chat":237087423,"chat_type":"private","msg_id":2680,"kind":"text","text":"📰 Управление новостями","caption_len":0,"entities":0,"state":null}
{"t":"cb","ok":true,"ms":272,"req":"48833ae5","bot":8304099970,"uid":237087423,"user":"Freep_o_0_rn","name":"Freep_o_0_rn","role":"admin","chat":237087423,"cb_id":"1018282732206387022","msg_id":2681,"data":"news:sync","state":null}
{"t":"cb","ok":false,"ms":210,"req":"43caab18","bot":8304099970,"uid":237087423,"user":"Freep_o_0_rn","name":"Freep_o_0_rn","role":"admin","chat":237087423,"cb_id":"1018282731571351898","msg_id":2681,"data":"news:sync","state":null}
{"t":"error","req":"43caab18","exc":"TelegramBadRequest: Telegram server says - Bad Request: message is not modified: specified new message content and reply markup are exactly the same as a current content and reply markup of the message"}
{"t":"cb","ok":false,"ms":137,"req":"3c64264a","bot":8304099970,"uid":237087423,"user":"Freep_o_0_rn","name":"Freep_o_0_rn","role":"admin","chat":237087423,"cb_id":"1018282728714386978","msg_id":2681,"data":"news:sync","state":null}
{"t":"error","req":"3c64264a","exc":"TelegramBadRequest: Telegram server says - Bad Request: message is not modified: specified new message content and reply markup are exactly the same as a current content and reply markup of the message"}
{"t":"cb","ok":false,"ms":194,"req":"85ef6d5a","bot":8304099970,"uid":237087423,"user":"Freep_o_0_rn","name":"Freep_o_0_rn","role":"admin","chat":237087423,"cb_id":"1018282728820498287","msg_id":2681,"data":"news:sync","state":null}
{"t":"error","req":"85ef6d5a","exc":"TelegramBadRequest: Telegram server says - Bad Request: message is not modified: specified new message content and reply markup are exactly the same as a current content and reply markup of the message"}
{"t":"msg","ok":true,"ms":157,"req":"3ef17181","bot":8304099970,"uid":237087423,"user":"Freep_o_0_rn","name":"Freep_o_0_rn","role":"admin","chat":237087423,"chat_type":"private","msg_id":2682,"kind":"text","text":"▶️ Старт","caption_len":0,"entities":0,"state":null}
{"t":"msg","ok":true,"ms":211,"req":"8a9e539d","bot":8304099970,"uid":237087423,"user":"Freep_o_0_rn","name":"Freep_o_0_rn","role":"admin","chat":237087423,"chat_type":"private","msg_id":2684,"kind":"text","text":"👥 Пользователи","caption_len":0,"entities":0,"state":null}
{"t":"cb","ok":true,"ms":266,"req":"2be42137","bot":8304099970,"uid":237087423,"user":"Freep_o_0_rn","name":"Freep_o_0_rn","role":"admin","chat":237087423,"cb_id":"1018282728864252958","msg_id":2685,"data":"usr:list:1","state":null}
{"t":"cb","ok":true,"ms":318,"req":"a8350d5f","bot":8304099970,"uid":237087423,"user":"Freep_o_0_rn","name":"Freep_o_0_rn","role":"admin","chat":237087423,"cb_id":"1018282730974371955","msg_id":2685,"data":"usr:sel:8668259399:1","state":null}
{"t":"msg","ok":true,"ms":406,"req":"106b61bd","bot":8304099970,"uid":237087423,"user":"Freep_o_0_rn","name":"Freep_o_0_rn","role":"admin","chat":237087423,"chat_type":"private","msg_id":2686,"kind":"text","text":"▶️ Старт","caption_len":0,"entities":0,"state":null}
{"t":"msg","ok":true,"ms":140,"req":"8505e10b","bot":8304099970,"uid":237087423,"user":"Freep_o_0_rn","name":"Freep_o_0_rn","role":"admin","chat":237087423,"chat_type":"private","msg_id":2688,"kind":"text","text":"📰 Управление новостями","caption_len":0,"entities":0,"state":null}
{"t":"cb","ok":true,"ms":258,"req":"76f700fa","bot":8304099970,"uid":237087423,"user":"Freep_o_0_rn","name":"Freep_o_0_rn","role":"admin","chat":237087423,"cb_id":"1018282728596505426","msg_id":2689,"data":"news:list:published:0","state":null}
{"t":"cb","ok":true,"ms":332,"req":"36ce1f6d","bot":8304099970,"uid":237087423,"user":"Freep_o_0_rn","name":"Freep_o_0_rn","role":"admin","chat":237087423,"cb_id":"1018282728934994858","msg_id":2689,"data":"news:menu","state":null}
{"t":"cb","ok":true,"ms":267,"req":"d2a85904","bot":8304099970,"uid":237087423,"user":"Freep_o_0_rn","name":"Freep_o_0_rn","role":"admin","chat":237087423,"cb_id":"1018282732001713820","msg_id":2689,"data":"news:create","state":"NewsCreateStates:waiting_title"}
{"t":"msg","ok":true,"ms":203,"req":"48b749cc","bot":8304099970,"uid":237087423,"user":"Freep_o_0_rn","name":"Freep_o_0_rn","role":"admin","chat":237087423,"chat_type":"private","msg_id":2691,"kind":"text","text":"0225","caption_len":0,"entities":0,"state":"NewsCreateStates:waiting_text"}
{"t":"msg","ok":true,"ms":149,"req":"d79a2a46","bot":8304099970,"uid":237087423,"user":"Freep_o_0_rn","name":"Freep_o_0_rn","role":"admin","chat":237087423,"chat_type":"private","msg_id":2693,"kind":"text","text":"111","caption_len":0,"entities":0,"state":null}
{"t":"cb","ok":true,"ms":286,"req":"5ed0ed8e","bot":8304099970,"uid":237087423,"user":"Freep_o_0_rn","name":"Freep_o_0_rn","role":"admin","chat":237087423,"cb_id":"1018282731672930166","msg_id":2694,"data":"news:toggle:c2ef4a097bf74709b7fca1280c72194a:0:draft","state":null}
{"t":"msg","ok":true,"ms":150,"req":"826cd847","bot":8304099970,"uid":237087423,"user":"Freep_o_0_rn","name":"Freep_o_0_rn","role":"admin","chat":237087423,"chat_type":"private","msg_id":2695,"kind":"text","text":"📰 Управление новостями","caption_len":0,"entities":0,"state":null}
{"t":"cb","ok":true,"ms":261,"req":"2cc2e62b","bot":8304099970,"uid":237087423,"user":"Freep_o_0_rn","name":"Freep_o_0_rn","role":"admin","chat":237087423,"cb_id":"1018282730975236847","msg_id":2696,"data":"news:sync","state":null}
{"t":"cb","ok":true,"ms":257,"req":"731e5b3f","bot":8304099970,"uid":237087423,"user":"Freep_o_0_rn","name":"Freep_o_0_rn","role":"admin","chat":237087423,"cb_id":"1018282730817979725","msg_id":2696,"data":"news:sync","state":null}
{"t":"cb","ok":true,"ms":538,"req":"0168c7a3","bot":8304099970,"uid":237087423,"user":"Freep_o_0_rn","name":"Freep_o_0_rn","role":"admin","chat":237087423,"cb_id":"1018282730982122389","msg_id":2696,"data":"news:sync","state":null}
{"t":"msg","ok":true,"ms":413,"req":"8e5dd11d","bot":8304099970,"uid":237087423,"user":"Freep_o_0_rn","name":"Freep_o_0_rn","role":"admin","chat":237087423,"chat_type":"private","msg_id":2697,"kind":"text","text":"▶️ Старт","caption_len":0,"entities":0,"state":null}
{"t":"msg","ok":true,"ms":136,"req":"76675e63","bot":8304099970,"uid":237087423,"user":"Freep_o_0_rn","name":"Freep_o_0_rn","role":"admin","chat":237087423,"chat_type":"private","msg_id":2699,"kind":"text","text":"📰 Управление новостями","caption_len":0,"entities":0,"state":null}
{"t":"cb","ok":true,"ms":279,"req":"8aa04049","bot":8304099970,"uid":237087423,"user":"Freep_o_0_rn","name":"Freep_o_0_rn","role":"admin","chat":237087423,"cb_id":"1018282729654393857","msg_id":2700,"data":"news:sync","state":null}
{"t":"cb","ok":true,"ms":272,"req":"6d4223a8","bot":8304099970,"uid":237087423,"user":"Freep_o_0_rn","name":"Freep_o_0_rn","role":"admin","chat":237087423,"cb_id":"1018282730224934846","msg_id":2700,"data":"news:create","state":"NewsCreateStates:waiting_title"}
{"t":"msg","ok":true,"ms":146,"req":"7674e29e","bot":8304099970,"uid":237087423,"user":"Freep_o_0_rn","name":"Freep_o_0_rn","role":"admin","chat":237087423,"chat_type":"private","msg_id":2702,"kind":"text","text":"0258","caption_len":0,"entities":0,"state":"NewsCreateStates:waiting_text"}
{"t":"msg","ok":true,"ms":151,"req":"bad19371","bot":8304099970,"uid":237087423,"user":"Freep_o_0_rn","name":"Freep_o_0_rn","role":"admin","chat":237087423,"chat_type":"private","msg_id":2704,"kind":"text","text":"123","caption_len":0,"entities":0,"state":null}
{"t":"cb","ok":true,"ms":275,"req":"ce786bfc","bot":8304099970,"uid":237087423,"user":"Freep_o_0_rn","name":"Freep_o_0_rn","role":"admin","chat":237087423,"cb_id":"1018282728818569577","msg_id":2705,"data":"news:toggle:93082cc4315a442992541ed2f6fef428:0:draft","state":null}
{"t":"cb","ok":true,"ms":523,"req":"6a890e98","bot":8304099970,"uid":237087423,"user":"Freep_o_0_rn","name":"Freep_o_0_rn","role":"admin","chat":237087423,"cb_id":"1018282730241287473","msg_id":2705,"data":"news:list:draft:0","state":null}
{"t":"cb","ok":true,"ms":294,"req":"ed7e0120","bot":8304099970,"uid":237087423,"user":"Freep_o_0_rn","name":"Freep_o_0_rn","role":"admin","chat":237087423,"cb_id":"1018282730171217231","msg_id":2705,"data":"news:menu","state":null}
{"t":"cb","ok":true,"ms":288,"req":"1deb3131","bot":8304099970,"uid":237087423,"user":"Freep_o_0_rn","name":"Freep_o_0_rn","role":"admin","chat":237087423,"cb_id":"1018282731839773010","msg_id":2705,"data":"news:list:published:0","state":null}
{"t":"cb","ok":true,"ms":296,"req":"deb1eb39","bot":8304099970,"uid":237087423,"user":"Freep_o_0_rn","name":"Freep_o_0_rn","role":"admin","chat":237087423,"cb_id":"1018282731688971238","msg_id":2705,"data":"news:item:fd17318ebbe24ceb98661b7e8ac80cc6:0:published","state":null}
{"t":"cb","ok":true,"ms":271,"req":"44447381","bot":8304099970,"uid":237087423,"user":"Freep_o_0_rn","name":"Freep_o_0_rn","role":"admin","chat":237087423,"cb_id":"1018282729268213089","msg_id":2705,"data":"news:delete:fd17318ebbe24ceb98661b7e8ac80cc6:0:published","state":null}
{"t":"cb","ok":true,"ms":271,"req":"dc1185a4","bot":8304099970,"uid":237087423,"user":"Freep_o_0_rn","name":"Freep_o_0_rn","role":"admin","chat":237087423,"cb_id":"1018282730648188219","msg_id":2705,"data":"news:item:9e0aa102676c40c583deacc8352c34fa:0:published","state":null}
{"t":"cb","ok":true,"ms":266,"req":"59d43de2","bot":8304099970,"uid":237087423,"user":"Freep_o_0_rn","name":"Freep_o_0_rn","role":"admin","chat":237087423,"cb_id":"1018282729622917368","msg_id":2705,"data":"news:delete:9e0aa102676c40c583deacc8352c34fa:0:published","state":null}
{"t":"cb","ok":true,"ms":265,"req":"2cb2d758","bot":8304099970,"uid":237087423,"user":"Freep_o_0_rn","name":"Freep_o_0_rn","role":"admin","chat":237087423,"cb_id":"1018282730127408539","msg_id":2705,"data":"news:item:93082cc4315a442992541ed2f6fef428:0:published","state":null}
{"t":"cb","ok":true,"ms":264,"req":"72c93eb1","bot":8304099970,"uid":237087423,"user":"Freep_o_0_rn","name":"Freep_o_0_rn","role":"admin","chat":237087423,"cb_id":"1018282729909649969","msg_id":2705,"data":"news:list:published:0","state":null}
{"t":"cb","ok":true,"ms":285,"req":"374ecd97","bot":8304099970,"uid":237087423,"user":"Freep_o_0_rn","name":"Freep_o_0_rn","role":"admin","chat":237087423,"cb_id":"1018282730165231669","msg_id":2705,"data":"news:menu","state":null}
{"t":"cb","ok":true,"ms":269,"req":"eb7ee92b","bot":8304099970,"uid":237087423,"user":"Freep_o_0_rn","name":"Freep_o_0_rn","role":"admin","chat":237087423,"cb_id":"1018282730772712810","msg_id":2705,"data":"news:create","state":"NewsCreateStates:waiting_title"}
{"t":"msg","ok":true,"ms":238,"req":"fca401d5","bot":8304099970,"uid":237087423,"user":"Freep_o_0_rn","name":"Freep_o_0_rn","role":"admin","chat":237087423,"chat_type":"private","msg_id":2707,"kind":"text","text":"0307","caption_len":0,"entities":0,"state":"NewsCreateStates:waiting_text"}
{"t":"msg","ok":true,"ms":151,"req":"1d432782","bot":8304099970,"uid":237087423,"user":"Freep_o_0_rn","name":"Freep_o_0_rn","role":"admin","chat":237087423,"chat_type":"private","msg_id":2709,"kind":"text","text":"Work?!","caption_len":0,"entities":0,"state":null}
{"t":"cb","ok":true,"ms":279,"req":"56e1d8df","bot":8304099970,"uid":237087423,"user":"Freep_o_0_rn","name":"Freep_o_0_rn","role":"admin","chat":237087423,"cb_id":"1018282730639053376","msg_id":2710,"data":"news:addmedia:7ec416196d6447ae9dd1eb349e97abe9","state":null}
{"t":"cb","ok":true,"ms":469,"req":"4d8f703b","bot":8304099970,"uid":237087423,"user":"Freep_o_0_rn","name":"Freep_o_0_rn","role":"admin","chat":237087423,"cb_id":"1018282729506244197","msg_id":2711,"data":"news:finishmedia:publish:7ec416196d6447ae9dd1eb349e97abe9","state":null}
{"t":"cb","ok":true,"ms":422,"req":"a986f6bc","bot":8304099970,"uid":237087423,"user":"Freep_o_0_rn","name":"Freep_o_0_rn","role":"admin","chat":237087423,"cb_id":"1018282731917724026","msg_id":2711,"data":"news:addmedia:7ec416196d6447ae9dd1eb349e97abe9","state":null}
{"t":"msg","ok":true,"ms":2786,"req":"aff8ab9d","bot":8304099970,"uid":237087423,"user":"Freep_o_0_rn","name":"Freep_o_0_rn","role":"admin","chat":237087423,"chat_type":"private","msg_id":2713,"kind":"video","text":"","caption_len":0,"entities":0,"state":null,"media":{"video":{"w":720,"h":1280,"duration":27,"mime":"video/mp4","size":9057236}}}
{"t":"cb","ok":true,"ms":271,"req":"9bd6e4a1","bot":8304099970,"uid":237087423,"user":"Freep_o_0_rn","name":"Freep_o_0_rn","role":"admin","chat":237087423,"cb_id":"1018282731042611936","msg_id":2714,"data":"news:finishmedia:publish:7ec416196d6447ae9dd1eb349e97abe9","state":null}
{"t":"msg","ok":true,"ms":426,"req":"32e73b3a","bot":8304099970,"uid":237087423,"user":"Freep_o_0_rn","name":"Freep_o_0_rn","role":"admin","chat":237087423,"chat_type":"private","msg_id":2715,"kind":"text","text":"📰 Управление новостями","caption_len":0,"entities":0,"state":null}
{"t":"cb","ok":true,"ms":260,"req":"c893d82d","bot":8304099970,"uid":237087423,"user":"Freep_o_0_rn","name":"Freep_o_0_rn","role":"admin","chat":237087423,"cb_id":"1018282728571954610","msg_id":2716,"data":"news:list:draft:0","state":null}
{"t":"cb","ok":true,"ms":257,"req":"de4a74d5","bot":8304099970,"uid":237087423,"user":"Freep_o_0_rn","name":"Freep_o_0_rn","role":"admin","chat":237087423,"cb_id":"1018282730358485830","msg_id":2716,"data":"news:menu","state":null}
{"t":"cb","ok":true,"ms":264,"req":"657783a7","bot":8304099970,"uid":237087423,"user":"Freep_o_0_rn","name":"Freep_o_0_rn","role":"admin","chat":237087423,"cb_id":"1018282728503128481","msg_id":2716,"data":"news:create","state":"NewsCreateStates:waiting_title"}
{"t":"msg","ok":true,"ms":136,"req":"c86d34a4","bot":8304099970,"uid":237087423,"user":"Freep_o_0_rn","name":"Freep_o_0_rn","role":"admin","chat":237087423,"chat_type":"private","msg_id":2719,"kind":"text","text":"0844","caption_len":0,"entities":0,"state":"NewsCreateStates:waiting_text"}
{"t":"msg","ok":true,"ms":160,"req":"d67379d4","bot":8304099970,"uid":237087423,"user":"Freep_o_0_rn","name":"Freep_o_0_rn","role":"admin","chat":237087423,"chat_type":"private","msg_id":2721,"kind":"text","text":"Утренний тест","caption_len":0,"entities":0,"state":null}
{"t":"cb","ok":true,"ms":261,"req":"060a9196","bot":8304099970,"uid":237087423,"user":"Freep_o_0_rn","name":"Freep_o_0_rn","role":"admin","chat":237087423,"cb_id":"1018282731933770304","msg_id":2722,"data":"news:addmedia:b0351a5d2eb0471d81beb7b7f9974bae","state":null}
{"t":"msg","ok":true,"ms":793,"req":"11f2dd64","bot":8304099970,"uid":237087423,"user":"Freep_o_0_rn","name":"Freep_o_0_rn","role":"admin","chat":237087423,"chat_type":"private","msg_id":2724,"kind":"photo","text":"","caption_len":0,"entities":0,"state":null,"media":{"photo":{"w":1181,"h":2560,"size":194186}}}
{"t":"cb","ok":true,"ms":260,"req":"80c43fa5","bot":8304099970,"uid":237087423,"user":"Freep_o_0_rn","name":"Freep_o_0_rn","role":"admin","chat":237087423,"cb_id":"1018282729446570322","msg_id":2725,"data":"news:finishmedia:draft:b0351a5d2eb0471d81beb7b7f9974bae","state":null}
{"t":"cb","ok":true,"ms":267,"req":"b34daa41","bot":8304099970,"uid":237087423,"user":"Freep_o_0_rn","name":"Freep_o_0_rn","role":"admin","chat":237087423,"cb_id":"1018282731074720132","msg_id":2725,"data":"news:delete:b0351a5d2eb0471d81beb7b7f9974bae:0:draft","state":null}
{"t":"cb","ok":true,"ms":259,"req":"2422ec11","bot":8304099970,"uid":237087423,"user":"Freep_o_0_rn","name":"Freep_o_0_rn","role":"admin","chat":237087423,"cb_id":"1018282729467196981","msg_id":2725,"data":"news:menu","state":null}
{"t":"cb","ok":true,"ms":259,"req":"f84ad4b8","bot":8304099970,"uid":237087423,"user":"Freep_o_0_rn","name":"Freep_o_0_rn","role":"admin","chat":237087423,"cb_id":"1018282729152909015","msg_id":2725,"data":"news:list:draft:0","state":null}
{"t":"cb","ok":true,"ms":264,"req":"80e35a45","bot":8304099970,"uid":237087423,"user":"Freep_o_0_rn","name":"Freep_o_0_rn","role":"admin","chat":237087423,"cb_id":"1018282728238860424","msg_id":2725,"data":"news:menu","state":null}
{"t":"cb","ok":true,"ms":266,"req":"cab782ae","bot":8304099970,"uid":237087423,"user":"Freep_o_0_rn","name":"Freep_o_0_rn","role":"admin","chat":237087423,"cb_id":"1018282728513763460","msg_id":2725,"data":"news:create","state":"NewsCreateStates:waiting_title"}
{"t":"msg","ok":true,"ms":142,"req":"e708dabf","bot":8304099970,"uid":237087423,"user":"Freep_o_0_rn","name":"Freep_o_0_rn","role":"admin","chat":237087423,"chat_type":"private","msg_id":2727,"kind":"text","text":"0845","caption_len":0,"entities":0,"state":"NewsCreateStates:waiting_text"}
{"t":"msg","ok":true,"ms":160,"req":"4eb76034","bot":8304099970,"uid":237087423,"user":"Freep_o_0_rn","name":"Freep_o_0_rn","role":"admin","chat":237087423,"chat_type":"private","msg_id":2729,"kind":"text","text":"Утренний тест","caption_len":0,"entities":0,"state":null}
{"t":"cb","ok":true,"ms":269,"req":"c4582da9","bot":8304099970,"uid":237087423,"user":"Freep_o_0_rn","name":"Freep_o_0_rn","role":"admin","chat":237087423,"cb_id":"1018282730180365626","msg_id":2730,"data":"news:addmedia:49dceb2152054227bd0d54652d08b65d","state":null}
{"t":"msg","ok":true,"ms":467,"req":"799231e8","bot":8304099970,"uid":237087423,"user":"Freep_o_0_rn","name":"Freep_o_0_rn","role":"admin","chat":237087423,"chat_type":"private","msg_id":2732,"kind":"photo","text":"","caption_len":0,"entities":0,"state":null,"media":{"photo":{"w":1181,"h":2560,"size":194186}}}
{"t":"cb","ok":true,"ms":484,"req":"09ca03c1","bot":8304099970,"uid":237087423,"user":"Freep_o_0_rn","name":"Freep_o_0_rn","role":"admin","chat":237087423,"cb_id":"1018282731283402723","msg_id":2733,"data":"news:finishmedia:draft:49dceb2152054227bd0d54652d08b65d","state":null}
{"t":"cb","ok":true,"ms":263,"req":"86ca0259","bot":8304099970,"uid":237087423,"user":"Freep_o_0_rn","name":"Freep_o_0_rn","role":"admin","chat":237087423,"cb_id":"1018282728708808507","msg_id":2733,"data":"news:list:draft:0","state":null}
{"t":"cb","ok":true,"ms":269,"req":"4d17a244","bot":8304099970,"uid":237087423,"user":"Freep_o_0_rn","name":"Freep_o_0_rn","role":"admin","chat":237087423,"cb_id":"1018282731170216920","msg_id":2733,"data":"news:item:49dceb2152054227bd0d54652d08b65d:0:draft","state":null}
{"t":"cb","ok":true,"ms":275,"req":"0156a3cd","bot":8304099970,"uid":237087423,"user":"Freep_o_0_rn","name":"Freep_o_0_rn","role":"admin","chat":237087423,"cb_id":"1018282732200183078","msg_id":2733,"data":"news:toggle:49dceb2152054227bd0d54652d08b65d:0:draft","state":null}
{"t":"cb","ok":true,"ms":261,"req":"6600ac3c","bot":8304099970,"uid":237087423,"user":"Freep_o_0_rn","name":"Freep_o_0_rn","role":"admin","chat":237087423,"cb_id":"1018282731023277937","msg_id":2733,"data":"news:list:draft:0","state":null}
{"t":"msg","ok":true,"ms":141,"req":"33e3adb9","bot":8304099970,"uid":237087423,"user":"Freep_o_0_rn","name":"Freep_o_0_rn","role":"admin","chat":237087423,"chat_type":"private","msg_id":2734,"kind":"text","text":"📰 Управление новостями","caption_len":0,"entities":0,"state":null}
{"t":"cb","ok":true,"ms":262,"req":"746d7554","bot":8304099970,"uid":237087423,"user":"Freep_o_0_rn","name":"Freep_o_0_rn","role":"admin","chat":237087423,"cb_id":"1018282729567098600","msg_id":2735,"data":"news:sync","state":null}
{"t":"msg","ok":true,"ms":159,"req":"0d12ddfe","bot":8304099970,"uid":1188061961,"user":"Re1ze_r","name":"Vadim BeerMarket","role":"client","chat":1188061961,"chat_type":"private","msg_id":2736,"kind":"text","text":"▶️ Старт","caption_len":0,"entities":0,"state":null}
{"t":"msg","ok":true,"ms":1640,"req":"9bbcbe4d","bot":8304099970,"uid":1188061961,"user":"Re1ze_r","name":"Vadim BeerMarket","role":"client","chat":1188061961,"chat_type":"private","msg_id":2738,"kind":"text","text":"🔎 Поиск","caption_len":0,"entities":0,"state":null}
{"t":"msg","ok":true,"ms":2162,"req":"57c36f7a","bot":8304099970,"uid":1188061961,"user":"Re1ze_r","name":"Vadim BeerMarket","role":"client","chat":1188061961,"chat_type":"private","msg_id":2741,"kind":"text","text":"🔎 Поиск тары","caption_len":0,"entities":0,"state":null}
{"t":"msg","ok":true,"ms":279,"req":"f2e51880","bot":8304099970,"uid":1188061961,"user":"Re1ze_r","name":"Vadim BeerMarket","role":"client","chat":1188061961,"chat_type":"private","msg_id":2744,"kind":"text","text":"🏢 Моя карточка","caption_len":0,"entities":0,"state":null}
{"t":"msg","ok":true,"ms":395,"req":"db50c0f5","bot":8304099970,"uid":5241893038,"user":null,"name":"Бирмаркет-НСК (Артём)","role":"guest","chat":5241893038,"chat_type":"private","msg_id":2747,"kind":"text","text":"/start","caption_len":0,"entities":1,"state":"OnboardStates:waiting_phone_contact"}
{"t":"msg","ok":true,"ms":290,"req":"fa28b87d","bot":8304099970,"uid":5241893038,"user":null,"name":"Бирмаркет-НСК (Артём)","role":"guest","chat":5241893038,"chat_type":"private","msg_id":2749,"kind":"contact","text":"","caption_len":0,"entities":0,"state":null}
{"t":"msg","ok":true,"ms":286,"req":"2ecd5fa4","bot":8304099970,"uid":1188061961,"user":"Re1ze_r","name":"Vadim BeerMarket","role":"client","chat":1188061961,"chat_type":"private","msg_id":2752,"kind":"text","text":"🏢 Моя карточка","caption_len":0,"entities":0,"state":null}
{"t":"msg","ok":true,"ms":521,"req":"bea246c8","bot":8304099970,"uid":5241893038,"user":null,"name":"Бирмаркет-НСК (Артём)","role":"guest","chat":5241893038,"chat_type":"private","msg_id":2755,"kind":"text","text":"🚚 График развоза","caption_len":0,"entities":0,"state":null}
{"t":"msg","ok":true,"ms":420,"req":"175088f3","bot":8304099970,"uid":1188061961,"user":"Re1ze_r","name":"Vadim BeerMarket","role":"client","chat":1188061961,"chat_type":"private","msg_id":2757,"kind":"text","text":"▶️ Старт","caption_len":0,"entities":0,"state":null}
{"t":"msg","ok":true,"ms":1554,"req":"eec9400f","bot":8304099970,"uid":1188061961,"user":"Re1ze_r","name":"Vadim BeerMarket","role":"client","chat":1188061961,"chat_type":"private","msg_id":2759,"kind":"text","text":"🔎 Поиск","caption_len":0,"entities":0,"state":null}
{"t":"msg","ok":true,"ms":138,"req":"8649acea","bot":8304099970,"uid":237087423,"user":"Freep_o_0_rn","name":"Freep_o_0_rn","role":"admin","chat":237087423,"chat_type":"private","msg_id":2762,"kind":"text","text":"👥 Пользователи","caption_len":0,"entities":0,"state":null}
{"t":"cb","ok":true,"ms":262,"req":"476ac4b2","bot":8304099970,"uid":237087423,"user":"Freep_o_0_rn","name":"Freep_o_0_rn","role":"admin","chat":237087423,"cb_id":"1018282730537459414","msg_id":2763,"data":"usr:list:1","state":null}
{"t":"cb","ok":true,"ms":277,"req":"bae07a49","bot":8304099970,"uid":237087423,"user":"Freep_o_0_rn","name":"Freep_o_0_rn","role":"admin","chat":237087423,"cb_id":"1018282732043156518","msg_id":2763,"data":"usr:sel:5241893038:1","state":null}
{"t":"cb","ok":true,"ms":296,"req":"2020f5cc","bot":8304099970,"uid":237087423,"user":"Freep_o_0_rn","name":"Freep_o_0_rn","role":"admin","chat":237087423,"cb_id":"1018282728528170383","msg_id":2763,"data":"usr:list:1","state":null}
{"t":"cb","ok":true,"ms":343,"req":"b286de20","bot":8304099970,"uid":237087423,"user":"Freep_o_0_rn","name":"Freep_o_0_rn","role":"admin","chat":237087423,"cb_id":"1018282730743962458","msg_id":2763,"data":"usr:sel:8668259399:1","state":null}
{"t":"cb","ok":true,"ms":348,"req":"f81fd227","bot":8304099970,"uid":237087423,"user":"Freep_o_0_rn","name":"Freep_o_0_rn","role":"admin","chat":237087423,"cb_id":"1018282729799562802","msg_id":2763,"data":"usr:perms:8668259399:0","state":null}
{"t":"cb","ok":true,"ms":302,"req":"85594e10","bot":8304099970,"uid":237087423,"user":"Freep_o_0_rn","name":"Freep_o_0_rn","role":"admin","chat":237087423,"cb_id":"1018282729388232142","msg_id":2763,"data":"usr:sel:8668259399:0","state":null}
{"t":"cb","ok":true,"ms":276,"req":"e5882576","bot":8304099970,"uid":237087423,"user":"Freep_o_0_rn","name":"Freep_o_0_rn","role":"admin","chat":237087423,"cb_id":"1018282731850346508","msg_id":2763,"data":"usr:perms:8668259399:0","state":null}
{"t":"cb","ok":true,"ms":271,"req":"274630de","bot":8304099970,"uid":237087423,"user":"Freep_o_0_rn","name":"Freep_o_0_rn","role":"admin","chat":237087423,"cb_id":"1018282728107562731","msg_id":2763,"data":"usr:sel:8668259399:0","state":null}
{"t":"cb","ok":true,"ms":259,"req":"f4c3ab17","bot":8304099970,"uid":237087423,"user":"Freep_o_0_rn","name":"Freep_o_0_rn","role":"admin","chat":237087423,"cb_id":"1018282728355586533","msg_id":2763,"data":"usr:list:0","state":null}
{"t":"cb","ok":true,"ms":402,"req":"dc294a2b","bot":8304099970,"uid":237087423,"user":"Freep_o_0_rn","name":"Freep_o_0_rn","role":"admin","chat":237087423,"cb_id":"1018282730266694428","msg_id":2763,"data":"menu:back","state":null}
{"t":"msg","ok":true,"ms":478,"req":"935eb17d","bot":8304099970,"uid":237087423,"user":"Freep_o_0_rn","name":"Freep_o_0_rn","role":"admin","chat":237087423,"chat_type":"private","msg_id":2765,"kind":"text","text":"📰 Управление новостями","caption_len":0,"entities":0,"state":null}
{"t":"cb","ok":true,"ms":396,"req":"510f660f","bot":8304099970,"uid":237087423,"user":"Freep_o_0_rn","name":"Freep_o_0_rn","role":"admin","chat":237087423,"cb_id":"1018282731544497510","msg_id":2766,"data":"news:list:published:0","state":null}
{"t":"cb","ok":true,"ms":256,"req":"b303478c","bot":8304099970,"uid":237087423,"user":"Freep_o_0_rn","name":"Freep_o_0_rn","role":"admin","chat":237087423,"cb_id":"1018282729859437186","msg_id":2766,"data":"news:item:49dceb2152054227bd0d54652d08b65d:0:published","state":null}
{"t":"cb","ok":true,"ms":263,"req":"b5fda07d","bot":8304099970,"uid":237087423,"user":"Freep_o_0_rn","name":"Freep_o_0_rn","role":"admin","chat":237087423,"cb_id":"1018282731438034912","msg_id":2766,"data":"news:list:published:0","state":null}
{"t":"cb","ok":true,"ms":268,"req":"b26b4592","bot":8304099970,"uid":237087423,"user":"Freep_o_0_rn","name":"Freep_o_0_rn","role":"admin","chat":237087423,"cb_id":"1018282729665182910","msg_id":2766,"data":"news:item:b434f6cf671a4cfe990e043776278c81:0:published","state":null}
{"t":"cb","ok":true,"ms":271,"req":"78698a6e","bot":8304099970,"uid":237087423,"user":"Freep_o_0_rn","name":"Freep_o_0_rn","role":"admin","chat":237087423,"cb_id":"1018282730768101609","msg_id":2766,"data":"news:delete:b434f6cf671a4cfe990e043776278c81:0:published","state":null}
{"t":"cb","ok":true,"ms":516,"req":"2acc2ce0","bot":8304099970,"uid":237087423,"user":"Freep_o_0_rn","name":"Freep_o_0_rn","role":"admin","chat":237087423,"cb_id":"1018282728873542917","msg_id":2766,"data":"news:menu","state":null}
{"t":"msg","ok":true,"ms":145,"req":"b67276fe","bot":8304099970,"uid":237087423,"user":"Freep_o_0_rn","name":"Freep_o_0_rn","role":"admin","chat":237087423,"chat_type":"private","msg_id":2767,"kind":"text","text":"👥 Пользователи","caption_len":0,"entities":0,"state":null}
{"t":"msg","ok":true,"ms":142,"req":"d32b74c3","bot":8304099970,"uid":237087423,"user":"Freep_o_0_rn","name":"Freep_o_0_rn","role":"admin","chat":237087423,"chat_type":"private","msg_id":2769,"kind":"text","text":"📰 Управление новостями","caption_len":0,"entities":0,"state":null}
{"t":"cb","ok":true,"ms":285,"req":"a13bde24","bot":8304099970,"uid":237087423,"user":"Freep_o_0_rn","name":"Freep_o_0_rn","role":"admin","chat":237087423,"cb_id":"1018282728786819274","msg_id":2770,"data":"news:list:published:0","state":null}
{"t":"cb","ok":true,"ms":261,"req":"67591803","bot":8304099970,"uid":237087423,"user":"Freep_o_0_rn","name":"Freep_o_0_rn","role":"admin","chat":237087423,"cb_id":"1018282730788156889","msg_id":2770,"data":"news:item:c2ef4a097bf74709b7fca1280c72194a:0:published","state":null}
{"t":"cb","ok":true,"ms":261,"req":"b4cc3ea2","bot":8304099970,"uid":237087423,"user":"Freep_o_0_rn","name":"Freep_o_0_rn","role":"admin","chat":237087423,"cb_id":"1018282731625525603","msg_id":2770,"data":"news:addmedia:c2ef4a097bf74709b7fca1280c72194a","state":null}
{"t":"msg","ok":true,"ms":884,"req":"dbe1f044","bot":8304099970,"uid":237087423,"user":"Freep_o_0_rn","name":"Freep_o_0_rn","role":"admin","chat":237087423,"chat_type":"private","msg_id":2772,"kind":"photo","text":"","caption_len":0,"entities":0,"state":null,"media":{"photo":{"w":1920,"h":2560,"size":282920}}}
{"t":"cb","ok":true,"ms":265,"req":"b90ac8c6","bot":8304099970,"uid":237087423,"user":"Freep_o_0_rn","name":"Freep_o_0_rn","role":"admin","chat":237087423,"cb_id":"1018282732027819661","msg_id":2773,"data":"news:finishmedia:publish:c2ef4a097bf74709b7fca1280c72194a","state":null}
{"t":"cb","ok":true,"ms":262,"req":"707beccf","bot":8304099970,"uid":237087423,"user":"Freep_o_0_rn","name":"Freep_o_0_rn","role":"admin","chat":237087423,"cb_id":"1018282728973056791","msg_id":2773,"data":"news:date:c2ef4a097bf74709b7fca1280c72194a:0:published","state":"NewsEditDateStates:waiting_iso_datetime"}
{"t":"msg","ok":true,"ms":137,"req":"9388f527","bot":8304099970,"uid":237087423,"user":"Freep_o_0_rn","name":"Freep_o_0_rn","role":"admin","chat":237087423,"chat_type":"private","msg_id":2775,"kind":"text","text":"2023-02-31T12:00:13","caption_len":0,"entities":0,"state":"NewsEditDateStates:waiting_iso_datetime"}
{"t":"msg","ok":true,"ms":135,"req":"e80d9204","bot":8304099970,"uid":237087423,"user":"Freep_o_0_rn","name":"Freep_o_0_rn","role":"admin","chat":237087423,"chat_type":"private","msg_id":2777,"kind":"text","text":"2023-02-31T12:00:13+07:00","caption_len":0,"entities":0,"state":"NewsEditDateStates:waiting_iso_datetime"}
{"t":"msg","ok":true,"ms":140,"req":"89f1ea6d","bot":8304099970,"uid":237087423,"user":"Freep_o_0_rn","name":"Freep_o_0_rn","role":"admin","chat":237087423,"chat_type":"private","msg_id":2779,"kind":"text","text":"2023-02-31T12:00:13+07:00","caption_len":0,"entities":0,"state":"NewsEditDateStates:waiting_iso_datetime"}
{"t":"msg","ok":true,"ms":206,"req":"1c901680","bot":8304099970,"uid":237087423,"user":"Freep_o_0_rn","name":"Freep_o_0_rn","role":"admin","chat":237087423,"chat_type":"private","msg_id":2781,"kind":"text","text":"2023-02-31Т12:00:13+07:00","caption_len":0,"entities":0,"state":"NewsEditDateStates:waiting_iso_datetime"}
{"t":"msg","ok":true,"ms":155,"req":"0c04eedd","bot":8304099970,"uid":237087423,"user":"Freep_o_0_rn","name":"Freep_o_0_rn","role":"admin","chat":237087423,"chat_type":"private","msg_id":2783,"kind":"text","text":"2023-02-26T12:00:13+07:00","caption_len":0,"entities":0,"state":null}
{"t":"msg","ok":true,"ms":138,"req":"2e657d57","bot":8304099970,"uid":237087423,"user":"Freep_o_0_rn","name":"Freep_o_0_rn","role":"admin","chat":237087423,"chat_type":"private","msg_id":2785,"kind":"text","text":"🔎 Поиск","caption_len":0,"entities":0,"state":"SearchStates:waiting_query"}
{"t":"cb","ok":true,"ms":396,"req":"c3b51d29","bot":8304099970,"uid":237087423,"user":"Freep_o_0_rn","name":"Freep_o_0_rn","role":"admin","chat":237087423,"cb_id":"1018282730980885504","msg_id":2786,"data":"menu:back","state":"SearchStates:waiting_query"}
{"t":"msg","ok":true,"ms":136,"req":"165d3a67","bot":8304099970,"uid":237087423,"user":"Freep_o_0_rn","name":"Freep_o_0_rn","role":"admin","chat":237087423,"chat_type":"private","msg_id":2788,"kind":"text","text":"🔎 Поиск","caption_len":0,"entities":0,"state":"SearchStates:waiting_query"}
{"t":"msg","ok":true,"ms":1551,"req":"95e3fa6a","bot":8304099970,"uid":237087423,"user":"Freep_o_0_rn","name":"Freep_o_0_rn","role":"admin","chat":237087423,"chat_type":"private","msg_id":2790,"kind":"text","text":"Цветкова","caption_len":0,"entities":0,"state":null}
{"t":"msg","ok":true,"ms":381,"req":"80521ebf","bot":8304099970,"uid":237087423,"user":"Freep_o_0_rn","name":"Freep_o_0_rn","role":"admin","chat":237087423,"chat_type":"private","msg_id":2793,"kind":"text","text":"🔎 Поиск","caption_len":0,"entities":0,"state":"SearchStates:waiting_query"}
{"t":"msg","ok":true,"ms":1702,"req":"fd154a25","bot":8304099970,"uid":237087423,"user":"Freep_o_0_rn","name":"Freep_o_0_rn","role":"admin","chat":237087423,"chat_type":"private","msg_id":2795,"kind":"text","text":"Цветкова","caption_len":0,"entities":0,"state":null}
{"t":"msg","ok":true,"ms":429,"req":"20cf2560","bot":8304099970,"uid":237087423,"user":"Freep_o_0_rn","name":"Freep_o_0_rn","role":"admin","chat":237087423,"chat_type":"private","msg_id":2799,"kind":"text","text":"▶️ Старт","caption_len":0,"entities":0,"state":null}
{"t":"msg","ok":true,"ms":396,"req":"d22328fd","bot":8304099970,"uid":237087423,"user":"Freep_o_0_rn","name":"Freep_o_0_rn","role":"admin","chat":237087423,"chat_type":"private","msg_id":2801,"kind":"text","text":"📰 Управление новостями","caption_len":0,"entities":0,"state":null}
{"t":"cb","ok":true,"ms":972,"req":"ee87cb4b","bot":8304099970,"uid":237087423,"user":"Freep_o_0_rn","name":"Freep_o_0_rn","role":"admin","chat":237087423,"cb_id":"1018282730108270209","msg_id":2802,"data":"news:sync","state":null}
{"t":"cb","ok":true,"ms":515,"req":"4db71d05","bot":8304099970,"uid":237087423,"user":"Freep_o_0_rn","name":"Freep_o_0_rn","role":"admin","chat":237087423,"cb_id":"1018282729865135945","msg_id":2802,"data":"news:sync","state":null}
{"t":"msg","ok":true,"ms":160,"req":"79dc7258","bot":8304099970,"uid":237087423,"user":"Freep_o_0_rn","name":"Freep_o_0_rn","role":"admin","chat":237087423,"chat_type":"private","msg_id":2803,"kind":"text","text":"📰 Управление новостями","caption_len":0,"entities":0,"state":null}
{"t":"cb","ok":true,"ms":376,"req":"72627442","bot":8304099970,"uid":237087423,"user":"Freep_o_0_rn","name":"Freep_o_0_rn","role":"admin","chat":237087423,"cb_id":"1018282730657133565","msg_id":2804,"data":"news:create","state":"NewsCreateStates:waiting_title"}
{"t":"msg","ok":true,"ms":154,"req":"9408fad8","bot":8304099970,"uid":237087423,"user":"Freep_o_0_rn","name":"Freep_o_0_rn","role":"admin","chat":237087423,"chat_type":"private","msg_id":2806,"kind":"text","text":"2138","caption_len":0,"entities":0,"state":"NewsCreateStates:waiting_text"}
{"t":"msg","ok":true,"ms":158,"req":"2314c749","bot":8304099970,"uid":237087423,"user":"Freep_o_0_rn","name":"Freep_o_0_rn","role":"admin","chat":237087423,"chat_type":"private","msg_id":2808,"kind":"text","text":"Сал","caption_len":0,"entities":0,"state":null}
{"t":"cb","ok":true,"ms":270,"req":"634f57e7","bot":8304099970,"uid":237087423,"user":"Freep_o_0_rn","name":"Freep_o_0_rn","role":"admin","chat":237087423,"cb_id":"1018282731813683331","msg_id":2809,"data":"news:edit:029c1fea59474000b088f4daa98e8f0d","state":"NewsEditStates:waiting_title"}
{"t":"msg","ok":true,"ms":169,"req":"3cb72612","bot":8304099970,"uid":237087423,"user":"Freep_o_0_rn","name":"Freep_o_0_rn","role":"admin","chat":237087423,"chat_type":"private","msg_id":2811,"kind":"text","text":"2138","caption_len":0,"entities":0,"state":"NewsEditStates:waiting_text"}
{"t":"msg","ok":true,"ms":157,"req":"8d2ba7a8","bot":8304099970,"uid":237087423,"user":"Freep_o_0_rn","name":"Freep_o_0_rn","role":"admin","chat":237087423,"chat_type":"private","msg_id":2813,"kind":"text","text":"Сао","caption_len":0,"entities":0,"state":null}
{"t":"cb","ok":true,"ms":282,"req":"fa015b83","bot":8304099970,"uid":237087423,"user":"Freep_o_0_rn","name":"Freep_o_0_rn","role":"admin","chat":237087423,"cb_id":"1018282729674637322","msg_id":2814,"data":"news:toggle:029c1fea59474000b088f4daa98e8f0d:0:draft","state":null}
{"t":"cb","ok":true,"ms":345,"req":"7963188b","bot":8304099970,"uid":237087423,"user":"Freep_o_0_rn","name":"Freep_o_0_rn","role":"admin","chat":237087423,"cb_id":"1018282728351803125","msg_id":2814,"data":"news:delete:029c1fea59474000b088f4daa98e8f0d:0:draft","state":null}
{"t":"msg","ok":true,"ms":399,"req":"51ed7f1a","bot":8304099970,"uid":237087423,"user":"Freep_o_0_rn","name":"Freep_o_0_rn","role":"admin","chat":237087423,"chat_type":"private","msg_id":2816,"kind":"text","text":"📰 Управление новостями","caption_len":0,"entities":0,"state":null}
{"t":"cb","ok":true,"ms":274,"req":"4ca390de","bot":8304099970,"uid":237087423,"user":"Freep_o_0_rn","name":"Freep_o_0_rn","role":"admin","chat":237087423,"cb_id":"1018282730076233964","msg_id":2817,"data":"news:sync","state":null}
{"t":"msg","ok":true,"ms":167,"req":"5219ab35","bot":8304099970,"uid":237087423,"user":"Freep_o_0_rn","name":"Freep_o_0_rn","role":"admin","chat":237087423,"chat_type":"private","msg_id":2818,"kind":"text","text":"📰 Управление новостями","caption_len":0,"entities":0,"state":null}
{"t":"msg","ok":true,"ms":417,"req":"ba851bab","bot":8304099970,"uid":237087423,"user":"Freep_o_0_rn","name":"Freep_o_0_rn","role":"admin","chat":237087423,"chat_type":"private","msg_id":2820,"kind":"text","text":"📰 Управление новостями","caption_len":0,"entities":0,"state":null}
{"t":"cb","ok":true,"ms":378,"req":"86aea75f","bot":8304099970,"uid":237087423,"user":"Freep_o_0_rn","name":"Freep_o_0_rn","role":"admin","chat":237087423,"cb_id":"1018282731756665150","msg_id":2821,"data":"news:sync","state":null}
{"t":"cb","ok":true,"ms":314,"req":"a841d171","bot":8304099970,"uid":237087423,"user":"Freep_o_0_rn","name":"Freep_o_0_rn","role":"admin","chat":237087423,"cb_id":"1018282731371901349","msg_id":2821,"data":"news:sync","state":null}
{"t":"cb","ok":true,"ms":264,"req":"49bd3c24","bot":8304099970,"uid":237087423,"user":"Freep_o_0_rn","name":"Freep_o_0_rn","role":"admin","chat":237087423,"cb_id":"1018282730216904872","msg_id":2821,"data":"news:sync","state":null}
{"t":"msg","ok":true,"ms":148,"req":"a71531d2","bot":8304099970,"uid":237087423,"user":"Freep_o_0_rn","name":"Freep_o_0_rn","role":"admin","chat":237087423,"chat_type":"private","msg_id":2822,"kind":"text","text":"📰 Управление новостями","caption_len":0,"entities":0,"state":null}
{"t":"msg","ok":true,"ms":553,"req":"fe2a8e64","bot":8304099970,"uid":237087423,"user":"Freep_o_0_rn","name":"Freep_o_0_rn","role":"admin","chat":237087423,"chat_type":"private","msg_id":2824,"kind":"text","text":"▶️ Старт","caption_len":0,"entities":0,"state":null}
{"t":"msg","ok":true,"ms":392,"req":"5c749abd","bot":8304099970,"uid":237087423,"user":"Freep_o_0_rn","name":"Freep_o_0_rn","role":"admin","chat":237087423,"chat_type":"private","msg_id":2826,"kind":"text","text":"📰 Управление новостями","caption_len":0,"entities":0,"state":null}
{"t":"cb","ok":true,"ms":273,"req":"1a978783","bot":8304099970,"uid":237087423,"user":"Freep_o_0_rn","name":"Freep_o_0_rn","role":"admin","chat":237087423,"cb_id":"1018282730059094560","msg_id":2827,"data":"news:sync","state":null}
{"t":"cb","ok":true,"ms":267,"req":"8674c8c5","bot":8304099970,"uid":237087423,"user":"Freep_o_0_rn","name":"Freep_o_0_rn","role":"admin","chat":237087423,"cb_id":"1018282732322863258","msg_id":2827,"data":"news:sync","state":null}
{"t":"msg","ok":true,"ms":423,"req":"d4ef976d","bot":8304099970,"uid":237087423,"user":"Freep_o_0_rn","name":"Freep_o_0_rn","role":"admin","chat":237087423,"chat_type":"private","msg_id":2828,"kind":"text","text":"▶️ Старт","caption_len":0,"entities":0,"state":null}
{"t":"msg","ok":true,"ms":164,"req":"2c5fd5a3","bot":8304099970,"uid":237087423,"user":"Freep_o_0_rn","name":"Freep_o_0_rn","role":"admin","chat":237087423,"chat_type":"private","msg_id":2830,"kind":"text","text":"♻️ Рестарт Cloudflare","caption_len":0,"entities":0,"state":null}
{"t":"msg","ok":true,"ms":156,"req":"9734da78","bot":8304099970,"uid":237087423,"user":"Freep_o_0_rn","name":"Freep_o_0_rn","role":"admin","chat":237087423,"chat_type":"private","msg_id":2832,"kind":"text","text":"♻️ Рестарт Cloudflare","caption_len":0,"entities":0,"state":null}
{"t":"msg","ok":true,"ms":429,"req":"208f0974","bot":8304099970,"uid":237087423,"user":"Freep_o_0_rn","name":"Freep_o_0_rn","role":"admin","chat":237087423,"chat_type":"private","msg_id":2834,"kind":"text","text":"▶️ Старт","caption_len":0,"entities":0,"state":null}
{"t":"msg","ok":true,"ms":186,"req":"2b162184","bot":8304099970,"uid":237087423,"user":"Freep_o_0_rn","name":"Freep_o_0_rn","role":"admin","chat":237087423,"chat_type":"private","msg_id":2836,"kind":"text","text":"📰 Управление новостями","caption_len":0,"entities":0,"state":null}
{"t":"cb","ok":true,"ms":278,"req":"1295733c","bot":8304099970,"uid":237087423,"user":"Freep_o_0_rn","name":"Freep_o_0_rn","role":"admin","chat":237087423,"cb_id":"1018282731860114560","msg_id":2837,"data":"news:sync","state":null}
{"t":"cb","ok":true,"ms":296,"req":"66f3cceb","bot":8304099970,"uid":237087423,"user":"Freep_o_0_rn","name":"Freep_o_0_rn","role":"admin","chat":237087423,"cb_id":"1018282729854157061","msg_id":2837,"data":"news:list:published:0","state":null}
{"t":"msg","ok":true,"ms":198,"req":"b689b31b","bot":8304099970,"uid":237087423,"user":"Freep_o_0_rn","name":"Freep_o_0_rn","role":"admin","chat":237087423,"chat_type":"private","msg_id":2838,"kind":"text","text":"♻️ Рестарт Cloudflare","caption_len":0,"entities":0,"state":null}
{"t":"msg","ok":true,"ms":534,"req":"8f75dfbf","bot":8304099970,"uid":237087423,"user":"Freep_o_0_rn","name":"Freep_o_0_rn","role":"admin","chat":237087423,"chat_type":"private","msg_id":2840,"kind":"text","text":"▶️ Старт","caption_len":0,"entities":0,"state":null}
{"t":"msg","ok":true,"ms":172,"req":"920c088e","bot":8304099970,"uid":237087423,"user":"Freep_o_0_rn","name":"Freep_o_0_rn","role":"admin","chat":237087423,"chat_type":"private","msg_id":2842,"kind":"text","text":"♻️ Рестарт Cloudflare","caption_len":0,"entities":0,"state":null}
{"t":"msg","ok":true,"ms":333,"req":"a58e1206","bot":8304099970,"uid":237087423,"user":"Freep_o_0_rn","name":"Freep_o_0_rn","role":"admin","chat":237087423,"chat_type":"private","msg_id":2844,"kind":"text","text":"▶️ Старт","caption_len":0,"entities":0,"state":null}
{"t":"msg","ok":true,"ms":536,"req":"be395f7d","bot":8304099970,"uid":237087423,"user":"Freep_o_0_rn","name":"Freep_o_0_rn","role":"admin","chat":237087423,"chat_type":"private","msg_id":2846,"kind":"text","text":"/bakalar","caption_len":0,"entities":1,"state":null}
{"t":"msg","ok":true,"ms":123,"req":"6496e6c1","bot":8304099970,"uid":237087423,"user":"Freep_o_0_rn","name":"Freep_o_0_rn","role":"admin","chat":237087423,"chat_type":"private","msg_id":2848,"kind":"text","text":"👥 Пользователи","caption_len":0,"entities":0,"state":null}
{"t":"cb","ok":true,"ms":386,"req":"dc71da7c","bot":8304099970,"uid":237087423,"user":"Freep_o_0_rn","name":"Freep_o_0_rn","role":"admin","chat":237087423,"cb_id":"1018282728091027186","msg_id":2849,"data":"usr:sel:1012151863:0","state":null}
{"t":"cb","ok":true,"ms":219,"req":"0ef7585e","bot":8304099970,"uid":237087423,"user":"Freep_o_0_rn","name":"Freep_o_0_rn","role":"admin","chat":237087423,"cb_id":"1018282730987428372","msg_id":2849,"data":"usr:editname:1012151863","state":"AdminUserEditStates:waiting_name"}
{"t":"msg","ok":true,"ms":125,"req":"d1b02e5d","bot":8304099970,"uid":237087423,"user":"Freep_o_0_rn","name":"Freep_o_0_rn","role":"admin","chat":237087423,"chat_type":"private","msg_id":2851,"kind":"text","text":"Фартерия","caption_len":0,"entities":0,"state":null}
{"t":"cb","ok":true,"ms":267,"req":"18e2da30","bot":8304099970,"uid":237087423,"user":"Freep_o_0_rn","name":"Freep_o_0_rn","role":"admin","chat":237087423,"cb_id":"1018282730629972245","msg_id":2849,"data":"usr:list:0","state":null}
{"t":"cb","ok":true,"ms":220,"req":"ae7eb963","bot":8304099970,"uid":237087423,"user":"Freep_o_0_rn","name":"Freep_o_0_rn","role":"admin","chat":237087423,"cb_id":"1018282730508880105","msg_id":2849,"data":"usr:list:1","state":null}
{"t":"cb","ok":true,"ms":216,"req":"e4cbc072","bot":8304099970,"uid":237087423,"user":"Freep_o_0_rn","name":"Freep_o_0_rn","role":"admin","chat":237087423,"cb_id":"1018282731621044139","msg_id":2849,"data":"usr:sel:288807506:1","state":null}
{"t":"cb","ok":true,"ms":222,"req":"94403a17","bot":8304099970,"uid":237087423,"user":"Freep_o_0_rn","name":"Freep_o_0_rn","role":"admin","chat":237087423,"cb_id":"1018282728320494449","msg_id":2849,"data":"usr:list:1","state":null}
{"t":"cb","ok":true,"ms":216,"req":"96753e37","bot":8304099970,"uid":237087423,"user":"Freep_o_0_rn","name":"Freep_o_0_rn","role":"admin","chat":237087423,"cb_id":"1018282730905332440","msg_id":2849,"data":"usr:sel:5241893038:1","state":null}
{"t":"cb","ok":true,"ms":227,"req":"ba922c52","bot":8304099970,"uid":237087423,"user":"Freep_o_0_rn","name":"Freep_o_0_rn","role":"admin","chat":237087423,"cb_id":"1018282729047318553","msg_id":2849,"data":"usr:list:1","state":null}
{"t":"cb","ok":true,"ms":226,"req":"ac7d5ca2","bot":8304099970,"uid":237087423,"user":"Freep_o_0_rn","name":"Freep_o_0_rn","role":"admin","chat":237087423,"cb_id":"1018282730559324674","msg_id":2849,"data":"usr:sel:5241893038:1","state":null}
{"t":"cb","ok":true,"ms":212,"req":"84089176","bot":8304099970,"uid":237087423,"user":"Freep_o_0_rn","name":"Freep_o_0_rn","role":"admin","chat":237087423,"cb_id":"1018282731034625501","msg_id":2849,"data":"usr:list:1","state":null}
{"t":"cb","ok":true,"ms":221,"req":"f6298f79","bot":8304099970,"uid":237087423,"user":"Freep_o_0_rn","name":"Freep_o_0_rn","role":"admin","chat":237087423,"cb_id":"1018282730342976824","msg_id":2849,"data":"usr:sel:8668259399:1","state":null}
{"t":"cb","ok":true,"ms":217,"req":"3a1bf5eb","bot":8304099970,"uid":237087423,"user":"Freep_o_0_rn","name":"Freep_o_0_rn","role":"admin","chat":237087423,"cb_id":"1018282731818778603","msg_id":2849,"data":"usr:list:1","state":null}
{"t":"cb","ok":true,"ms":250,"req":"00b898d9","bot":8304099970,"uid":237087423,"user":"Freep_o_0_rn","name":"Freep_o_0_rn","role":"admin","chat":237087423,"cb_id":"1018282731400886565","msg_id":2849,"data":"usr:sel:237087423:1","state":null}
{"t":"cb","ok":true,"ms":276,"req":"deb142be","bot":8304099970,"uid":237087423,"user":"Freep_o_0_rn","name":"Freep_o_0_rn","role":"admin","chat":237087423,"cb_id":"1018282731149378202","msg_id":2849,"data":"usr:list:1","state":null}
{"t":"cb","ok":true,"ms":225,"req":"0b01dfab","bot":8304099970,"uid":237087423,"user":"Freep_o_0_rn","name":"Freep_o_0_rn","role":"admin","chat":237087423,"cb_id":"1018282731211245532","msg_id":2849,"data":"usr:sel:288807506:1","state":null}
{"t":"cb","ok":true,"ms":229,"req":"2d6bab09","bot":8304099970,"uid":237087423,"user":"Freep_o_0_rn","name":"Freep_o_0_rn","role":"admin","chat":237087423,"cb_id":"1018282728920388988","msg_id":2849,"data":"usr:list:1","state":null}
{"t":"cb","ok":true,"ms":341,"req":"e5c1a1e4","bot":8304099970,"uid":237087423,"user":"Freep_o_0_rn","name":"Freep_o_0_rn","role":"admin","chat":237087423,"cb_id":"1018282729708347245","msg_id":2849,"data":"menu:back","state":null}
{"t":"msg","ok":true,"ms":122,"req":"20506314","bot":8304099970,"uid":237087423,"user":"Freep_o_0_rn","name":"Freep_o_0_rn","role":"admin","chat":237087423,"chat_type":"private","msg_id":2854,"kind":"text","text":"🎁 Акции","caption_len":0,"entities":0,"state":null}
{"t":"msg","ok":true,"ms":0,"req":"699de197","bot":8304099970,"uid":237087423,"user":"Freep_o_0_rn","name":"Freep_o_0_rn","role":"admin","chat":237087423,"chat_type":"private","msg_id":2856,"kind":"document","text":"","caption_len":0,"entities":0,"state":null,"media":{"document":{"name":"cat-attack-cat-tiktok.mp4","mime":"video/mp4","size":155358}}}
{"t":"msg","ok":true,"ms":357,"req":"56d1c5d4","bot":8304099970,"uid":237087423,"user":"Freep_o_0_rn","name":"Freep_o_0_rn","role":"admin","chat":237087423,"chat_type":"private","msg_id":2857,"kind":"text","text":"▶️ Старт","caption_len":0,"entities":0,"state":null}
{"t":"msg","ok":true,"ms":264,"req":"b169c33d","bot":8304099970,"uid":237087423,"user":"Freep_o_0_rn","name":"Freep_o_0_rn","role":"admin","chat":237087423,"chat_type":"private","msg_id":2859,"kind":"text","text":"🎁 Акции","caption_len":0,"entities":0,"state":null}
{"t":"cb","ok":true,"ms":220,"req":"05d9ca50","bot":8304099970,"uid":237087423,"user":"Freep_o_0_rn","name":"Freep_o_0_rn","role":"admin","chat":237087423,"cb_id":"1018282731530592865","msg_id":2860,"data":"promo:list:archive:0","state":null}
{"t":"cb","ok":true,"ms":213,"req":"1d5144b0","bot":8304099970,"uid":237087423,"user":"Freep_o_0_rn","name":"Freep_o_0_rn","role":"admin","chat":237087423,"cb_id":"1018282731440099968","msg_id":2860,"data":"promo:list:all:0","state":null}
{"t":"cb","ok":true,"ms":246,"req":"0ef4d14d","bot":8304099970,"uid":237087423,"user":"Freep_o_0_rn","name":"Freep_o_0_rn","role":"admin","chat":237087423,"cb_id":"1018282729241669181","msg_id":2860,"data":"promo:view:f5fb3e2a7392","state":null}
{"t":"cb","ok":true,"ms":227,"req":"85d7ddff","bot":8304099970,"uid":237087423,"user":"Freep_o_0_rn","name":"Freep_o_0_rn","role":"admin","chat":237087423,"cb_id":"1018282728112238005","msg_id":2861,"data":"promo:list:0","state":null}
{"t":"cb","ok":true,"ms":236,"req":"843ba29f","bot":8304099970,"uid":237087423,"user":"Freep_o_0_rn","name":"Freep_o_0_rn","role":"admin","chat":237087423,"cb_id":"1018282732122657125","msg_id":2861,"data":"promo:add","state":"PromoStates:waiting_promo_title"}
{"t":"msg","ok":true,"ms":119,"req":"a451e1dc","bot":8304099970,"uid":237087423,"user":"Freep_o_0_rn","name":"Freep_o_0_rn","role":"admin","chat":237087423,"chat_type":"private","msg_id":2863,"kind":"text","text":"х123","caption_len":0,"entities":0,"state":"PromoStates:waiting_promo_text"}
{"t":"msg","ok":true,"ms":158,"req":"7810976b","bot":8304099970,"uid":237087423,"user":"Freep_o_0_rn","name":"Freep_o_0_rn","role":"admin","chat":237087423,"chat_type":"private","msg_id":2865,"kind":"text","text":"123","caption_len":0,"entities":0,"state":"PromoStates:waiting_promo_media"}
{"t":"cb","ok":true,"ms":224,"req":"21827c7e","bot":8304099970,"uid":237087423,"user":"Freep_o_0_rn","name":"Freep_o_0_rn","role":"admin","chat":237087423,"cb_id":"1018282729950012344","msg_id":2866,"data":"promo:media:skip","state":"PromoStates:waiting_promo_dates_new"}
{"t":"cb","ok":true,"ms":374,"req":"c1ff98bb","bot":8304099970,"uid":237087423,"user":"Freep_o_0_rn","name":"Freep_o_0_rn","role":"admin","chat":237087423,"cb_id":"1018282730912437277","msg_id":2867,"data":"promo:cal:open:new","state":"PromoStates:waiting_promo_dates_new"}
{"t":"cb","ok":true,"ms":322,"req":"d1ece0aa","bot":8304099970,"uid":237087423,"user":"Freep_o_0_rn","name":"Freep_o_0_rn","role":"admin","chat":237087423,"cb_id":"1018282728370509888","msg_id":2868,"data":"promo:cal:pick:new:2026-04-30","state":null}
{"t":"msg","ok":true,"ms":148,"req":"493fa062","bot":8304099970,"uid":237087423,"user":"Freep_o_0_rn","name":"Freep_o_0_rn","role":"admin","chat":237087423,"chat_type":"private","msg_id":2870,"kind":"text","text":"🎁 Акции","caption_len":0,"entities":0,"state":null}
{"t":"cb","ok":true,"ms":217,"req":"c648334a","bot":8304099970,"uid":237087423,"user":"Freep_o_0_rn","name":"Freep_o_0_rn","role":"admin","chat":237087423,"cb_id":"1018282729871942699","msg_id":2871,"data":"promo:view:f5fb3e2a7392","state":null}
{"t":"cb","ok":true,"ms":222,"req":"ec0d74c3","bot":8304099970,"uid":237087423,"user":"Freep_o_0_rn","name":"Freep_o_0_rn","role":"admin","chat":237087423,"cb_id":"1018282731410675444","msg_id":2872,"data":"promo:list:0","state":null}
{"t":"cb","ok":true,"ms":265,"req":"201282d0","bot":8304099970,"uid":237087423,"user":"Freep_o_0_rn","name":"Freep_o_0_rn","role":"admin","chat":237087423,"cb_id":"1018282731409006565","msg_id":2872,"data":"promo:add","state":"PromoStates:waiting_promo_title"}
{"t":"cb","ok":true,"ms":415,"req":"84b6507e","bot":8304099970,"uid":237087423,"user":"Freep_o_0_rn","name":"Freep_o_0_rn","role":"admin","chat":237087423,"cb_id":"1018282728384208984","msg_id":2872,"data":"back:main","state":"PromoStates:waiting_promo_title"}
{"t":"cb","ok":true,"ms":214,"req":"a3ecb121","bot":8304099970,"uid":237087423,"user":"Freep_o_0_rn","name":"Freep_o_0_rn","role":"admin","chat":237087423,"cb_id":"1018282730130830571","msg_id":2871,"data":"promo:list:archive:0","state":"PromoStates:waiting_promo_title"}
{"t":"cb","ok":true,"ms":225,"req":"6d27c421","bot":8304099970,"uid":237087423,"user":"Freep_o_0_rn","name":"Freep_o_0_rn","role":"admin","chat":237087423,"cb_id":"1018282730678467536","msg_id":2871,"data":"promo:list:all:0","state":"PromoStates:waiting_promo_title"}
{"t":"cb","ok":true,"ms":412,"req":"23833be1","bot":8304099970,"uid":237087423,"user":"Freep_o_0_rn","name":"Freep_o_0_rn","role":"admin","chat":237087423,"cb_id":"1018282732246511870","msg_id":2871,"data":"promo:view:fb407b5741f1","state":null}
{"t":"cb","ok":true,"ms":220,"req":"c6b85dbc","bot":8304099970,"uid":237087423,"user":"Freep_o_0_rn","name":"Freep_o_0_rn","role":"admin","chat":237087423,"cb_id":"1018282730015118753","msg_id":2875,"data":"promo:toggle:fb407b5741f1","state":null}
{"t":"cb","ok":true,"ms":210,"req":"19ba9ca5","bot":8304099970,"uid":237087423,"user":"Freep_o_0_rn","name":"Freep_o_0_rn","role":"admin","chat":237087423,"cb_id":"1018282730698581603","msg_id":2876,"data":"promo:list:0","state":null}
{"t":"cb","ok":true,"ms":729,"req":"691364d8","bot":8304099970,"uid":237087423,"user":"Freep_o_0_rn","name":"Freep_o_0_rn","role":"admin","chat":237087423,"cb_id":"1018282729874840697","msg_id":2876,"data":"promo:view:8798d2dc3bb3","state":null}
{"t":"cb","ok":true,"ms":632,"req":"549449d3","bot":8304099970,"uid":237087423,"user":"Freep_o_0_rn","name":"Freep_o_0_rn","role":"admin","chat":237087423,"cb_id":"1018282730929588693","msg_id":2877,"data":"promo:toggle:8798d2dc3bb3","state":null}
{"t":"cb","ok":false,"ms":99,"req":"b9356749","bot":8304099970,"uid":237087423,"user":"Freep_o_0_rn","name":"Freep_o_0_rn","role":"admin","chat":237087423,"cb_id":"1018282728399801948","msg_id":2877,"data":"promo:list:0","state":null}
{"t":"error","req":"b9356749","exc":"TelegramBadRequest: Telegram server says - Bad Request: there is no text in the message to edit"}
{"t":"cb","ok":false,"ms":94,"req":"7b1f1229","bot":8304099970,"uid":237087423,"user":"Freep_o_0_rn","name":"Freep_o_0_rn","role":"admin","chat":237087423,"cb_id":"1018282732331983393","msg_id":2878,"data":"promo:list:0","state":null}
{"t":"error","req":"7b1f1229","exc":"TelegramBadRequest: Telegram server says - Bad Request: there is no text in the message to edit"}
{"t":"msg","ok":true,"ms":3524,"req":"e9305da4","bot":8304099970,"uid":237087423,"user":"Freep_o_0_rn","name":"Freep_o_0_rn","role":"admin","chat":237087423,"chat_type":"private","msg_id":2879,"kind":"text","text":"💰 Переплаты","caption_len":0,"entities":0,"state":null}
{"t":"msg","ok":true,"ms":3861,"req":"93483971","bot":8304099970,"uid":237087423,"user":"Freep_o_0_rn","name":"Freep_o_0_rn","role":"admin","chat":237087423,"chat_type":"private","msg_id":2898,"kind":"text","text":"💰 Переплаты","caption_len":0,"entities":0,"state":null}
{"t":"msg","ok":true,"ms":114,"req":"805cd8cc","bot":8304099970,"uid":237087423,"user":"Freep_o_0_rn","name":"Freep_o_0_rn","role":"admin","chat":237087423,"chat_type":"private","msg_id":2917,"kind":"text","text":"🎁 Акции","caption_len":0,"entities":0,"state":null}
{"t":"cb","ok":true,"ms":233,"req":"debf7a56","bot":8304099970,"uid":237087423,"user":"Freep_o_0_rn","name":"Freep_o_0_rn","role":"admin","chat":237087423,"cb_id":"1018282729271710300","msg_id":2918,"data":"promo:list:archive:0","state":null}
{"t":"cb","ok":true,"ms":215,"req":"e8f97de2","bot":8304099970,"uid":237087423,"user":"Freep_o_0_rn","name":"Freep_o_0_rn","role":"admin","chat":237087423,"cb_id":"1018282728309985540","msg_id":2918,"data":"promo:list:all:0","state":null}
{"t":"cb","ok":true,"ms":223,"req":"2644d50c","bot":8304099970,"uid":237087423,"user":"Freep_o_0_rn","name":"Freep_o_0_rn","role":"admin","chat":237087423,"cb_id":"1018282730996904515","msg_id":2918,"data":"promo:view:f5fb3e2a7392","state":null}
{"t":"cb","ok":true,"ms":232,"req":"7355208d","bot":8304099970,"uid":237087423,"user":"Freep_o_0_rn","name":"Freep_o_0_rn","role":"admin","chat":237087423,"cb_id":"1018282730292780405","msg_id":2919,"data":"promo:toggle:f5fb3e2a7392","state":null}
{"t":"cb","ok":true,"ms":246,"req":"44640381","bot":8304099970,"uid":237087423,"user":"Freep_o_0_rn","name":"Freep_o_0_rn","role":"admin","chat":237087423,"cb_id":"1018282728683908559","msg_id":2920,"data":"promo:list:0","state":null}
{"t":"cb","ok":true,"ms":215,"req":"8f951252","bot":8304099970,"uid":237087423,"user":"Freep_o_0_rn","name":"Freep_o_0_rn","role":"admin","chat":237087423,"cb_id":"1018282731820569025","msg_id":2920,"data":"promo:list:archive:0","state":null}
{"t":"cb","ok":true,"ms":214,"req":"f6106b6d","bot":8304099970,"uid":237087423,"user":"Freep_o_0_rn","name":"Freep_o_0_rn","role":"admin","chat":237087423,"cb_id":"1018282732114895310","msg_id":2920,"data":"promo:list:all:0","state":null}
{"t":"cb","ok":true,"ms":290,"req":"727d1edb","bot":8304099970,"uid":237087423,"user":"Freep_o_0_rn","name":"Freep_o_0_rn","role":"admin","chat":237087423,"cb_id":"1018282730067483831","msg_id":2920,"data":"promo:list:archive:0","state":null}
{"t":"msg","ok":false,"ms":3,"req":"6ac5533d","bot":8304099970,"uid":237087423,"user":"Freep_o_0_rn","name":"Freep_o_0_rn","role":"admin","chat":237087423,"chat_type":"private","msg_id":2921,"kind":"text","text":"🎁 Акции","caption_len":0,"entities":0,"state":null}
{"t":"error","req":"6ac5533d","exc":"TypeError: _promo_list_kb() got an unexpected keyword argument 'archive_only'"}
{"t":"msg","ok":true,"ms":340,"req":"b4f497a1","bot":8304099970,"uid":237087423,"user":"Freep_o_0_rn","name":"Freep_o_0_rn","role":"admin","chat":237087423,"chat_type":"private","msg_id":2923,"kind":"text","text":"🎁 Акции","caption_len":0,"entities":0,"state":null}
{"t":"cb","ok":true,"ms":220,"req":"44212933","bot":8304099970,"uid":237087423,"user":"Freep_o_0_rn","name":"Freep_o_0_rn","role":"admin","chat":237087423,"cb_id":"1018282729307441388","msg_id":2924,"data":"promo:list:active:0","state":null}
{"t":"cb","ok":true,"ms":215,"req":"ad13dd9c","bot":8304099970,"uid":237087423,"user":"Freep_o_0_rn","name":"Freep_o_0_rn","role":"admin","chat":237087423,"cb_id":"1018282730797852063","msg_id":2924,"data":"promo:list:archive:0","state":null}
{"t":"cb","ok":true,"ms":212,"req":"5e436e2f","bot":8304099970,"uid":237087423,"user":"Freep_o_0_rn","name":"Freep_o_0_rn","role":"admin","chat":237087423,"cb_id":"1018282730193172977","msg_id":2924,"data":"promo:list:all:0","state":null}
{"t":"cb","ok":true,"ms":660,"req":"02a0e7e1","bot":8304099970,"uid":237087423,"user":"Freep_o_0_rn","name":"Freep_o_0_rn","role":"admin","chat":237087423,"cb_id":"1018282728828547390","msg_id":2924,"data":"promo:view:8798d2dc3bb3","state":null}
{"t":"cb","ok":true,"ms":762,"req":"4c4d1c28","bot":8304099970,"uid":237087423,"user":"Freep_o_0_rn","name":"Freep_o_0_rn","role":"admin","chat":237087423,"cb_id":"1018282729758760998","msg_id":2925,"data":"promo:archive_toggle:8798d2dc3bb3","state":null}
{"t":"cb","ok":false,"ms":100,"req":"26aba9dd","bot":8304099970,"uid":237087423,"user":"Freep_o_0_rn","name":"Freep_o_0_rn","role":"admin","chat":237087423,"cb_id":"1018282728129958840","msg_id":2926,"data":"promo:list:0","state":null}
{"t":"error","req":"26aba9dd","exc":"TelegramBadRequest: Telegram server says - Bad Request: there is no text in the message to edit"}
{"t":"msg","ok":true,"ms":354,"req":"d5a0d625","bot":8304099970,"uid":237087423,"user":"Freep_o_0_rn","name":"Freep_o_0_rn","role":"admin","chat":237087423,"chat_type":"private","msg_id":2927,"kind":"text","text":"🎁 Акции","caption_len":0,"entities":0,"state":null}
{"t":"cb","ok":true,"ms":354,"req":"13ad6268","bot":8304099970,"uid":237087423,"user":"Freep_o_0_rn","name":"Freep_o_0_rn","role":"admin","chat":237087423,"cb_id":"1018282729901966773","msg_id":2928,"data":"back:main","state":null}
{"t":"msg","ok":true,"ms":126,"req":"c764a8e0","bot":8304099970,"uid":237087423,"user":"Freep_o_0_rn","name":"Freep_o_0_rn","role":"admin","chat":237087423,"chat_type":"private","msg_id":2930,"kind":"text","text":"👥 Пользователи","caption_len":0,"entities":0,"state":null}
{"t":"msg","ok":true,"ms":263,"req":"4a88a2a2","bot":8304099970,"uid":237087423,"user":"Freep_o_0_rn","name":"Freep_o_0_rn","role":"admin","chat":237087423,"chat_type":"private","msg_id":2932,"kind":"text","text":"🏢 Клиенты","caption_len":0,"entities":0,"state":null}
{"t":"cb","ok":true,"ms":2271,"req":"6d3eeba0","bot":8304099970,"uid":237087423,"user":"Freep_o_0_rn","name":"Freep_o_0_rn","role":"admin","chat":237087423,"cb_id":"1018282731036399613","msg_id":2933,"data":"cc:import:debt","state":null}
{"t":"msg","ok":true,"ms":355,"req":"95b59c99","bot":8304099970,"uid":237087423,"user":"Freep_o_0_rn","name":"Freep_o_0_rn","role":"admin","chat":237087423,"chat_type":"private","msg_id":2936,"kind":"text","text":"▶️ Старт","caption_len":0,"entities":0,"state":null}
{"t":"msg","ok":true,"ms":126,"req":"b8deb799","bot":8304099970,"uid":237087423,"user":"Freep_o_0_rn","name":"Freep_o_0_rn","role":"admin","chat":237087423,"chat_type":"private","msg_id":2938,"kind":"text","text":"🏢 Клиенты","caption_len":0,"entities":0,"state":null}
{"t":"cb","ok":true,"ms":263,"req":"0be62bad","bot":8304099970,"uid":237087423,"user":"Freep_o_0_rn","name":"Freep_o_0_rn","role":"admin","chat":237087423,"cb_id":"1018282730602829359","msg_id":2939,"data":"cc:search","state":"ClientCardStates:waiting_search_query"}
{"t":"msg","ok":true,"ms":180,"req":"09d396d2","bot":8304099970,"uid":237087423,"user":"Freep_o_0_rn","name":"Freep_o_0_rn","role":"admin","chat":237087423,"chat_type":"private","msg_id":2941,"kind":"text","text":"вира","caption_len":0,"entities":0,"state":null}
{"t":"cb","ok":true,"ms":299,"req":"0ad839af","bot":8304099970,"uid":237087423,"user":"Freep_o_0_rn","name":"Freep_o_0_rn","role":"admin","chat":237087423,"cb_id":"1018282728377750990","msg_id":2942,"data":"cc:view:2b7e5619-a02c-43b6-8e42-95a3c55a03b9","state":null}
{"t":"cb","ok":true,"ms":249,"req":"dd48db9d","bot":8304099970,"uid":237087423,"user":"Freep_o_0_rn","name":"Freep_o_0_rn","role":"admin","chat":237087423,"cb_id":"1018282729012980565","msg_id":2942,"data":"cc:list","state":null}
{"t":"cb","ok":true,"ms":379,"req":"f36bb437","bot":8304099970,"uid":237087423,"user":"Freep_o_0_rn","name":"Freep_o_0_rn","role":"admin","chat":237087423,"cb_id":"1018282732229641940","msg_id":2942,"data":"menu:back","state":null}
{"t":"msg","ok":true,"ms":134,"req":"5768bf72","bot":8304099970,"uid":237087423,"user":"Freep_o_0_rn","name":"Freep_o_0_rn","role":"admin","chat":237087423,"chat_type":"private","msg_id":2944,"kind":"text","text":"🎁 Акции","caption_len":0,"entities":0,"state":null}
{"t":"cb","ok":true,"ms":225,"req":"2b1ffee0","bot":8304099970,"uid":237087423,"user":"Freep_o_0_rn","name":"Freep_o_0_rn","role":"admin","chat":237087423,"cb_id":"1018282731364526420","msg_id":2945,"data":"promo:view:75f6d38c6420","state":null}
{"t":"cb","ok":true,"ms":254,"req":"04d9549f","bot":8304099970,"uid":237087423,"user":"Freep_o_0_rn","name":"Freep_o_0_rn","role":"admin","chat":237087423,"cb_id":"1018282730506857468","msg_id":2946,"data":"promo:list:0","state":null}
{"t":"cb","ok":true,"ms":363,"req":"03fd187d","bot":8304099970,"uid":237087423,"user":"Freep_o_0_rn","name":"Freep_o_0_rn","role":"admin","chat":237087423,"cb_id":"1018282731314168534","msg_id":2946,"data":"back:main","state":null}
{"t":"msg","ok":true,"ms":130,"req":"336fac67","bot":8304099970,"uid":237087423,"user":"Freep_o_0_rn","name":"Freep_o_0_rn","role":"admin","chat":237087423,"chat_type":"private","msg_id":2948,"kind":"text","text":"🎁 Акции","caption_len":0,"entities":0,"state":null}
{"t":"cb","ok":true,"ms":270,"req":"65c53a9c","bot":8304099970,"uid":237087423,"user":"Freep_o_0_rn","name":"Freep_o_0_rn","role":"admin","chat":237087423,"cb_id":"1018282730341906604","msg_id":2949,"data":"promo:view:75f6d38c6420","state":null}
{"t":"cb","ok":true,"ms":267,"req":"7d141542","bot":8304099970,"uid":237087423,"user":"Freep_o_0_rn","name":"Freep_o_0_rn","role":"admin","chat":237087423,"cb_id":"1018282730539697087","msg_id":2950,"data":"promo:list:0","state":null}
{"t":"cb","ok":true,"ms":217,"req":"f425586e","bot":8304099970,"uid":237087423,"user":"Freep_o_0_rn","name":"Freep_o_0_rn","role":"admin","chat":237087423,"cb_id":"1018282729031816081","msg_id":2950,"data":"promo:list:all:0","state":null}
{"t":"cb","ok":true,"ms":273,"req":"56094124","bot":8304099970,"uid":237087423,"user":"Freep_o_0_rn","name":"Freep_o_0_rn","role":"admin","chat":237087423,"cb_id":"1018282731280840352","msg_id":2950,"data":"promo:view:fb407b5741f1","state":null}
{"t":"cb","ok":true,"ms":320,"req":"e459c778","bot":8304099970,"uid":237087423,"user":"Freep_o_0_rn","name":"Freep_o_0_rn","role":"admin","chat":237087423,"cb_id":"1018282731083295590","msg_id":2951,"data":"promo:list:0","state":null}
{"t":"cb","ok":true,"ms":318,"req":"ab17c146","bot":8304099970,"uid":237087423,"user":"Freep_o_0_rn","name":"Freep_o_0_rn","role":"admin","chat":237087423,"cb_id":"1018282728808074938","msg_id":2951,"data":"promo:view:75f6d38c6420","state":null}
{"t":"cb","ok":true,"ms":323,"req":"134e3509","bot":8304099970,"uid":237087423,"user":"Freep_o_0_rn","name":"Freep_o_0_rn","role":"admin","chat":237087423,"cb_id":"1018282730706487078","msg_id":2952,"data":"promo:tonews:75f6d38c6420","state":null}
{"t":"cb","ok":true,"ms":390,"req":"70b4c8a4","bot":8304099970,"uid":237087423,"user":"Freep_o_0_rn","name":"Freep_o_0_rn","role":"admin","chat":237087423,"cb_id":"1018282731811118817","msg_id":2953,"data":"news:item:2dda0fed36644ea4a9a9cbc4c1da3f73:0:draft","state":null}
{"t":"cb","ok":true,"ms":213,"req":"f9471c4a","bot":8304099970,"uid":237087423,"user":"Freep_o_0_rn","name":"Freep_o_0_rn","role":"admin","chat":237087423,"cb_id":"1018282728255696864","msg_id":2953,"data":"news:addmedia:2dda0fed36644ea4a9a9cbc4c1da3f73","state":null}
{"t":"msg","ok":true,"ms":682,"req":"15689e2b","bot":8304099970,"uid":237087423,"user":"Freep_o_0_rn","name":"Freep_o_0_rn","role":"admin","chat":237087423,"chat_type":"private","msg_id":2955,"kind":"photo","text":"","caption_len":0,"entities":0,"state":null,"media":{"photo":{"w":1024,"h":1024,"size":130367}}}
{"t":"cb","ok":true,"ms":233,"req":"c37697b5","bot":8304099970,"uid":237087423,"user":"Freep_o_0_rn","name":"Freep_o_0_rn","role":"admin","chat":237087423,"cb_id":"1018282730011299518","msg_id":2956,"data":"news:finishmedia:publish:2dda0fed36644ea4a9a9cbc4c1da3f73","state":null}
{"t":"msg","ok":true,"ms":131,"req":"9953d6a6","bot":8304099970,"uid":237087423,"user":"Freep_o_0_rn","name":"Freep_o_0_rn","role":"admin","chat":237087423,"chat_type":"private","msg_id":2957,"kind":"text","text":"👥 Пользователи","caption_len":0,"entities":0,"state":null}
{"t":"msg","ok":true,"ms":227,"req":"ead9248c","bot":8304099970,"uid":1188061961,"user":"Re1ze_r","name":"Vadim BeerMarket","role":"client","chat":1188061961,"chat_type":"private","msg_id":2959,"kind":"text","text":"▶️ Старт","caption_len":0,"entities":0,"state":null}
{"t":"msg","ok":true,"ms":258,"req":"70ba1f91","bot":8304099970,"uid":1188061961,"user":"Re1ze_r","name":"Vadim BeerMarket","role":"client","chat":1188061961,"chat_type":"private","msg_id":2961,"kind":"text","text":"🏢 Моя карточка","caption_len":0,"entities":0,"state":null}
{"t":"msg","ok":true,"ms":330,"req":"ebebc2ad","bot":8304099970,"uid":237087423,"user":"Freep_o_0_rn","name":"Freep_o_0_rn","role":"admin","chat":237087423,"chat_type":"private","msg_id":2964,"kind":"text","text":"🎁 Акции","caption_len":0,"entities":0,"state":null}
{"t":"cb","ok":true,"ms":231,"req":"184202bc","bot":8304099970,"uid":237087423,"user":"Freep_o_0_rn","name":"Freep_o_0_rn","role":"admin","chat":237087423,"cb_id":"1018282730539682356","msg_id":2965,"data":"promo:view:75f6d38c6420:all:0","state":null}
{"t":"cb","ok":true,"ms":234,"req":"8a395ab2","bot":8304099970,"uid":237087423,"user":"Freep_o_0_rn","name":"Freep_o_0_rn","role":"admin","chat":237087423,"cb_id":"1018282729414888268","msg_id":2966,"data":"promo:list:all:0","state":null}
{"t":"cb","ok":true,"ms":690,"req":"4732a569","bot":8304099970,"uid":237087423,"user":"Freep_o_0_rn","name":"Freep_o_0_rn","role":"admin","chat":237087423,"cb_id":"1018282732096883966","msg_id":2966,"data":"promo:view:8798d2dc3bb3:all:0","state":null}
{"t":"cb","ok":true,"ms":485,"req":"e5e714b3","bot":8304099970,"uid":237087423,"user":"Freep_o_0_rn","name":"Freep_o_0_rn","role":"admin","chat":237087423,"cb_id":"1018282732115768359","msg_id":2967,"data":"promo:list:all:0","state":null}
{"t":"cb","ok":true,"ms":222,"req":"131fae9f","bot":8304099970,"uid":237087423,"user":"Freep_o_0_rn","name":"Freep_o_0_rn","role":"admin","chat":237087423,"cb_id":"1018282731808798425","msg_id":2968,"data":"promo:list:active:0","state":null}
{"t":"cb","ok":true,"ms":236,"req":"f89aee58","bot":8304099970,"uid":237087423,"user":"Freep_o_0_rn","name":"Freep_o_0_rn","role":"admin","chat":237087423,"cb_id":"1018282728566267136","msg_id":2968,"data":"promo:view:75f6d38c6420:active:0","state":null}
{"t":"cb","ok":true,"ms":226,"req":"6201bb00","bot":8304099970,"uid":237087423,"user":"Freep_o_0_rn","name":"Freep_o_0_rn","role":"admin","chat":237087423,"cb_id":"1018282730428624849","msg_id":2969,"data":"promo:list:active:0","state":null}
{"t":"cb","ok":true,"ms":273,"req":"ebccfcd4","bot":8304099970,"uid":237087423,"user":"Freep_o_0_rn","name":"Freep_o_0_rn","role":"admin","chat":237087423,"cb_id":"1018282728102328052","msg_id":2969,"data":"promo:list:archive:0","state":null}
{"t":"cb","ok":true,"ms":271,"req":"1535dcc4","bot":8304099970,"uid":237087423,"user":"Freep_o_0_rn","name":"Freep_o_0_rn","role":"admin","chat":237087423,"cb_id":"1018282729624655436","msg_id":2969,"data":"promo:view:f5fb3e2a7392:archive:0","state":null}
{"t":"cb","ok":true,"ms":292,"req":"2462a492","bot":8304099970,"uid":237087423,"user":"Freep_o_0_rn","name":"Freep_o_0_rn","role":"admin","chat":237087423,"cb_id":"1018282730045880317","msg_id":2970,"data":"promo:list:archive:0","state":null}
{"t":"cb","ok":true,"ms":301,"req":"176e4a13","bot":8304099970,"uid":237087423,"user":"Freep_o_0_rn","name":"Freep_o_0_rn","role":"admin","chat":237087423,"cb_id":"1018282730820476863","msg_id":2970,"data":"promo:list:all:0","state":null}
{"t":"cb","ok":true,"ms":345,"req":"855b3e92","bot":8304099970,"uid":237087423,"user":"Freep_o_0_rn","name":"Freep_o_0_rn","role":"admin","chat":237087423,"cb_id":"1018282728360891229","msg_id":2970,"data":"back:main","state":null}
{"t":"msg","ok":true,"ms":470,"req":"7eeef749","bot":8429636798,"uid":237087423,"user":"Freep_o_0_rn","name":"Freep_o_0_rn","role":"admin","chat":237087423,"chat_type":"private","msg_id":16670,"kind":"text","text":"▶️ Старт","caption_len":0,"entities":0,"state":null}
{"t":"msg","ok":true,"ms":169,"req":"290f9322","bot":8429636798,"uid":237087423,"user":"Freep_o_0_rn","name":"Freep_o_0_rn","role":"admin","chat":237087423,"chat_type":"private","msg_id":16672,"kind":"text","text":"▶️ Старт","caption_len":0,"entities":0,"state":null}
{"t":"msg","ok":true,"ms":147,"req":"48d0ce2f","bot":8429636798,"uid":237087423,"user":"Freep_o_0_rn","name":"Freep_o_0_rn","role":"admin","chat":237087423,"chat_type":"private","msg_id":16674,"kind":"text","text":"🔎 Поиск тары","caption_len":0,"entities":0,"state":"SearchTaraStates:waiting_query"}
{"t":"msg","ok":true,"ms":2482,"req":"614cad65","bot":8429636798,"uid":237087423,"user":"Freep_o_0_rn","name":"Freep_o_0_rn","role":"admin","chat":237087423,"chat_type":"private","msg_id":16676,"kind":"text","text":"Ватутина","caption_len":0,"entities":0,"state":null}
{"t":"msg","ok":true,"ms":438,"req":"d2ccfbcc","bot":8429636798,"uid":237087423,"user":"Freep_o_0_rn","name":"Freep_o_0_rn","role":"admin","chat":237087423,"chat_type":"private","msg_id":16680,"kind":"text","text":"▶️ Старт","caption_len":0,"entities":0,"state":null}
{"t":"msg","ok":true,"ms":174,"req":"c646790c","bot":8429636798,"uid":237087423,"user":"Freep_o_0_rn","name":"Freep_o_0_rn","role":"admin","chat":237087423,"chat_type":"private","msg_id":16682,"kind":"text","text":"▶️ Старт","caption_len":0,"entities":0,"state":null}
{"t":"msg","ok":true,"ms":165,"req":"1d7dfe02","bot":8429636798,"uid":237087423,"user":"Freep_o_0_rn","name":"Freep_o_0_rn","role":"admin","chat":237087423,"chat_type":"private","msg_id":16684,"kind":"text","text":"🏢 Клиенты","caption_len":0,"entities":0,"state":null}
{"t":"cb","ok":true,"ms":2384,"req":"12aa0d03","bot":8429636798,"uid":237087423,"user":"Freep_o_0_rn","name":"Freep_o_0_rn","role":"admin","chat":237087423,"cb_id":"1018282731969499225","msg_id":16685,"data":"cc:import:debt","state":null}
{"t":"cb","ok":true,"ms":740,"req":"95e10828","bot":8429636798,"uid":237087423,"user":"Freep_o_0_rn","name":"Freep_o_0_rn","role":"admin","chat":237087423,"cb_id":"1018282730631219849","msg_id":16687,"data":"menu:back","state":null}
{"t":"cb","ok":true,"ms":282,"req":"c9463658","bot":8429636798,"uid":237087423,"user":"Freep_o_0_rn","name":"Freep_o_0_rn","role":"admin","chat":237087423,"cb_id":"1018282728407470604","msg_id":16685,"data":"cc:view:68ea52f4-f3c1-40c5-a2fc-627fbfabc55a","state":null}
{"t":"cb","ok":true,"ms":279,"req":"6ee99011","bot":8429636798,"uid":237087423,"user":"Freep_o_0_rn","name":"Freep_o_0_rn","role":"admin","chat":237087423,"cb_id":"1018282731772490845","msg_id":16685,"data":"cc:list","state":null}
{"t":"msg","ok":true,"ms":863,"req":"e36f40e8","bot":8429636798,"uid":237087423,"user":"Freep_o_0_rn","name":"Freep_o_0_rn","role":"admin","chat":237087423,"chat_type":"private","msg_id":16689,"kind":"text","text":"📰 Управление новостями","caption_len":0,"entities":0,"state":null}
{"t":"cb","ok":true,"ms":306,"req":"69e79446","bot":8429636798,"uid":237087423,"user":"Freep_o_0_rn","name":"Freep_o_0_rn","role":"admin","chat":237087423,"cb_id":"1018282729776399218","msg_id":16690,"data":"news:list:published:0","state":null}
{"t":"cb","ok":true,"ms":279,"req":"9b0ed99c","bot":8429636798,"uid":237087423,"user":"Freep_o_0_rn","name":"Freep_o_0_rn","role":"admin","chat":237087423,"cb_id":"1018282728256726909","msg_id":16690,"data":"news:menu","state":null}
{"t":"cb","ok":true,"ms":589,"req":"f6a7c57f","bot":8429636798,"uid":237087423,"user":"Freep_o_0_rn","name":"Freep_o_0_rn","role":"admin","chat":237087423,"cb_id":"1018282730545382315","msg_id":16690,"data":"news:sync","state":null}
{"t":"msg","ok":true,"ms":430,"req":"2ed5473f","bot":8429636798,"uid":237087423,"user":"Freep_o_0_rn","name":"Freep_o_0_rn","role":"admin","chat":237087423,"chat_type":"private","msg_id":16691,"kind":"text","text":"▶️ Старт","caption_len":0,"entities":0,"state":null}
{"t":"msg","ok":true,"ms":440,"req":"e717e940","bot":8429636798,"uid":237087423,"user":"Freep_o_0_rn","name":"Freep_o_0_rn","role":"admin","chat":237087423,"chat_type":"private","msg_id":16693,"kind":"text","text":"▶️ Старт","caption_len":0,"entities":0,"state":null}
{"t":"msg","ok":true,"ms":174,"req":"12cfad6d","bot":8429636798,"uid":237087423,"user":"Freep_o_0_rn","name":"Freep_o_0_rn","role":"admin","chat":237087423,"chat_type":"private","msg_id":16695,"kind":"text","text":"🏢 Клиенты","caption_len":0,"entities":0,"state":null}
{"t":"msg","ok":true,"ms":190,"req":"8c4c5727","bot":8429636798,"uid":237087423,"user":"Freep_o_0_rn","name":"Freep_o_0_rn","role":"admin","chat":237087423,"chat_type":"private","msg_id":16697,"kind":"text","text":"▶️ Старт","caption_len":0,"entities":0,"state":null}
{"t":"msg","ok":true,"ms":463,"req":"fc571c9f","bot":8429636798,"uid":237087423,"user":"Freep_o_0_rn","name":"Freep_o_0_rn","role":"admin","chat":237087423,"chat_type":"private","msg_id":16699,"kind":"text","text":"▶️ Старт","caption_len":0,"entities":0,"state":null}
{"t":"msg","ok":true,"ms":471,"req":"1d691c7b","bot":8429636798,"uid":237087423,"user":"Freep_o_0_rn","name":"Freep_o_0_rn","role":"admin","chat":237087423,"chat_type":"private","msg_id":16747,"kind":"text","text":"▶️ Старт","caption_len":0,"entities":0,"state":null}
{"t":"msg","ok":true,"ms":216,"req":"30a8c2ec","bot":8429636798,"uid":237087423,"user":"Freep_o_0_rn","name":"Freep_o_0_rn","role":"admin","chat":237087423,"chat_type":"private","msg_id":16749,"kind":"text","text":"▶️ Старт","caption_len":0,"entities":0,"state":null}
{"t":"msg","ok":true,"ms":606,"req":"6a59f0fd","bot":8429636798,"uid":237087423,"user":"Freep_o_0_rn","name":"Freep_o_0_rn","role":"admin","chat":237087423,"chat_type":"private","msg_id":16751,"kind":"text","text":"▶️ Старт","caption_len":0,"entities":0,"state":null}
{"t":"msg","ok":true,"ms":514,"req":"24ee5a3d","bot":8429636798,"uid":237087423,"user":"Freep_o_0_rn","name":"Freep_o_0_rn","role":"admin","chat":237087423,"chat_type":"private","msg_id":16754,"kind":"text","text":"▶️ Старт","caption_len":0,"entities":0,"state":null}
{"t":"msg","ok":true,"ms":470,"req":"acd42c11","bot":8429636798,"uid":237087423,"user":"Freep_o_0_rn","name":"Freep_o_0_rn","role":"admin","chat":237087423,"chat_type":"private","msg_id":16756,"kind":"text","text":"▶️ Старт","caption_len":0,"entities":0,"state":null}
{"t":"msg","ok":true,"ms":464,"req":"48245f0a","bot":8429636798,"uid":237087423,"user":"Freep_o_0_rn","name":"Freep_o_0_rn","role":"admin","chat":237087423,"chat_type":"private","msg_id":16758,"kind":"text","text":"📰 Управление новостями","caption_len":0,"entities":0,"state":null}
{"t":"cb","ok":true,"ms":331,"req":"1c0f5b49","bot":8429636798,"uid":237087423,"user":"Freep_o_0_rn","name":"Freep_o_0_rn","role":"admin","chat":237087423,"cb_id":"1018282731243754453","msg_id":16759,"data":"news:sync","state":null}
{"t":"msg","ok":true,"ms":474,"req":"2cd87e05","bot":8429636798,"uid":237087423,"user":"Freep_o_0_rn","name":"Freep_o_0_rn","role":"admin","chat":237087423,"chat_type":"private","msg_id":16760,"kind":"text","text":"▶️ Старт","caption_len":0,"entities":0,"state":null}
{"t":"msg","ok":true,"ms":478,"req":"f5d5cf17","bot":8429636798,"uid":237087423,"user":"Freep_o_0_rn","name":"Freep_o_0_rn","role":"admin","chat":237087423,"chat_type":"private","msg_id":16762,"kind":"text","text":"▶️ Старт","caption_len":0,"entities":0,"state":null}
{"t":"msg","ok":true,"ms":466,"req":"12171112","bot":8429636798,"uid":237087423,"user":"Freep_o_0_rn","name":"Freep_o_0_rn","role":"admin","chat":237087423,"chat_type":"private","msg_id":16764,"kind":"text","text":"▶️ Старт","caption_len":0,"entities":0,"state":null}
{"t":"msg","ok":true,"ms":509,"req":"b638000b","bot":8429636798,"uid":237087423,"user":"Freep_o_0_rn","name":"Freep_o_0_rn","role":"admin","chat":237087423,"chat_type":"private","msg_id":16766,"kind":"text","text":"▶️ Старт","caption_len":0,"entities":0,"state":null}
{"t":"msg","ok":true,"ms":211,"req":"104798df","bot":8429636798,"uid":237087423,"user":"Freep_o_0_rn","name":"Freep_o_0_rn","role":"admin","chat":237087423,"chat_type":"private","msg_id":16768,"kind":"text","text":"📰 Управление новостями","caption_len":0,"entities":0,"state":null}
{"t":"cb","ok":true,"ms":313,"req":"a1da5cd3","bot":8429636798,"uid":237087423,"user":"Freep_o_0_rn","name":"Freep_o_0_rn","role":"admin","chat":237087423,"cb_id":"1018282729393175652","msg_id":16769,"data":"news:sync","state":null}
{"t":"msg","ok":true,"ms":476,"req":"cae68393","bot":8429636798,"uid":1188061961,"user":"Re1ze_r","name":"Vadim BeerMarket","role":"client","chat":1188061961,"chat_type":"private","msg_id":16770,"kind":"text","text":"▶️ Старт","caption_len":0,"entities":0,"state":null}
{"t":"msg","ok":true,"ms":438,"req":"b6158468","bot":8429636798,"uid":1188061961,"user":"Re1ze_r","name":"Vadim BeerMarket","role":"client","chat":1188061961,"chat_type":"private","msg_id":16774,"kind":"text","text":"🎁 Акции","caption_len":0,"entities":0,"state":null}
{"t":"cb","ok":true,"ms":854,"req":"4b56564a","bot":8429636798,"uid":1188061961,"user":"Re1ze_r","name":"Vadim BeerMarket","role":"client","chat":1188061961,"cb_id":"5102687270744576226","msg_id":16775,"data":"promo:view:81f28dec5927:active:0","state":null}
{"t":"cb","ok":true,"ms":429,"req":"356afc08","bot":8429636798,"uid":1188061961,"user":"Re1ze_r","name":"Vadim BeerMarket","role":"client","chat":1188061961,"cb_id":"5102687270218902269","msg_id":16776,"data":"promo:list:active:0","state":null}
{"t":"cb","ok":true,"ms":696,"req":"156ff7cd","bot":8429636798,"uid":1188061961,"user":"Re1ze_r","name":"Vadim BeerMarket","role":"client","chat":1188061961,"cb_id":"5102687269355533128","msg_id":16777,"data":"promo:view:7158ff33b7ce:active:0","state":null}
{"t":"cb","ok":true,"ms":422,"req":"7f1dc74a","bot":8429636798,"uid":1188061961,"user":"Re1ze_r","name":"Vadim BeerMarket","role":"client","chat":1188061961,"cb_id":"5102687268796047384","msg_id":16778,"data":"promo:list:active:0","state":null}
{"t":"msg","ok":true,"ms":809,"req":"f928a372","bot":8429636798,"uid":1188061961,"user":"Re1ze_r","name":"Vadim BeerMarket","role":"guest","chat":1188061961,"chat_type":"private","msg_id":16780,"kind":"text","text":"/reset_role","caption_len":0,"entities":1,"state":"OnboardStates:waiting_role"}
{"t":"cb","ok":true,"ms":292,"req":"c7765bb4","bot":8429636798,"uid":1188061961,"user":"Re1ze_r","name":"Vadim BeerMarket","role":"guest","chat":1188061961,"cb_id":"5102687268895951410","msg_id":16782,"data":"ob:admin","state":"OnboardStates:waiting_admin_password"}
{"t":"msg","ok":true,"ms":326,"req":"2cf2a32d","bot":8429636798,"uid":1188061961,"user":"Re1ze_r","name":"Vadim BeerMarket","role":"admin","chat":1188061961,"chat_type":"private","msg_id":16783,"kind":"text","text":"99654511","caption_len":0,"entities":0,"state":"OnboardStates:waiting_phone_contact"}
{"t":"msg","ok":true,"ms":537,"req":"f56fc0a4","bot":8429636798,"uid":1188061961,"user":"Re1ze_r","name":"Vadim BeerMarket","role":"admin","chat":1188061961,"chat_type":"private","msg_id":16786,"kind":"contact","text":"","caption_len":0,"entities":0,"state":null}
{"t":"msg","ok":true,"ms":158,"req":"b66f1fe6","bot":8429636798,"uid":1188061961,"user":"Re1ze_r","name":"Vadim BeerMarket","role":"admin","chat":1188061961,"chat_type":"private","msg_id":16789,"kind":"text","text":"🔎 Поиск","caption_len":0,"entities":0,"state":"SearchStates:waiting_query"}
{"t":"msg","ok":true,"ms":2155,"req":"d4a2b1e2","bot":8429636798,"uid":1188061961,"user":"Re1ze_r","name":"Vadim BeerMarket","role":"admin","chat":1188061961,"chat_type":"private","msg_id":16791,"kind":"text","text":"Арракис","caption_len":0,"entities":0,"state":null}
{"t":"msg","ok":true,"ms":427,"req":"2d2ea981","bot":8429636798,"uid":237087423,"user":"Freep_o_0_rn","name":"Freep_o_0_rn","role":"admin","chat":237087423,"chat_type":"private","msg_id":16796,"kind":"text","text":"🔎 Поиск","caption_len":0,"entities":0,"state":"SearchStates:waiting_query"}
{"t":"msg","ok":true,"ms":1859,"req":"950da997","bot":8429636798,"uid":237087423,"user":"Freep_o_0_rn","name":"Freep_o_0_rn","role":"admin","chat":237087423,"chat_type":"private","msg_id":16798,"kind":"text","text":"Дмитриева","caption_len":0,"entities":0,"state":null}
{"t":"msg","ok":true,"ms":340,"req":"6031f149","bot":8429636798,"uid":237087423,"user":"Freep_o_0_rn","name":"Freep_o_0_rn","role":"admin","chat":237087423,"chat_type":"private","msg_id":16802,"kind":"text","text":"▶️ Старт","caption_len":0,"entities":0,"state":null}
{"t":"msg","ok":true,"ms":783,"req":"eb6fd1fe","bot":8429636798,"uid":237087423,"user":"Freep_o_0_rn","name":"Freep_o_0_rn","role":"admin","chat":237087423,"chat_type":"private","msg_id":16804,"kind":"text","text":"/bakalar","caption_len":0,"entities":1,"state":null}
{"t":"msg","ok":true,"ms":458,"req":"af4696e6","bot":8429636798,"uid":237087423,"user":"Freep_o_0_rn","name":"Freep_o_0_rn","role":"admin","chat":237087423,"chat_type":"private","msg_id":16812,"kind":"text","text":"▶️ Старт","caption_len":0,"entities":0,"state":null}
{"t":"msg","ok":true,"ms":168,"req":"f7f74fe4","bot":8429636798,"uid":237087423,"user":"Freep_o_0_rn","name":"Freep_o_0_rn","role":"admin","chat":237087423,"chat_type":"private","msg_id":16814,"kind":"text","text":"🏢 Клиенты","caption_len":0,"entities":0,"state":null}
{"t":"cb","ok":true,"ms":3543,"req":"0e54b599","bot":8429636798,"uid":237087423,"user":"Freep_o_0_rn","name":"Freep_o_0_rn","role":"admin","chat":237087423,"cb_id":"1018282729958544346","msg_id":16815,"data":"cc:import:debt","state":null}
{"t":"cb","ok":true,"ms":291,"req":"2370ed16","bot":8429636798,"uid":237087423,"user":"Freep_o_0_rn","name":"Freep_o_0_rn","role":"admin","chat":237087423,"cb_id":"1018282732034010441","msg_id":16817,"data":"cc:view:548c244f-3b26-4d1f-9fe9-29b62fe16395","state":null}
{"t":"cb","ok":true,"ms":346,"req":"c8f76461","bot":8429636798,"uid":237087423,"user":"Freep_o_0_rn","name":"Freep_o_0_rn","role":"admin","chat":237087423,"cb_id":"1018282732321974942","msg_id":16817,"data":"cc:list","state":null}
{"t":"cb","ok":true,"ms":295,"req":"fce01933","bot":8429636798,"uid":237087423,"user":"Freep_o_0_rn","name":"Freep_o_0_rn","role":"admin","chat":237087423,"cb_id":"1018282729951356186","msg_id":16817,"data":"cc:view:de3fefd4-a5cb-4187-ad95-ffb22b309bc1","state":null}
{"t":"cb","ok":true,"ms":321,"req":"423be683","bot":8429636798,"uid":237087423,"user":"Freep_o_0_rn","name":"Freep_o_0_rn","role":"admin","chat":237087423,"cb_id":"1018282731743576939","msg_id":16817,"data":"cc:list","state":null}
{"t":"cb","ok":true,"ms":292,"req":"9d920b1e","bot":8429636798,"uid":237087423,"user":"Freep_o_0_rn","name":"Freep_o_0_rn","role":"admin","chat":237087423,"cb_id":"1018282732281015239","msg_id":16817,"data":"cc:view:3f88c85d-d944-4eab-8d2d-96762f35ec76","state":null}
{"t":"cb","ok":true,"ms":391,"req":"d2298556","bot":8429636798,"uid":237087423,"user":"Freep_o_0_rn","name":"Freep_o_0_rn","role":"admin","chat":237087423,"cb_id":"1018282728213212939","msg_id":16817,"data":"cc:list","state":null}
{"t":"msg","ok":true,"ms":193,"req":"a3d36055","bot":8429636798,"uid":237087423,"user":"Freep_o_0_rn","name":"Freep_o_0_rn","role":"admin","chat":237087423,"chat_type":"private","msg_id":16818,"kind":"text","text":"▶️ Старт","caption_len":0,"entities":0,"state":null}
{"t":"msg","ok":true,"ms":443,"req":"39b2c032","bot":8429636798,"uid":237087423,"user":"Freep_o_0_rn","name":"Freep_o_0_rn","role":"admin","chat":237087423,"chat_type":"private","msg_id":16820,"kind":"text","text":"▶️ Старт","caption_len":0,"entities":0,"state":null}
{"t":"msg","ok":true,"ms":159,"req":"3560550d","bot":8429636798,"uid":237087423,"user":"Freep_o_0_rn","name":"Freep_o_0_rn","role":"admin","chat":237087423,"chat_type":"private","msg_id":16822,"kind":"text","text":"🏢 Клиенты","caption_len":0,"entities":0,"state":null}
{"t":"cb","ok":true,"ms":314,"req":"3e34a1ef","bot":8429636798,"uid":237087423,"user":"Freep_o_0_rn","name":"Freep_o_0_rn","role":"admin","chat":237087423,"cb_id":"1018282730321258742","msg_id":16823,"data":"cc:view:ac5cb24b-4054-4384-99fc-2ee25957b084","state":null}
{"t":"cb","ok":true,"ms":1065,"req":"b8c3f963","bot":8429636798,"uid":237087423,"user":"Freep_o_0_rn","name":"Freep_o_0_rn","role":"admin","chat":237087423,"cb_id":"1018282730061906640","msg_id":16823,"data":"cc:list","state":null}
{"t":"cb","ok":true,"ms":488,"req":"4e71b2be","bot":8429636798,"uid":237087423,"user":"Freep_o_0_rn","name":"Freep_o_0_rn","role":"admin","chat":237087423,"cb_id":"1018282728956821808","msg_id":16823,"data":"menu:back","state":null}
{"t":"msg","ok":true,"ms":151,"req":"2e59499f","bot":8429636798,"uid":237087423,"user":"Freep_o_0_rn","name":"Freep_o_0_rn","role":"admin","chat":237087423,"chat_type":"private","msg_id":16825,"kind":"text","text":"🔎 Поиск тары","caption_len":0,"entities":0,"state":"SearchTaraStates:waiting_query"}
{"t":"msg","ok":true,"ms":2391,"req":"383029df","bot":8429636798,"uid":237087423,"user":"Freep_o_0_rn","name":"Freep_o_0_rn","role":"admin","chat":237087423,"chat_type":"private","msg_id":16827,"kind":"text","text":"Барабанов","caption_len":0,"entities":0,"state":null}
{"t":"msg","ok":true,"ms":158,"req":"ea522437","bot":8429636798,"uid":237087423,"user":"Freep_o_0_rn","name":"Freep_o_0_rn","role":"admin","chat":237087423,"chat_type":"private","msg_id":16830,"kind":"text","text":"🔄 Обновить (10:14)","caption_len":0,"entities":0,"state":null}
{"t":"cb","ok":true,"ms":6277,"req":"2135aaee","bot":8429636798,"uid":237087423,"user":"Freep_o_0_rn","name":"Freep_o_0_rn","role":"admin","chat":237087423,"cb_id":"1018282731388777035","msg_id":16831,"data":"upd:tara","state":null}
{"t":"msg","ok":true,"ms":160,"req":"91f3a968","bot":8429636798,"uid":237087423,"user":"Freep_o_0_rn","name":"Freep_o_0_rn","role":"admin","chat":237087423,"chat_type":"private","msg_id":16833,"kind":"text","text":"🔎 Поиск тары","caption_len":0,"entities":0,"state":"SearchTaraStates:waiting_query"}
{"t":"msg","ok":true,"ms":2469,"req":"7e33ec37","bot":8429636798,"uid":237087423,"user":"Freep_o_0_rn","name":"Freep_o_0_rn","role":"admin","chat":237087423,"chat_type":"private","msg_id":16835,"kind":"text","text":"Барабанов","caption_len":0,"entities":0,"state":null}
{"t":"msg","ok":true,"ms":158,"req":"f5cbe52b","bot":8429636798,"uid":237087423,"user":"Freep_o_0_rn","name":"Freep_o_0_rn","role":"admin","chat":237087423,"chat_type":"private","msg_id":16839,"kind":"text","text":"👥 Пользователи","caption_len":0,"entities":0,"state":null}
{"t":"cb","ok":true,"ms":300,"req":"2569ba99","bot":8429636798,"uid":237087423,"user":"Freep_o_0_rn","name":"Freep_o_0_rn","role":"admin","chat":237087423,"cb_id":"1018282731548265934","msg_id":16840,"data":"usr:list:1","state":null}
{"t":"cb","ok":true,"ms":304,"req":"00f5ef1c","bot":8429636798,"uid":237087423,"user":"Freep_o_0_rn","name":"Freep_o_0_rn","role":"admin","chat":237087423,"cb_id":"1018282729716911211","msg_id":16840,"data":"usr:list:0","state":null}
{"t":"cb","ok":true,"ms":316,"req":"ad0529d5","bot":8429636798,"uid":237087423,"user":"Freep_o_0_rn","name":"Freep_o_0_rn","role":"admin","chat":237087423,"cb_id":"1018282729487332363","msg_id":16840,"data":"usr:sel:1188061961:0","state":null}
{"t":"cb","ok":true,"ms":346,"req":"62446972","bot":8429636798,"uid":237087423,"user":"Freep_o_0_rn","name":"Freep_o_0_rn","role":"admin","chat":237087423,"cb_id":"1018282729901752350","msg_id":16840,"data":"usr:editname:1188061961","state":"AdminUserEditStates:waiting_name"}
{"t":"msg","ok":true,"ms":163,"req":"249f07bf","bot":8429636798,"uid":237087423,"user":"Freep_o_0_rn","name":"Freep_o_0_rn","role":"admin","chat":237087423,"chat_type":"private","msg_id":16842,"kind":"text","text":"Рабочий","caption_len":0,"entities":0,"state":null}
{"t":"cb","ok":true,"ms":357,"req":"23be00c1","bot":8429636798,"uid":237087423,"user":"Freep_o_0_rn","name":"Freep_o_0_rn","role":"admin","chat":237087423,"cb_id":"1018282729507872254","msg_id":16840,"data":"usr:list:0","state":null}
{"t":"cb","ok":true,"ms":301,"req":"9fd1a43a","bot":8429636798,"uid":237087423,"user":"Freep_o_0_rn","name":"Freep_o_0_rn","role":"admin","chat":237087423,"cb_id":"1018282732265680790","msg_id":16840,"data":"usr:sel:1438912261:0","state":null}
{"t":"cb","ok":true,"ms":351,"req":"161b77cc","bot":8429636798,"uid":237087423,"user":"Freep_o_0_rn","name":"Freep_o_0_rn","role":"admin","chat":237087423,"cb_id":"1018282730383056014","msg_id":16840,"data":"usr:editname:1438912261","state":"AdminUserEditStates:waiting_name"}
{"t":"msg","ok":true,"ms":155,"req":"eb8e9e22","bot":8429636798,"uid":237087423,"user":"Freep_o_0_rn","name":"Freep_o_0_rn","role":"admin","chat":237087423,"chat_type":"private","msg_id":16845,"kind":"text","text":"Саня Вайс","caption_len":0,"entities":0,"state":null}
{"t":"cb","ok":true,"ms":305,"req":"0781a7fb","bot":8429636798,"uid":237087423,"user":"Freep_o_0_rn","name":"Freep_o_0_rn","role":"admin","chat":237087423,"cb_id":"1018282730925383930","msg_id":16840,"data":"usr:list:0","state":null}
{"t":"cb","ok":true,"ms":421,"req":"25c1b7c1","bot":8429636798,"uid":237087423,"user":"Freep_o_0_rn","name":"Freep_o_0_rn","role":"admin","chat":237087423,"cb_id":"1018282730836196573","msg_id":16840,"data":"usr:list:1","state":null}
{"t":"cb","ok":true,"ms":309,"req":"97c36e9b","bot":8429636798,"uid":237087423,"user":"Freep_o_0_rn","name":"Freep_o_0_rn","role":"admin","chat":237087423,"cb_id":"1018282730365888535","msg_id":16840,"data":"usr:sel:8668259399:1","state":null}
{"t":"cb","ok":true,"ms":325,"req":"37ac149a","bot":8429636798,"uid":237087423,"user":"Freep_o_0_rn","name":"Freep_o_0_rn","role":"admin","chat":237087423,"cb_id":"1018282730463396713","msg_id":16840,"data":"usr:list:1","state":null}
{"t":"cb","ok":true,"ms":421,"req":"7fb41d65","bot":8429636798,"uid":237087423,"user":"Freep_o_0_rn","name":"Freep_o_0_rn","role":"admin","chat":237087423,"cb_id":"1018282730380523062","msg_id":16840,"data":"usr:sel:5241893038:1","state":null}
{"t":"msg","ok":true,"ms":180,"req":"bc1d1dbd","bot":8429636798,"uid":237087423,"user":"Freep_o_0_rn","name":"Freep_o_0_rn","role":"admin","chat":237087423,"chat_type":"private","msg_id":16847,"kind":"text","text":"🎁 Акции","caption_len":0,"entities":0,"state":null}
{"t":"cb","ok":false,"ms":252,"req":"95f23162","bot":8429636798,"uid":237087423,"user":"Freep_o_0_rn","name":"Freep_o_0_rn","role":"admin","chat":237087423,"cb_id":"1018282732196832326","msg_id":16848,"data":"promo:list:all:0","state":null}
{"t":"error","req":"95f23162","exc":"TelegramBadRequest: Telegram server says - Bad Request: message is not modified: specified new message content and reply markup are exactly the same as a current content and reply markup of the message"}
{"t":"cb","ok":true,"ms":442,"req":"b7b507fc","bot":8429636798,"uid":237087423,"user":"Freep_o_0_rn","name":"Freep_o_0_rn","role":"admin","chat":237087423,"cb_id":"1018282732004378697","msg_id":16848,"data":"promo:list:active:0","state":null}
{"t":"cb","ok":true,"ms":295,"req":"5d4a1b44","bot":8429636798,"uid":237087423,"user":"Freep_o_0_rn","name":"Freep_o_0_rn","role":"admin","chat":237087423,"cb_id":"1018282729168720630","msg_id":16848,"data":"promo:list:all:0","state":null}
{"t":"cb","ok":true,"ms":472,"req":"1bfaa954","bot":8429636798,"uid":237087423,"user":"Freep_o_0_rn","name":"Freep_o_0_rn","role":"admin","chat":237087423,"cb_id":"1018282730938878057","msg_id":16848,"data":"back:main","state":null}
{"t":"msg","ok":true,"ms":158,"req":"80da5dde","bot":8429636798,"uid":237087423,"user":"Freep_o_0_rn","name":"Freep_o_0_rn","role":"admin","chat":237087423,"chat_type":"private","msg_id":16850,"kind":"text","text":"🛠 Техники","caption_len":0,"entities":0,"state":null}
{"t":"cb","ok":true,"ms":302,"req":"14ca9870","bot":8429636798,"uid":237087423,"user":"Freep_o_0_rn","name":"Freep_o_0_rn","role":"admin","chat":237087423,"cb_id":"1018282731701475245","msg_id":16851,"data":"tc:list","state":null}
{"t":"cb","ok":true,"ms":352,"req":"f64cac39","bot":8429636798,"uid":237087423,"user":"Freep_o_0_rn","name":"Freep_o_0_rn","role":"admin","chat":237087423,"cb_id":"1018282729878433193","msg_id":16852,"data":"tc:menu","state":null}
{"t":"cb","ok":true,"ms":731,"req":"08c0bc26","bot":8429636798,"uid":237087423,"user":"Freep_o_0_rn","name":"Freep_o_0_rn","role":"admin","chat":237087423,"cb_id":"1018282732232330784","msg_id":16853,"data":"menu:back","state":null}
{"t":"msg","ok":true,"ms":440,"req":"d6311255","bot":8429636798,"uid":1188061961,"user":"Re1ze_r","name":"Vadim BeerMarket","role":"admin","chat":1188061961,"chat_type":"private","msg_id":16861,"kind":"text","text":"▶️ Старт","caption_len":0,"entities":0,"state":null}
{"t":"msg","ok":true,"ms":152,"req":"b33fdd1d","bot":8429636798,"uid":1188061961,"user":"Re1ze_r","name":"Vadim BeerMarket","role":"admin","chat":1188061961,"chat_type":"private","msg_id":16863,"kind":"text","text":"🛠 Техники","caption_len":0,"entities":0,"state":null}
{"t":"cb","ok":true,"ms":310,"req":"452ecc18","bot":8429636798,"uid":1188061961,"user":"Re1ze_r","name":"Vadim BeerMarket","role":"admin","chat":1188061961,"cb_id":"5102687268695004162","msg_id":16864,"data":"tc:list","state":null}
{"t":"cb","ok":true,"ms":289,"req":"85a203be","bot":8429636798,"uid":1188061961,"user":"Re1ze_r","name":"Vadim BeerMarket","role":"admin","chat":1188061961,"cb_id":"5102687268993686765","msg_id":16865,"data":"tc:menu","state":null}
{"t":"cb","ok":true,"ms":461,"req":"551d9f7a","bot":8429636798,"uid":1188061961,"user":"Re1ze_r","name":"Vadim BeerMarket","role":"admin","chat":1188061961,"cb_id":"5102687269360313848","msg_id":16866,"data":"menu:back","state":null}
{"t":"msg","ok":true,"ms":175,"req":"046ecc92","bot":8429636798,"uid":1188061961,"user":"Re1ze_r","name":"Vadim BeerMarket","role":"admin","chat":1188061961,"chat_type":"private","msg_id":16868,"kind":"text","text":"🏢 Клиенты","caption_len":0,"entities":0,"state":null}
{"t":"cb","ok":true,"ms":3749,"req":"a1dc393d","bot":8429636798,"uid":1188061961,"user":"Re1ze_r","name":"Vadim BeerMarket","role":"admin","chat":1188061961,"cb_id":"5102687268189313468","msg_id":16869,"data":"cc:import:debt","state":null}
{"t":"cb","ok":true,"ms":301,"req":"28480fcd","bot":8429636798,"uid":1188061961,"user":"Re1ze_r","name":"Vadim BeerMarket","role":"admin","chat":1188061961,"cb_id":"5102687271751833593","msg_id":16871,"data":"cc:view:9fb48e9e-0743-4c16-9e21-5bf151514fe3","state":null}
{"t":"cb","ok":true,"ms":345,"req":"f090e9b8","bot":8429636798,"uid":1188061961,"user":"Re1ze_r","name":"Vadim BeerMarket","role":"admin","chat":1188061961,"cb_id":"5102687271752599561","msg_id":16871,"data":"cc:list","state":null}
{"t":"cb","ok":true,"ms":318,"req":"155d62de","bot":8429636798,"uid":1188061961,"user":"Re1ze_r","name":"Vadim BeerMarket","role":"admin","chat":1188061961,"cb_id":"5102687271031329467","msg_id":16871,"data":"cc:list:1","state":null}
{"t":"cb","ok":true,"ms":313,"req":"af825ebe","bot":8429636798,"uid":1188061961,"user":"Re1ze_r","name":"Vadim BeerMarket","role":"admin","chat":1188061961,"cb_id":"5102687269441405920","msg_id":16871,"data":"cc:list:2","state":null}
{"t":"cb","ok":true,"ms":297,"req":"485a88ff","bot":8429636798,"uid":1188061961,"user":"Re1ze_r","name":"Vadim BeerMarket","role":"admin","chat":1188061961,"cb_id":"5102687272352357679","msg_id":16871,"data":"cc:list:1","state":null}
{"t":"cb","ok":true,"ms":299,"req":"53b33ee7","bot":8429636798,"uid":1188061961,"user":"Re1ze_r","name":"Vadim BeerMarket","role":"admin","chat":1188061961,"cb_id":"5102687268122988527","msg_id":16871,"data":"cc:view:773e3ae3-8b8e-41d0-8802-c8aecfb621b6","state":null}
{"t":"cb","ok":true,"ms":313,"req":"64e0b1bd","bot":8429636798,"uid":1188061961,"user":"Re1ze_r","name":"Vadim BeerMarket","role":"admin","chat":1188061961,"cb_id":"5102687268566363621","msg_id":16871,"data":"cc:list","state":null}
{"t":"cb","ok":true,"ms":335,"req":"2372fb78","bot":8429636798,"uid":1188061961,"user":"Re1ze_r","name":"Vadim BeerMarket","role":"admin","chat":1188061961,"cb_id":"5102687268562432064","msg_id":16871,"data":"cc:search","state":"ClientCardStates:waiting_search_query"}
{"t":"msg","ok":true,"ms":168,"req":"5e2ef162","bot":8429636798,"uid":1188061961,"user":"Re1ze_r","name":"Vadim BeerMarket","role":"admin","chat":1188061961,"chat_type":"private","msg_id":16873,"kind":"text","text":"Волков","caption_len":0,"entities":0,"state":null}
{"t":"cb","ok":true,"ms":288,"req":"974d3151","bot":8429636798,"uid":1188061961,"user":"Re1ze_r","name":"Vadim BeerMarket","role":"admin","chat":1188061961,"cb_id":"5102687270691407815","msg_id":16874,"data":"cc:view:d90bc4f3-026f-4edd-8a07-04f12ce4de29","state":null}
{"t":"cb","ok":true,"ms":305,"req":"6b59021d","bot":8429636798,"uid":1188061961,"user":"Re1ze_r","name":"Vadim BeerMarket","role":"admin","chat":1188061961,"cb_id":"5102687268310899892","msg_id":16874,"data":"cc:list","state":null}
{"t":"cb","ok":true,"ms":446,"req":"806e551a","bot":8429636798,"uid":1188061961,"user":"Re1ze_r","name":"Vadim BeerMarket","role":"admin","chat":1188061961,"cb_id":"5102687271714809358","msg_id":16874,"data":"menu:back","state":null}
{"t":"msg","ok":true,"ms":187,"req":"4dd39630","bot":8429636798,"uid":1188061961,"user":"Re1ze_r","name":"Vadim BeerMarket","role":"admin","chat":1188061961,"chat_type":"private","msg_id":16876,"kind":"text","text":"📰 Управление новостями","caption_len":0,"entities":0,"state":null}
{"t":"cb","ok":true,"ms":338,"req":"2091fb33","bot":8429636798,"uid":1188061961,"user":"Re1ze_r","name":"Vadim BeerMarket","role":"admin","chat":1188061961,"cb_id":"5102687272144173495","msg_id":16877,"data":"news:sync","state":null}
{"t":"msg","ok":true,"ms":515,"req":"87a9f740","bot":8429636798,"uid":237087423,"user":"Freep_o_0_rn","name":"Freep_o_0_rn","role":"admin","chat":237087423,"chat_type":"private","msg_id":16878,"kind":"text","text":"▶️ Старт","caption_len":0,"entities":0,"state":null}
{"t":"msg","ok":true,"ms":155,"req":"ea63d99a","bot":8429636798,"uid":237087423,"user":"Freep_o_0_rn","name":"Freep_o_0_rn","role":"admin","chat":237087423,"chat_type":"private","msg_id":16880,"kind":"text","text":"📰 Управление новостями","caption_len":0,"entities":0,"state":null}
{"t":"cb","ok":true,"ms":339,"req":"5566b28c","bot":8429636798,"uid":237087423,"user":"Freep_o_0_rn","name":"Freep_o_0_rn","role":"admin","chat":237087423,"cb_id":"1018282729581945808","msg_id":16881,"data":"news:sync","state":null}
{"t":"msg","ok":true,"ms":420,"req":"369fb333","bot":8429636798,"uid":237087423,"user":"Freep_o_0_rn","name":"Freep_o_0_rn","role":"admin","chat":237087423,"chat_type":"private","msg_id":16886,"kind":"text","text":"▶️ Старт","caption_len":0,"entities":0,"state":null}
{"t":"msg","ok":true,"ms":211,"req":"9f686f48","bot":8429636798,"uid":237087423,"user":"Freep_o_0_rn","name":"Freep_o_0_rn","role":"admin","chat":237087423,"chat_type":"private","msg_id":16888,"kind":"text","text":"📰 Управление новостями","caption_len":0,"entities":0,"state":null}
{"t":"cb","ok":true,"ms":296,"req":"5364059d","bot":8429636798,"uid":237087423,"user":"Freep_o_0_rn","name":"Freep_o_0_rn","role":"admin","chat":237087423,"cb_id":"1018282731518492377","msg_id":16889,"data":"news:list:published:0","state":null}
{"t":"cb","ok":true,"ms":245,"req":"329a0bb4","bot":8429636798,"uid":237087423,"user":"Freep_o_0_rn","name":"Freep_o_0_rn","role":"admin","chat":237087423,"cb_id":"1018282729719407528","msg_id":16889,"data":"news:menu","state":null}
{"t":"cb","ok":true,"ms":253,"req":"cc5c7f50","bot":8429636798,"uid":237087423,"user":"Freep_o_0_rn","name":"Freep_o_0_rn","role":"admin","chat":237087423,"cb_id":"1018282728100017592","msg_id":16889,"data":"news:purgeask:published","state":null}
{"t":"cb","ok":true,"ms":249,"req":"f4287cf2","bot":8429636798,"uid":237087423,"user":"Freep_o_0_rn","name":"Freep_o_0_rn","role":"admin","chat":237087423,"cb_id":"1018282730378209450","msg_id":16889,"data":"news:purgeconfirm:published","state":null}
{"t":"cb","ok":true,"ms":267,"req":"243274fc","bot":8429636798,"uid":237087423,"user":"Freep_o_0_rn","name":"Freep_o_0_rn","role":"admin","chat":237087423,"cb_id":"1018282728708956074","msg_id":16889,"data":"news:purge:published","state":null}
{"t":"cb","ok":true,"ms":240,"req":"5e8bb3a9","bot":8429636798,"uid":237087423,"user":"Freep_o_0_rn","name":"Freep_o_0_rn","role":"admin","chat":237087423,"cb_id":"1018282729131446193","msg_id":16889,"data":"news:list:published:0","state":null}
{"t":"cb","ok":true,"ms":248,"req":"7311b722","bot":8429636798,"uid":237087423,"user":"Freep_o_0_rn","name":"Freep_o_0_rn","role":"admin","chat":237087423,"cb_id":"1018282730728793196","msg_id":16889,"data":"news:menu","state":null}
{"t":"cb","ok":true,"ms":261,"req":"b0e72605","bot":8429636798,"uid":237087423,"user":"Freep_o_0_rn","name":"Freep_o_0_rn","role":"admin","chat":237087423,"cb_id":"1018282730444740648","msg_id":16889,"data":"news:sync","state":null}
{"t":"msg","ok":true,"ms":208,"req":"ff3fecf1","bot":8429636798,"uid":237087423,"user":"Freep_o_0_rn","name":"Freep_o_0_rn","role":"admin","chat":237087423,"chat_type":"private","msg_id":16890,"kind":"text","text":"📰 Управление новостями","caption_len":0,"entities":0,"state":null}
{"t":"cb","ok":true,"ms":392,"req":"8b10270a","bot":8429636798,"uid":237087423,"user":"Freep_o_0_rn","name":"Freep_o_0_rn","role":"admin","chat":237087423,"cb_id":"1018282731828376580","msg_id":16891,"data":"news:create","state":"NewsCreateStates:waiting_title"}
{"t":"msg","ok":true,"ms":129,"req":"523f7113","bot":8429636798,"uid":237087423,"user":"Freep_o_0_rn","name":"Freep_o_0_rn","role":"admin","chat":237087423,"chat_type":"private","msg_id":16893,"kind":"text","text":"Крупное обновление 0.97","caption_len":0,"entities":0,"state":"NewsCreateStates:waiting_text"}
{"t":"msg","ok":true,"ms":177,"req":"78effc3e","bot":8429636798,"uid":237087423,"user":"Freep_o_0_rn","name":"Freep_o_0_rn","role":"admin","chat":237087423,"chat_type":"private","msg_id":16895,"kind":"text","text":"Добавили ленту новостей в miniApp приложение.\nМного мелких правок. \nУлучшение стабильности.","caption_len":0,"entities":0,"state":null}
{"t":"cb","ok":true,"ms":257,"req":"552b9c94","bot":8429636798,"uid":237087423,"user":"Freep_o_0_rn","name":"Freep_o_0_rn","role":"admin","chat":237087423,"cb_id":"1018282728955629237","msg_id":16896,"data":"news:toggle:a4b70f5978834ca5be5fce0400de6347:0:draft","state":null}
{"t":"msg","ok":true,"ms":143,"req":"5ad5aa1b","bot":8429636798,"uid":237087423,"user":"Freep_o_0_rn","name":"Freep_o_0_rn","role":"admin","chat":237087423,"chat_type":"private","msg_id":16897,"kind":"text","text":"🎁 Акции","caption_len":0,"entities":0,"state":null}
{"t":"cb","ok":true,"ms":803,"req":"6bd88052","bot":8429636798,"uid":237087423,"user":"Freep_o_0_rn","name":"Freep_o_0_rn","role":"admin","chat":237087423,"cb_id":"1018282730822555009","msg_id":16898,"data":"promo:view:7158ff33b7ce:all:0","state":null}
{"t":"cb","ok":true,"ms":269,"req":"8074627f","bot":8429636798,"uid":237087423,"user":"Freep_o_0_rn","name":"Freep_o_0_rn","role":"admin","chat":237087423,"cb_id":"1018282732155798142","msg_id":16899,"data":"promo:tonews:7158ff33b7ce","state":null}
{"t":"cb","ok":true,"ms":244,"req":"072c592a","bot":8429636798,"uid":237087423,"user":"Freep_o_0_rn","name":"Freep_o_0_rn","role":"admin","chat":237087423,"cb_id":"1018282728552980523","msg_id":16900,"data":"news:item:34c284334271443ca9ae24e09a53b25a:0:draft","state":null}
{"t":"cb","ok":true,"ms":277,"req":"b12db0d2","bot":8429636798,"uid":237087423,"user":"Freep_o_0_rn","name":"Freep_o_0_rn","role":"admin","chat":237087423,"cb_id":"1018282731330201305","msg_id":16900,"data":"news:edit:34c284334271443ca9ae24e09a53b25a","state":"NewsEditStates:waiting_title"}
{"t":"msg","ok":true,"ms":154,"req":"8b697c41","bot":8429636798,"uid":237087423,"user":"Freep_o_0_rn","name":"Freep_o_0_rn","role":"admin","chat":237087423,"chat_type":"private","msg_id":16902,"kind":"text","text":"Дисконт сорта ОПХ","caption_len":0,"entities":0,"state":"NewsEditStates:waiting_text"}
{"t":"msg","ok":true,"ms":144,"req":"27e93933","bot":8429636798,"uid":237087423,"user":"Freep_o_0_rn","name":"Freep_o_0_rn","role":"admin","chat":237087423,"chat_type":"private","msg_id":16904,"kind":"text","text":"Скидка на любой из трех сортов при наличии другого сорта пива от компании Heineken 🍺✨. Акция действует до конца года 🗓️🔥.","caption_len":0,"entities":0,"state":null}
{"t":"cb","ok":true,"ms":266,"req":"b7148a40","bot":8429636798,"uid":237087423,"user":"Freep_o_0_rn","name":"Freep_o_0_rn","role":"admin","chat":237087423,"cb_id":"1018282728371093029","msg_id":16905,"data":"news:toggle:34c284334271443ca9ae24e09a53b25a:0:draft","state":null}
{"t":"msg","ok":true,"ms":380,"req":"4fd10817","bot":8429636798,"uid":237087423,"user":"Freep_o_0_rn","name":"Freep_o_0_rn","role":"admin","chat":237087423,"chat_type":"private","msg_id":16906,"kind":"text","text":"▶️ Старт","caption_len":0,"entities":0,"state":null}
{"t":"msg","ok":true,"ms":137,"req":"0f043a1f","bot":8429636798,"uid":1188061961,"user":"Re1ze_r","name":"Vadim BeerMarket","role":"admin","chat":1188061961,"chat_type":"private","msg_id":16908,"kind":"text","text":"👥 Пользователи","caption_len":0,"entities":0,"state":null}
{"t":"cb","ok":true,"ms":276,"req":"8611b983","bot":8429636798,"uid":1188061961,"user":"Re1ze_r","name":"Vadim BeerMarket","role":"admin","chat":1188061961,"cb_id":"5102687269530535111","msg_id":16909,"data":"usr:list:1","state":null}
{"t":"cb","ok":true,"ms":257,"req":"18ea35cf","bot":8429636798,"uid":1188061961,"user":"Re1ze_r","name":"Vadim BeerMarket","role":"admin","chat":1188061961,"cb_id":"5102687270840102191","msg_id":16909,"data":"usr:sel:237087423:1","state":null}
{"t":"cb","ok":true,"ms":288,"req":"5158d448","bot":8429636798,"uid":1188061961,"user":"Re1ze_r","name":"Vadim BeerMarket","role":"admin","chat":1188061961,"cb_id":"5102687269569990794","msg_id":16909,"data":"usr:list:1","state":null}
{"t":"cb","ok":true,"ms":325,"req":"7172d5e3","bot":8429636798,"uid":1188061961,"user":"Re1ze_r","name":"Vadim BeerMarket","role":"admin","chat":1188061961,"cb_id":"5102687268148005422","msg_id":16909,"data":"usr:list:0","state":null}
{"t":"cb","ok":true,"ms":373,"req":"6ca748cc","bot":8429636798,"uid":1188061961,"user":"Re1ze_r","name":"Vadim BeerMarket","role":"admin","chat":1188061961,"cb_id":"5102687272258562825","msg_id":16909,"data":"usr:list:1","state":null}
{"t":"cb","ok":true,"ms":259,"req":"8a799f85","bot":8429636798,"uid":1188061961,"user":"Re1ze_r","name":"Vadim BeerMarket","role":"admin","chat":1188061961,"cb_id":"5102687268392455605","msg_id":16909,"data":"usr:sel:288807506:1","state":null}
{"t":"cb","ok":true,"ms":376,"req":"6e88f3ae","bot":8429636798,"uid":1188061961,"user":"Re1ze_r","name":"Vadim BeerMarket","role":"admin","chat":1188061961,"cb_id":"5102687271894592473","msg_id":16909,"data":"usr:list:1","state":null}
{"t":"cb","ok":true,"ms":429,"req":"38b17cb5","bot":8429636798,"uid":1188061961,"user":"Re1ze_r","name":"Vadim BeerMarket","role":"admin","chat":1188061961,"cb_id":"5102687268197592986","msg_id":16909,"data":"usr:sel:5241893038:1","state":null}
{"t":"cb","ok":true,"ms":283,"req":"362ac573","bot":8429636798,"uid":1188061961,"user":"Re1ze_r","name":"Vadim BeerMarket","role":"admin","chat":1188061961,"cb_id":"5102687268704049339","msg_id":16909,"data":"usr:list:1","state":null}
{"t":"cb","ok":true,"ms":265,"req":"52e075a8","bot":8429636798,"uid":1188061961,"user":"Re1ze_r","name":"Vadim BeerMarket","role":"admin","chat":1188061961,"cb_id":"5102687269545730654","msg_id":16909,"data":"usr:sel:8668259399:1","state":null}
{"t":"cb","ok":true,"ms":266,"req":"4ff66c8e","bot":8429636798,"uid":1188061961,"user":"Re1ze_r","name":"Vadim BeerMarket","role":"admin","chat":1188061961,"cb_id":"5102687271137791286","msg_id":16909,"data":"usr:list:1","state":null}
{"t":"cb","ok":true,"ms":275,"req":"fc71f613","bot":8429636798,"uid":1188061961,"user":"Re1ze_r","name":"Vadim BeerMarket","role":"admin","chat":1188061961,"cb_id":"5102687269257060987","msg_id":16909,"data":"usr:sel:5241893038:1","state":null}
{"t":"cb","ok":true,"ms":275,"req":"0a3c76ae","bot":8429636798,"uid":1188061961,"user":"Re1ze_r","name":"Vadim BeerMarket","role":"admin","chat":1188061961,"cb_id":"5102687270677680554","msg_id":16909,"data":"usr:editname:5241893038","state":"AdminUserEditStates:waiting_name"}
{"t":"msg","ok":true,"ms":138,"req":"50b4d924","bot":8429636798,"uid":1188061961,"user":"Re1ze_r","name":"Vadim BeerMarket","role":"admin","chat":1188061961,"chat_type":"private","msg_id":16911,"kind":"text","text":"Десятов","caption_len":0,"entities":0,"state":null}
{"t":"cb","ok":true,"ms":258,"req":"89202499","bot":8429636798,"uid":1188061961,"user":"Re1ze_r","name":"Vadim BeerMarket","role":"admin","chat":1188061961,"cb_id":"5102687271277499662","msg_id":16909,"data":"usr:list:1","state":null}
{"t":"cb","ok":true,"ms":258,"req":"7ec6c75b","bot":8429636798,"uid":1188061961,"user":"Re1ze_r","name":"Vadim BeerMarket","role":"admin","chat":1188061961,"cb_id":"5102687268499265576","msg_id":16909,"data":"usr:sel:237087423:1","state":null}
{"t":"cb","ok":true,"ms":265,"req":"55a674d5","bot":8429636798,"uid":1188061961,"user":"Re1ze_r","name":"Vadim BeerMarket","role":"admin","chat":1188061961,"cb_id":"5102687268575090523","msg_id":16909,"data":"usr:list:1","state":null}
{"t":"cb","ok":true,"ms":403,"req":"221e9c3f","bot":8429636798,"uid":1188061961,"user":"Re1ze_r","name":"Vadim BeerMarket","role":"admin","chat":1188061961,"cb_id":"5102687270501743736","msg_id":16909,"data":"menu:back","state":null}
{"t":"msg","ok":true,"ms":152,"req":"727a4efb","bot":8429636798,"uid":1188061961,"user":"Re1ze_r","name":"Vadim BeerMarket","role":"admin","chat":1188061961,"chat_type":"private","msg_id":16914,"kind":"text","text":"▶️ Старт","caption_len":0,"entities":0,"state":null}
{"t":"msg","ok":true,"ms":152,"req":"eb2206ca","bot":8429636798,"uid":1188061961,"user":"Re1ze_r","name":"Vadim BeerMarket","role":"admin","chat":1188061961,"chat_type":"private","msg_id":16916,"kind":"text","text":"👥 Пользователи","caption_len":0,"entities":0,"state":null}
{"t":"cb","ok":true,"ms":256,"req":"abe429a8","bot":8429636798,"uid":1188061961,"user":"Re1ze_r","name":"Vadim BeerMarket","role":"admin","chat":1188061961,"cb_id":"5102687268135515344","msg_id":16917,"data":"usr:sel:1188061961:0","state":null}
{"t":"cb","ok":true,"ms":1161,"req":"e4e879dd","bot":8429636798,"uid":1188061961,"user":"Re1ze_r","name":"Vadim BeerMarket","role":"client","chat":1188061961,"cb_id":"5102687268823623451","msg_id":16917,"data":"usr:setrole:1188061961:client","state":null}
{"t":"msg","ok":true,"ms":216,"req":"df2c5c8a","bot":8429636798,"uid":1188061961,"user":"Re1ze_r","name":"Vadim BeerMarket","role":"client","chat":1188061961,"chat_type":"private","msg_id":16923,"kind":"text","text":"▶️ Старт","caption_len":0,"entities":0,"state":null}
{"t":"msg","ok":true,"ms":371,"req":"67518e72","bot":8429636798,"uid":1188061961,"user":"Re1ze_r","name":"Vadim BeerMarket","role":"client","chat":1188061961,"chat_type":"private","msg_id":16925,"kind":"text","text":"🏢 Моя карточка","caption_len":0,"entities":0,"state":null}
{"t":"msg","ok":true,"ms":159,"req":"2d6cd609","bot":8429636798,"uid":1188061961,"user":"Re1ze_r","name":"Vadim BeerMarket","role":"client","chat":1188061961,"chat_type":"private","msg_id":16928,"kind":"text","text":"✏️ Изменить название","caption_len":0,"entities":0,"state":"ClientEditStates:waiting_new_name"}
{"t":"msg","ok":true,"ms":147,"req":"659ce243","bot":8429636798,"uid":1188061961,"user":"Re1ze_r","name":"Vadim BeerMarket","role":"client","chat":1188061961,"chat_type":"private","msg_id":16930,"kind":"text","text":"Цветкова","caption_len":0,"entities":0,"state":null}
{"t":"msg","ok":true,"ms":311,"req":"f7af78af","bot":8429636798,"uid":1188061961,"user":"Re1ze_r","name":"Vadim BeerMarket","role":"client","chat":1188061961,"chat_type":"private","msg_id":16932,"kind":"text","text":"🏢 Моя карточка","caption_len":0,"entities":0,"state":null}
{"t":"msg","ok":true,"ms":232,"req":"17244e8a","bot":8429636798,"uid":1188061961,"user":"Re1ze_r","name":"Vadim BeerMarket","role":"client","chat":1188061961,"chat_type":"private","msg_id":16935,"kind":"text","text":"✏️ Изменить название","caption_len":0,"entities":0,"state":"ClientEditStates:waiting_new_name"}
{"t":"msg","ok":true,"ms":138,"req":"e8683159","bot":8429636798,"uid":1188061961,"user":"Re1ze_r","name":"Vadim BeerMarket","role":"client","chat":1188061961,"chat_type":"private","msg_id":16937,"kind":"text","text":"Волкова","caption_len":0,"entities":0,"state":null}
{"t":"msg","ok":true,"ms":307,"req":"45d11e57","bot":8429636798,"uid":1188061961,"user":"Re1ze_r","name":"Vadim BeerMarket","role":"client","chat":1188061961,"chat_type":"private","msg_id":16939,"kind":"text","text":"🏢 Моя карточка","caption_len":0,"entities":0,"state":null}
{"t":"msg","ok":true,"ms":159,"req":"107723b6","bot":8429636798,"uid":1188061961,"user":"Re1ze_r","name":"Vadim BeerMarket","role":"client","chat":1188061961,"chat_type":"private","msg_id":16942,"kind":"text","text":"✏️ Изменить название","caption_len":0,"entities":0,"state":"ClientEditStates:waiting_new_name"}
{"t":"msg","ok":true,"ms":220,"req":"46d41fb6","bot":8429636798,"uid":1188061961,"user":"Re1ze_r","name":"Vadim BeerMarket","role":"client","chat":1188061961,"chat_type":"private","msg_id":16944,"kind":"text","text":"Волков","caption_len":0,"entities":0,"state":null}
{"t":"msg","ok":true,"ms":315,"req":"b71f8fe3","bot":8429636798,"uid":1188061961,"user":"Re1ze_r","name":"Vadim BeerMarket","role":"client","chat":1188061961,"chat_type":"private","msg_id":16946,"kind":"text","text":"🏢 Моя карточка","caption_len":0,"entities":0,"state":null}
{"t":"msg","ok":true,"ms":196,"req":"b501227d","bot":8429636798,"uid":1188061961,"user":"Re1ze_r","name":"Vadim BeerMarket","role":"client","chat":1188061961,"chat_type":"private","msg_id":16949,"kind":"text","text":"✏️ Изменить название","caption_len":0,"entities":0,"state":"ClientEditStates:waiting_new_name"}
{"t":"msg","ok":true,"ms":159,"req":"b0921b22","bot":8429636798,"uid":1188061961,"user":"Re1ze_r","name":"Vadim BeerMarket","role":"client","chat":1188061961,"chat_type":"private","msg_id":16951,"kind":"text","text":"Смирнов","caption_len":0,"entities":0,"state":null}
{"t":"msg","ok":true,"ms":659,"req":"cada9e4f","bot":8429636798,"uid":1188061961,"user":"Re1ze_r","name":"Vadim BeerMarket","role":"client","chat":1188061961,"chat_type":"private","msg_id":16953,"kind":"text","text":"🏢 Моя карточка","caption_len":0,"entities":0,"state":null}
{"t":"cb","ok":true,"ms":410,"req":"e9453917","bot":8429636798,"uid":1188061961,"user":"Re1ze_r","name":"Vadim BeerMarket","role":"client","chat":1188061961,"cb_id":"5102687268828555766","msg_id":16955,"data":"menu:back","state":null}
{"t":"msg","ok":true,"ms":137,"req":"50e19a10","bot":8429636798,"uid":1188061961,"user":"Re1ze_r","name":"Vadim BeerMarket","role":"client","chat":1188061961,"chat_type":"private","msg_id":16957,"kind":"text","text":"✏️ Изменить название","caption_len":0,"entities":0,"state":"ClientEditStates:waiting_new_name"}
{"t":"msg","ok":true,"ms":229,"req":"ec5c5af3","bot":8429636798,"uid":1188061961,"user":"Re1ze_r","name":"Vadim BeerMarket","role":"client","chat":1188061961,"chat_type":"private","msg_id":16959,"kind":"text","text":"Филак","caption_len":0,"entities":0,"state":null}
{"t":"msg","ok":true,"ms":299,"req":"21dfc2de","bot":8429636798,"uid":1188061961,"user":"Re1ze_r","name":"Vadim BeerMarket","role":"client","chat":1188061961,"chat_type":"private","msg_id":16961,"kind":"text","text":"🏢 Моя карточка","caption_len":0,"entities":0,"state":null}
{"t":"msg","ok":true,"ms":190,"req":"b7e49eda","bot":8429636798,"uid":1188061961,"user":"Re1ze_r","name":"Vadim BeerMarket","role":"client","chat":1188061961,"chat_type":"private","msg_id":16964,"kind":"text","text":"✏️ Изменить название","caption_len":0,"entities":0,"state":"ClientEditStates:waiting_new_name"}
{"t":"msg","ok":true,"ms":141,"req":"1b3d7bb2","bot":8429636798,"uid":1188061961,"user":"Re1ze_r","name":"Vadim BeerMarket","role":"client","chat":1188061961,"chat_type":"private","msg_id":16966,"kind":"text","text":"Рабочий","caption_len":0,"entities":0,"state":null}
{"t":"msg","ok":true,"ms":4059,"req":"359657d6","bot":8429636798,"uid":237087423,"user":"Freep_o_0_rn","name":"Freep_o_0_rn","role":"admin","chat":237087423,"chat_type":"private","msg_id":16968,"kind":"text","text":"👥 Пользователи","caption_len":0,"entities":0,"state":null}
{"t":"msg","ok":true,"ms":262,"req":"50ce1c4c","bot":8429636798,"uid":237087423,"user":"Freep_o_0_rn","name":"Freep_o_0_rn","role":"admin","chat":237087423,"chat_type":"private","msg_id":16970,"kind":"text","text":"🏢 Клиенты","caption_len":0,"entities":0,"state":null}
{"t":"cb","ok":true,"ms":272,"req":"5212825f","bot":8429636798,"uid":237087423,"user":"Freep_o_0_rn","name":"Freep_o_0_rn","role":"admin","chat":237087423,"cb_id":"1018282729925971748","msg_id":16971,"data":"cc:view:2ffc3441-dd6c-4f16-afc8-8d8a0654af0f","state":null}
{"t":"msg","ok":true,"ms":362,"req":"6c2fcaec","bot":8429636798,"uid":237087423,"user":"Freep_o_0_rn","name":"Freep_o_0_rn","role":"admin","chat":237087423,"chat_type":"private","msg_id":16972,"kind":"text","text":"▶️ Старт","caption_len":0,"entities":0,"state":null}
{"t":"msg","ok":true,"ms":411,"req":"73dac867","bot":8429636798,"uid":237087423,"user":"Freep_o_0_rn","name":"Freep_o_0_rn","role":"admin","chat":237087423,"chat_type":"private","msg_id":16974,"kind":"text","text":"▶️ Старт","caption_len":0,"entities":0,"state":null}
{"t":"msg","ok":true,"ms":384,"req":"63601c45","bot":8429636798,"uid":237087423,"user":"Freep_o_0_rn","name":"Freep_o_0_rn","role":"admin","chat":237087423,"chat_type":"private","msg_id":16976,"kind":"text","text":"▶️ Старт","caption_len":0,"entities":0,"state":null}
{"t":"msg","ok":true,"ms":367,"req":"bc37a7b1","bot":8429636798,"uid":288807506,"user":"Yudzhik","name":"Анка Евгеньевна Колягина","role":"moderator","chat":288807506,"chat_type":"private","msg_id":16978,"kind":"text","text":"▶️ Старт","caption_len":0,"entities":0,"state":null}
{"t":"msg","ok":true,"ms":464,"req":"00887732","bot":8304099970,"uid":237087423,"user":"Freep_o_0_rn","name":"Freep_o_0_rn","role":"admin","chat":237087423,"chat_type":"private","msg_id":3123,"kind":"text","text":"▶️ Старт","caption_len":0,"entities":0,"state":null}
{"t":"msg","ok":true,"ms":156,"req":"4f0b2a91","bot":8304099970,"uid":237087423,"user":"Freep_o_0_rn","name":"Freep_o_0_rn","role":"admin","chat":237087423,"chat_type":"private","msg_id":3125,"kind":"text","text":"🔔 Уведомления","caption_len":0,"entities":0,"state":null}
{"t":"cb","ok":true,"ms":299,"req":"a40d8ae2","bot":8304099970,"uid":237087423,"user":"Freep_o_0_rn","name":"Freep_o_0_rn","role":"admin","chat":237087423,"cb_id":"1018282728578185057","msg_id":3126,"data":"notify:toggle:new_users","state":null}
{"t":"msg","ok":true,"ms":479,"req":"ae79bd28","bot":8304099970,"uid":1188061961,"user":"Re1ze_r","name":"Vadim BeerMarket","role":"guest","chat":1188061961,"chat_type":"private","msg_id":3233,"kind":"text","text":"▶️ Старт","caption_len":0,"entities":0,"state":null}
{"t":"msg","ok":true,"ms":165,"req":"342489aa","bot":8304099970,"uid":1188061961,"user":"Re1ze_r","name":"Vadim BeerMarket","role":"guest","chat":1188061961,"chat_type":"private","msg_id":3235,"kind":"text","text":"🔔 Уведомления","caption_len":0,"entities":0,"state":null}
{"t":"msg","ok":true,"ms":433,"req":"8f1865ff","bot":8304099970,"uid":237087423,"user":"Freep_o_0_rn","name":"Freep_o_0_rn","role":"admin","chat":237087423,"chat_type":"private","msg_id":3237,"kind":"text","text":"👥 Пользователи","caption_len":0,"entities":0,"state":null}
{"t":"cb","ok":true,"ms":302,"req":"0c28356e","bot":8304099970,"uid":237087423,"user":"Freep_o_0_rn","name":"Freep_o_0_rn","role":"admin","chat":237087423,"cb_id":"1018282731814376069","msg_id":3238,"data":"usr:list:1","state":null}
{"t":"cb","ok":true,"ms":440,"req":"3645337b","bot":8304099970,"uid":237087423,"user":"Freep_o_0_rn","name":"Freep_o_0_rn","role":"admin","chat":237087423,"cb_id":"1018282731880690596","msg_id":3238,"data":"usr:sel:8668259399:1","state":null}
{"t":"cb","ok":true,"ms":303,"req":"de473857","bot":8304099970,"uid":237087423,"user":"Freep_o_0_rn","name":"Freep_o_0_rn","role":"admin","chat":237087423,"cb_id":"1018282732218365867","msg_id":3238,"data":"usr:list:1","state":null}
{"t":"cb","ok":true,"ms":419,"req":"9a1d2fae","bot":8304099970,"uid":237087423,"user":"Freep_o_0_rn","name":"Freep_o_0_rn","role":"admin","chat":237087423,"cb_id":"1018282731641737900","msg_id":3238,"data":"usr:sel:288807506:1","state":null}
{"t":"cb","ok":true,"ms":295,"req":"32ade06f","bot":8304099970,"uid":237087423,"user":"Freep_o_0_rn","name":"Freep_o_0_rn","role":"admin","chat":237087423,"cb_id":"1018282729044918115","msg_id":3238,"data":"usr:list:1","state":null}
{"t":"cb","ok":true,"ms":307,"req":"3313b9f5","bot":8304099970,"uid":237087423,"user":"Freep_o_0_rn","name":"Freep_o_0_rn","role":"admin","chat":237087423,"cb_id":"1018282728801760506","msg_id":3238,"data":"usr:sel:237087423:1","state":null}
{"t":"cb","ok":true,"ms":355,"req":"25838853","bot":8304099970,"uid":237087423,"user":"Freep_o_0_rn","name":"Freep_o_0_rn","role":"admin","chat":237087423,"cb_id":"1018282730526107896","msg_id":3238,"data":"usr:list:1","state":null}
{"t":"cb","ok":true,"ms":429,"req":"607c8f98","bot":8304099970,"uid":237087423,"user":"Freep_o_0_rn","name":"Freep_o_0_rn","role":"admin","chat":237087423,"cb_id":"1018282731667053540","msg_id":3238,"data":"req:list:0","state":null}
{"t":"cb","ok":true,"ms":297,"req":"2b9023f5","bot":8304099970,"uid":237087423,"user":"Freep_o_0_rn","name":"Freep_o_0_rn","role":"admin","chat":237087423,"cb_id":"1018282731310657520","msg_id":3238,"data":"usr:list:0","state":null}
{"t":"cb","ok":true,"ms":306,"req":"c04e1e0a","bot":8304099970,"uid":237087423,"user":"Freep_o_0_rn","name":"Freep_o_0_rn","role":"admin","chat":237087423,"cb_id":"1018282728562999221","msg_id":3238,"data":"usr:list:1","state":null}
{"t":"cb","ok":true,"ms":482,"req":"883dbc72","bot":8304099970,"uid":237087423,"user":"Freep_o_0_rn","name":"Freep_o_0_rn","role":"admin","chat":237087423,"cb_id":"1018282730861458677","msg_id":3238,"data":"menu:back","state":null}
{"t":"msg","ok":true,"ms":159,"req":"6290f079","bot":8304099970,"uid":237087423,"user":"Freep_o_0_rn","name":"Freep_o_0_rn","role":"admin","chat":237087423,"chat_type":"private","msg_id":3240,"kind":"text","text":"⚙️ Фильтры","caption_len":0,"entities":0,"state":null}
{"t":"msg","ok":true,"ms":235,"req":"bae9f599","bot":8304099970,"uid":237087423,"user":"Freep_o_0_rn","name":"Freep_o_0_rn","role":"admin","chat":237087423,"chat_type":"private","msg_id":3242,"kind":"text","text":"▶️ Старт","caption_len":0,"entities":0,"state":null}
{"t":"msg","ok":true,"ms":168,"req":"d8c84aab","bot":8304099970,"uid":1188061961,"user":"Re1ze_r","name":"Vadim BeerMarket","role":"guest","chat":1188061961,"chat_type":"private","msg_id":3244,"kind":"text","text":"▶️ Старт","caption_len":0,"entities":0,"state":null}
{"t":"msg","ok":true,"ms":165,"req":"44576e03","bot":8304099970,"uid":1188061961,"user":"Re1ze_r","name":"Vadim BeerMarket","role":"guest","chat":1188061961,"chat_type":"private","msg_id":3246,"kind":"text","text":"🔔 Уведомления","caption_len":0,"entities":0,"state":null}
{"t":"msg","ok":true,"ms":183,"req":"5faa4c40","bot":8304099970,"uid":1188061961,"user":"Re1ze_r","name":"Vadim BeerMarket","role":"guest","chat":1188061961,"chat_type":"private","msg_id":3248,"kind":"text","text":"📝 Заявка на роль","caption_len":0,"entities":0,"state":null}
{"t":"cb","ok":false,"ms":2,"req":"a4e994a6","bot":8304099970,"uid":1188061961,"user":"Re1ze_r","name":"Vadim BeerMarket","role":"guest","chat":1188061961,"cb_id":"5102687271229999602","msg_id":3249,"data":"rr:new:admin","state":null}
{"t":"error","req":"a4e994a6","exc":"TypeError: create_role_request() got an unexpected keyword argument 'requested_role'"}
{"t":"msg","ok":true,"ms":451,"req":"92cdde6a","bot":8304099970,"uid":1188061961,"user":"Re1ze_r","name":"Vadim BeerMarket","role":"guest","chat":1188061961,"chat_type":"private","msg_id":3251,"kind":"text","text":"▶️ Старт","caption_len":0,"entities":0,"state":null}
{"t":"msg","ok":true,"ms":166,"req":"4db4cb98","bot":8304099970,"uid":1188061961,"user":"Re1ze_r","name":"Vadim BeerMarket","role":"guest","chat":1188061961,"chat_type":"private","msg_id":3253,"kind":"text","text":"📝 Заявка на роль","caption_len":0,"entities":0,"state":null}
{"event":"role_request_created","user_id":1188061961,"target_role":"client","request_id":"34fd42e5-0225-4d31-b5f0-73c41d548af1"}
{"t":"cb","ok":true,"ms":782,"req":"e912b5e7","bot":8304099970,"uid":1188061961,"user":"Re1ze_r","name":"Vadim BeerMarket","role":"guest","chat":1188061961,"cb_id":"5102687268174425394","msg_id":3254,"data":"rr:new:client","state":null}
{"t":"msg","ok":true,"ms":159,"req":"8064a692","bot":8304099970,"uid":237087423,"user":"Freep_o_0_rn","name":"Freep_o_0_rn","role":"admin","chat":237087423,"chat_type":"private","msg_id":3257,"kind":"text","text":"🔔 Уведомления","caption_len":0,"entities":0,"state":null}
{"t":"msg","ok":true,"ms":177,"req":"af6555f8","bot":8304099970,"uid":237087423,"user":"Freep_o_0_rn","name":"Freep_o_0_rn","role":"admin","chat":237087423,"chat_type":"private","msg_id":3259,"kind":"text","text":"👥 Пользователи","caption_len":0,"entities":0,"state":null}
{"t":"cb","ok":true,"ms":701,"req":"eadf8992","bot":8304099970,"uid":237087423,"user":"Freep_o_0_rn","name":"Freep_o_0_rn","role":"admin","chat":237087423,"cb_id":"1018282729766809141","msg_id":3260,"data":"req:list:0","state":null}
{"t":"cb","ok":true,"ms":307,"req":"4ede364f","bot":8304099970,"uid":237087423,"user":"Freep_o_0_rn","name":"Freep_o_0_rn","role":"admin","chat":237087423,"cb_id":"1018282732319807219","msg_id":3260,"data":"req:view:34fd42e5-0225-4d31-b5f0-73c41d548af1:0","state":null}
{"t":"cb","ok":true,"ms":306,"req":"e88e1100","bot":8304099970,"uid":237087423,"user":"Freep_o_0_rn","name":"Freep_o_0_rn","role":"admin","chat":237087423,"cb_id":"1018282730415162268","msg_id":3260,"data":"req:list:0","state":null}
{"t":"msg","ok":true,"ms":178,"req":"c545492b","bot":8304099970,"uid":1188061961,"user":"Re1ze_r","name":"Vadim BeerMarket","role":"guest","chat":1188061961,"chat_type":"private","msg_id":3261,"kind":"text","text":"▶️ Старт","caption_len":0,"entities":0,"state":null}
{"t":"msg","ok":true,"ms":160,"req":"c5f3de41","bot":8304099970,"uid":1188061961,"user":"Re1ze_r","name":"Vadim BeerMarket","role":"guest","chat":1188061961,"chat_type":"private","msg_id":3263,"kind":"text","text":"📝 Заявка на роль","caption_len":0,"entities":0,"state":null}
{"t":"cb","ok":true,"ms":313,"req":"9c3d9371","bot":8304099970,"uid":237087423,"user":"Freep_o_0_rn","name":"Freep_o_0_rn","role":"admin","chat":237087423,"cb_id":"1018282730250406394","msg_id":3260,"data":"req:view:34fd42e5-0225-4d31-b5f0-73c41d548af1:0","state":null}
{"event":"role_request_approved","request_id":"34fd42e5-0225-4d31-b5f0-73c41d548af1","decider":237087423,"target_user":1188061961,"target_role":"client"}
{"t":"cb","ok":true,"ms":1371,"req":"6f43cadc","bot":8304099970,"uid":237087423,"user":"Freep_o_0_rn","name":"Freep_o_0_rn","role":"admin","chat":237087423,"cb_id":"1018282732249250520","msg_id":3260,"data":"req:approve:34fd42e5-0225-4d31-b5f0-73c41d548af1:0","state":null}
{"t":"cb","ok":true,"ms":337,"req":"d245919f","bot":8304099970,"uid":237087423,"user":"Freep_o_0_rn","name":"Freep_o_0_rn","role":"admin","chat":237087423,"cb_id":"1018282730501268443","msg_id":3260,"data":"usr:list:0","state":null}
{"t":"cb","ok":true,"ms":614,"req":"1e44494c","bot":8304099970,"uid":237087423,"user":"Freep_o_0_rn","name":"Freep_o_0_rn","role":"admin","chat":237087423,"cb_id":"1018282731177250963","msg_id":3260,"data":"usr:list:1","state":null}
{"t":"cb","ok":true,"ms":318,"req":"90a9fca7","bot":8304099970,"uid":237087423,"user":"Freep_o_0_rn","name":"Freep_o_0_rn","role":"admin","chat":237087423,"cb_id":"1018282729165808529","msg_id":3260,"data":"usr:sel:288807506:1","state":null}
{"t":"cb","ok":true,"ms":692,"req":"a91622fd","bot":8304099970,"uid":237087423,"user":"Freep_o_0_rn","name":"Freep_o_0_rn","role":"admin","chat":237087423,"cb_id":"1018282732057819110","msg_id":3260,"data":"usr:list:1","state":null}
{"t":"cb","ok":true,"ms":475,"req":"b825ab46","bot":8304099970,"uid":237087423,"user":"Freep_o_0_rn","name":"Freep_o_0_rn","role":"admin","chat":237087423,"cb_id":"1018282728863089278","msg_id":3260,"data":"usr:sel:237087423:1","state":null}
{"t":"cb","ok":true,"ms":311,"req":"29c22f0c","bot":8304099970,"uid":237087423,"user":"Freep_o_0_rn","name":"Freep_o_0_rn","role":"admin","chat":237087423,"cb_id":"1018282728816795627","msg_id":3260,"data":"usr:del:237087423:1","state":"AdminUserEditStates:waiting_delete_confirm"}
{"t":"cb","ok":true,"ms":304,"req":"aab21c70","bot":8304099970,"uid":237087423,"user":"Freep_o_0_rn","name":"Freep_o_0_rn","role":"guest","chat":237087423,"cb_id":"1018282730316137261","msg_id":3268,"data":"usr:confirm_del:yes","state":null}
{"t":"msg","ok":true,"ms":165,"req":"7ad61925","bot":8304099970,"uid":1188061961,"user":"Re1ze_r","name":"Vadim BeerMarket","role":"client","chat":1188061961,"chat_type":"private","msg_id":3270,"kind":"text","text":"▶️ Старт","caption_len":0,"entities":0,"state":"OnboardStates:waiting_client_name"}
{"t":"cb","ok":true,"ms":467,"req":"e00d1d55","bot":8304099970,"uid":237087423,"user":"Freep_o_0_rn","name":"Freep_o_0_rn","role":"guest","chat":237087423,"cb_id":"1018282728198037605","msg_id":3269,"data":"menu:back","state":null}
{"t":"msg","ok":true,"ms":176,"req":"1d0ac640","bot":8304099970,"uid":237087423,"user":"Freep_o_0_rn","name":"Freep_o_0_rn","role":"guest","chat":237087423,"chat_type":"private","msg_id":3273,"kind":"text","text":"▶️ Старт","caption_len":0,"entities":0,"state":"OnboardStates:waiting_phone_contact"}
{"t":"msg","ok":true,"ms":157,"req":"8b6022f1","bot":8304099970,"uid":237087423,"user":"Freep_o_0_rn","name":"Freep_o_0_rn","role":"guest","chat":237087423,"chat_type":"private","msg_id":3275,"kind":"text","text":"/reset_role","caption_len":0,"entities":1,"state":"OnboardStates:waiting_phone_contact"}
{"t":"msg","ok":true,"ms":393,"req":"94c91189","bot":8304099970,"uid":237087423,"user":"Freep_o_0_rn","name":"Freep_o_0_rn","role":"guest","chat":237087423,"chat_type":"private","msg_id":3277,"kind":"contact","text":"","caption_len":0,"entities":0,"state":null}
{"t":"msg","ok":true,"ms":441,"req":"f64b358b","bot":8304099970,"uid":237087423,"user":"Freep_o_0_rn","name":"Freep_o_0_rn","role":"guest","chat":237087423,"chat_type":"private","msg_id":3280,"kind":"text","text":"/reset_role","caption_len":0,"entities":1,"state":"OnboardStates:waiting_role"}
{"t":"cb","ok":true,"ms":303,"req":"c36a0933","bot":8304099970,"uid":237087423,"user":"Freep_o_0_rn","name":"Freep_o_0_rn","role":"guest","chat":237087423,"cb_id":"1018282728954183467","msg_id":3282,"data":"ob:admin","state":"OnboardStates:waiting_admin_password"}
{"t":"msg","ok":true,"ms":370,"req":"27f51877","bot":8304099970,"uid":237087423,"user":"Freep_o_0_rn","name":"Freep_o_0_rn","role":"admin","chat":237087423,"chat_type":"private","msg_id":3283,"kind":"text","text":"99654511","caption_len":0,"entities":0,"state":"OnboardStates:waiting_phone_contact"}
{"t":"msg","ok":true,"ms":340,"req":"33cf6858","bot":8304099970,"uid":237087423,"user":"Freep_o_0_rn","name":"Freep_o_0_rn","role":"admin","chat":237087423,"chat_type":"private","msg_id":3286,"kind":"contact","text":"","caption_len":0,"entities":0,"state":null}
{"t":"msg","ok":true,"ms":164,"req":"5aa84231","bot":8304099970,"uid":237087423,"user":"Freep_o_0_rn","name":"Freep_o_0_rn","role":"admin","chat":237087423,"chat_type":"private","msg_id":3289,"kind":"text","text":"👥 Пользователи","caption_len":0,"entities":0,"state":null}
{"t":"cb","ok":true,"ms":319,"req":"12f530d4","bot":8304099970,"uid":237087423,"user":"Freep_o_0_rn","name":"Freep_o_0_rn","role":"admin","chat":237087423,"cb_id":"1018282728210574472","msg_id":3290,"data":"usr:list:1","state":null}
{"t":"cb","ok":true,"ms":316,"req":"d3173c63","bot":8304099970,"uid":237087423,"user":"Freep_o_0_rn","name":"Freep_o_0_rn","role":"admin","chat":237087423,"cb_id":"1018282730905464342","msg_id":3290,"data":"usr:sel:1188061961:1","state":null}
{"t":"cb","ok":true,"ms":312,"req":"77148dd0","bot":8304099970,"uid":237087423,"user":"Freep_o_0_rn","name":"Freep_o_0_rn","role":"admin","chat":237087423,"cb_id":"1018282728128272957","msg_id":3290,"data":"usr:del:1188061961:1","state":"AdminUserEditStates:waiting_delete_confirm"}
{"t":"cb","ok":true,"ms":318,"req":"8f0abbef","bot":8304099970,"uid":237087423,"user":"Freep_o_0_rn","name":"Freep_o_0_rn","role":"admin","chat":237087423,"cb_id":"1018282729374425812","msg_id":3291,"data":"usr:confirm_del:yes","state":null}
{"t":"msg","ok":true,"ms":163,"req":"0bef233c","bot":8304099970,"uid":1188061961,"user":"Re1ze_r","name":"Vadim BeerMarket","role":"guest","chat":1188061961,"chat_type":"private","msg_id":3293,"kind":"text","text":"/start","caption_len":0,"entities":1,"state":"OnboardStates:waiting_phone_contact"}
{"t":"msg","ok":true,"ms":379,"req":"0cf07cdf","bot":8304099970,"uid":1188061961,"user":"Re1ze_r","name":"Vadim BeerMarket","role":"guest","chat":1188061961,"chat_type":"private","msg_id":3295,"kind":"contact","text":"","caption_len":0,"entities":0,"state":null}
{"t":"msg","ok":true,"ms":170,"req":"4ab52fa7","bot":8304099970,"uid":1188061961,"user":"Re1ze_r","name":"Vadim BeerMarket","role":"guest","chat":1188061961,"chat_type":"private","msg_id":3298,"kind":"text","text":"🔔 Уведомления","caption_len":0,"entities":0,"state":null}
{"t":"msg","ok":true,"ms":163,"req":"c6f6dce3","bot":8304099970,"uid":1188061961,"user":"Re1ze_r","name":"Vadim BeerMarket","role":"guest","chat":1188061961,"chat_type":"private","msg_id":3300,"kind":"text","text":"📝 Заявка на роль","caption_len":0,"entities":0,"state":null}
{"event":"role_request_created","user_id":1188061961,"target_role":"client","request_id":"79a1ce81-3331-4fce-bcfe-cc0bef507348"}
{"t":"cb","ok":true,"ms":825,"req":"6aec5fc0","bot":8304099970,"uid":1188061961,"user":"Re1ze_r","name":"Vadim BeerMarket","role":"guest","chat":1188061961,"cb_id":"5102687269982475797","msg_id":3301,"data":"rr:new:client","state":null}
{"t":"msg","ok":true,"ms":524,"req":"847d4993","bot":8304099970,"uid":1188061961,"user":"Re1ze_r","name":"Vadim BeerMarket","role":"guest","chat":1188061961,"chat_type":"private","msg_id":3304,"kind":"text","text":"▶️ Старт","caption_len":0,"entities":0,"state":null}
{"t":"msg","ok":true,"ms":321,"req":"9398ce18","bot":8304099970,"uid":1188061961,"user":"Re1ze_r","name":"Vadim BeerMarket","role":"guest","chat":1188061961,"chat_type":"private","msg_id":3306,"kind":"text","text":"📝 Заявка на роль","caption_len":0,"entities":0,"state":null}
{"t":"msg","ok":true,"ms":197,"req":"d9456126","bot":8304099970,"uid":237087423,"user":"Freep_o_0_rn","name":"Freep_o_0_rn","role":"admin","chat":237087423,"chat_type":"private","msg_id":3308,"kind":"text","text":"▶️ Старт","caption_len":0,"entities":0,"state":null}
{"t":"msg","ok":true,"ms":187,"req":"3c822d2c","bot":8304099970,"uid":237087423,"user":"Freep_o_0_rn","name":"Freep_o_0_rn","role":"admin","chat":237087423,"chat_type":"private","msg_id":3310,"kind":"text","text":"👥 Пользователи","caption_len":0,"entities":0,"state":null}
{"t":"cb","ok":true,"ms":331,"req":"236d9325","bot":8304099970,"uid":237087423,"user":"Freep_o_0_rn","name":"Freep_o_0_rn","role":"admin","chat":237087423,"cb_id":"1018282728622384686","msg_id":3311,"data":"req:list:0","state":null}
{"t":"cb","ok":true,"ms":310,"req":"59397df9","bot":8304099970,"uid":237087423,"user":"Freep_o_0_rn","name":"Freep_o_0_rn","role":"admin","chat":237087423,"cb_id":"1018282732220499848","msg_id":3311,"data":"req:view:79a1ce81-3331-4fce-bcfe-cc0bef507348:0","state":null}
{"t":"msg","ok":true,"ms":184,"req":"8b121485","bot":8304099970,"uid":1188061961,"user":"Re1ze_r","name":"Vadim BeerMarket","role":"guest","chat":1188061961,"chat_type":"private","msg_id":3312,"kind":"text","text":"▶️ Старт","caption_len":0,"entities":0,"state":null}
{"t":"cb","ok":true,"ms":546,"req":"83234cda","bot":8304099970,"uid":288807506,"user":"Yudzhik","name":"Анка Евгеньевна Колягина","role":"moderator","chat":288807506,"cb_id":"1240418795651483164","msg_id":3303,"data":"rr:decide:79a1ce81-3331-4fce-bcfe-cc0bef507348:approve","state":null}
{"event":"role_request_approved","request_id":"79a1ce81-3331-4fce-bcfe-cc0bef507348","decider":237087423,"target_user":1188061961,"target_role":"client"}
{"t":"cb","ok":true,"ms":1015,"req":"c085c1fc","bot":8304099970,"uid":237087423,"user":"Freep_o_0_rn","name":"Freep_o_0_rn","role":"admin","chat":237087423,"cb_id":"1018282729052118325","msg_id":3311,"data":"req:approve:79a1ce81-3331-4fce-bcfe-cc0bef507348:0","state":null}
{"t":"msg","ok":true,"ms":162,"req":"9cf8c5ec","bot":8304099970,"uid":1188061961,"user":"Re1ze_r","name":"Vadim BeerMarket","role":"client","chat":1188061961,"chat_type":"private","msg_id":3318,"kind":"text","text":"▶️ Старт","caption_len":0,"entities":0,"state":"OnboardStates:waiting_client_name"}
{"t":"msg","ok":true,"ms":361,"req":"d11326d8","bot":8304099970,"uid":1188061961,"user":"Re1ze_r","name":"Vadim BeerMarket","role":"guest","chat":1188061961,"chat_type":"private","msg_id":3320,"kind":"text","text":"👋 Остаться гостем","caption_len":0,"entities":0,"state":null}
{"t":"msg","ok":true,"ms":174,"req":"52b27c6f","bot":8304099970,"uid":1188061961,"user":"Re1ze_r","name":"Vadim BeerMarket","role":"guest","chat":1188061961,"chat_type":"private","msg_id":3323,"kind":"text","text":"▶️ Старт","caption_len":0,"entities":0,"state":null}
{"t":"msg","ok":true,"ms":161,"req":"01878f9c","bot":8304099970,"uid":1188061961,"user":"Re1ze_r","name":"Vadim BeerMarket","role":"guest","chat":1188061961,"chat_type":"private","msg_id":3325,"kind":"text","text":"📝 Заявка на роль","caption_len":0,"entities":0,"state":null}
{"event":"role_request_created","user_id":1188061961,"target_role":"client","request_id":"495fbee5-d72c-4332-82c9-c0fddccb8c03"}
{"t":"cb","ok":true,"ms":686,"req":"3ae2610d","bot":8304099970,"uid":1188061961,"user":"Re1ze_r","name":"Vadim BeerMarket","role":"guest","chat":1188061961,"cb_id":"5102687268443947651","msg_id":3326,"data":"rr:new:client","state":null}
{"t":"cb","ok":true,"ms":531,"req":"7f6124de","bot":8304099970,"uid":237087423,"user":"Freep_o_0_rn","name":"Freep_o_0_rn","role":"admin","chat":237087423,"cb_id":"1018282729885368302","msg_id":3327,"data":"rr:decide:495fbee5-d72c-4332-82c9-c0fddccb8c03:approve","state":null}
{"t":"msg","ok":true,"ms":220,"req":"2dce33a4","bot":8304099970,"uid":1188061961,"user":"Re1ze_r","name":"Vadim BeerMarket","role":"client","chat":1188061961,"chat_type":"private","msg_id":3332,"kind":"text","text":"▶️ Старт","caption_len":0,"entities":0,"state":"OnboardStates:waiting_client_name"}
{"t":"msg","ok":true,"ms":472,"req":"2f5c5793","bot":8304099970,"uid":237087423,"user":"Freep_o_0_rn","name":"Freep_o_0_rn","role":"admin","chat":237087423,"chat_type":"private","msg_id":3334,"kind":"text","text":"▶️ Старт","caption_len":0,"entities":0,"state":null}
{"t":"msg","ok":true,"ms":165,"req":"106e3ffd","bot":8304099970,"uid":237087423,"user":"Freep_o_0_rn","name":"Freep_o_0_rn","role":"admin","chat":237087423,"chat_type":"private","msg_id":3336,"kind":"text","text":"👥 Пользователи","caption_len":0,"entities":0,"state":null}
{"t":"cb","ok":true,"ms":386,"req":"20fdf82c","bot":8304099970,"uid":237087423,"user":"Freep_o_0_rn","name":"Freep_o_0_rn","role":"admin","chat":237087423,"cb_id":"1018282732250884065","msg_id":3337,"data":"req:list:0","state":null}
{"t":"cb","ok":true,"ms":312,"req":"9f906b28","bot":8304099970,"uid":237087423,"user":"Freep_o_0_rn","name":"Freep_o_0_rn","role":"admin","chat":237087423,"cb_id":"1018282729176077927","msg_id":3337,"data":"req:view:495fbee5-d72c-4332-82c9-c0fddccb8c03:0","state":null}
{"event":"role_request_rejected","request_id":"495fbee5-d72c-4332-82c9-c0fddccb8c03","decider":237087423,"target_user":1188061961,"target_role":"client"}
{"t":"cb","ok":true,"ms":812,"req":"9e415fb8","bot":8304099970,"uid":237087423,"user":"Freep_o_0_rn","name":"Freep_o_0_rn","role":"admin","chat":237087423,"cb_id":"1018282732097943279","msg_id":3337,"data":"req:reject:495fbee5-d72c-4332-82c9-c0fddccb8c03:0","state":null}
{"t":"cb","ok":true,"ms":342,"req":"8f087156","bot":8304099970,"uid":237087423,"user":"Freep_o_0_rn","name":"Freep_o_0_rn","role":"admin","chat":237087423,"cb_id":"1018282731436366235","msg_id":3337,"data":"usr:list:0","state":null}
{"t":"msg","ok":true,"ms":155,"req":"90fcedac","bot":8304099970,"uid":1188061961,"user":"Re1ze_r","name":"Vadim BeerMarket","role":"client","chat":1188061961,"chat_type":"private","msg_id":3339,"kind":"text","text":"/start","caption_len":0,"entities":1,"state":"OnboardStates:waiting_client_name"}
{"t":"cb","ok":true,"ms":324,"req":"be6d7e13","bot":8304099970,"uid":237087423,"user":"Freep_o_0_rn","name":"Freep_o_0_rn","role":"admin","chat":237087423,"cb_id":"1018282729248518650","msg_id":3337,"data":"usr:list:1","state":null}
{"t":"cb","ok":true,"ms":318,"req":"34f4b66c","bot":8304099970,"uid":237087423,"user":"Freep_o_0_rn","name":"Freep_o_0_rn","role":"admin","chat":237087423,"cb_id":"1018282729193679741","msg_id":3337,"data":"usr:sel:role_requests:1","state":null}
{"t":"cb","ok":true,"ms":300,"req":"7b4aa33d","bot":8304099970,"uid":237087423,"user":"Freep_o_0_rn","name":"Freep_o_0_rn","role":"admin","chat":237087423,"cb_id":"1018282728662586877","msg_id":3337,"data":"usr:list:1","state":null}
{"t":"cb","ok":true,"ms":348,"req":"aa981cff","bot":8304099970,"uid":237087423,"user":"Freep_o_0_rn","name":"Freep_o_0_rn","role":"admin","chat":237087423,"cb_id":"1018282728514849484","msg_id":3337,"data":"usr:sel:8668259399:1","state":null}
{"t":"cb","ok":true,"ms":337,"req":"1bae8a75","bot":8304099970,"uid":237087423,"user":"Freep_o_0_rn","name":"Freep_o_0_rn","role":"admin","chat":237087423,"cb_id":"1018282731786773321","msg_id":3337,"data":"usr:list:1","state":null}
{"t":"cb","ok":true,"ms":347,"req":"ca5e5ea9","bot":8304099970,"uid":237087423,"user":"Freep_o_0_rn","name":"Freep_o_0_rn","role":"admin","chat":237087423,"cb_id":"1018282729957480930","msg_id":3337,"data":"usr:list:0","state":null}
{"t":"cb","ok":true,"ms":346,"req":"904c9ee1","bot":8304099970,"uid":237087423,"user":"Freep_o_0_rn","name":"Freep_o_0_rn","role":"admin","chat":237087423,"cb_id":"1018282731077909940","msg_id":3337,"data":"usr:list:1","state":null}
{"t":"cb","ok":true,"ms":376,"req":"dc0c49e1","bot":8304099970,"uid":237087423,"user":"Freep_o_0_rn","name":"Freep_o_0_rn","role":"admin","chat":237087423,"cb_id":"1018282730062635811","msg_id":3337,"data":"usr:sel:role_requests:1","state":null}
{"t":"cb","ok":true,"ms":480,"req":"bd11a985","bot":8304099970,"uid":237087423,"user":"Freep_o_0_rn","name":"Freep_o_0_rn","role":"admin","chat":237087423,"cb_id":"1018282729376638102","msg_id":3337,"data":"usr:del:role_requests:1","state":"AdminUserEditStates:waiting_delete_confirm"}
{"t":"cb","ok":true,"ms":319,"req":"5aeac672","bot":8304099970,"uid":237087423,"user":"Freep_o_0_rn","name":"Freep_o_0_rn","role":"admin","chat":237087423,"cb_id":"1018282730555291236","msg_id":3341,"data":"usr:confirm_del:yes","state":null}
{"t":"cb","ok":true,"ms":546,"req":"22d2686d","bot":8304099970,"uid":237087423,"user":"Freep_o_0_rn","name":"Freep_o_0_rn","role":"admin","chat":237087423,"cb_id":"1018282730565830608","msg_id":3342,"data":"menu:back","state":null}
{"t":"msg","ok":true,"ms":209,"req":"20aa8af2","bot":8304099970,"uid":237087423,"user":"Freep_o_0_rn","name":"Freep_o_0_rn","role":"admin","chat":237087423,"chat_type":"private","msg_id":3344,"kind":"text","text":"▶️ Старт","caption_len":0,"entities":0,"state":null}
{"t":"msg","ok":true,"ms":170,"req":"c043e7d6","bot":8304099970,"uid":1188061961,"user":"Re1ze_r","name":"Vadim BeerMarket","role":"client","chat":1188061961,"chat_type":"private","msg_id":3346,"kind":"text","text":"/start","caption_len":0,"entities":1,"state":"OnboardStates:waiting_client_name"}
{"t":"msg","ok":true,"ms":169,"req":"d75ed678","bot":8304099970,"uid":1188061961,"user":"Re1ze_r","name":"Vadim BeerMarket","role":"client","chat":1188061961,"chat_type":"private","msg_id":3348,"kind":"text","text":"/start","caption_len":0,"entities":1,"state":"OnboardStates:waiting_client_name"}
{"t":"msg","ok":true,"ms":505,"req":"1c8d92c6","bot":8304099970,"uid":1188061961,"user":"Re1ze_r","name":"Vadim BeerMarket","role":"client","chat":1188061961,"chat_type":"private","msg_id":3350,"kind":"text","text":"/start","caption_len":0,"entities":1,"state":"OnboardStates:waiting_client_name"}
{"t":"msg","ok":true,"ms":357,"req":"f00a25aa","bot":8304099970,"uid":1188061961,"user":"Re1ze_r","name":"Vadim BeerMarket","role":"guest","chat":1188061961,"chat_type":"private","msg_id":3352,"kind":"text","text":"👋 Остаться гостем","caption_len":0,"entities":0,"state":null}
{"t":"msg","ok":true,"ms":174,"req":"c08dcc21","bot":8304099970,"uid":1188061961,"user":"Re1ze_r","name":"Vadim BeerMarket","role":"guest","chat":1188061961,"chat_type":"private","msg_id":3355,"kind":"text","text":"▶️ Старт","caption_len":0,"entities":0,"state":null}
{"t":"msg","ok":true,"ms":160,"req":"776c906a","bot":8304099970,"uid":1188061961,"user":"Re1ze_r","name":"Vadim BeerMarket","role":"guest","chat":1188061961,"chat_type":"private","msg_id":3357,"kind":"text","text":"📝 Заявка на роль","caption_len":0,"entities":0,"state":null}
{"t":"cb","ok":true,"ms":159,"req":"4806b9c2","bot":8304099970,"uid":1188061961,"user":"Re1ze_r","name":"Vadim BeerMarket","role":"guest","chat":1188061961,"cb_id":"5102687269816876604","msg_id":3358,"data":"rr:new:moderator","state":null}
{"t":"cb","ok":true,"ms":299,"req":"89a8a150","bot":8304099970,"uid":1188061961,"user":"Re1ze_r","name":"Vadim BeerMarket","role":"guest","chat":1188061961,"cb_id":"5102687268916283502","msg_id":3358,"data":"rr:new:cancel","state":null}
{"t":"msg","ok":true,"ms":158,"req":"f76e947c","bot":8304099970,"uid":237087423,"user":"Freep_o_0_rn","name":"Freep_o_0_rn","role":"admin","chat":237087423,"chat_type":"private","msg_id":3359,"kind":"text","text":"👥 Пользователи","caption_len":0,"entities":0,"state":null}
{"t":"cb","ok":true,"ms":311,"req":"2798612d","bot":8304099970,"uid":237087423,"user":"Freep_o_0_rn","name":"Freep_o_0_rn","role":"admin","chat":237087423,"cb_id":"1018282729680550130","msg_id":3360,"data":"usr:list:1","state":null}
{"t":"cb","ok":true,"ms":376,"req":"c2819f2d","bot":8304099970,"uid":237087423,"user":"Freep_o_0_rn","name":"Freep_o_0_rn","role":"admin","chat":237087423,"cb_id":"1018282730283190577","msg_id":3360,"data":"usr:sel:role_requests:1","state":null}
{"t":"msg","ok":true,"ms":200,"req":"d4030fe0","bot":8304099970,"uid":1188061961,"user":"Re1ze_r","name":"Vadim BeerMarket","role":"guest","chat":1188061961,"chat_type":"private","msg_id":3361,"kind":"text","text":"▶️ Старт","caption_len":0,"entities":0,"state":null}
{"t":"msg","ok":true,"ms":459,"req":"9149bc63","bot":8304099970,"uid":237087423,"user":"Freep_o_0_rn","name":"Freep_o_0_rn","role":"admin","chat":237087423,"chat_type":"private","msg_id":3364,"kind":"text","text":"👥 Пользователи","caption_len":0,"entities":0,"state":null}
{"t":"cb","ok":true,"ms":352,"req":"3d860eb7","bot":8304099970,"uid":237087423,"user":"Freep_o_0_rn","name":"Freep_o_0_rn","role":"admin","chat":237087423,"cb_id":"1018282730020917744","msg_id":3365,"data":"usr:list:1","state":null}
{"t":"cb","ok":true,"ms":342,"req":"8c435764","bot":8304099970,"uid":237087423,"user":"Freep_o_0_rn","name":"Freep_o_0_rn","role":"admin","chat":237087423,"cb_id":"1018282728082210836","msg_id":3365,"data":"usr:sel:1188061961:1","state":null}
{"t":"msg","ok":true,"ms":180,"req":"45239568","bot":8304099970,"uid":1188061961,"user":"Re1ze_r","name":"Vadim BeerMarket","role":"guest","chat":1188061961,"chat_type":"private","msg_id":3366,"kind":"text","text":"▶️ Старт","caption_len":0,"entities":0,"state":null}
{"t":"cb","ok":true,"ms":1272,"req":"89b40452","bot":8304099970,"uid":237087423,"user":"Freep_o_0_rn","name":"Freep_o_0_rn","role":"admin","chat":237087423,"cb_id":"1018282731543509244","msg_id":3365,"data":"usr:setrole:1188061961:client","state":null}
{"t":"msg","ok":true,"ms":193,"req":"c931be42","bot":8304099970,"uid":1188061961,"user":"Re1ze_r","name":"Vadim BeerMarket","role":"client","chat":1188061961,"chat_type":"private","msg_id":3371,"kind":"text","text":"▶️ Старт","caption_len":0,"entities":0,"state":"OnboardStates:waiting_client_name"}
{"t":"cb","ok":true,"ms":682,"req":"64834d66","bot":8304099970,"uid":237087423,"user":"Freep_o_0_rn","name":"Freep_o_0_rn","role":"admin","chat":237087423,"cb_id":"1018282731376215243","msg_id":3365,"data":"usr:del:1188061961:0","state":"AdminUserEditStates:waiting_delete_confirm"}
{"t":"cb","ok":true,"ms":352,"req":"e2358a2b","bot":8304099970,"uid":237087423,"user":"Freep_o_0_rn","name":"Freep_o_0_rn","role":"admin","chat":237087423,"cb_id":"1018282728922053536","msg_id":3373,"data":"usr:confirm_del:yes","state":null}
{"t":"msg","ok":true,"ms":171,"req":"c0a0812c","bot":8304099970,"uid":1188061961,"user":"Re1ze_r","name":"Vadim BeerMarket","role":"guest","chat":1188061961,"chat_type":"private","msg_id":3375,"kind":"text","text":"/start","caption_len":0,"entities":1,"state":"OnboardStates:waiting_phone_contact"}
{"t":"msg","ok":true,"ms":342,"req":"194abf8c","bot":8304099970,"uid":1188061961,"user":"Re1ze_r","name":"Vadim BeerMarket","role":"guest","chat":1188061961,"chat_type":"private","msg_id":3377,"kind":"contact","text":"","caption_len":0,"entities":0,"state":"OnboardStates:waiting_role"}
{"t":"msg","ok":true,"ms":377,"req":"ba6d42c6","bot":8304099970,"uid":1188061961,"user":"Re1ze_r","name":"Vadim BeerMarket","role":"guest","chat":1188061961,"chat_type":"private","msg_id":3380,"kind":"text","text":"👋 Остаться гостем","caption_len":0,"entities":0,"state":null}
{"t":"msg","ok":true,"ms":163,"req":"2572b4f0","bot":8304099970,"uid":1188061961,"user":"Re1ze_r","name":"Vadim BeerMarket","role":"guest","chat":1188061961,"chat_type":"private","msg_id":3383,"kind":"text","text":"📝 Заявка на роль","caption_len":0,"entities":0,"state":null}
{"event":"role_request_created","user_id":1188061961,"target_role":"client","request_id":"dac8a5dc-38bb-4789-8ed9-0b6020e10997"}
{"t":"cb","ok":true,"ms":649,"req":"3835af48","bot":8304099970,"uid":1188061961,"user":"Re1ze_r","name":"Vadim BeerMarket","role":"guest","chat":1188061961,"cb_id":"5102687268553668096","msg_id":3384,"data":"rr:new:client","state":null}
{"t":"cb","ok":true,"ms":513,"req":"6cc80f37","bot":8304099970,"uid":237087423,"user":"Freep_o_0_rn","name":"Freep_o_0_rn","role":"admin","chat":237087423,"cb_id":"1018282732152693325","msg_id":3385,"data":"rr:decide:dac8a5dc-38bb-4789-8ed9-0b6020e10997:approve","state":null}
{"t":"msg","ok":true,"ms":243,"req":"4c966db4","bot":8304099970,"uid":1188061961,"user":"Re1ze_r","name":"Vadim BeerMarket","role":"client","chat":1188061961,"chat_type":"private","msg_id":3390,"kind":"text","text":"▶️ Старт","caption_len":0,"entities":0,"state":"OnboardStates:waiting_client_name"}
{"t":"msg","ok":true,"ms":478,"req":"cd890c46","bot":8304099970,"uid":1188061961,"user":"Re1ze_r","name":"Vadim BeerMarket","role":"client","chat":1188061961,"chat_type":"private","msg_id":3393,"kind":"text","text":"/start","caption_len":0,"entities":1,"state":"OnboardStates:waiting_client_name"}
{"t":"cb","ok":true,"ms":311,"req":"c104c4ae","bot":8304099970,"uid":237087423,"user":"Freep_o_0_rn","name":"Freep_o_0_rn","role":"admin","chat":237087423,"cb_id":"1018282730265037749","msg_id":3374,"data":"usr:list:1","state":null}
{"t":"cb","ok":true,"ms":316,"req":"6be1e73b","bot":8304099970,"uid":237087423,"user":"Freep_o_0_rn","name":"Freep_o_0_rn","role":"admin","chat":237087423,"cb_id":"1018282732349930921","msg_id":3374,"data":"usr:sel:role_requests:1","state":null}
{"t":"cb","ok":true,"ms":339,"req":"5d4e4c9d","bot":8304099970,"uid":237087423,"user":"Freep_o_0_rn","name":"Freep_o_0_rn","role":"admin","chat":237087423,"cb_id":"1018282729832870884","msg_id":3374,"data":"usr:del:role_requests:1","state":"AdminUserEditStates:waiting_delete_confirm"}
{"t":"cb","ok":true,"ms":334,"req":"cc133450","bot":8304099970,"uid":237087423,"user":"Freep_o_0_rn","name":"Freep_o_0_rn","role":"admin","chat":237087423,"cb_id":"1018282730803282669","msg_id":3395,"data":"usr:confirm_del:yes","state":null}
{"t":"msg","ok":true,"ms":183,"req":"a4a3f2b0","bot":8304099970,"uid":1188061961,"user":"Re1ze_r","name":"Vadim BeerMarket","role":"client","chat":1188061961,"chat_type":"private","msg_id":3397,"kind":"text","text":"/start","caption_len":0,"entities":1,"state":"OnboardStates:waiting_client_name"}
{"t":"cb","ok":true,"ms":318,"req":"b57fc3ff","bot":8304099970,"uid":237087423,"user":"Freep_o_0_rn","name":"Freep_o_0_rn","role":"admin","chat":237087423,"cb_id":"1018282728927956278","msg_id":3396,"data":"usr:sel:role_requests:1","state":null}
{"t":"cb","ok":true,"ms":312,"req":"c8736ab8","bot":8304099970,"uid":237087423,"user":"Freep_o_0_rn","name":"Freep_o_0_rn","role":"admin","chat":237087423,"cb_id":"1018282729976610602","msg_id":3396,"data":"usr:del:role_requests:1","state":"AdminUserEditStates:waiting_delete_confirm"}
{"t":"cb","ok":true,"ms":341,"req":"a4e145bc","bot":8304099970,"uid":237087423,"user":"Freep_o_0_rn","name":"Freep_o_0_rn","role":"admin","chat":237087423,"cb_id":"1018282729921271073","msg_id":3399,"data":"usr:confirm_del:yes","state":null}
{"t":"msg","ok":true,"ms":172,"req":"73309ef7","bot":8304099970,"uid":237087423,"user":"Freep_o_0_rn","name":"Freep_o_0_rn","role":"admin","chat":237087423,"chat_type":"private","msg_id":3401,"kind":"text","text":"👥 Пользователи","caption_len":0,"entities":0,"state":null}
{"t":"cb","ok":true,"ms":482,"req":"eca24704","bot":8304099970,"uid":237087423,"user":"Freep_o_0_rn","name":"Freep_o_0_rn","role":"admin","chat":237087423,"cb_id":"1018282731152877530","msg_id":3402,"data":"usr:list:1","state":null}
{"t":"cb","ok":true,"ms":389,"req":"8530f51d","bot":8304099970,"uid":237087423,"user":"Freep_o_0_rn","name":"Freep_o_0_rn","role":"admin","chat":237087423,"cb_id":"1018282731395038032","msg_id":3402,"data":"usr:sel:role_requests:1","state":null}
{"t":"cb","ok":true,"ms":371,"req":"bca2f471","bot":8304099970,"uid":237087423,"user":"Freep_o_0_rn","name":"Freep_o_0_rn","role":"admin","chat":237087423,"cb_id":"1018282731721998354","msg_id":3402,"data":"usr:del:role_requests:1","state":"AdminUserEditStates:waiting_delete_confirm"}
{"t":"cb","ok":true,"ms":314,"req":"eea8525b","bot":8304099970,"uid":237087423,"user":"Freep_o_0_rn","name":"Freep_o_0_rn","role":"admin","chat":237087423,"cb_id":"1018282730535179994","msg_id":3403,"data":"usr:confirm_del:yes","state":null}
{"t":"cb","ok":true,"ms":320,"req":"2470fdd7","bot":8304099970,"uid":237087423,"user":"Freep_o_0_rn","name":"Freep_o_0_rn","role":"admin","chat":237087423,"cb_id":"1018282731513932477","msg_id":3404,"data":"usr:list:0","state":null}
{"t":"cb","ok":true,"ms":320,"req":"bdf274ed","bot":8304099970,"uid":237087423,"user":"Freep_o_0_rn","name":"Freep_o_0_rn","role":"admin","chat":237087423,"cb_id":"1018282729112038948","msg_id":3404,"data":"usr:list:1","state":null}
{"t":"cb","ok":true,"ms":350,"req":"58e145c5","bot":8304099970,"uid":237087423,"user":"Freep_o_0_rn","name":"Freep_o_0_rn","role":"admin","chat":237087423,"cb_id":"1018282728509623728","msg_id":3404,"data":"usr:sel:8668259399:1","state":null}
{"t":"cb","ok":true,"ms":429,"req":"553dfd64","bot":8304099970,"uid":237087423,"user":"Freep_o_0_rn","name":"Freep_o_0_rn","role":"admin","chat":237087423,"cb_id":"1018282731038051553","msg_id":3404,"data":"usr:list:1","state":null}
{"t":"cb","ok":true,"ms":364,"req":"34548427","bot":8304099970,"uid":237087423,"user":"Freep_o_0_rn","name":"Freep_o_0_rn","role":"admin","chat":237087423,"cb_id":"1018282731301572642","msg_id":3404,"data":"usr:sel:role_requests:1","state":null}
{"t":"cb","ok":true,"ms":391,"req":"eba6f6e2","bot":8304099970,"uid":237087423,"user":"Freep_o_0_rn","name":"Freep_o_0_rn","role":"admin","chat":237087423,"cb_id":"1018282728479765561","msg_id":3404,"data":"usr:del:role_requests:1","state":"AdminUserEditStates:waiting_delete_confirm"}
{"t":"cb","ok":true,"ms":313,"req":"986680cc","bot":8304099970,"uid":237087423,"user":"Freep_o_0_rn","name":"Freep_o_0_rn","role":"admin","chat":237087423,"cb_id":"1018282728392250713","msg_id":3405,"data":"usr:confirm_del:yes","state":null}
{"t":"msg","ok":true,"ms":177,"req":"77c4aa78","bot":8304099970,"uid":237087423,"user":"Freep_o_0_rn","name":"Freep_o_0_rn","role":"admin","chat":237087423,"chat_type":"private","msg_id":3407,"kind":"text","text":"👥 Пользователи","caption_len":0,"entities":0,"state":null}
{"t":"cb","ok":true,"ms":307,"req":"7ef0cd8d","bot":8304099970,"uid":237087423,"user":"Freep_o_0_rn","name":"Freep_o_0_rn","role":"admin","chat":237087423,"cb_id":"1018282730069258977","msg_id":3408,"data":"usr:list:1","state":null}
{"t":"msg","ok":true,"ms":617,"req":"ac200d9a","bot":8304099970,"uid":237087423,"user":"Freep_o_0_rn","name":"Freep_o_0_rn","role":"admin","chat":237087423,"chat_type":"private","msg_id":3409,"kind":"text","text":"▶️ Старт","caption_len":0,"entities":0,"state":null}
{"t":"msg","ok":true,"ms":177,"req":"f4c5bddd","bot":8304099970,"uid":237087423,"user":"Freep_o_0_rn","name":"Freep_o_0_rn","role":"admin","chat":237087423,"chat_type":"private","msg_id":3411,"kind":"text","text":"👥 Пользователи","caption_len":0,"entities":0,"state":null}
{"t":"cb","ok":true,"ms":369,"req":"b6d995e8","bot":8304099970,"uid":237087423,"user":"Freep_o_0_rn","name":"Freep_o_0_rn","role":"admin","chat":237087423,"cb_id":"1018282731181125625","msg_id":3412,"data":"usr:list:1","state":null}
{"t":"msg","ok":true,"ms":265,"req":"dd5c5bb8","bot":8304099970,"uid":1188061961,"user":"Re1ze_r","name":"Vadim BeerMarket","role":"client","chat":1188061961,"chat_type":"private","msg_id":3413,"kind":"text","text":"/start","caption_len":0,"entities":1,"state":"OnboardStates:waiting_client_name"}
{"t":"msg","ok":true,"ms":383,"req":"975b653e","bot":8304099970,"uid":1188061961,"user":"Re1ze_r","name":"Vadim BeerMarket","role":"guest","chat":1188061961,"chat_type":"private","msg_id":3415,"kind":"text","text":"👋 Остаться гостем","caption_len":0,"entities":0,"state":null}
{"t":"msg","ok":true,"ms":183,"req":"15f82191","bot":8304099970,"uid":1188061961,"user":"Re1ze_r","name":"Vadim BeerMarket","role":"guest","chat":1188061961,"chat_type":"private","msg_id":3418,"kind":"text","text":"▶️ Старт","caption_len":0,"entities":0,"state":null}
{"t":"cb","ok":true,"ms":371,"req":"c62d55f5","bot":8304099970,"uid":237087423,"user":"Freep_o_0_rn","name":"Freep_o_0_rn","role":"admin","chat":237087423,"cb_id":"1018282729465357392","msg_id":3412,"data":"usr:list:0","state":null}
{"t":"cb","ok":true,"ms":1712,"req":"703d100b","bot":8304099970,"uid":237087423,"user":"Freep_o_0_rn","name":"Freep_o_0_rn","role":"admin","chat":237087423,"cb_id":"1018282730499598664","msg_id":3412,"data":"usr:list:1","state":null}
{"t":"cb","ok":true,"ms":333,"req":"746efd5a","bot":8304099970,"uid":237087423,"user":"Freep_o_0_rn","name":"Freep_o_0_rn","role":"admin","chat":237087423,"cb_id":"1018282728524918724","msg_id":3412,"data":"usr:list:0","state":null}
{"t":"cb","ok":true,"ms":318,"req":"c33e2c2e","bot":8304099970,"uid":237087423,"user":"Freep_o_0_rn","name":"Freep_o_0_rn","role":"admin","chat":237087423,"cb_id":"1018282728837784893","msg_id":3412,"data":"usr:sel:8668259399:0","state":null}
{"t":"cb","ok":true,"ms":1406,"req":"d7a4650f","bot":8304099970,"uid":237087423,"user":"Freep_o_0_rn","name":"Freep_o_0_rn","role":"admin","chat":237087423,"cb_id":"1018282731024566083","msg_id":3412,"data":"usr:list:0","state":null}
{"t":"cb","ok":true,"ms":394,"req":"f02a6fe5","bot":8304099970,"uid":237087423,"user":"Freep_o_0_rn","name":"Freep_o_0_rn","role":"admin","chat":237087423,"cb_id":"1018282730293404726","msg_id":3412,"data":"usr:sel:role_requests:0","state":null}
{"t":"cb","ok":true,"ms":383,"req":"2cf429ac","bot":8304099970,"uid":237087423,"user":"Freep_o_0_rn","name":"Freep_o_0_rn","role":"admin","chat":237087423,"cb_id":"1018282732023773770","msg_id":3412,"data":"usr:del:role_requests:0","state":"AdminUserEditStates:waiting_delete_confirm"}
{"t":"cb","ok":true,"ms":326,"req":"23cca1ac","bot":8304099970,"uid":237087423,"user":"Freep_o_0_rn","name":"Freep_o_0_rn","role":"admin","chat":237087423,"cb_id":"1018282728813012124","msg_id":3420,"data":"usr:confirm_del:yes","state":null}
{"t":"cb","ok":true,"ms":779,"req":"bbb65947","bot":8304099970,"uid":237087423,"user":"Freep_o_0_rn","name":"Freep_o_0_rn","role":"admin","chat":237087423,"cb_id":"1018282730850985190","msg_id":3421,"data":"usr:sel:1188061961:0","state":null}
{"t":"msg","ok":true,"ms":203,"req":"61f287dc","bot":8304099970,"uid":1188061961,"user":"Re1ze_r","name":"Vadim BeerMarket","role":"guest","chat":1188061961,"chat_type":"private","msg_id":3422,"kind":"text","text":"📝 Заявка на роль","caption_len":0,"entities":0,"state":null}
{"t":"cb","ok":true,"ms":377,"req":"995b54c8","bot":8304099970,"uid":237087423,"user":"Freep_o_0_rn","name":"Freep_o_0_rn","role":"admin","chat":237087423,"cb_id":"1018282731267049799","msg_id":3421,"data":"usr:list:0","state":null}
{"t":"cb","ok":true,"ms":321,"req":"5d0f75cb","bot":8304099970,"uid":237087423,"user":"Freep_o_0_rn","name":"Freep_o_0_rn","role":"admin","chat":237087423,"cb_id":"1018282730064610517","msg_id":3421,"data":"req:list:0","state":null}
{"t":"cb","ok":true,"ms":331,"req":"48c503f2","bot":8304099970,"uid":237087423,"user":"Freep_o_0_rn","name":"Freep_o_0_rn","role":"admin","chat":237087423,"cb_id":"1018282730560157963","msg_id":3421,"data":"req:view:dac8a5dc-38bb-4789-8ed9-0b6020e10997:0","state":null}
{"event":"role_request_approved","request_id":"dac8a5dc-38bb-4789-8ed9-0b6020e10997","decider":237087423,"target_user":1188061961,"target_role":"client"}
{"t":"cb","ok":true,"ms":1487,"req":"6559c91c","bot":8304099970,"uid":237087423,"user":"Freep_o_0_rn","name":"Freep_o_0_rn","role":"admin","chat":237087423,"cb_id":"1018282730079116127","msg_id":3421,"data":"req:approve:dac8a5dc-38bb-4789-8ed9-0b6020e10997:0","state":null}
{"t":"msg","ok":true,"ms":199,"req":"0a4948f6","bot":8304099970,"uid":1188061961,"user":"Re1ze_r","name":"Vadim BeerMarket","role":"client","chat":1188061961,"chat_type":"private","msg_id":3427,"kind":"text","text":"📝 Заявка на роль","caption_len":0,"entities":0,"state":null}
{"event":"role_request_created","user_id":1188061961,"target_role":"sales_rep","request_id":"e7afbd24-8278-4158-8676-f03a564885a4"}
{"t":"cb","ok":true,"ms":848,"req":"c41c0d14","bot":8304099970,"uid":1188061961,"user":"Re1ze_r","name":"Vadim BeerMarket","role":"client","chat":1188061961,"cb_id":"5102687271115545488","msg_id":3428,"data":"rr:new:sales_rep","state":null}
{"t":"cb","ok":true,"ms":665,"req":"5799f053","bot":8304099970,"uid":237087423,"user":"Freep_o_0_rn","name":"Freep_o_0_rn","role":"admin","chat":237087423,"cb_id":"1018282728558758383","msg_id":3429,"data":"rr:decide:e7afbd24-8278-4158-8676-f03a564885a4:approve","state":null}
{"t":"msg","ok":true,"ms":310,"req":"21bcc1cc","bot":8304099970,"uid":1188061961,"user":"Re1ze_r","name":"Vadim BeerMarket","role":"sales_rep","chat":1188061961,"chat_type":"private","msg_id":3434,"kind":"text","text":"▶️ Старт","caption_len":0,"entities":0,"state":null}
{"t":"msg","ok":true,"ms":168,"req":"e227754d","bot":8304099970,"uid":1188061961,"user":"Re1ze_r","name":"Vadim BeerMarket","role":"sales_rep","chat":1188061961,"chat_type":"private","msg_id":3436,"kind":"text","text":"🔔 Уведомления","caption_len":0,"entities":0,"state":null}
{"t":"msg","ok":true,"ms":518,"req":"9a886d4d","bot":8304099970,"uid":237087423,"user":"Freep_o_0_rn","name":"Freep_o_0_rn","role":"admin","chat":237087423,"chat_type":"private","msg_id":3438,"kind":"text","text":"▶️ Старт","caption_len":0,"entities":0,"state":null}
{"t":"msg","ok":true,"ms":159,"req":"e74a70a7","bot":8304099970,"uid":237087423,"user":"Freep_o_0_rn","name":"Freep_o_0_rn","role":"admin","chat":237087423,"chat_type":"private","msg_id":3440,"kind":"text","text":"👥 Пользователи","caption_len":0,"entities":0,"state":null}
{"t":"cb","ok":true,"ms":310,"req":"268ed1a4","bot":8304099970,"uid":237087423,"user":"Freep_o_0_rn","name":"Freep_o_0_rn","role":"admin","chat":237087423,"cb_id":"1018282730411561321","msg_id":3441,"data":"usr:sel:role_requests:0","state":null}
{"t":"cb","ok":true,"ms":312,"req":"552f05f7","bot":8304099970,"uid":237087423,"user":"Freep_o_0_rn","name":"Freep_o_0_rn","role":"admin","chat":237087423,"cb_id":"1018282732202959420","msg_id":3441,"data":"usr:del:role_requests:0","state":"AdminUserEditStates:waiting_delete_confirm"}
{"t":"cb","ok":true,"ms":318,"req":"8ba79590","bot":8304099970,"uid":237087423,"user":"Freep_o_0_rn","name":"Freep_o_0_rn","role":"admin","chat":237087423,"cb_id":"1018282731186504343","msg_id":3442,"data":"usr:confirm_del:yes","state":null}
{"t":"cb","ok":true,"ms":602,"req":"c1f0800a","bot":8304099970,"uid":237087423,"user":"Freep_o_0_rn","name":"Freep_o_0_rn","role":"admin","chat":237087423,"cb_id":"1018282730435086074","msg_id":3443,"data":"usr:sel:1188061961:0","state":null}
{"t":"cb","ok":true,"ms":313,"req":"7de3a31c","bot":8304099970,"uid":237087423,"user":"Freep_o_0_rn","name":"Freep_o_0_rn","role":"admin","chat":237087423,"cb_id":"1018282730007714197","msg_id":3443,"data":"usr:del:1188061961:0","state":"AdminUserEditStates:waiting_delete_confirm"}
{"t":"cb","ok":true,"ms":318,"req":"8897e654","bot":8304099970,"uid":237087423,"user":"Freep_o_0_rn","name":"Freep_o_0_rn","role":"admin","chat":237087423,"cb_id":"1018282729585482224","msg_id":3444,"data":"usr:confirm_del:yes","state":null}
{"t":"msg","ok":true,"ms":197,"req":"9d59138b","bot":8304099970,"uid":1188061961,"user":"Re1ze_r","name":"Vadim BeerMarket","role":"guest","chat":1188061961,"chat_type":"private","msg_id":3446,"kind":"text","text":"▶️ Старт","caption_len":0,"entities":0,"state":"OnboardStates:waiting_role"}
{"t":"msg","ok":true,"ms":248,"req":"1b59d85e","bot":8304099970,"uid":1188061961,"user":"Re1ze_r","name":"Vadim BeerMarket","role":"guest","chat":1188061961,"chat_type":"private","msg_id":3448,"kind":"text","text":"🧑‍💼 Я торговый представитель","caption_len":0,"entities":0,"state":"OnboardStates:waiting_client_name"}
{"t":"msg","ok":true,"ms":1814,"req":"dc42adbe","bot":8304099970,"uid":1188061961,"user":"Re1ze_r","name":"Vadim BeerMarket","role":"sales_rep","chat":1188061961,"chat_type":"private","msg_id":3450,"kind":"text","text":"Колягин","caption_len":0,"entities":0,"state":null}
{"t":"msg","ok":true,"ms":314,"req":"fb48a8ed","bot":8304099970,"uid":1188061961,"user":"Re1ze_r","name":"Vadim BeerMarket","role":"sales_rep","chat":1188061961,"chat_type":"private","msg_id":3453,"kind":"text","text":"▶️ Старт","caption_len":0,"entities":0,"state":null}
{"t":"cb","ok":true,"ms":482,"req":"effef395","bot":8304099970,"uid":237087423,"user":"Freep_o_0_rn","name":"Freep_o_0_rn","role":"admin","chat":237087423,"cb_id":"1018282730694604190","msg_id":3445,"data":"menu:back","state":null}
{"t":"msg","ok":true,"ms":164,"req":"b16276b0","bot":8304099970,"uid":237087423,"user":"Freep_o_0_rn","name":"Freep_o_0_rn","role":"admin","chat":237087423,"chat_type":"private","msg_id":3456,"kind":"text","text":"👥 Пользователи","caption_len":0,"entities":0,"state":null}
{"t":"cb","ok":true,"ms":520,"req":"243404d5","bot":8304099970,"uid":237087423,"user":"Freep_o_0_rn","name":"Freep_o_0_rn","role":"admin","chat":237087423,"cb_id":"1018282729888322153","msg_id":3457,"data":"usr:sel:1188061961:0","state":null}
{"t":"cb","ok":true,"ms":295,"req":"9bb30284","bot":8304099970,"uid":237087423,"user":"Freep_o_0_rn","name":"Freep_o_0_rn","role":"admin","chat":237087423,"cb_id":"1018282729614365016","msg_id":3457,"data":"usr:del:1188061961:0","state":"AdminUserEditStates:waiting_delete_confirm"}
{"t":"cb","ok":true,"ms":342,"req":"23f5e5b5","bot":8304099970,"uid":237087423,"user":"Freep_o_0_rn","name":"Freep_o_0_rn","role":"admin","chat":237087423,"cb_id":"1018282730268645692","msg_id":3458,"data":"usr:confirm_del:yes","state":null}
{"t":"msg","ok":true,"ms":168,"req":"ec4ed13e","bot":8304099970,"uid":1188061961,"user":"Re1ze_r","name":"Vadim BeerMarket","role":"guest","chat":1188061961,"chat_type":"private","msg_id":3460,"kind":"text","text":"/start","caption_len":0,"entities":1,"state":"OnboardStates:waiting_role"}
{"t":"msg","ok":true,"ms":1238,"req":"bfebdea9","bot":8304099970,"uid":237087423,"user":"Freep_o_0_rn","name":"Freep_o_0_rn","role":"admin","chat":237087423,"chat_type":"private","msg_id":3462,"kind":"text","text":"▶️ Старт","caption_len":0,"entities":0,"state":null}
{"t":"msg","ok":true,"ms":175,"req":"16f8adfd","bot":8304099970,"uid":237087423,"user":"Freep_o_0_rn","name":"Freep_o_0_rn","role":"admin","chat":237087423,"chat_type":"private","msg_id":3464,"kind":"text","text":"👥 Пользователи","caption_len":0,"entities":0,"state":null}
{"t":"cb","ok":true,"ms":369,"req":"20fa9875","bot":8304099970,"uid":237087423,"user":"Freep_o_0_rn","name":"Freep_o_0_rn","role":"admin","chat":237087423,"cb_id":"1018282729793261576","msg_id":3465,"data":"usr:sel:1188061961:0","state":null}
{"t":"cb","ok":true,"ms":335,"req":"75fcc957","bot":8304099970,"uid":237087423,"user":"Freep_o_0_rn","name":"Freep_o_0_rn","role":"admin","chat":237087423,"cb_id":"1018282732326259654","msg_id":3465,"data":"usr:del:1188061961:0","state":"AdminUserEditStates:waiting_delete_confirm"}
{"t":"cb","ok":true,"ms":350,"req":"775ef208","bot":8304099970,"uid":237087423,"user":"Freep_o_0_rn","name":"Freep_o_0_rn","role":"admin","chat":237087423,"cb_id":"1018282728150630745","msg_id":3466,"data":"usr:confirm_del:yes","state":null}
{"t":"msg","ok":true,"ms":163,"req":"55e3a44c","bot":8304099970,"uid":1188061961,"user":"Re1ze_r","name":"Vadim BeerMarket","role":"guest","chat":1188061961,"chat_type":"private","msg_id":3468,"kind":"text","text":"/start","caption_len":0,"entities":1,"state":"OnboardStates:waiting_phone_contact"}
{"t":"msg","ok":true,"ms":457,"req":"dab81a29","bot":8304099970,"uid":1188061961,"user":"Re1ze_r","name":"Vadim BeerMarket","role":"guest","chat":1188061961,"chat_type":"private","msg_id":3470,"kind":"contact","text":"","caption_len":0,"entities":0,"state":"OnboardStates:waiting_role"}
{"t":"cb","ok":true,"ms":546,"req":"502edf42","bot":8304099970,"uid":237087423,"user":"Freep_o_0_rn","name":"Freep_o_0_rn","role":"admin","chat":237087423,"cb_id":"1018282729800289833","msg_id":3467,"data":"menu:back","state":null}
{"t":"msg","ok":true,"ms":177,"req":"e8360cf4","bot":8304099970,"uid":237087423,"user":"Freep_o_0_rn","name":"Freep_o_0_rn","role":"admin","chat":237087423,"chat_type":"private","msg_id":3474,"kind":"text","text":"👥 Пользователи","caption_len":0,"entities":0,"state":null}
{"t":"cb","ok":true,"ms":306,"req":"86750a09","bot":8304099970,"uid":237087423,"user":"Freep_o_0_rn","name":"Freep_o_0_rn","role":"admin","chat":237087423,"cb_id":"1018282729460881689","msg_id":3475,"data":"usr:sel:1188061961:0","state":null}
{"t":"msg","ok":true,"ms":372,"req":"631eb058","bot":8304099970,"uid":1188061961,"user":"Re1ze_r","name":"Vadim BeerMarket","role":"guest","chat":1188061961,"chat_type":"private","msg_id":3476,"kind":"text","text":"👋 Остаться гостем","caption_len":0,"entities":0,"state":null}
{"t":"cb","ok":true,"ms":305,"req":"59ed6e47","bot":8304099970,"uid":237087423,"user":"Freep_o_0_rn","name":"Freep_o_0_rn","role":"admin","chat":237087423,"cb_id":"1018282730835251655","msg_id":3475,"data":"usr:list:0","state":null}
{"t":"cb","ok":true,"ms":383,"req":"5262e77b","bot":8304099970,"uid":237087423,"user":"Freep_o_0_rn","name":"Freep_o_0_rn","role":"admin","chat":237087423,"cb_id":"1018282729429038616","msg_id":3475,"data":"usr:sel:1188061961:0","state":null}
{"t":"cb","ok":true,"ms":376,"req":"6ee61da2","bot":8304099970,"uid":237087423,"user":"Freep_o_0_rn","name":"Freep_o_0_rn","role":"admin","chat":237087423,"cb_id":"1018282732115172899","msg_id":3475,"data":"usr:notifymenu:1188061961:0","state":null}
{"t":"cb","ok":true,"ms":368,"req":"e8e996a2","bot":8304099970,"uid":237087423,"user":"Freep_o_0_rn","name":"Freep_o_0_rn","role":"admin","chat":237087423,"cb_id":"1018282730081547502","msg_id":3475,"data":"usr:sel:1188061961:0","state":null}
{"t":"msg","ok":true,"ms":172,"req":"6231e1b2","bot":8304099970,"uid":1188061961,"user":"Re1ze_r","name":"Vadim BeerMarket","role":"guest","chat":1188061961,"chat_type":"private","msg_id":3479,"kind":"text","text":"🔔 Уведомления","caption_len":0,"entities":0,"state":null}
{"t":"cb","ok":true,"ms":632,"req":"953ee972","bot":8304099970,"uid":237087423,"user":"Freep_o_0_rn","name":"Freep_o_0_rn","role":"admin","chat":237087423,"cb_id":"1018282728762426948","msg_id":3475,"data":"usr:list:0","state":null}
{"t":"msg","ok":true,"ms":286,"req":"3a1c4120","bot":8304099970,"uid":237087423,"user":"Freep_o_0_rn","name":"Freep_o_0_rn","role":"admin","chat":237087423,"chat_type":"private","msg_id":3481,"kind":"text","text":"▶️ Старт","caption_len":0,"entities":0,"state":null}
{"t":"msg","ok":true,"ms":256,"req":"60f9c8f0","bot":8304099970,"uid":237087423,"user":"Freep_o_0_rn","name":"Freep_o_0_rn","role":"admin","chat":237087423,"chat_type":"private","msg_id":3483,"kind":"text","text":"👥 Пользователи","caption_len":0,"entities":0,"state":null}
{"t":"cb","ok":true,"ms":301,"req":"ecc3eae7","bot":8304099970,"uid":237087423,"user":"Freep_o_0_rn","name":"Freep_o_0_rn","role":"admin","chat":237087423,"cb_id":"1018282730878277789","msg_id":3484,"data":"usr:list:1","state":null}
{"t":"cb","ok":true,"ms":358,"req":"a836c6e7","bot":8304099970,"uid":237087423,"user":"Freep_o_0_rn","name":"Freep_o_0_rn","role":"admin","chat":237087423,"cb_id":"1018282730981856414","msg_id":3484,"data":"usr:list:0","state":null}
{"t":"cb","ok":true,"ms":362,"req":"e8810a86","bot":8304099970,"uid":237087423,"user":"Freep_o_0_rn","name":"Freep_o_0_rn","role":"admin","chat":237087423,"cb_id":"1018282732180191558","msg_id":3484,"data":"usr:sel:288807506:0","state":null}
{"t":"cb","ok":true,"ms":375,"req":"68523108","bot":8304099970,"uid":237087423,"user":"Freep_o_0_rn","name":"Freep_o_0_rn","role":"admin","chat":237087423,"cb_id":"1018282730921277446","msg_id":3484,"data":"usr:list:0","state":null}
{"t":"msg","ok":true,"ms":194,"req":"e627d6ec","bot":8304099970,"uid":1188061961,"user":"Re1ze_r","name":"Vadim BeerMarket","role":"guest","chat":1188061961,"chat_type":"private","msg_id":3485,"kind":"text","text":"▶️ Старт","caption_len":0,"entities":0,"state":null}
{"t":"cb","ok":true,"ms":378,"req":"dbcc511d","bot":8304099970,"uid":237087423,"user":"Freep_o_0_rn","name":"Freep_o_0_rn","role":"admin","chat":237087423,"cb_id":"1018282730112553762","msg_id":3484,"data":"usr:sel:1188061961:0","state":null}
{"t":"cb","ok":true,"ms":346,"req":"9b01d398","bot":8304099970,"uid":237087423,"user":"Freep_o_0_rn","name":"Freep_o_0_rn","role":"admin","chat":237087423,"cb_id":"1018282730105703416","msg_id":3484,"data":"usr:del:1188061961:0","state":"AdminUserEditStates:waiting_delete_confirm"}
{"t":"cb","ok":true,"ms":406,"req":"cdfca1d1","bot":8304099970,"uid":237087423,"user":"Freep_o_0_rn","name":"Freep_o_0_rn","role":"admin","chat":237087423,"cb_id":"1018282729588847718","msg_id":3487,"data":"usr:confirm_del:yes","state":null}
{"t":"cb","ok":true,"ms":588,"req":"03bc7d49","bot":8304099970,"uid":237087423,"user":"Freep_o_0_rn","name":"Freep_o_0_rn","role":"admin","chat":237087423,"cb_id":"1018282730654581245","msg_id":3488,"data":"menu:back","state":null}
{"t":"msg","ok":true,"ms":160,"req":"56586e5d","bot":8304099970,"uid":237087423,"user":"Freep_o_0_rn","name":"Freep_o_0_rn","role":"admin","chat":237087423,"chat_type":"private","msg_id":3490,"kind":"text","text":"🔔 Уведомления","caption_len":0,"entities":0,"state":null}
{"t":"msg","ok":true,"ms":299,"req":"58e31669","bot":8304099970,"uid":1188061961,"user":"Re1ze_r","name":"Vadim BeerMarket","role":"guest","chat":1188061961,"chat_type":"private","msg_id":3494,"kind":"text","text":"/start","caption_len":0,"entities":1,"state":"OnboardStates:waiting_phone_contact"}
{"t":"msg","ok":true,"ms":330,"req":"82cbb8a4","bot":8304099970,"uid":1188061961,"user":"Re1ze_r","name":"Vadim BeerMarket","role":"guest","chat":1188061961,"chat_type":"private","msg_id":3496,"kind":"contact","text":"","caption_len":0,"entities":0,"state":"OnboardStates:waiting_role"}
{"t":"msg","ok":true,"ms":160,"req":"96598a99","bot":8304099970,"uid":1188061961,"user":"Re1ze_r","name":"Vadim BeerMarket","role":"guest","chat":1188061961,"chat_type":"private","msg_id":3499,"kind":"text","text":"🏢 Я клиент","caption_len":0,"entities":0,"state":"OnboardStates:waiting_client_name"}
{"event":"role_request_created","user_id":1188061961,"target_role":"client","request_id":"44af4db9-a07d-4b1d-9aa4-2695a8934401"}
{"t":"msg","ok":true,"ms":2079,"req":"5db43320","bot":8304099970,"uid":1188061961,"user":"Re1ze_r","name":"Vadim BeerMarket","role":"guest","chat":1188061961,"chat_type":"private","msg_id":3501,"kind":"text","text":"ИП Галкина","caption_len":0,"entities":0,"state":null}
{"t":"msg","ok":true,"ms":180,"req":"a5d459f9","bot":8304099970,"uid":1188061961,"user":"Re1ze_r","name":"Vadim BeerMarket","role":"guest","chat":1188061961,"chat_type":"private","msg_id":3506,"kind":"text","text":"▶️ Старт","caption_len":0,"entities":0,"state":null}
{"t":"cb","ok":true,"ms":690,"req":"082de2bd","bot":8304099970,"uid":237087423,"user":"Freep_o_0_rn","name":"Freep_o_0_rn","role":"admin","chat":237087423,"cb_id":"1018282730866621314","msg_id":3503,"data":"rr:decide:44af4db9-a07d-4b1d-9aa4-2695a8934401:approve","state":null}
{"t":"msg","ok":true,"ms":746,"req":"d4bf8686","bot":8304099970,"uid":1188061961,"user":"Re1ze_r","name":"Vadim BeerMarket","role":"client","chat":1188061961,"chat_type":"private","msg_id":3511,"kind":"text","text":"🏢 Моя карточка","caption_len":0,"entities":0,"state":null}
{"t":"msg","ok":true,"ms":346,"req":"7ff5505f","bot":8304099970,"uid":1188061961,"user":"Re1ze_r","name":"Vadim BeerMarket","role":"client","chat":1188061961,"chat_type":"private","msg_id":3514,"kind":"text","text":"📝 Заявка на роль","caption_len":0,"entities":0,"state":null}
{"t":"msg","ok":true,"ms":200,"req":"5a9b6e1a","bot":8304099970,"uid":1188061961,"user":"Re1ze_r","name":"Vadim BeerMarket","role":"client","chat":1188061961,"chat_type":"private","msg_id":3516,"kind":"text","text":"▶️ Старт","caption_len":0,"entities":0,"state":null}
{"t":"msg","ok":true,"ms":444,"req":"c937c372","bot":8304099970,"uid":1188061961,"user":"Re1ze_r","name":"Vadim BeerMarket","role":"client","chat":1188061961,"chat_type":"private","msg_id":3518,"kind":"text","text":"🏢 Моя карточка","caption_len":0,"entities":0,"state":null}
{"t":"msg","ok":true,"ms":2370,"req":"121c248a","bot":8304099970,"uid":1188061961,"user":"Re1ze_r","name":"Vadim BeerMarket","role":"client","chat":1188061961,"chat_type":"private","msg_id":3521,"kind":"text","text":"🔎 Поиск","caption_len":0,"entities":0,"state":null}
{"t":"msg","ok":true,"ms":2897,"req":"1328ecf9","bot":8304099970,"uid":1188061961,"user":"Re1ze_r","name":"Vadim BeerMarket","role":"client","chat":1188061961,"chat_type":"private","msg_id":3526,"kind":"text","text":"🔎 Поиск тары","caption_len":0,"entities":0,"state":null}
{"t":"msg","ok":true,"ms":212,"req":"10a77038","bot":8304099970,"uid":237087423,"user":"Freep_o_0_rn","name":"Freep_o_0_rn","role":"admin","chat":237087423,"chat_type":"private","msg_id":3529,"kind":"text","text":"👥 Пользователи","caption_len":0,"entities":0,"state":null}
{"t":"cb","ok":true,"ms":315,"req":"03e84e7c","bot":8304099970,"uid":237087423,"user":"Freep_o_0_rn","name":"Freep_o_0_rn","role":"admin","chat":237087423,"cb_id":"1018282729445187267","msg_id":3530,"data":"req:list:0","state":null}
{"t":"cb","ok":true,"ms":352,"req":"40f969fd","bot":8304099970,"uid":237087423,"user":"Freep_o_0_rn","name":"Freep_o_0_rn","role":"admin","chat":237087423,"cb_id":"1018282731367850242","msg_id":3530,"data":"req:view:e7afbd24-8278-4158-8676-f03a564885a4:0","state":null}
{"event":"role_request_rejected","request_id":"e7afbd24-8278-4158-8676-f03a564885a4","decider":237087423,"target_user":1188061961,"target_role":"sales_rep"}
{"t":"cb","ok":true,"ms":992,"req":"5ff94c89","bot":8304099970,"uid":237087423,"user":"Freep_o_0_rn","name":"Freep_o_0_rn","role":"admin","chat":237087423,"cb_id":"1018282728871531155","msg_id":3530,"data":"req:reject:e7afbd24-8278-4158-8676-f03a564885a4:0","state":null}
{"t":"cb","ok":true,"ms":485,"req":"9cfa20b8","bot":8304099970,"uid":237087423,"user":"Freep_o_0_rn","name":"Freep_o_0_rn","role":"admin","chat":237087423,"cb_id":"1018282731930945568","msg_id":3530,"data":"req:view:44af4db9-a07d-4b1d-9aa4-2695a8934401:0","state":null}
{"event":"role_request_approved","request_id":"44af4db9-a07d-4b1d-9aa4-2695a8934401","decider":237087423,"target_user":1188061961,"target_role":"client"}
{"t":"cb","ok":true,"ms":1040,"req":"ab52f94f","bot":8304099970,"uid":237087423,"user":"Freep_o_0_rn","name":"Freep_o_0_rn","role":"admin","chat":237087423,"cb_id":"1018282731581167901","msg_id":3530,"data":"req:approve:44af4db9-a07d-4b1d-9aa4-2695a8934401:0","state":null}
{"t":"msg","ok":true,"ms":215,"req":"f2bdaf98","bot":8304099970,"uid":1188061961,"user":"Re1ze_r","name":"Vadim BeerMarket","role":"client","chat":1188061961,"chat_type":"private","msg_id":3533,"kind":"text","text":"▶️ Старт","caption_len":0,"entities":0,"state":null}
{"t":"msg","ok":true,"ms":160,"req":"27f1be4b","bot":8304099970,"uid":1188061961,"user":"Re1ze_r","name":"Vadim BeerMarket","role":"client","chat":1188061961,"chat_type":"private","msg_id":3535,"kind":"text","text":"📝 Заявка на роль","caption_len":0,"entities":0,"state":null}
{"event":"role_request_created","user_id":1188061961,"target_role":"sales_rep","request_id":"09ac07cd-1280-4f90-a03c-959b21a85a44"}
{"t":"cb","ok":true,"ms":1140,"req":"0056dfb9","bot":8304099970,"uid":1188061961,"user":"Re1ze_r","name":"Vadim BeerMarket","role":"client","chat":1188061961,"cb_id":"5102687272288939512","msg_id":3536,"data":"rr:new:sales_rep","state":null}
{"t":"msg","ok":true,"ms":859,"req":"0f89d818","bot":8304099970,"uid":237087423,"user":"Freep_o_0_rn","name":"Freep_o_0_rn","role":"admin","chat":237087423,"chat_type":"private","msg_id":3539,"kind":"text","text":"👥 Пользователи","caption_len":0,"entities":0,"state":null}
{"t":"cb","ok":true,"ms":422,"req":"4a9bba3c","bot":8304099970,"uid":237087423,"user":"Freep_o_0_rn","name":"Freep_o_0_rn","role":"admin","chat":237087423,"cb_id":"1018282731640541335","msg_id":3540,"data":"req:list:0","state":null}
{"t":"cb","ok":true,"ms":306,"req":"bd334f08","bot":8304099970,"uid":237087423,"user":"Freep_o_0_rn","name":"Freep_o_0_rn","role":"admin","chat":237087423,"cb_id":"1018282728367884091","msg_id":3540,"data":"req:view:09ac07cd-1280-4f90-a03c-959b21a85a44:0","state":null}
{"event":"role_request_approved","request_id":"09ac07cd-1280-4f90-a03c-959b21a85a44","decider":237087423,"target_user":1188061961,"target_role":"sales_rep"}
{"t":"cb","ok":true,"ms":1309,"req":"0f504d82","bot":8304099970,"uid":237087423,"user":"Freep_o_0_rn","name":"Freep_o_0_rn","role":"admin","chat":237087423,"cb_id":"1018282729968190267","msg_id":3540,"data":"req:approve:09ac07cd-1280-4f90-a03c-959b21a85a44:0","state":null}
{"t":"cb","ok":true,"ms":449,"req":"a3a31d30","bot":8304099970,"uid":237087423,"user":"Freep_o_0_rn","name":"Freep_o_0_rn","role":"admin","chat":237087423,"cb_id":"1018282729532148006","msg_id":3540,"data":"usr:list:0","state":null}
{"t":"cb","ok":true,"ms":640,"req":"47f2b8b3","bot":8304099970,"uid":237087423,"user":"Freep_o_0_rn","name":"Freep_o_0_rn","role":"admin","chat":237087423,"cb_id":"1018282730573491538","msg_id":3540,"data":"menu:back","state":null}
{"t":"msg","ok":true,"ms":171,"req":"be2f36f2","bot":8304099970,"uid":1188061961,"user":"Re1ze_r","name":"Vadim BeerMarket","role":"sales_rep","chat":1188061961,"chat_type":"private","msg_id":3545,"kind":"text","text":"📝 Заявка на роль","caption_len":0,"entities":0,"state":null}
{"event":"role_request_created","user_id":1188061961,"target_role":"moderator","request_id":"2b6f69c4-4f35-4f6c-9706-d871e312ccd8"}
{"t":"cb","ok":true,"ms":1208,"req":"62b7f0b9","bot":8304099970,"uid":1188061961,"user":"Re1ze_r","name":"Vadim BeerMarket","role":"sales_rep","chat":1188061961,"cb_id":"5102687269871029056","msg_id":3546,"data":"rr:new:moderator","state":null}
{"t":"cb","ok":true,"ms":510,"req":"338efc49","bot":8304099970,"uid":237087423,"user":"Freep_o_0_rn","name":"Freep_o_0_rn","role":"admin","chat":237087423,"cb_id":"1018282728234546363","msg_id":3547,"data":"rr:decide:2b6f69c4-4f35-4f6c-9706-d871e312ccd8:approve","state":null}
{"t":"cb","ok":true,"ms":189,"req":"451f4c5a","bot":8304099970,"uid":237087423,"user":"Freep_o_0_rn","name":"Freep_o_0_rn","role":"admin","chat":237087423,"cb_id":"1018282731844345066","msg_id":3547,"data":"rr:decide:2b6f69c4-4f35-4f6c-9706-d871e312ccd8:approve","state":null}
{"t":"cb","ok":true,"ms":460,"req":"41da05ac","bot":8304099970,"uid":237087423,"user":"Freep_o_0_rn","name":"Freep_o_0_rn","role":"admin","chat":237087423,"cb_id":"1018282729109878737","msg_id":3547,"data":"rr:decide:2b6f69c4-4f35-4f6c-9706-d871e312ccd8:approve","state":null}
{"t":"msg","ok":true,"ms":472,"req":"ea923a79","bot":8304099970,"uid":237087423,"user":"Freep_o_0_rn","name":"Freep_o_0_rn","role":"admin","chat":237087423,"chat_type":"private","msg_id":3555,"kind":"text","text":"▶️ Старт","caption_len":0,"entities":0,"state":null}
{"t":"msg","ok":true,"ms":169,"req":"1bd79a69","bot":8304099970,"uid":237087423,"user":"Freep_o_0_rn","name":"Freep_o_0_rn","role":"admin","chat":237087423,"chat_type":"private","msg_id":3557,"kind":"text","text":"⚙️ Отсрочки","caption_len":0,"entities":0,"state":null}
{"t":"msg","ok":true,"ms":172,"req":"553ee4a3","bot":8304099970,"uid":237087423,"user":"Freep_o_0_rn","name":"Freep_o_0_rn","role":"admin","chat":237087423,"chat_type":"private","msg_id":3559,"kind":"text","text":"👥 Пользователи","caption_len":0,"entities":0,"state":null}
{"t":"msg","ok":true,"ms":174,"req":"edb7079c","bot":8304099970,"uid":1188061961,"user":"Re1ze_r","name":"Vadim BeerMarket","role":"moderator","chat":1188061961,"chat_type":"private","msg_id":3561,"kind":"text","text":"▶️ Старт","caption_len":0,"entities":0,"state":null}
{"t":"cb","ok":true,"ms":336,"req":"935ad009","bot":8304099970,"uid":237087423,"user":"Freep_o_0_rn","name":"Freep_o_0_rn","role":"admin","chat":237087423,"cb_id":"1018282729942917466","msg_id":3560,"data":"usr:list:1","state":null}
{"t":"cb","ok":true,"ms":372,"req":"343096f4","bot":8304099970,"uid":237087423,"user":"Freep_o_0_rn","name":"Freep_o_0_rn","role":"admin","chat":237087423,"cb_id":"1018282728454531903","msg_id":3560,"data":"usr:list:0","state":null}
{"t":"cb","ok":true,"ms":459,"req":"02b51a53","bot":8304099970,"uid":237087423,"user":"Freep_o_0_rn","name":"Freep_o_0_rn","role":"admin","chat":237087423,"cb_id":"1018282731193525176","msg_id":3560,"data":"usr:sel:1188061961:0","state":null}
{"t":"cb","ok":true,"ms":291,"req":"7510abfb","bot":8304099970,"uid":237087423,"user":"Freep_o_0_rn","name":"Freep_o_0_rn","role":"admin","chat":237087423,"cb_id":"1018282728636735408","msg_id":3560,"data":"usr:del:1188061961:0","state":"AdminUserEditStates:waiting_delete_confirm"}
{"t":"cb","ok":true,"ms":315,"req":"7b39f625","bot":8304099970,"uid":237087423,"user":"Freep_o_0_rn","name":"Freep_o_0_rn","role":"admin","chat":237087423,"cb_id":"1018282728588861671","msg_id":3563,"data":"usr:confirm_del:yes","state":null}
{"t":"msg","ok":true,"ms":334,"req":"b302de89","bot":8304099970,"uid":1188061961,"user":"Re1ze_r","name":"Vadim BeerMarket","role":"guest","chat":1188061961,"chat_type":"private","msg_id":3567,"kind":"contact","text":"","caption_len":0,"entities":0,"state":"OnboardStates:waiting_role"}
{"t":"msg","ok":true,"ms":193,"req":"e31b01ee","bot":8304099970,"uid":1188061961,"user":"Re1ze_r","name":"Vadim BeerMarket","role":"guest","chat":1188061961,"chat_type":"private","msg_id":3570,"kind":"text","text":"🏢 Я клиент","caption_len":0,"entities":0,"state":"OnboardStates:waiting_client_name"}
{"event":"role_request_created","user_id":1188061961,"target_role":"client","request_id":"dc4b24cd-2bfb-4681-93c8-235d9b93e920"}
{"t":"msg","ok":true,"ms":2217,"req":"0e342a9a","bot":8304099970,"uid":1188061961,"user":"Re1ze_r","name":"Vadim BeerMarket","role":"guest","chat":1188061961,"chat_type":"private","msg_id":3572,"kind":"text","text":"Есинский","caption_len":0,"entities":0,"state":null}
{"t":"cb","ok":true,"ms":504,"req":"87024d28","bot":8304099970,"uid":237087423,"user":"Freep_o_0_rn","name":"Freep_o_0_rn","role":"admin","chat":237087423,"cb_id":"1018282729237755124","msg_id":3574,"data":"rr:decide:dc4b24cd-2bfb-4681-93c8-235d9b93e920:approve","state":null}
{"t":"msg","ok":true,"ms":481,"req":"d2af660a","bot":8304099970,"uid":237087423,"user":"Freep_o_0_rn","name":"Freep_o_0_rn","role":"admin","chat":237087423,"chat_type":"private","msg_id":3580,"kind":"text","text":"▶️ Старт","caption_len":0,"entities":0,"state":null}
{"t":"msg","ok":true,"ms":194,"req":"7c96b894","bot":8304099970,"uid":1188061961,"user":"Re1ze_r","name":"Vadim BeerMarket","role":"client","chat":1188061961,"chat_type":"private","msg_id":3582,"kind":"text","text":"▶️ Старт","caption_len":0,"entities":0,"state":null}
{"t":"msg","ok":true,"ms":353,"req":"2a07400b","bot":8304099970,"uid":1188061961,"user":"Re1ze_r","name":"Vadim BeerMarket","role":"client","chat":1188061961,"chat_type":"private","msg_id":3584,"kind":"text","text":"🏢 Моя карточка","caption_len":0,"entities":0,"state":null}
{"t":"msg","ok":true,"ms":192,"req":"0ca788dc","bot":8304099970,"uid":1188061961,"user":"Re1ze_r","name":"Vadim BeerMarket","role":"client","chat":1188061961,"chat_type":"private","msg_id":3587,"kind":"text","text":"📝 Заявка на роль","caption_len":0,"entities":0,"state":null}
{"t":"msg","ok":true,"ms":169,"req":"07ef551a","bot":8304099970,"uid":237087423,"user":"Freep_o_0_rn","name":"Freep_o_0_rn","role":"admin","chat":237087423,"chat_type":"private","msg_id":3589,"kind":"text","text":"👥 Пользователи","caption_len":0,"entities":0,"state":null}
{"t":"cb","ok":true,"ms":303,"req":"cf434b89","bot":8304099970,"uid":237087423,"user":"Freep_o_0_rn","name":"Freep_o_0_rn","role":"admin","chat":237087423,"cb_id":"1018282728748503144","msg_id":3590,"data":"req:list:0","state":null}
{"t":"cb","ok":true,"ms":310,"req":"e8847fb9","bot":8304099970,"uid":237087423,"user":"Freep_o_0_rn","name":"Freep_o_0_rn","role":"admin","chat":237087423,"cb_id":"1018282730816648819","msg_id":3590,"data":"req:view:dc4b24cd-2bfb-4681-93c8-235d9b93e920:0","state":null}
{"t":"cb","ok":true,"ms":318,"req":"3c6d341b","bot":8304099970,"uid":237087423,"user":"Freep_o_0_rn","name":"Freep_o_0_rn","role":"admin","chat":237087423,"cb_id":"1018282731417639770","msg_id":3590,"data":"req:list:0","state":null}
{"t":"cb","ok":true,"ms":310,"req":"c856c69a","bot":8304099970,"uid":237087423,"user":"Freep_o_0_rn","name":"Freep_o_0_rn","role":"admin","chat":237087423,"cb_id":"1018282731874880085","msg_id":3590,"data":"req:view:dc4b24cd-2bfb-4681-93c8-235d9b93e920:0","state":null}
{"event":"role_request_rejected","request_id":"dc4b24cd-2bfb-4681-93c8-235d9b93e920","decider":237087423,"target_user":1188061961,"target_role":"client"}
{"t":"cb","ok":true,"ms":835,"req":"acce51be","bot":8304099970,"uid":237087423,"user":"Freep_o_0_rn","name":"Freep_o_0_rn","role":"admin","chat":237087423,"cb_id":"1018282728353428072","msg_id":3590,"data":"req:reject:dc4b24cd-2bfb-4681-93c8-235d9b93e920:0","state":null}
{"t":"cb","ok":true,"ms":346,"req":"2a3da05c","bot":8304099970,"uid":237087423,"user":"Freep_o_0_rn","name":"Freep_o_0_rn","role":"admin","chat":237087423,"cb_id":"1018282729286888002","msg_id":3590,"data":"req:view:2b6f69c4-4f35-4f6c-9706-d871e312ccd8:0","state":null}
{"event":"role_request_rejected","request_id":"2b6f69c4-4f35-4f6c-9706-d871e312ccd8","decider":237087423,"target_user":1188061961,"target_role":"moderator"}
{"t":"cb","ok":true,"ms":890,"req":"1d6cf28a","bot":8304099970,"uid":237087423,"user":"Freep_o_0_rn","name":"Freep_o_0_rn","role":"admin","chat":237087423,"cb_id":"1018282732242504743","msg_id":3590,"data":"req:reject:2b6f69c4-4f35-4f6c-9706-d871e312ccd8:0","state":null}
{"t":"msg","ok":true,"ms":188,"req":"ac972512","bot":8304099970,"uid":1188061961,"user":"Re1ze_r","name":"Vadim BeerMarket","role":"client","chat":1188061961,"chat_type":"private","msg_id":3593,"kind":"text","text":"▶️ Старт","caption_len":0,"entities":0,"state":null}
{"t":"cb","ok":true,"ms":319,"req":"970b240e","bot":8304099970,"uid":237087423,"user":"Freep_o_0_rn","name":"Freep_o_0_rn","role":"admin","chat":237087423,"cb_id":"1018282731220562759","msg_id":3590,"data":"usr:list:0","state":null}
{"t":"cb","ok":true,"ms":296,"req":"28d6ebd2","bot":8304099970,"uid":237087423,"user":"Freep_o_0_rn","name":"Freep_o_0_rn","role":"admin","chat":237087423,"cb_id":"1018282729516072451","msg_id":3590,"data":"req:list:0","state":null}
{"t":"cb","ok":true,"ms":362,"req":"d795e371","bot":8304099970,"uid":237087423,"user":"Freep_o_0_rn","name":"Freep_o_0_rn","role":"admin","chat":237087423,"cb_id":"1018282730196909863","msg_id":3590,"data":"usr:list:0","state":null}
{"t":"msg","ok":true,"ms":167,"req":"86123894","bot":8304099970,"uid":1188061961,"user":"Re1ze_r","name":"Vadim BeerMarket","role":"client","chat":1188061961,"chat_type":"private","msg_id":3595,"kind":"text","text":"📝 Заявка на роль","caption_len":0,"entities":0,"state":null}
{"t":"cb","ok":true,"ms":151,"req":"46cb2a7d","bot":8304099970,"uid":1188061961,"user":"Re1ze_r","name":"Vadim BeerMarket","role":"client","chat":1188061961,"cb_id":"5102687271289941153","msg_id":3596,"data":"rr:new:sales_rep","state":null}
{"t":"cb","ok":true,"ms":292,"req":"54ade8d8","bot":8304099970,"uid":237087423,"user":"Freep_o_0_rn","name":"Freep_o_0_rn","role":"admin","chat":237087423,"cb_id":"1018282731631028597","msg_id":3590,"data":"req:list:0","state":null}
{"t":"cb","ok":true,"ms":316,"req":"f97e8cea","bot":8304099970,"uid":237087423,"user":"Freep_o_0_rn","name":"Freep_o_0_rn","role":"admin","chat":237087423,"cb_id":"1018282729639011342","msg_id":3590,"data":"usr:list:0","state":null}
{"t":"cb","ok":true,"ms":177,"req":"e9428ca2","bot":8304099970,"uid":1188061961,"user":"Re1ze_r","name":"Vadim BeerMarket","role":"client","chat":1188061961,"cb_id":"5102687270676012960","msg_id":3596,"data":"rr:new:moderator","state":null}
{"t":"msg","ok":true,"ms":292,"req":"8145f771","bot":8304099970,"uid":1188061961,"user":"Re1ze_r","name":"Vadim BeerMarket","role":"client","chat":1188061961,"chat_type":"private","msg_id":3597,"kind":"text","text":"▶️ Старт","caption_len":0,"entities":0,"state":null}
{"t":"cb","ok":true,"ms":336,"req":"9194cf13","bot":8304099970,"uid":237087423,"user":"Freep_o_0_rn","name":"Freep_o_0_rn","role":"admin","chat":237087423,"cb_id":"1018282728829027209","msg_id":3590,"data":"usr:sel:1188061961:0","state":null}
{"t":"cb","ok":true,"ms":1047,"req":"a4b2342a","bot":8304099970,"uid":237087423,"user":"Freep_o_0_rn","name":"Freep_o_0_rn","role":"admin","chat":237087423,"cb_id":"1018282732175688462","msg_id":3590,"data":"usr:setrole:1188061961:guest","state":null}
{"t":"msg","ok":true,"ms":191,"req":"2480fadf","bot":8304099970,"uid":1188061961,"user":"Re1ze_r","name":"Vadim BeerMarket","role":"guest","chat":1188061961,"chat_type":"private","msg_id":3602,"kind":"text","text":"▶️ Старт","caption_len":0,"entities":0,"state":null}
{"t":"cb","ok":true,"ms":1051,"req":"78fa35af","bot":8304099970,"uid":237087423,"user":"Freep_o_0_rn","name":"Freep_o_0_rn","role":"admin","chat":237087423,"cb_id":"1018282730703882586","msg_id":3590,"data":"usr:setrole:1188061961:sales_rep","state":null}
{"t":"cb","ok":true,"ms":320,"req":"676619ca","bot":8304099970,"uid":237087423,"user":"Freep_o_0_rn","name":"Freep_o_0_rn","role":"admin","chat":237087423,"cb_id":"1018282730074393537","msg_id":3590,"data":"usr:editname:1188061961","state":"AdminUserEditStates:waiting_name"}
{"t":"msg","ok":true,"ms":167,"req":"ff213fce","bot":8304099970,"uid":237087423,"user":"Freep_o_0_rn","name":"Freep_o_0_rn","role":"admin","chat":237087423,"chat_type":"private","msg_id":3608,"kind":"text","text":"Ганиев","caption_len":0,"entities":0,"state":null}
{"t":"msg","ok":true,"ms":217,"req":"d9adc798","bot":8304099970,"uid":1188061961,"user":"Re1ze_r","name":"Vadim BeerMarket","role":"sales_rep","chat":1188061961,"chat_type":"private","msg_id":3610,"kind":"text","text":"▶️ Старт","caption_len":0,"entities":0,"state":null}
{"t":"msg","ok":true,"ms":186,"req":"def5435d","bot":8304099970,"uid":1188061961,"user":"Re1ze_r","name":"Vadim BeerMarket","role":"sales_rep","chat":1188061961,"chat_type":"private","msg_id":3612,"kind":"text","text":"▶️ Старт","caption_len":0,"entities":0,"state":null}
{"t":"msg","ok":true,"ms":168,"req":"c625dba6","bot":8304099970,"uid":1188061961,"user":"Re1ze_r","name":"Vadim BeerMarket","role":"sales_rep","chat":1188061961,"chat_type":"private","msg_id":3614,"kind":"text","text":"🏢 Клиенты","caption_len":0,"entities":0,"state":null}
{"t":"cb","ok":true,"ms":438,"req":"9a80b352","bot":8304099970,"uid":1188061961,"user":"Re1ze_r","name":"Vadim BeerMarket","role":"sales_rep","chat":1188061961,"cb_id":"5102687268725664389","msg_id":3615,"data":"cc:view:47bde265-ea51-4cd9-828f-48ac9efe67aa","state":null}
{"t":"cb","ok":true,"ms":374,"req":"a6b1ea1a","bot":8304099970,"uid":1188061961,"user":"Re1ze_r","name":"Vadim BeerMarket","role":"sales_rep","chat":1188061961,"cb_id":"5102687270616325074","msg_id":3615,"data":"cc:list","state":null}
{"t":"cb","ok":true,"ms":2384,"req":"a9f4f7b5","bot":8304099970,"uid":1188061961,"user":"Re1ze_r","name":"Vadim BeerMarket","role":"sales_rep","chat":1188061961,"cb_id":"5102687268378674114","msg_id":3615,"data":"cc:import:debt","state":null}
{"t":"cb","ok":true,"ms":378,"req":"07e0bdd6","bot":8304099970,"uid":1188061961,"user":"Re1ze_r","name":"Vadim BeerMarket","role":"sales_rep","chat":1188061961,"cb_id":"5102687269076048576","msg_id":3617,"data":"cc:view:ac5cb24b-4054-4384-99fc-2ee25957b084","state":null}
{"t":"cb","ok":true,"ms":425,"req":"4beed28b","bot":8304099970,"uid":1188061961,"user":"Re1ze_r","name":"Vadim BeerMarket","role":"sales_rep","chat":1188061961,"cb_id":"5102687268500234355","msg_id":3617,"data":"cc:list","state":null}
{"t":"cb","ok":true,"ms":323,"req":"0851990e","bot":8304099970,"uid":1188061961,"user":"Re1ze_r","name":"Vadim BeerMarket","role":"sales_rep","chat":1188061961,"cb_id":"5102687268733535017","msg_id":3617,"data":"cc:view:964646ac-10a9-48b4-a3cb-75142d15ac43","state":null}
{"t":"cb","ok":true,"ms":459,"req":"24eb3e34","bot":8304099970,"uid":1188061961,"user":"Re1ze_r","name":"Vadim BeerMarket","role":"sales_rep","chat":1188061961,"cb_id":"5102687271328249825","msg_id":3617,"data":"cc:list","state":null}
{"t":"cb","ok":true,"ms":489,"req":"d5f76231","bot":8304099970,"uid":1188061961,"user":"Re1ze_r","name":"Vadim BeerMarket","role":"sales_rep","chat":1188061961,"cb_id":"5102687271905132451","msg_id":3617,"data":"menu:back","state":null}
{"t":"msg","ok":true,"ms":511,"req":"1e64e1a0","bot":8304099970,"uid":1188061961,"user":"Re1ze_r","name":"Vadim BeerMarket","role":"sales_rep","chat":1188061961,"chat_type":"private","msg_id":3620,"kind":"text","text":"▶️ Старт","caption_len":0,"entities":0,"state":null}
{"t":"cb","ok":true,"ms":1283,"req":"bea79dea","bot":8304099970,"uid":237087423,"user":"Freep_o_0_rn","name":"Freep_o_0_rn","role":"admin","chat":237087423,"cb_id":"1018282728887845712","msg_id":3590,"data":"usr:setrole:1188061961:moderator","state":null}
{"t":"cb","ok":true,"ms":967,"req":"61ff0515","bot":8304099970,"uid":237087423,"user":"Freep_o_0_rn","name":"Freep_o_0_rn","role":"admin","chat":237087423,"cb_id":"1018282729321052709","msg_id":3590,"data":"usr:setrole:1188061961:sales_rep","state":null}
{"t":"cb","ok":true,"ms":358,"req":"6e64b0ec","bot":8304099970,"uid":237087423,"user":"Freep_o_0_rn","name":"Freep_o_0_rn","role":"admin","chat":237087423,"cb_id":"1018282730914673950","msg_id":3590,"data":"usr:editname:1188061961","state":"AdminUserEditStates:waiting_name"}
{"t":"msg","ok":true,"ms":189,"req":"82109399","bot":8304099970,"uid":237087423,"user":"Freep_o_0_rn","name":"Freep_o_0_rn","role":"admin","chat":237087423,"chat_type":"private","msg_id":3629,"kind":"text","text":"Щербатов","caption_len":0,"entities":0,"state":null}
{"t":"msg","ok":true,"ms":204,"req":"dcf7df4e","bot":8304099970,"uid":1188061961,"user":"Re1ze_r","name":"Vadim BeerMarket","role":"sales_rep","chat":1188061961,"chat_type":"private","msg_id":3631,"kind":"text","text":"▶️ Старт","caption_len":0,"entities":0,"state":null}
{"t":"msg","ok":true,"ms":2921,"req":"5e77df02","bot":8304099970,"uid":1188061961,"user":"Re1ze_r","name":"Vadim BeerMarket","role":"sales_rep","chat":1188061961,"chat_type":"private","msg_id":3633,"kind":"text","text":"⏰ Просрочено","caption_len":0,"entities":0,"state":null}
{"t":"msg","ok":true,"ms":159,"req":"1ddc0fab","bot":8304099970,"uid":1188061961,"user":"Re1ze_r","name":"Vadim BeerMarket","role":"sales_rep","chat":1188061961,"chat_type":"private","msg_id":3641,"kind":"text","text":"🔎 Поиск","caption_len":0,"entities":0,"state":"SearchStates:waiting_query"}
{"t":"cb","ok":true,"ms":462,"req":"aa3e11ac","bot":8304099970,"uid":1188061961,"user":"Re1ze_r","name":"Vadim BeerMarket","role":"sales_rep","chat":1188061961,"cb_id":"5102687268893658154","msg_id":3642,"data":"menu:back","state":"SearchStates:waiting_query"}
{"t":"msg","ok":true,"ms":495,"req":"55e89af0","bot":8304099970,"uid":237087423,"user":"Freep_o_0_rn","name":"Freep_o_0_rn","role":"admin","chat":237087423,"chat_type":"private","msg_id":3644,"kind":"text","text":"▶️ Старт","caption_len":0,"entities":0,"state":null}
{"t":"msg","ok":true,"ms":467,"req":"e521298f","bot":8304099970,"uid":237087423,"user":"Freep_o_0_rn","name":"Freep_o_0_rn","role":"admin","chat":237087423,"chat_type":"private","msg_id":3646,"kind":"text","text":"▶️ Старт","caption_len":0,"entities":0,"state":null}
{"t":"msg","ok":true,"ms":155,"req":"bc47b9d4","bot":8304099970,"uid":237087423,"user":"Freep_o_0_rn","name":"Freep_o_0_rn","role":"admin","chat":237087423,"chat_type":"private","msg_id":3648,"kind":"text","text":"👥 Пользователи","caption_len":0,"entities":0,"state":null}
{"t":"cb","ok":true,"ms":637,"req":"f4bd050a","bot":8304099970,"uid":237087423,"user":"Freep_o_0_rn","name":"Freep_o_0_rn","role":"admin","chat":237087423,"cb_id":"1018282730592210985","msg_id":3649,"data":"usr:list:1","state":null}
{"t":"cb","ok":true,"ms":348,"req":"a0fa946a","bot":8304099970,"uid":237087423,"user":"Freep_o_0_rn","name":"Freep_o_0_rn","role":"admin","chat":237087423,"cb_id":"1018282729067977784","msg_id":3649,"data":"usr:sel:1188061961:1","state":null}
{"t":"msg","ok":true,"ms":174,"req":"f1cddf7e","bot":8304099970,"uid":1188061961,"user":"Re1ze_r","name":"Vadim BeerMarket","role":"sales_rep","chat":1188061961,"chat_type":"private","msg_id":3650,"kind":"text","text":"🏢 Клиенты","caption_len":0,"entities":0,"state":null}
{"t":"msg","ok":true,"ms":456,"req":"03f2f3e5","bot":8304099970,"uid":237087423,"user":"Freep_o_0_rn","name":"Freep_o_0_rn","role":"admin","chat":237087423,"chat_type":"private","msg_id":3652,"kind":"text","text":"▶️ Старт","caption_len":0,"entities":0,"state":null}
{"t":"msg","ok":true,"ms":254,"req":"2037f8a0","bot":8304099970,"uid":1188061961,"user":"Re1ze_r","name":"Vadim BeerMarket","role":"sales_rep","chat":1188061961,"chat_type":"private","msg_id":3654,"kind":"text","text":"▶️ Старт","caption_len":0,"entities":0,"state":null}
{"t":"msg","ok":true,"ms":178,"req":"ee4082ca","bot":8304099970,"uid":237087423,"user":"Freep_o_0_rn","name":"Freep_o_0_rn","role":"admin","chat":237087423,"chat_type":"private","msg_id":3656,"kind":"text","text":"👥 Пользователи","caption_len":0,"entities":0,"state":null}
{"t":"cb","ok":true,"ms":341,"req":"3dcbf711","bot":8304099970,"uid":237087423,"user":"Freep_o_0_rn","name":"Freep_o_0_rn","role":"admin","chat":237087423,"cb_id":"1018282729364539316","msg_id":3657,"data":"usr:list:1","state":null}
{"t":"cb","ok":true,"ms":324,"req":"75ddebfc","bot":8304099970,"uid":237087423,"user":"Freep_o_0_rn","name":"Freep_o_0_rn","role":"admin","chat":237087423,"cb_id":"1018282731801578690","msg_id":3657,"data":"usr:sel:1188061961:1","state":null}
{"t":"cb","ok":true,"ms":337,"req":"024ee762","bot":8304099970,"uid":237087423,"user":"Freep_o_0_rn","name":"Freep_o_0_rn","role":"admin","chat":237087423,"cb_id":"1018282731913597648","msg_id":3657,"data":"usr:list:1","state":null}
{"t":"msg","ok":true,"ms":175,"req":"a424e433","bot":8304099970,"uid":237087423,"user":"Freep_o_0_rn","name":"Freep_o_0_rn","role":"admin","chat":237087423,"chat_type":"private","msg_id":3658,"kind":"text","text":"🏢 Клиенты","caption_len":0,"entities":0,"state":null}
{"t":"cb","ok":true,"ms":3480,"req":"7f437e55","bot":8304099970,"uid":237087423,"user":"Freep_o_0_rn","name":"Freep_o_0_rn","role":"admin","chat":237087423,"cb_id":"1018282731537004985","msg_id":3659,"data":"cc:import:debt","state":null}
{"t":"msg","ok":true,"ms":224,"req":"2cb8e9c7","bot":8304099970,"uid":237087423,"user":"Freep_o_0_rn","name":"Freep_o_0_rn","role":"admin","chat":237087423,"chat_type":"private","msg_id":3662,"kind":"text","text":"🔄 Обновить (00:59)","caption_len":0,"entities":0,"state":null}
{"t":"cb","ok":true,"ms":6815,"req":"76504705","bot":8304099970,"uid":237087423,"user":"Freep_o_0_rn","name":"Freep_o_0_rn","role":"admin","chat":237087423,"cb_id":"1018282730624778623","msg_id":3663,"data":"upd:debt","state":null}
{"t":"msg","ok":true,"ms":458,"req":"7671927d","bot":8304099970,"uid":237087423,"user":"Freep_o_0_rn","name":"Freep_o_0_rn","role":"admin","chat":237087423,"chat_type":"private","msg_id":3665,"kind":"text","text":"▶️ Старт","caption_len":0,"entities":0,"state":null}
{"t":"msg","ok":true,"ms":201,"req":"adb04980","bot":8304099970,"uid":1188061961,"user":"Re1ze_r","name":"Vadim BeerMarket","role":"sales_rep","chat":1188061961,"chat_type":"private","msg_id":3667,"kind":"text","text":"▶️ Старт","caption_len":0,"entities":0,"state":null}
{"t":"msg","ok":true,"ms":169,"req":"d527f5c3","bot":8304099970,"uid":1188061961,"user":"Re1ze_r","name":"Vadim BeerMarket","role":"sales_rep","chat":1188061961,"chat_type":"private","msg_id":3669,"kind":"text","text":"🏢 Клиенты","caption_len":0,"entities":0,"state":null}
{"t":"cb","ok":true,"ms":2706,"req":"d071e734","bot":8304099970,"uid":1188061961,"user":"Re1ze_r","name":"Vadim BeerMarket","role":"sales_rep","chat":1188061961,"cb_id":"5102687270410441773","msg_id":3670,"data":"cc:import:debt","state":null}
{"t":"msg","ok":true,"ms":496,"req":"3ea59e50","bot":8304099970,"uid":237087423,"user":"Freep_o_0_rn","name":"Freep_o_0_rn","role":"admin","chat":237087423,"chat_type":"private","msg_id":3674,"kind":"text","text":"▶️ Старт","caption_len":0,"entities":0,"state":null}
{"t":"msg","ok":true,"ms":175,"req":"a7f12a70","bot":8304099970,"uid":237087423,"user":"Freep_o_0_rn","name":"Freep_o_0_rn","role":"admin","chat":237087423,"chat_type":"private","msg_id":3676,"kind":"text","text":"👥 Пользователи","caption_len":0,"entities":0,"state":null}
{"t":"cb","ok":true,"ms":303,"req":"cf068a57","bot":8304099970,"uid":237087423,"user":"Freep_o_0_rn","name":"Freep_o_0_rn","role":"admin","chat":237087423,"cb_id":"1018282729294627844","msg_id":3677,"data":"usr:list:1","state":null}
{"t":"cb","ok":true,"ms":645,"req":"62cfbe6b","bot":8304099970,"uid":237087423,"user":"Freep_o_0_rn","name":"Freep_o_0_rn","role":"admin","chat":237087423,"cb_id":"1018282730614373969","msg_id":3677,"data":"usr:sel:1188061961:1","state":null}
{"t":"cb","ok":true,"ms":348,"req":"4ff03111","bot":8304099970,"uid":237087423,"user":"Freep_o_0_rn","name":"Freep_o_0_rn","role":"admin","chat":237087423,"cb_id":"1018282728599067902","msg_id":3677,"data":"usr:perms:1188061961:0","state":null}
{"t":"cb","ok":true,"ms":320,"req":"4592e47f","bot":8304099970,"uid":237087423,"user":"Freep_o_0_rn","name":"Freep_o_0_rn","role":"admin","chat":237087423,"cb_id":"1018282730690433236","msg_id":3677,"data":"usr:sel:1188061961:0","state":null}
{"t":"msg","ok":true,"ms":206,"req":"2d50db0a","bot":8304099970,"uid":237087423,"user":"Freep_o_0_rn","name":"Freep_o_0_rn","role":"admin","chat":237087423,"chat_type":"private","msg_id":3678,"kind":"text","text":"🔎 Поиск","caption_len":0,"entities":0,"state":"SearchStates:waiting_query"}
{"t":"msg","ok":true,"ms":1685,"req":"39d0a00e","bot":8304099970,"uid":237087423,"user":"Freep_o_0_rn","name":"Freep_o_0_rn","role":"admin","chat":237087423,"chat_type":"private","msg_id":3680,"kind":"text","text":"Графадацкая","caption_len":0,"entities":0,"state":null}
{"t":"msg","ok":true,"ms":484,"req":"654ba076","bot":8304099970,"uid":237087423,"user":"Freep_o_0_rn","name":"Freep_o_0_rn","role":"admin","chat":237087423,"chat_type":"private","msg_id":3683,"kind":"text","text":"▶️ Старт","caption_len":0,"entities":0,"state":null}
{"t":"msg","ok":true,"ms":196,"req":"80c0df1c","bot":8304099970,"uid":237087423,"user":"Freep_o_0_rn","name":"Freep_o_0_rn","role":"admin","chat":237087423,"chat_type":"private","msg_id":3685,"kind":"text","text":"👥 Пользователи","caption_len":0,"entities":0,"state":null}
{"t":"cb","ok":true,"ms":317,"req":"81b5d7c4","bot":8304099970,"uid":237087423,"user":"Freep_o_0_rn","name":"Freep_o_0_rn","role":"admin","chat":237087423,"cb_id":"1018282730115189835","msg_id":3686,"data":"usr:list:1","state":null}
{"t":"cb","ok":true,"ms":309,"req":"eb683fc5","bot":8304099970,"uid":237087423,"user":"Freep_o_0_rn","name":"Freep_o_0_rn","role":"admin","chat":237087423,"cb_id":"1018282731688915616","msg_id":3686,"data":"usr:sel:1188061961:1","state":null}
{"t":"cb","ok":true,"ms":431,"req":"bba77ce7","bot":8304099970,"uid":237087423,"user":"Freep_o_0_rn","name":"Freep_o_0_rn","role":"admin","chat":237087423,"cb_id":"1018282731698393882","msg_id":3686,"data":"usr:perms:1188061961:0","state":null}
{"t":"cb","ok":true,"ms":412,"req":"29dab805","bot":8304099970,"uid":237087423,"user":"Freep_o_0_rn","name":"Freep_o_0_rn","role":"admin","chat":237087423,"cb_id":"1018282729772072511","msg_id":3686,"data":"usr:perms:1188061961:1","state":null}
{"t":"cb","ok":true,"ms":356,"req":"d3e3f7a2","bot":8304099970,"uid":237087423,"user":"Freep_o_0_rn","name":"Freep_o_0_rn","role":"admin","chat":237087423,"cb_id":"1018282731766446785","msg_id":3686,"data":"usr:perms:1188061961:2","state":null}
{"t":"msg","ok":true,"ms":344,"req":"3a4e4486","bot":8304099970,"uid":1188061961,"user":"Re1ze_r","name":"Vadim BeerMarket","role":"sales_rep","chat":1188061961,"chat_type":"private","msg_id":3687,"kind":"text","text":"▶️ Старт","caption_len":0,"entities":0,"state":null}
{"t":"msg","ok":true,"ms":178,"req":"60552ff7","bot":8304099970,"uid":1188061961,"user":"Re1ze_r","name":"Vadim BeerMarket","role":"sales_rep","chat":1188061961,"chat_type":"private","msg_id":3689,"kind":"text","text":"🏢 Клиенты","caption_len":0,"entities":0,"state":null}
{"t":"cb","ok":true,"ms":2368,"req":"994029aa","bot":8304099970,"uid":1188061961,"user":"Re1ze_r","name":"Vadim BeerMarket","role":"sales_rep","chat":1188061961,"cb_id":"5102687269999339086","msg_id":3690,"data":"cc:import:debt","state":null}
{"t":"cb","ok":true,"ms":447,"req":"6fa11425","bot":8304099970,"uid":1188061961,"user":"Re1ze_r","name":"Vadim BeerMarket","role":"sales_rep","chat":1188061961,"cb_id":"5102687272017831074","msg_id":3692,"data":"cc:view:a04a4fa5-4f06-4ff2-84c2-633855c25607","state":null}
{"t":"cb","ok":true,"ms":348,"req":"a23602e0","bot":8304099970,"uid":1188061961,"user":"Re1ze_r","name":"Vadim BeerMarket","role":"sales_rep","chat":1188061961,"cb_id":"5102687271596731787","msg_id":3692,"data":"cc:list:0","state":null}
{"t":"cb","ok":true,"ms":335,"req":"07986c4f","bot":8304099970,"uid":1188061961,"user":"Re1ze_r","name":"Vadim BeerMarket","role":"sales_rep","chat":1188061961,"cb_id":"5102687268480090538","msg_id":3692,"data":"cc:list:1:own","state":null}
{"t":"cb","ok":true,"ms":330,"req":"628e06f8","bot":8304099970,"uid":1188061961,"user":"Re1ze_r","name":"Vadim BeerMarket","role":"sales_rep","chat":1188061961,"cb_id":"5102687271113642826","msg_id":3692,"data":"cc:list:2:own","state":null}
{"t":"cb","ok":true,"ms":296,"req":"be455a70","bot":8304099970,"uid":1188061961,"user":"Re1ze_r","name":"Vadim BeerMarket","role":"sales_rep","chat":1188061961,"cb_id":"5102687270212527937","msg_id":3692,"data":"cc:view:da6878c4-25fd-43a8-a3c9-007398977b43","state":null}
{"t":"cb","ok":true,"ms":402,"req":"a7d6eb66","bot":8304099970,"uid":1188061961,"user":"Re1ze_r","name":"Vadim BeerMarket","role":"sales_rep","chat":1188061961,"cb_id":"5102687269624377651","msg_id":3692,"data":"cc:list:0","state":null}
{"t":"cb","ok":true,"ms":543,"req":"bac551d2","bot":8304099970,"uid":1188061961,"user":"Re1ze_r","name":"Vadim BeerMarket","role":"sales_rep","chat":1188061961,"cb_id":"5102687269110488680","msg_id":3692,"data":"menu:back","state":null}
{"t":"cb","ok":true,"ms":502,"req":"1a32e0f6","bot":8304099970,"uid":237087423,"user":"Freep_o_0_rn","name":"Freep_o_0_rn","role":"admin","chat":237087423,"cb_id":"1018282729006986001","msg_id":3686,"data":"usr:permtoggle:1188061961:14:2","state":null}
{"t":"msg","ok":true,"ms":192,"req":"ecdd4a19","bot":8304099970,"uid":1188061961,"user":"Re1ze_r","name":"Vadim BeerMarket","role":"sales_rep","chat":1188061961,"chat_type":"private","msg_id":3695,"kind":"text","text":"🏢 Клиенты","caption_len":0,"entities":0,"state":null}
{"t":"msg","ok":true,"ms":216,"req":"98a19bb3","bot":8304099970,"uid":1188061961,"user":"Re1ze_r","name":"Vadim BeerMarket","role":"sales_rep","chat":1188061961,"chat_type":"private","msg_id":3697,"kind":"text","text":"▶️ Старт","caption_len":0,"entities":0,"state":null}
{"t":"msg","ok":true,"ms":193,"req":"2d5b4ac2","bot":8304099970,"uid":1188061961,"user":"Re1ze_r","name":"Vadim BeerMarket","role":"sales_rep","chat":1188061961,"chat_type":"private","msg_id":3699,"kind":"text","text":"🏢 Клиенты","caption_len":0,"entities":0,"state":null}
{"t":"cb","ok":true,"ms":496,"req":"80e020f7","bot":8304099970,"uid":237087423,"user":"Freep_o_0_rn","name":"Freep_o_0_rn","role":"admin","chat":237087423,"cb_id":"1018282731145872533","msg_id":3686,"data":"usr:permtoggle:1188061961:14:2","state":null}
{"t":"msg","ok":true,"ms":174,"req":"ca624747","bot":8304099970,"uid":1188061961,"user":"Re1ze_r","name":"Vadim BeerMarket","role":"sales_rep","chat":1188061961,"chat_type":"private","msg_id":3702,"kind":"text","text":"🏢 Клиенты","caption_len":0,"entities":0,"state":null}
{"t":"cb","ok":true,"ms":338,"req":"5bea09fd","bot":8304099970,"uid":237087423,"user":"Freep_o_0_rn","name":"Freep_o_0_rn","role":"admin","chat":237087423,"cb_id":"1018282732140550095","msg_id":3686,"data":"usr:perms:1188061961:3","state":null}
{"t":"cb","ok":true,"ms":341,"req":"8fc88162","bot":8304099970,"uid":237087423,"user":"Freep_o_0_rn","name":"Freep_o_0_rn","role":"admin","chat":237087423,"cb_id":"1018282731849735024","msg_id":3686,"data":"usr:sel:1188061961:0","state":null}
{"t":"msg","ok":true,"ms":517,"req":"50449519","bot":8304099970,"uid":237087423,"user":"Freep_o_0_rn","name":"Freep_o_0_rn","role":"admin","chat":237087423,"chat_type":"private","msg_id":3705,"kind":"text","text":"👥 Пользователи","caption_len":0,"entities":0,"state":null}
{"t":"msg","ok":true,"ms":264,"req":"fe3c995b","bot":8304099970,"uid":1188061961,"user":"Re1ze_r","name":"Vadim BeerMarket","role":"sales_rep","chat":1188061961,"chat_type":"private","msg_id":3707,"kind":"text","text":"▶️ Старт","caption_len":0,"entities":0,"state":null}
{"t":"cb","ok":true,"ms":411,"req":"7bb9e3dd","bot":8304099970,"uid":237087423,"user":"Freep_o_0_rn","name":"Freep_o_0_rn","role":"admin","chat":237087423,"cb_id":"1018282728877795140","msg_id":3706,"data":"usr:list:1","state":null}
{"t":"cb","ok":true,"ms":358,"req":"9f71f691","bot":8304099970,"uid":237087423,"user":"Freep_o_0_rn","name":"Freep_o_0_rn","role":"admin","chat":237087423,"cb_id":"1018282728275240632","msg_id":3706,"data":"usr:sel:1188061961:1","state":null}
{"t":"cb","ok":true,"ms":305,"req":"e7f433c4","bot":8304099970,"uid":237087423,"user":"Freep_o_0_rn","name":"Freep_o_0_rn","role":"admin","chat":237087423,"cb_id":"1018282728897172891","msg_id":3706,"data":"usr:editname:1188061961","state":"AdminUserEditStates:waiting_name"}
{"t":"msg","ok":true,"ms":184,"req":"01c32f7e","bot":8304099970,"uid":237087423,"user":"Freep_o_0_rn","name":"Freep_o_0_rn","role":"admin","chat":237087423,"chat_type":"private","msg_id":3710,"kind":"text","text":"Токарев","caption_len":0,"entities":0,"state":null}
{"t":"msg","ok":true,"ms":190,"req":"68aba9ae","bot":8304099970,"uid":1188061961,"user":"Re1ze_r","name":"Vadim BeerMarket","role":"sales_rep","chat":1188061961,"chat_type":"private","msg_id":3712,"kind":"text","text":"▶️ Старт","caption_len":0,"entities":0,"state":null}
{"t":"msg","ok":true,"ms":171,"req":"142e9031","bot":8304099970,"uid":1188061961,"user":"Re1ze_r","name":"Vadim BeerMarket","role":"sales_rep","chat":1188061961,"chat_type":"private","msg_id":3714,"kind":"text","text":"🔎 Поиск","caption_len":0,"entities":0,"state":"SearchStates:waiting_query"}
{"t":"msg","ok":true,"ms":1707,"req":"23510dd8","bot":8304099970,"uid":1188061961,"user":"Re1ze_r","name":"Vadim BeerMarket","role":"sales_rep","chat":1188061961,"chat_type":"private","msg_id":3716,"kind":"text","text":"Лосев","caption_len":0,"entities":0,"state":null}
{"t":"msg","ok":true,"ms":187,"req":"6985d74d","bot":8304099970,"uid":1188061961,"user":"Re1ze_r","name":"Vadim BeerMarket","role":"sales_rep","chat":1188061961,"chat_type":"private","msg_id":3719,"kind":"text","text":"🏢 Клиенты","caption_len":0,"entities":0,"state":null}
{"t":"cb","ok":true,"ms":2530,"req":"f0a926cc","bot":8304099970,"uid":1188061961,"user":"Re1ze_r","name":"Vadim BeerMarket","role":"sales_rep","chat":1188061961,"cb_id":"5102687269787998746","msg_id":3720,"data":"cc:import:debt","state":null}
{"t":"cb","ok":true,"ms":490,"req":"1d6318eb","bot":8304099970,"uid":1188061961,"user":"Re1ze_r","name":"Vadim BeerMarket","role":"sales_rep","chat":1188061961,"cb_id":"5102687268407762434","msg_id":3722,"data":"menu:back","state":null}
{"t":"msg","ok":true,"ms":174,"req":"fb8e0957","bot":8304099970,"uid":1188061961,"user":"Re1ze_r","name":"Vadim BeerMarket","role":"sales_rep","chat":1188061961,"chat_type":"private","msg_id":3724,"kind":"text","text":"🏢 Клиенты","caption_len":0,"entities":0,"state":null}
{"t":"cb","ok":true,"ms":325,"req":"fd2ef09d","bot":8304099970,"uid":1188061961,"user":"Re1ze_r","name":"Vadim BeerMarket","role":"sales_rep","chat":1188061961,"cb_id":"5102687271448198911","msg_id":3725,"data":"cc:view:9fb48e9e-0743-4c16-9e21-5bf151514fe3","state":null}
{"t":"cb","ok":true,"ms":319,"req":"eba9bb8a","bot":8304099970,"uid":1188061961,"user":"Re1ze_r","name":"Vadim BeerMarket","role":"sales_rep","chat":1188061961,"cb_id":"5102687270617318104","msg_id":3725,"data":"cc:list:0","state":null}
{"t":"cb","ok":true,"ms":376,"req":"2ef32e76","bot":8304099970,"uid":1188061961,"user":"Re1ze_r","name":"Vadim BeerMarket","role":"sales_rep","chat":1188061961,"cb_id":"5102687269971333706","msg_id":3725,"data":"cc:list:1:own","state":null}
{"t":"cb","ok":true,"ms":320,"req":"7931eb3f","bot":8304099970,"uid":1188061961,"user":"Re1ze_r","name":"Vadim BeerMarket","role":"sales_rep","chat":1188061961,"cb_id":"5102687269306958844","msg_id":3725,"data":"cc:list:2:own","state":null}
{"t":"cb","ok":true,"ms":312,"req":"098f4f3f","bot":8304099970,"uid":1188061961,"user":"Re1ze_r","name":"Vadim BeerMarket","role":"sales_rep","chat":1188061961,"cb_id":"5102687271795509958","msg_id":3725,"data":"cc:search","state":"ClientCardStates:waiting_search_query"}
{"t":"msg","ok":true,"ms":297,"req":"928314ec","bot":8304099970,"uid":1188061961,"user":"Re1ze_r","name":"Vadim BeerMarket","role":"sales_rep","chat":1188061961,"chat_type":"private","msg_id":3727,"kind":"text","text":"Лосев","caption_len":0,"entities":0,"state":null}
{"t":"cb","ok":true,"ms":2741,"req":"1d533e1f","bot":8304099970,"uid":1188061961,"user":"Re1ze_r","name":"Vadim BeerMarket","role":"sales_rep","chat":1188061961,"cb_id":"5102687269053108848","msg_id":3728,"data":"cc:import:debt","state":null}
{"t":"cb","ok":true,"ms":300,"req":"644a47cb","bot":8304099970,"uid":1188061961,"user":"Re1ze_r","name":"Vadim BeerMarket","role":"sales_rep","chat":1188061961,"cb_id":"5102687268263707642","msg_id":3732,"data":"cc:search","state":"ClientCardStates:waiting_search_query"}
{"t":"msg","ok":true,"ms":231,"req":"cf850c0f","bot":8304099970,"uid":1188061961,"user":"Re1ze_r","name":"Vadim BeerMarket","role":"sales_rep","chat":1188061961,"chat_type":"private","msg_id":3734,"kind":"text","text":"Лосев","caption_len":0,"entities":0,"state":null}
{"t":"msg","ok":true,"ms":480,"req":"65fa1949","bot":8304099970,"uid":237087423,"user":"Freep_o_0_rn","name":"Freep_o_0_rn","role":"admin","chat":237087423,"chat_type":"private","msg_id":3737,"kind":"text","text":"🔎 Поиск","caption_len":0,"entities":0,"state":"SearchStates:waiting_query"}
{"t":"msg","ok":true,"ms":1924,"req":"77c3aa50","bot":8304099970,"uid":237087423,"user":"Freep_o_0_rn","name":"Freep_o_0_rn","role":"admin","chat":237087423,"chat_type":"private","msg_id":3739,"kind":"text","text":"Бедарева","caption_len":0,"entities":0,"state":null}
{"t":"msg","ok":true,"ms":518,"req":"d77ee8f9","bot":8304099970,"uid":237087423,"user":"Freep_o_0_rn","name":"Freep_o_0_rn","role":"admin","chat":237087423,"chat_type":"private","msg_id":3743,"kind":"text","text":"▶️ Старт","caption_len":0,"entities":0,"state":null}
{"t":"cb","ok":true,"ms":2619,"req":"a0da7482","bot":8304099970,"uid":1188061961,"user":"Re1ze_r","name":"Vadim BeerMarket","role":"sales_rep","chat":1188061961,"cb_id":"5102687270165015398","msg_id":3735,"data":"cc:import:debt","state":null}
{"t":"msg","ok":true,"ms":225,"req":"146711e4","bot":8304099970,"uid":237087423,"user":"Freep_o_0_rn","name":"Freep_o_0_rn","role":"admin","chat":237087423,"chat_type":"private","msg_id":3749,"kind":"text","text":"👥 Пользователи","caption_len":0,"entities":0,"state":null}
{"t":"msg","ok":true,"ms":184,"req":"401e88de","bot":8304099970,"uid":237087423,"user":"Freep_o_0_rn","name":"Freep_o_0_rn","role":"admin","chat":237087423,"chat_type":"private","msg_id":3751,"kind":"text","text":"🏢 Клиенты","caption_len":0,"entities":0,"state":null}
{"t":"cb","ok":true,"ms":428,"req":"13ec4b0c","bot":8304099970,"uid":237087423,"user":"Freep_o_0_rn","name":"Freep_o_0_rn","role":"admin","chat":237087423,"cb_id":"1018282732177843418","msg_id":3752,"data":"cc:imq:list:0","state":null}
{"t":"cb","ok":false,"ms":157,"req":"13133223","bot":8304099970,"uid":237087423,"user":"Freep_o_0_rn","name":"Freep_o_0_rn","role":"admin","chat":237087423,"cb_id":"1018282728615113387","msg_id":3752,"data":"cc:imq:view:9545bee4-4a75-42bf-ba58-43576f5c545e","state":null}
{"t":"error","req":"13133223","exc":"TelegramBadRequest: Telegram server says - Bad Request: BUTTON_DATA_INVALID"}
{"t":"msg","ok":true,"ms":476,"req":"fd12c7e2","bot":8304099970,"uid":237087423,"user":"Freep_o_0_rn","name":"Freep_o_0_rn","role":"admin","chat":237087423,"chat_type":"private","msg_id":3753,"kind":"text","text":"▶️ Старт","caption_len":0,"entities":0,"state":null}
{"t":"msg","ok":true,"ms":162,"req":"84a078bb","bot":8304099970,"uid":237087423,"user":"Freep_o_0_rn","name":"Freep_o_0_rn","role":"admin","chat":237087423,"chat_type":"private","msg_id":3755,"kind":"text","text":"🏢 Клиенты","caption_len":0,"entities":0,"state":null}
{"t":"cb","ok":true,"ms":330,"req":"4c6732e7","bot":8304099970,"uid":237087423,"user":"Freep_o_0_rn","name":"Freep_o_0_rn","role":"admin","chat":237087423,"cb_id":"1018282729516757783","msg_id":3756,"data":"cc:imq:list:0","state":null}
{"t":"cb","ok":true,"ms":304,"req":"877b8483","bot":8304099970,"uid":237087423,"user":"Freep_o_0_rn","name":"Freep_o_0_rn","role":"admin","chat":237087423,"cb_id":"1018282728885843196","msg_id":3756,"data":"cc:imq:view:9545bee4-4a75-42bf-ba58-43576f5c545e","state":null}
{"t":"cb","ok":true,"ms":148,"req":"70e69b65","bot":8304099970,"uid":237087423,"user":"Freep_o_0_rn","name":"Freep_o_0_rn","role":"admin","chat":237087423,"cb_id":"1018282730902497952","msg_id":3756,"data":"cc:imq:link:9545bee4-4a75-42bf-ba58-43576f5c545e:0","state":null}
{"t":"cb","ok":true,"ms":299,"req":"47c776e8","bot":8304099970,"uid":237087423,"user":"Freep_o_0_rn","name":"Freep_o_0_rn","role":"admin","chat":237087423,"cb_id":"1018282728782474526","msg_id":3756,"data":"cc:imq:sales:9545bee4-4a75-42bf-ba58-43576f5c545e","state":"ClientCardStates:waiting_import_queue_sales_rep"}
{"t":"msg","ok":true,"ms":153,"req":"d0b6f519","bot":8304099970,"uid":237087423,"user":"Freep_o_0_rn","name":"Freep_o_0_rn","role":"admin","chat":237087423,"chat_type":"private","msg_id":3758,"kind":"text","text":"Колягин","caption_len":0,"entities":0,"state":null}
{"t":"cb","ok":true,"ms":146,"req":"97035d75","bot":8304099970,"uid":237087423,"user":"Freep_o_0_rn","name":"Freep_o_0_rn","role":"admin","chat":237087423,"cb_id":"1018282730925326053","msg_id":3756,"data":"cc:imq:link:9545bee4-4a75-42bf-ba58-43576f5c545e:0","state":null}
{"t":"msg","ok":true,"ms":456,"req":"807ea7f6","bot":8304099970,"uid":237087423,"user":"Freep_o_0_rn","name":"Freep_o_0_rn","role":"admin","chat":237087423,"chat_type":"private","msg_id":3760,"kind":"text","text":"🏢 Клиенты","caption_len":0,"entities":0,"state":null}
{"t":"cb","ok":true,"ms":303,"req":"a0aa4cb1","bot":8304099970,"uid":237087423,"user":"Freep_o_0_rn","name":"Freep_o_0_rn","role":"admin","chat":237087423,"cb_id":"1018282729142914058","msg_id":3761,"data":"cc:imq:list:0","state":null}
{"t":"cb","ok":true,"ms":301,"req":"ce50ec3c","bot":8304099970,"uid":237087423,"user":"Freep_o_0_rn","name":"Freep_o_0_rn","role":"admin","chat":237087423,"cb_id":"1018282730410404770","msg_id":3761,"data":"cc:imq:view:9545bee4-4a75-42bf-ba58-43576f5c545e","state":null}
{"t":"cb","ok":true,"ms":141,"req":"edb212ae","bot":8304099970,"uid":237087423,"user":"Freep_o_0_rn","name":"Freep_o_0_rn","role":"admin","chat":237087423,"cb_id":"1018282731579136388","msg_id":3761,"data":"cc:imq:link:9545bee4-4a75-42bf-ba58-43576f5c545e:0","state":null}
{"t":"cb","ok":true,"ms":603,"req":"6141f731","bot":8304099970,"uid":237087423,"user":"Freep_o_0_rn","name":"Freep_o_0_rn","role":"admin","chat":237087423,"cb_id":"1018282731201296860","msg_id":3761,"data":"cc:imq:list:0","state":null}
{"t":"cb","ok":true,"ms":393,"req":"b7a327c2","bot":8304099970,"uid":237087423,"user":"Freep_o_0_rn","name":"Freep_o_0_rn","role":"admin","chat":237087423,"cb_id":"1018282728105885204","msg_id":3761,"data":"cc:imq:view:5811c559-4c5e-4d52-85be-dac8c3a06428","state":null}
{"t":"cb","ok":true,"ms":156,"req":"b52c9f04","bot":8304099970,"uid":237087423,"user":"Freep_o_0_rn","name":"Freep_o_0_rn","role":"admin","chat":237087423,"cb_id":"1018282731522336397","msg_id":3761,"data":"cc:imq:link:5811c559-4c5e-4d52-85be-dac8c3a06428:0","state":null}
{"t":"msg","ok":true,"ms":448,"req":"2ca1a165","bot":8304099970,"uid":237087423,"user":"Freep_o_0_rn","name":"Freep_o_0_rn","role":"admin","chat":237087423,"chat_type":"private","msg_id":3762,"kind":"text","text":"🏢 Клиенты","caption_len":0,"entities":0,"state":null}
{"t":"cb","ok":true,"ms":304,"req":"019e9294","bot":8304099970,"uid":237087423,"user":"Freep_o_0_rn","name":"Freep_o_0_rn","role":"admin","chat":237087423,"cb_id":"1018282729687635713","msg_id":3763,"data":"cc:imq:list:0","state":null}
{"t":"cb","ok":true,"ms":340,"req":"b19983ac","bot":8304099970,"uid":237087423,"user":"Freep_o_0_rn","name":"Freep_o_0_rn","role":"admin","chat":237087423,"cb_id":"1018282728975516173","msg_id":3763,"data":"cc:imq:view:9545bee4-4a75-42bf-ba58-43576f5c545e","state":null}
{"t":"cb","ok":true,"ms":317,"req":"bd52480f","bot":8304099970,"uid":237087423,"user":"Freep_o_0_rn","name":"Freep_o_0_rn","role":"admin","chat":237087423,"cb_id":"1018282731251443503","msg_id":3763,"data":"cc:imq:link:9545bee4-4a75-42bf-ba58-43576f5c545e:0","state":null}
{"t":"msg","ok":true,"ms":182,"req":"1557c6c5","bot":8304099970,"uid":237087423,"user":"Freep_o_0_rn","name":"Freep_o_0_rn","role":"admin","chat":237087423,"chat_type":"private","msg_id":3764,"kind":"text","text":"🏢 Клиенты","caption_len":0,"entities":0,"state":null}
{"t":"cb","ok":true,"ms":3245,"req":"933da655","bot":8304099970,"uid":237087423,"user":"Freep_o_0_rn","name":"Freep_o_0_rn","role":"admin","chat":237087423,"cb_id":"1018282729528108587","msg_id":3765,"data":"cc:import:debt","state":null}
{"t":"cb","ok":true,"ms":390,"req":"01b59db7","bot":8304099970,"uid":237087423,"user":"Freep_o_0_rn","name":"Freep_o_0_rn","role":"admin","chat":237087423,"cb_id":"1018282731240871246","msg_id":3768,"data":"cc:imq:list:0","state":null}
{"t":"cb","ok":true,"ms":395,"req":"2f50678a","bot":8304099970,"uid":237087423,"user":"Freep_o_0_rn","name":"Freep_o_0_rn","role":"admin","chat":237087423,"cb_id":"1018282728647095810","msg_id":3768,"data":"cc:imq:view:ab5e61c5-9818-421b-9e85-94a18157f560","state":null}
{"t":"cb","ok":true,"ms":322,"req":"403f2c2a","bot":8304099970,"uid":237087423,"user":"Freep_o_0_rn","name":"Freep_o_0_rn","role":"admin","chat":237087423,"cb_id":"1018282731791586937","msg_id":3768,"data":"cc:imq:ignore:ab5e61c5-9818-421b-9e85-94a18157f560","state":null}
{"t":"cb","ok":true,"ms":340,"req":"a3f95c1b","bot":8304099970,"uid":237087423,"user":"Freep_o_0_rn","name":"Freep_o_0_rn","role":"admin","chat":237087423,"cb_id":"1018282732140489227","msg_id":3768,"data":"cc:imq:view:f163cfc1-2fc2-45fb-8cc7-6dffbaf57134","state":null}
{"t":"cb","ok":true,"ms":162,"req":"2b72341f","bot":8304099970,"uid":237087423,"user":"Freep_o_0_rn","name":"Freep_o_0_rn","role":"admin","chat":237087423,"cb_id":"1018282729514637586","msg_id":3768,"data":"cc:imq:create:f163cfc1-2fc2-45fb-8cc7-6dffbaf57134","state":null}
{"t":"cb","ok":true,"ms":154,"req":"2e81817e","bot":8304099970,"uid":237087423,"user":"Freep_o_0_rn","name":"Freep_o_0_rn","role":"admin","chat":237087423,"cb_id":"1018282731784510240","msg_id":3768,"data":"cc:imq:create:f163cfc1-2fc2-45fb-8cc7-6dffbaf57134","state":null}
{"t":"msg","ok":true,"ms":463,"req":"0431c7fd","bot":8304099970,"uid":237087423,"user":"Freep_o_0_rn","name":"Freep_o_0_rn","role":"admin","chat":237087423,"chat_type":"private","msg_id":3769,"kind":"text","text":"🏢 Клиенты","caption_len":0,"entities":0,"state":null}
{"t":"cb","ok":true,"ms":311,"req":"dd12d46a","bot":8304099970,"uid":237087423,"user":"Freep_o_0_rn","name":"Freep_o_0_rn","role":"admin","chat":237087423,"cb_id":"1018282731186061896","msg_id":3770,"data":"cc:imq:list:0","state":null}
{"t":"cb","ok":true,"ms":462,"req":"66f3a87a","bot":8304099970,"uid":237087423,"user":"Freep_o_0_rn","name":"Freep_o_0_rn","role":"admin","chat":237087423,"cb_id":"1018282730505775829","msg_id":3770,"data":"cc:imq:view:5811c559-4c5e-4d52-85be-dac8c3a06428","state":null}
{"t":"cb","ok":true,"ms":325,"req":"41d1b830","bot":8304099970,"uid":237087423,"user":"Freep_o_0_rn","name":"Freep_o_0_rn","role":"admin","chat":237087423,"cb_id":"1018282731842001703","msg_id":3770,"data":"cc:imq:link:5811c559-4c5e-4d52-85be-dac8c3a06428:0","state":null}
{"t":"cb","ok":true,"ms":317,"req":"defae557","bot":8304099970,"uid":237087423,"user":"Freep_o_0_rn","name":"Freep_o_0_rn","role":"admin","chat":237087423,"cb_id":"1018282728977309770","msg_id":3770,"data":"cc:imq:view:4a58d390-f51c-476c-a6b7-e2bd15c18e31","state":null}
{"t":"cb","ok":true,"ms":315,"req":"cc8e1664","bot":8304099970,"uid":237087423,"user":"Freep_o_0_rn","name":"Freep_o_0_rn","role":"admin","chat":237087423,"cb_id":"1018282730614836480","msg_id":3770,"data":"cc:imq:create:4a58d390-f51c-476c-a6b7-e2bd15c18e31","state":null}
{"t":"msg","ok":true,"ms":188,"req":"ed376d03","bot":8304099970,"uid":1188061961,"user":"Re1ze_r","name":"Vadim BeerMarket","role":"sales_rep","chat":1188061961,"chat_type":"private","msg_id":3771,"kind":"text","text":"▶️ Старт","caption_len":0,"entities":0,"state":null}
{"t":"msg","ok":true,"ms":231,"req":"60926c4a","bot":8304099970,"uid":1188061961,"user":"Re1ze_r","name":"Vadim BeerMarket","role":"sales_rep","chat":1188061961,"chat_type":"private","msg_id":3773,"kind":"text","text":"🔎 Поиск","caption_len":0,"entities":0,"state":"SearchStates:waiting_query"}
{"t":"msg","ok":true,"ms":2815,"req":"91aca202","bot":8304099970,"uid":1188061961,"user":"Re1ze_r","name":"Vadim BeerMarket","role":"sales_rep","chat":1188061961,"chat_type":"private","msg_id":3775,"kind":"text","text":"Лосев","caption_len":0,"entities":0,"state":null}
{"t":"msg","ok":true,"ms":158,"req":"1275c00e","bot":8304099970,"uid":1188061961,"user":"Re1ze_r","name":"Vadim BeerMarket","role":"sales_rep","chat":1188061961,"chat_type":"private","msg_id":3784,"kind":"text","text":"🔎 Поиск тары","caption_len":0,"entities":0,"state":"SearchTaraStates:waiting_query"}
{"t":"msg","ok":true,"ms":2485,"req":"dfc51209","bot":8304099970,"uid":1188061961,"user":"Re1ze_r","name":"Vadim BeerMarket","role":"sales_rep","chat":1188061961,"chat_type":"private","msg_id":3786,"kind":"text","text":"Лосев","caption_len":0,"entities":0,"state":null}
{"t":"msg","ok":true,"ms":158,"req":"de5d0a0c","bot":8304099970,"uid":237087423,"user":"Freep_o_0_rn","name":"Freep_o_0_rn","role":"admin","chat":237087423,"chat_type":"private","msg_id":3789,"kind":"text","text":"🔄 Обновить (02:12)","caption_len":0,"entities":0,"state":null}
{"t":"cb","ok":true,"ms":6293,"req":"bc43ec6d","bot":8304099970,"uid":237087423,"user":"Freep_o_0_rn","name":"Freep_o_0_rn","role":"admin","chat":237087423,"cb_id":"1018282730943958626","msg_id":3790,"data":"upd:tara","state":null}
{"t":"msg","ok":true,"ms":164,"req":"8cd63b8c","bot":8304099970,"uid":1188061961,"user":"Re1ze_r","name":"Vadim BeerMarket","role":"sales_rep","chat":1188061961,"chat_type":"private","msg_id":3792,"kind":"text","text":"🔎 Поиск тары","caption_len":0,"entities":0,"state":"SearchTaraStates:waiting_query"}
{"t":"msg","ok":true,"ms":2491,"req":"8dcb6595","bot":8304099970,"uid":1188061961,"user":"Re1ze_r","name":"Vadim BeerMarket","role":"sales_rep","chat":1188061961,"chat_type":"private","msg_id":3794,"kind":"text","text":"Лосев","caption_len":0,"entities":0,"state":null}
{"t":"msg","ok":true,"ms":455,"req":"8aae2f9b","bot":8304099970,"uid":237087423,"user":"Freep_o_0_rn","name":"Freep_o_0_rn","role":"admin","chat":237087423,"chat_type":"private","msg_id":3797,"kind":"text","text":"🏢 Клиенты","caption_len":0,"entities":0,"state":null}
{"t":"cb","ok":true,"ms":314,"req":"fc54350d","bot":8304099970,"uid":237087423,"user":"Freep_o_0_rn","name":"Freep_o_0_rn","role":"admin","chat":237087423,"cb_id":"1018282729102111978","msg_id":3798,"data":"cc:search","state":"ClientCardStates:waiting_search_query"}
{"t":"msg","ok":true,"ms":165,"req":"1dcd8988","bot":8304099970,"uid":237087423,"user":"Freep_o_0_rn","name":"Freep_o_0_rn","role":"admin","chat":237087423,"chat_type":"private","msg_id":3800,"kind":"text","text":"Лосев","caption_len":0,"entities":0,"state":null}
{"t":"cb","ok":true,"ms":307,"req":"d906ece7","bot":8304099970,"uid":237087423,"user":"Freep_o_0_rn","name":"Freep_o_0_rn","role":"admin","chat":237087423,"cb_id":"1018282730825624140","msg_id":3801,"data":"cc:view:99d28a3a-a13d-4acc-b9f8-1d6ca500dd65","state":null}
{"t":"cb","ok":true,"ms":317,"req":"d1a89119","bot":8304099970,"uid":237087423,"user":"Freep_o_0_rn","name":"Freep_o_0_rn","role":"admin","chat":237087423,"cb_id":"1018282729573611216","msg_id":3801,"data":"cc:list:0","state":null}
{"t":"cb","ok":true,"ms":290,"req":"2b3870d8","bot":8304099970,"uid":237087423,"user":"Freep_o_0_rn","name":"Freep_o_0_rn","role":"admin","chat":237087423,"cb_id":"1018282731291829963","msg_id":3801,"data":"cc:search","state":"ClientCardStates:waiting_search_query"}
{"t":"msg","ok":true,"ms":165,"req":"d51e18f6","bot":8304099970,"uid":237087423,"user":"Freep_o_0_rn","name":"Freep_o_0_rn","role":"admin","chat":237087423,"chat_type":"private","msg_id":3803,"kind":"text","text":"Лосев","caption_len":0,"entities":0,"state":null}
{"t":"cb","ok":true,"ms":495,"req":"dfaebc45","bot":8304099970,"uid":237087423,"user":"Freep_o_0_rn","name":"Freep_o_0_rn","role":"admin","chat":237087423,"cb_id":"1018282731806988991","msg_id":3804,"data":"menu:back","state":null}
{"t":"msg","ok":true,"ms":185,"req":"d53f193c","bot":8304099970,"uid":237087423,"user":"Freep_o_0_rn","name":"Freep_o_0_rn","role":"admin","chat":237087423,"chat_type":"private","msg_id":3806,"kind":"text","text":"🏢 Клиенты","caption_len":0,"entities":0,"state":null}
{"t":"cb","ok":true,"ms":310,"req":"bae989f2","bot":8304099970,"uid":237087423,"user":"Freep_o_0_rn","name":"Freep_o_0_rn","role":"admin","chat":237087423,"cb_id":"1018282729458582611","msg_id":3807,"data":"cc:list:1:all","state":null}
{"t":"cb","ok":true,"ms":345,"req":"31ff47fb","bot":8304099970,"uid":237087423,"user":"Freep_o_0_rn","name":"Freep_o_0_rn","role":"admin","chat":237087423,"cb_id":"1018282731497783107","msg_id":3807,"data":"cc:list:2:all","state":null}
{"t":"cb","ok":true,"ms":325,"req":"0362c783","bot":8304099970,"uid":237087423,"user":"Freep_o_0_rn","name":"Freep_o_0_rn","role":"admin","chat":237087423,"cb_id":"1018282728512642407","msg_id":3807,"data":"cc:list:3:all","state":null}
{"t":"cb","ok":true,"ms":386,"req":"610f655d","bot":8304099970,"uid":237087423,"user":"Freep_o_0_rn","name":"Freep_o_0_rn","role":"admin","chat":237087423,"cb_id":"1018282729590504413","msg_id":3807,"data":"cc:list:4:all","state":null}
{"t":"cb","ok":true,"ms":581,"req":"c3a1d53d","bot":8304099970,"uid":237087423,"user":"Freep_o_0_rn","name":"Freep_o_0_rn","role":"admin","chat":237087423,"cb_id":"1018282728717730993","msg_id":3807,"data":"cc:imq:list:0","state":null}
{"t":"cb","ok":true,"ms":327,"req":"02c861bd","bot":8304099970,"uid":237087423,"user":"Freep_o_0_rn","name":"Freep_o_0_rn","role":"admin","chat":237087423,"cb_id":"1018282729807762063","msg_id":3807,"data":"cc:imq:view:b8505d67-19eb-4ec7-8a62-52d7d4ebf6dc","state":null}
{"t":"cb","ok":true,"ms":405,"req":"79bc370b","bot":8304099970,"uid":237087423,"user":"Freep_o_0_rn","name":"Freep_o_0_rn","role":"admin","chat":237087423,"cb_id":"1018282729733881667","msg_id":3807,"data":"cc:imq:link:b8505d67-19eb-4ec7-8a62-52d7d4ebf6dc:0","state":null}
{"t":"cb","ok":true,"ms":341,"req":"fb9fbe72","bot":8304099970,"uid":237087423,"user":"Freep_o_0_rn","name":"Freep_o_0_rn","role":"admin","chat":237087423,"cb_id":"1018282729809518230","msg_id":3807,"data":"cc:imq:view:587c14e2-a708-4ce0-a959-d625cff95be9","state":null}
{"t":"cb","ok":true,"ms":357,"req":"e8128fb2","bot":8304099970,"uid":237087423,"user":"Freep_o_0_rn","name":"Freep_o_0_rn","role":"admin","chat":237087423,"cb_id":"1018282731168270662","msg_id":3807,"data":"cc:imq:link:587c14e2-a708-4ce0-a959-d625cff95be9:0","state":null}
{"t":"cb","ok":true,"ms":309,"req":"d1351560","bot":8304099970,"uid":237087423,"user":"Freep_o_0_rn","name":"Freep_o_0_rn","role":"admin","chat":237087423,"cb_id":"1018282731448223636","msg_id":3807,"data":"cc:imq:view:bb910567-4d1f-402a-9945-6183d5f6e589","state":null}
{"t":"cb","ok":true,"ms":368,"req":"0d79896e","bot":8304099970,"uid":237087423,"user":"Freep_o_0_rn","name":"Freep_o_0_rn","role":"admin","chat":237087423,"cb_id":"1018282729936044009","msg_id":3807,"data":"cc:imq:sales:bb910567-4d1f-402a-9945-6183d5f6e589","state":"ClientCardStates:waiting_import_queue_sales_rep"}
{"t":"msg","ok":true,"ms":185,"req":"59616d88","bot":8304099970,"uid":237087423,"user":"Freep_o_0_rn","name":"Freep_o_0_rn","role":"admin","chat":237087423,"chat_type":"private","msg_id":3809,"kind":"text","text":"Токарев","caption_len":0,"entities":0,"state":null}
{"t":"cb","ok":true,"ms":325,"req":"bdb54ffd","bot":8304099970,"uid":237087423,"user":"Freep_o_0_rn","name":"Freep_o_0_rn","role":"admin","chat":237087423,"cb_id":"1018282732266331050","msg_id":3807,"data":"cc:imq:create:bb910567-4d1f-402a-9945-6183d5f6e589","state":null}
{"t":"msg","ok":true,"ms":443,"req":"8d9a4946","bot":8304099970,"uid":237087423,"user":"Freep_o_0_rn","name":"Freep_o_0_rn","role":"admin","chat":237087423,"chat_type":"private","msg_id":3811,"kind":"text","text":"🏢 Клиенты","caption_len":0,"entities":0,"state":null}
{"t":"cb","ok":true,"ms":305,"req":"d8e633de","bot":8304099970,"uid":237087423,"user":"Freep_o_0_rn","name":"Freep_o_0_rn","role":"admin","chat":237087423,"cb_id":"1018282729074108811","msg_id":3812,"data":"cc:imq:list:0","state":null}
{"t":"cb","ok":true,"ms":301,"req":"81e85a5e","bot":8304099970,"uid":237087423,"user":"Freep_o_0_rn","name":"Freep_o_0_rn","role":"admin","chat":237087423,"cb_id":"1018282728424743309","msg_id":3812,"data":"cc:imq:view:f163cfc1-2fc2-45fb-8cc7-6dffbaf57134","state":null}
{"t":"cb","ok":true,"ms":146,"req":"17ca3a54","bot":8304099970,"uid":237087423,"user":"Freep_o_0_rn","name":"Freep_o_0_rn","role":"admin","chat":237087423,"cb_id":"1018282731681301966","msg_id":3812,"data":"cc:imq:create:f163cfc1-2fc2-45fb-8cc7-6dffbaf57134","state":null}
{"t":"cb","ok":true,"ms":293,"req":"0aa15fb5","bot":8304099970,"uid":237087423,"user":"Freep_o_0_rn","name":"Freep_o_0_rn","role":"admin","chat":237087423,"cb_id":"1018282731319144871","msg_id":3812,"data":"cc:imq:sales:f163cfc1-2fc2-45fb-8cc7-6dffbaf57134","state":"ClientCardStates:waiting_import_queue_sales_rep"}
{"t":"msg","ok":true,"ms":160,"req":"41f7a43a","bot":8304099970,"uid":237087423,"user":"Freep_o_0_rn","name":"Freep_o_0_rn","role":"admin","chat":237087423,"chat_type":"private","msg_id":3814,"kind":"text","text":"Токарев","caption_len":0,"entities":0,"state":null}
{"t":"cb","ok":true,"ms":297,"req":"2755e984","bot":8304099970,"uid":237087423,"user":"Freep_o_0_rn","name":"Freep_o_0_rn","role":"admin","chat":237087423,"cb_id":"1018282730491014099","msg_id":3812,"data":"cc:imq:create:f163cfc1-2fc2-45fb-8cc7-6dffbaf57134","state":null}
{"t":"cb","ok":true,"ms":308,"req":"caf8f822","bot":8304099970,"uid":237087423,"user":"Freep_o_0_rn","name":"Freep_o_0_rn","role":"admin","chat":237087423,"cb_id":"1018282728192707222","msg_id":3812,"data":"cc:imq:view:a3a71ad9-fce6-4a33-bdd6-294971e1bac8","state":null}
{"t":"cb","ok":true,"ms":312,"req":"0e73fa2c","bot":8304099970,"uid":237087423,"user":"Freep_o_0_rn","name":"Freep_o_0_rn","role":"admin","chat":237087423,"cb_id":"1018282731284488459","msg_id":3812,"data":"cc:imq:link:a3a71ad9-fce6-4a33-bdd6-294971e1bac8:0","state":null}
{"t":"cb","ok":true,"ms":342,"req":"01d4a26d","bot":8304099970,"uid":237087423,"user":"Freep_o_0_rn","name":"Freep_o_0_rn","role":"admin","chat":237087423,"cb_id":"1018282728889723266","msg_id":3812,"data":"cc:imq:view:f1232e5c-ca56-42a8-9b2a-bdadca13fe1c","state":null}
{"t":"cb","ok":true,"ms":313,"req":"bea72798","bot":8304099970,"uid":237087423,"user":"Freep_o_0_rn","name":"Freep_o_0_rn","role":"admin","chat":237087423,"cb_id":"1018282731424680534","msg_id":3812,"data":"cc:imq:create:f1232e5c-ca56-42a8-9b2a-bdadca13fe1c","state":null}
{"t":"cb","ok":true,"ms":330,"req":"efb73de8","bot":8304099970,"uid":237087423,"user":"Freep_o_0_rn","name":"Freep_o_0_rn","role":"admin","chat":237087423,"cb_id":"1018282732286627178","msg_id":3812,"data":"cc:imq:view:b0d334c6-12fa-4386-a7d3-5c7f8a60ed2e","state":null}
{"t":"cb","ok":true,"ms":314,"req":"ac06464c","bot":8304099970,"uid":237087423,"user":"Freep_o_0_rn","name":"Freep_o_0_rn","role":"admin","chat":237087423,"cb_id":"1018282729490018225","msg_id":3812,"data":"cc:imq:link:b0d334c6-12fa-4386-a7d3-5c7f8a60ed2e:0","state":null}
{"t":"cb","ok":true,"ms":308,"req":"bb43d3d9","bot":8304099970,"uid":237087423,"user":"Freep_o_0_rn","name":"Freep_o_0_rn","role":"admin","chat":237087423,"cb_id":"1018282731154175124","msg_id":3812,"data":"cc:imq:view:006a8c51-bdf0-4f3a-bb7c-23549f5f7250","state":null}
{"t":"cb","ok":true,"ms":305,"req":"27f1d501","bot":8304099970,"uid":237087423,"user":"Freep_o_0_rn","name":"Freep_o_0_rn","role":"admin","chat":237087423,"cb_id":"1018282730646958211","msg_id":3812,"data":"cc:imq:link:006a8c51-bdf0-4f3a-bb7c-23549f5f7250:0","state":null}
{"t":"cb","ok":true,"ms":309,"req":"4bbb6ad5","bot":8304099970,"uid":237087423,"user":"Freep_o_0_rn","name":"Freep_o_0_rn","role":"admin","chat":237087423,"cb_id":"1018282730946998426","msg_id":3812,"data":"cc:imq:view:361f3cc2-3a54-4061-9125-a8efd9b832ed","state":null}
{"t":"cb","ok":true,"ms":476,"req":"c7235e90","bot":8304099970,"uid":237087423,"user":"Freep_o_0_rn","name":"Freep_o_0_rn","role":"admin","chat":237087423,"cb_id":"1018282730132192012","msg_id":3812,"data":"cc:imq:link:361f3cc2-3a54-4061-9125-a8efd9b832ed:0","state":null}
{"t":"cb","ok":true,"ms":318,"req":"0a8661d7","bot":8304099970,"uid":237087423,"user":"Freep_o_0_rn","name":"Freep_o_0_rn","role":"admin","chat":237087423,"cb_id":"1018282729154283954","msg_id":3812,"data":"cc:imq:view:5bf8faea-05f8-40d1-b18f-e7af460e76de","state":null}
{"t":"cb","ok":true,"ms":327,"req":"94da9320","bot":8304099970,"uid":237087423,"user":"Freep_o_0_rn","name":"Freep_o_0_rn","role":"admin","chat":237087423,"cb_id":"1018282728373431148","msg_id":3812,"data":"cc:imq:list:0","state":null}
{"t":"cb","ok":true,"ms":311,"req":"be0cfa40","bot":8304099970,"uid":237087423,"user":"Freep_o_0_rn","name":"Freep_o_0_rn","role":"admin","chat":237087423,"cb_id":"1018282728241434146","msg_id":3812,"data":"cc:imq:view:b0abe506-372f-443e-8298-fcd46e68c76a","state":null}
{"t":"cb","ok":true,"ms":370,"req":"42dc2038","bot":8304099970,"uid":237087423,"user":"Freep_o_0_rn","name":"Freep_o_0_rn","role":"admin","chat":237087423,"cb_id":"1018282732175839445","msg_id":3812,"data":"cc:imq:create:b0abe506-372f-443e-8298-fcd46e68c76a","state":null}
{"t":"cb","ok":true,"ms":300,"req":"4625bb7d","bot":8304099970,"uid":237087423,"user":"Freep_o_0_rn","name":"Freep_o_0_rn","role":"admin","chat":237087423,"cb_id":"1018282730979181634","msg_id":3812,"data":"cc:imq:view:5bf8faea-05f8-40d1-b18f-e7af460e76de","state":null}
{"t":"cb","ok":true,"ms":310,"req":"cdbdd0d5","bot":8304099970,"uid":237087423,"user":"Freep_o_0_rn","name":"Freep_o_0_rn","role":"admin","chat":237087423,"cb_id":"1018282729064391373","msg_id":3812,"data":"cc:imq:list:0","state":null}
{"t":"cb","ok":true,"ms":292,"req":"27029a81","bot":8304099970,"uid":237087423,"user":"Freep_o_0_rn","name":"Freep_o_0_rn","role":"admin","chat":237087423,"cb_id":"1018282728585342606","msg_id":3812,"data":"cc:imq:view:3e03db97-6723-447e-b1de-43f5fa407099","state":null}
{"t":"cb","ok":true,"ms":319,"req":"ac864e73","bot":8304099970,"uid":237087423,"user":"Freep_o_0_rn","name":"Freep_o_0_rn","role":"admin","chat":237087423,"cb_id":"1018282730446673007","msg_id":3812,"data":"cc:imq:link:3e03db97-6723-447e-b1de-43f5fa407099:0","state":null}
{"t":"cb","ok":true,"ms":295,"req":"32c40d4c","bot":8304099970,"uid":237087423,"user":"Freep_o_0_rn","name":"Freep_o_0_rn","role":"admin","chat":237087423,"cb_id":"1018282731892301765","msg_id":3812,"data":"cc:imq:view:c900058c-f1fc-4c8f-b6b0-bb9767ab3bea","state":null}
{"t":"cb","ok":true,"ms":311,"req":"cccd4e8b","bot":8304099970,"uid":237087423,"user":"Freep_o_0_rn","name":"Freep_o_0_rn","role":"admin","chat":237087423,"cb_id":"1018282728778385931","msg_id":3812,"data":"cc:imq:link:c900058c-f1fc-4c8f-b6b0-bb9767ab3bea:0","state":null}
{"t":"cb","ok":true,"ms":312,"req":"d9ff4e20","bot":8304099970,"uid":237087423,"user":"Freep_o_0_rn","name":"Freep_o_0_rn","role":"admin","chat":237087423,"cb_id":"1018282731008773514","msg_id":3812,"data":"cc:imq:view:95f12930-78df-4694-9ce4-23483c4e831a","state":null}
{"t":"cb","ok":true,"ms":325,"req":"246f8755","bot":8304099970,"uid":237087423,"user":"Freep_o_0_rn","name":"Freep_o_0_rn","role":"admin","chat":237087423,"cb_id":"1018282730178987162","msg_id":3812,"data":"cc:imq:link:95f12930-78df-4694-9ce4-23483c4e831a:0","state":null}
{"t":"cb","ok":true,"ms":314,"req":"67f48f11","bot":8304099970,"uid":237087423,"user":"Freep_o_0_rn","name":"Freep_o_0_rn","role":"admin","chat":237087423,"cb_id":"1018282730119092513","msg_id":3812,"data":"cc:imq:view:ded21b5b-1673-42d8-b976-1bb6656b9a98","state":null}
{"t":"cb","ok":true,"ms":330,"req":"cae7d6b5","bot":8304099970,"uid":237087423,"user":"Freep_o_0_rn","name":"Freep_o_0_rn","role":"admin","chat":237087423,"cb_id":"1018282729939398650","msg_id":3812,"data":"cc:imq:link:ded21b5b-1673-42d8-b976-1bb6656b9a98:0","state":null}
{"t":"cb","ok":true,"ms":396,"req":"a656f288","bot":8304099970,"uid":237087423,"user":"Freep_o_0_rn","name":"Freep_o_0_rn","role":"admin","chat":237087423,"cb_id":"1018282732295418220","msg_id":3812,"data":"cc:imq:view:5a8725fb-daf4-4ce6-9345-4a6e68912d26","state":null}
{"t":"cb","ok":true,"ms":305,"req":"912ef633","bot":8304099970,"uid":237087423,"user":"Freep_o_0_rn","name":"Freep_o_0_rn","role":"admin","chat":237087423,"cb_id":"1018282730334007385","msg_id":3812,"data":"cc:imq:sales:5a8725fb-daf4-4ce6-9345-4a6e68912d26","state":"ClientCardStates:waiting_import_queue_sales_rep"}
{"t":"msg","ok":true,"ms":158,"req":"ba910232","bot":8304099970,"uid":237087423,"user":"Freep_o_0_rn","name":"Freep_o_0_rn","role":"admin","chat":237087423,"chat_type":"private","msg_id":3817,"kind":"text","text":"Щербатов","caption_len":0,"entities":0,"state":null}
{"t":"msg","ok":true,"ms":183,"req":"22665d08","bot":8304099970,"uid":237087423,"user":"Freep_o_0_rn","name":"Freep_o_0_rn","role":"admin","chat":237087423,"chat_type":"private","msg_id":3819,"kind":"text","text":"🏢 Клиенты","caption_len":0,"entities":0,"state":null}
{"t":"cb","ok":true,"ms":296,"req":"a3b41881","bot":8304099970,"uid":237087423,"user":"Freep_o_0_rn","name":"Freep_o_0_rn","role":"admin","chat":237087423,"cb_id":"1018282729293230910","msg_id":3820,"data":"cc:imq:list:0","state":null}
{"t":"cb","ok":true,"ms":597,"req":"2208fcd2","bot":8304099970,"uid":237087423,"user":"Freep_o_0_rn","name":"Freep_o_0_rn","role":"admin","chat":237087423,"cb_id":"1018282728420727460","msg_id":3820,"data":"cc:imq:view:5a8725fb-daf4-4ce6-9345-4a6e68912d26","state":null}
{"t":"cb","ok":true,"ms":317,"req":"0b2d8f9a","bot":8304099970,"uid":237087423,"user":"Freep_o_0_rn","name":"Freep_o_0_rn","role":"admin","chat":237087423,"cb_id":"1018282730743973275","msg_id":3820,"data":"cc:imq:link:5a8725fb-daf4-4ce6-9345-4a6e68912d26:0","state":null}
{"t":"cb","ok":true,"ms":303,"req":"b7ca3aba","bot":8304099970,"uid":237087423,"user":"Freep_o_0_rn","name":"Freep_o_0_rn","role":"admin","chat":237087423,"cb_id":"1018282730573338823","msg_id":3820,"data":"cc:imq:view:a6261450-5333-4d22-bc84-7d7e3ef64bea","state":null}
{"t":"cb","ok":true,"ms":306,"req":"8db30dc6","bot":8304099970,"uid":237087423,"user":"Freep_o_0_rn","name":"Freep_o_0_rn","role":"admin","chat":237087423,"cb_id":"1018282730581466711","msg_id":3820,"data":"cc:imq:link:a6261450-5333-4d22-bc84-7d7e3ef64bea:0","state":null}
{"t":"cb","ok":true,"ms":311,"req":"18df6e58","bot":8304099970,"uid":237087423,"user":"Freep_o_0_rn","name":"Freep_o_0_rn","role":"admin","chat":237087423,"cb_id":"1018282731386376464","msg_id":3820,"data":"cc:imq:view:d3b89ea8-65df-411d-9ef9-310b110ecb57","state":null}
{"t":"cb","ok":true,"ms":301,"req":"a568ba7a","bot":8304099970,"uid":237087423,"user":"Freep_o_0_rn","name":"Freep_o_0_rn","role":"admin","chat":237087423,"cb_id":"1018282731110940512","msg_id":3820,"data":"cc:imq:sales:d3b89ea8-65df-411d-9ef9-310b110ecb57","state":"ClientCardStates:waiting_import_queue_sales_rep"}
{"t":"msg","ok":true,"ms":166,"req":"14a1131c","bot":8304099970,"uid":237087423,"user":"Freep_o_0_rn","name":"Freep_o_0_rn","role":"admin","chat":237087423,"chat_type":"private","msg_id":3822,"kind":"text","text":"Щербатов","caption_len":0,"entities":0,"state":null}
{"t":"msg","ok":true,"ms":464,"req":"6fc2c03a","bot":8304099970,"uid":237087423,"user":"Freep_o_0_rn","name":"Freep_o_0_rn","role":"admin","chat":237087423,"chat_type":"private","msg_id":3824,"kind":"text","text":"🏢 Клиенты","caption_len":0,"entities":0,"state":null}
{"t":"cb","ok":true,"ms":316,"req":"0c5d1c83","bot":8304099970,"uid":237087423,"user":"Freep_o_0_rn","name":"Freep_o_0_rn","role":"admin","chat":237087423,"cb_id":"1018282728910397549","msg_id":3825,"data":"cc:imq:list:0","state":null}
{"t":"cb","ok":true,"ms":630,"req":"bd6cb2fe","bot":8304099970,"uid":237087423,"user":"Freep_o_0_rn","name":"Freep_o_0_rn","role":"admin","chat":237087423,"cb_id":"1018282728125403175","msg_id":3825,"data":"cc:imq:view:5bf8faea-05f8-40d1-b18f-e7af460e76de","state":null}
{"t":"cb","ok":true,"ms":471,"req":"2ec71798","bot":8304099970,"uid":237087423,"user":"Freep_o_0_rn","name":"Freep_o_0_rn","role":"admin","chat":237087423,"cb_id":"1018282729461857189","msg_id":3825,"data":"cc:imq:list:0","state":null}
{"t":"cb","ok":true,"ms":308,"req":"35c3bb35","bot":8304099970,"uid":237087423,"user":"Freep_o_0_rn","name":"Freep_o_0_rn","role":"admin","chat":237087423,"cb_id":"1018282729796514476","msg_id":3825,"data":"cc:imq:view:d3b89ea8-65df-411d-9ef9-310b110ecb57","state":null}
{"t":"cb","ok":true,"ms":313,"req":"7d7de642","bot":8304099970,"uid":237087423,"user":"Freep_o_0_rn","name":"Freep_o_0_rn","role":"admin","chat":237087423,"cb_id":"1018282729816630128","msg_id":3825,"data":"cc:imq:sales:d3b89ea8-65df-411d-9ef9-310b110ecb57","state":"ClientCardStates:waiting_import_queue_sales_rep"}
{"t":"msg","ok":true,"ms":402,"req":"a03b6bf0","bot":8304099970,"uid":237087423,"user":"Freep_o_0_rn","name":"Freep_o_0_rn","role":"admin","chat":237087423,"chat_type":"private","msg_id":3827,"kind":"text","text":"Щербатов","caption_len":0,"entities":0,"state":null}
{"t":"cb","ok":true,"ms":348,"req":"54a4feab","bot":8304099970,"uid":237087423,"user":"Freep_o_0_rn","name":"Freep_o_0_rn","role":"admin","chat":237087423,"cb_id":"1018282730129628526","msg_id":3829,"data":"cc:imq:link:d3b89ea8-65df-411d-9ef9-310b110ecb57:0","state":null}
{"t":"cb","ok":true,"ms":424,"req":"b96dfe0e","bot":8304099970,"uid":237087423,"user":"Freep_o_0_rn","name":"Freep_o_0_rn","role":"admin","chat":237087423,"cb_id":"1018282729243249841","msg_id":3829,"data":"cc:imq:view:18810edc-d78c-4cc1-a813-209938017e8a","state":null}
{"t":"cb","ok":true,"ms":339,"req":"76987ce9","bot":8304099970,"uid":237087423,"user":"Freep_o_0_rn","name":"Freep_o_0_rn","role":"admin","chat":237087423,"cb_id":"1018282730134007922","msg_id":3829,"data":"cc:imq:link:18810edc-d78c-4cc1-a813-209938017e8a:0","state":null}
{"t":"cb","ok":true,"ms":540,"req":"beac8203","bot":8304099970,"uid":237087423,"user":"Freep_o_0_rn","name":"Freep_o_0_rn","role":"admin","chat":237087423,"cb_id":"1018282729507315772","msg_id":3829,"data":"cc:imq:view:2120901c-17e0-498d-8a28-627d56e5fec9","state":null}
{"t":"cb","ok":true,"ms":354,"req":"634c820a","bot":8304099970,"uid":237087423,"user":"Freep_o_0_rn","name":"Freep_o_0_rn","role":"admin","chat":237087423,"cb_id":"1018282729083518357","msg_id":3829,"data":"cc:imq:link:2120901c-17e0-498d-8a28-627d56e5fec9:0","state":null}
{"t":"cb","ok":true,"ms":320,"req":"2e9b496c","bot":8304099970,"uid":237087423,"user":"Freep_o_0_rn","name":"Freep_o_0_rn","role":"admin","chat":237087423,"cb_id":"1018282729707071425","msg_id":3829,"data":"cc:imq:view:2d6fb7c7-512a-4c4c-a2da-59f1c4edbbc5","state":null}
{"t":"cb","ok":true,"ms":333,"req":"c99e450c","bot":8304099970,"uid":237087423,"user":"Freep_o_0_rn","name":"Freep_o_0_rn","role":"admin","chat":237087423,"cb_id":"1018282728534260240","msg_id":3829,"data":"cc:imq:create:2d6fb7c7-512a-4c4c-a2da-59f1c4edbbc5","state":null}
{"t":"cb","ok":true,"ms":344,"req":"7e4da583","bot":8304099970,"uid":237087423,"user":"Freep_o_0_rn","name":"Freep_o_0_rn","role":"admin","chat":237087423,"cb_id":"1018282730848914657","msg_id":3829,"data":"cc:imq:view:b5f1f57d-41be-4ca4-9907-b8a27a5506df","state":null}
{"t":"cb","ok":true,"ms":333,"req":"6429e15d","bot":8304099970,"uid":237087423,"user":"Freep_o_0_rn","name":"Freep_o_0_rn","role":"admin","chat":237087423,"cb_id":"1018282732118168424","msg_id":3829,"data":"cc:imq:link:b5f1f57d-41be-4ca4-9907-b8a27a5506df:0","state":null}
{"t":"cb","ok":true,"ms":299,"req":"7cdd1bd0","bot":8304099970,"uid":237087423,"user":"Freep_o_0_rn","name":"Freep_o_0_rn","role":"admin","chat":237087423,"cb_id":"1018282730589281276","msg_id":3829,"data":"cc:imq:view:70506def-6606-4fe5-a13c-6c95daa78543","state":null}
{"t":"cb","ok":true,"ms":355,"req":"a29d3489","bot":8304099970,"uid":237087423,"user":"Freep_o_0_rn","name":"Freep_o_0_rn","role":"admin","chat":237087423,"cb_id":"1018282729395572925","msg_id":3829,"data":"cc:imq:link:70506def-6606-4fe5-a13c-6c95daa78543:0","state":null}
{"t":"cb","ok":true,"ms":356,"req":"19eaf647","bot":8304099970,"uid":237087423,"user":"Freep_o_0_rn","name":"Freep_o_0_rn","role":"admin","chat":237087423,"cb_id":"1018282731079346470","msg_id":3829,"data":"cc:imq:view:9f35d708-ebfa-46e5-b6ff-cf01f9eab1ae","state":null}
{"t":"cb","ok":true,"ms":345,"req":"eaeac8d6","bot":8304099970,"uid":237087423,"user":"Freep_o_0_rn","name":"Freep_o_0_rn","role":"admin","chat":237087423,"cb_id":"1018282729741409794","msg_id":3829,"data":"cc:imq:link:9f35d708-ebfa-46e5-b6ff-cf01f9eab1ae:0","state":null}
{"t":"cb","ok":true,"ms":319,"req":"3aaf3e4a","bot":8304099970,"uid":237087423,"user":"Freep_o_0_rn","name":"Freep_o_0_rn","role":"admin","chat":237087423,"cb_id":"1018282728786726368","msg_id":3829,"data":"cc:imq:view:575c315a-2dc7-4066-9d86-083da27004a2","state":null}
{"t":"cb","ok":true,"ms":337,"req":"aaaa1330","bot":8304099970,"uid":237087423,"user":"Freep_o_0_rn","name":"Freep_o_0_rn","role":"admin","chat":237087423,"cb_id":"1018282728828120710","msg_id":3829,"data":"cc:imq:link:575c315a-2dc7-4066-9d86-083da27004a2:0","state":null}
{"t":"cb","ok":true,"ms":327,"req":"ba325923","bot":8304099970,"uid":237087423,"user":"Freep_o_0_rn","name":"Freep_o_0_rn","role":"admin","chat":237087423,"cb_id":"1018282730107788070","msg_id":3829,"data":"cc:imq:view:8134fd6c-e9b6-4354-b1a3-3f983c328eed","state":null}
{"t":"cb","ok":true,"ms":322,"req":"f50166f9","bot":8304099970,"uid":237087423,"user":"Freep_o_0_rn","name":"Freep_o_0_rn","role":"admin","chat":237087423,"cb_id":"1018282730823295693","msg_id":3829,"data":"cc:imq:link:8134fd6c-e9b6-4354-b1a3-3f983c328eed:0","state":null}
{"t":"cb","ok":true,"ms":326,"req":"5e569a2f","bot":8304099970,"uid":237087423,"user":"Freep_o_0_rn","name":"Freep_o_0_rn","role":"admin","chat":237087423,"cb_id":"1018282732284230980","msg_id":3829,"data":"cc:imq:view:672bea03-76ea-44f4-a729-fee2db687f67","state":null}
{"t":"cb","ok":true,"ms":336,"req":"2a8209fc","bot":8304099970,"uid":237087423,"user":"Freep_o_0_rn","name":"Freep_o_0_rn","role":"admin","chat":237087423,"cb_id":"1018282728492372971","msg_id":3829,"data":"cc:imq:create:672bea03-76ea-44f4-a729-fee2db687f67","state":null}
{"t":"cb","ok":true,"ms":378,"req":"dcb070c0","bot":8304099970,"uid":237087423,"user":"Freep_o_0_rn","name":"Freep_o_0_rn","role":"admin","chat":237087423,"cb_id":"1018282731660181573","msg_id":3829,"data":"cc:imq:view:1f2618f7-ec44-461d-a9fa-2d8b746e0ab1","state":null}
{"t":"cb","ok":true,"ms":367,"req":"841ec44c","bot":8304099970,"uid":237087423,"user":"Freep_o_0_rn","name":"Freep_o_0_rn","role":"admin","chat":237087423,"cb_id":"1018282728966990562","msg_id":3829,"data":"cc:imq:link:1f2618f7-ec44-461d-a9fa-2d8b746e0ab1:0","state":null}
{"t":"cb","ok":true,"ms":330,"req":"e170991b","bot":8304099970,"uid":237087423,"user":"Freep_o_0_rn","name":"Freep_o_0_rn","role":"admin","chat":237087423,"cb_id":"1018282732073709879","msg_id":3829,"data":"cc:imq:view:5bf8faea-05f8-40d1-b18f-e7af460e76de","state":null}
{"t":"cb","ok":true,"ms":377,"req":"c47e6e73","bot":8304099970,"uid":237087423,"user":"Freep_o_0_rn","name":"Freep_o_0_rn","role":"admin","chat":237087423,"cb_id":"1018282730066847435","msg_id":3829,"data":"cc:imq:list:0","state":null}
{"t":"cb","ok":true,"ms":306,"req":"573a09bc","bot":8304099970,"uid":237087423,"user":"Freep_o_0_rn","name":"Freep_o_0_rn","role":"admin","chat":237087423,"cb_id":"1018282728211134977","msg_id":3829,"data":"cc:imq:view:e203d8e9-0735-45b6-a80e-56f7d4df827d","state":null}
{"t":"cb","ok":true,"ms":307,"req":"a8af9359","bot":8304099970,"uid":237087423,"user":"Freep_o_0_rn","name":"Freep_o_0_rn","role":"admin","chat":237087423,"cb_id":"1018282728343143773","msg_id":3829,"data":"cc:imq:link:e203d8e9-0735-45b6-a80e-56f7d4df827d:0","state":null}
{"t":"cb","ok":true,"ms":310,"req":"6d222b73","bot":8304099970,"uid":237087423,"user":"Freep_o_0_rn","name":"Freep_o_0_rn","role":"admin","chat":237087423,"cb_id":"1018282729311112115","msg_id":3829,"data":"cc:imq:view:52b6ab9d-f025-495c-ae56-f69be643bdac","state":null}
{"t":"cb","ok":true,"ms":320,"req":"2531f5de","bot":8304099970,"uid":237087423,"user":"Freep_o_0_rn","name":"Freep_o_0_rn","role":"admin","chat":237087423,"cb_id":"1018282729040547479","msg_id":3829,"data":"cc:imq:link:52b6ab9d-f025-495c-ae56-f69be643bdac:0","state":null}
{"t":"cb","ok":true,"ms":357,"req":"d43896a3","bot":8304099970,"uid":237087423,"user":"Freep_o_0_rn","name":"Freep_o_0_rn","role":"admin","chat":237087423,"cb_id":"1018282729187554943","msg_id":3829,"data":"cc:imq:view:da1b53f0-105d-45e0-8031-e27eac8eea3f","state":null}
{"t":"cb","ok":true,"ms":312,"req":"788c98db","bot":8304099970,"uid":237087423,"user":"Freep_o_0_rn","name":"Freep_o_0_rn","role":"admin","chat":237087423,"cb_id":"1018282729267809193","msg_id":3829,"data":"cc:imq:sales:da1b53f0-105d-45e0-8031-e27eac8eea3f","state":"ClientCardStates:waiting_import_queue_sales_rep"}
{"t":"msg","ok":true,"ms":392,"req":"e0fc1926","bot":8304099970,"uid":237087423,"user":"Freep_o_0_rn","name":"Freep_o_0_rn","role":"admin","chat":237087423,"chat_type":"private","msg_id":3831,"kind":"text","text":"Щербатов","caption_len":0,"entities":0,"state":null}
{"t":"cb","ok":true,"ms":327,"req":"b77082bc","bot":8304099970,"uid":237087423,"user":"Freep_o_0_rn","name":"Freep_o_0_rn","role":"admin","chat":237087423,"cb_id":"1018282728717293970","msg_id":3833,"data":"cc:imq:link:da1b53f0-105d-45e0-8031-e27eac8eea3f:0","state":null}
{"t":"cb","ok":true,"ms":305,"req":"79c850e8","bot":8304099970,"uid":237087423,"user":"Freep_o_0_rn","name":"Freep_o_0_rn","role":"admin","chat":237087423,"cb_id":"1018282731492253463","msg_id":3833,"data":"cc:imq:view:345781d8-5afa-44cf-b55a-32f184f1af52","state":null}
{"t":"cb","ok":true,"ms":148,"req":"fcd92b27","bot":8304099970,"uid":237087423,"user":"Freep_o_0_rn","name":"Freep_o_0_rn","role":"admin","chat":237087423,"cb_id":"1018282728644014499","msg_id":3833,"data":"cc:imq:link:345781d8-5afa-44cf-b55a-32f184f1af52:0","state":null}
{"t":"cb","ok":true,"ms":378,"req":"8cb8c8c3","bot":8304099970,"uid":237087423,"user":"Freep_o_0_rn","name":"Freep_o_0_rn","role":"admin","chat":237087423,"cb_id":"1018282731738522669","msg_id":3833,"data":"cc:imq:sales:345781d8-5afa-44cf-b55a-32f184f1af52","state":"ClientCardStates:waiting_import_queue_sales_rep"}
{"t":"msg","ok":true,"ms":328,"req":"49765f9b","bot":8304099970,"uid":237087423,"user":"Freep_o_0_rn","name":"Freep_o_0_rn","role":"admin","chat":237087423,"chat_type":"private","msg_id":3835,"kind":"text","text":"Щербатов","caption_len":0,"entities":0,"state":null}
{"t":"cb","ok":true,"ms":328,"req":"53c047c6","bot":8304099970,"uid":237087423,"user":"Freep_o_0_rn","name":"Freep_o_0_rn","role":"admin","chat":237087423,"cb_id":"1018282728534688218","msg_id":3837,"data":"cc:imq:link:345781d8-5afa-44cf-b55a-32f184f1af52:0","state":null}
{"t":"cb","ok":true,"ms":310,"req":"24c661bb","bot":8304099970,"uid":237087423,"user":"Freep_o_0_rn","name":"Freep_o_0_rn","role":"admin","chat":237087423,"cb_id":"1018282729669541079","msg_id":3837,"data":"cc:imq:view:bca28629-6edd-4248-8647-ed1064ea6b8c","state":null}
{"t":"cb","ok":true,"ms":367,"req":"e70ff52f","bot":8304099970,"uid":237087423,"user":"Freep_o_0_rn","name":"Freep_o_0_rn","role":"admin","chat":237087423,"cb_id":"1018282729011235605","msg_id":3837,"data":"cc:imq:link:bca28629-6edd-4248-8647-ed1064ea6b8c:0","state":null}
{"t":"cb","ok":true,"ms":505,"req":"23398197","bot":8304099970,"uid":237087423,"user":"Freep_o_0_rn","name":"Freep_o_0_rn","role":"admin","chat":237087423,"cb_id":"1018282728449746978","msg_id":3837,"data":"cc:imq:view:13d3118b-92fb-43ea-90a0-5671eb815b6f","state":null}
{"t":"cb","ok":true,"ms":587,"req":"5733e497","bot":8304099970,"uid":237087423,"user":"Freep_o_0_rn","name":"Freep_o_0_rn","role":"admin","chat":237087423,"cb_id":"1018282731362594398","msg_id":3837,"data":"cc:imq:link:13d3118b-92fb-43ea-90a0-5671eb815b6f:0","state":null}
{"t":"cb","ok":true,"ms":336,"req":"deb62a8a","bot":8304099970,"uid":237087423,"user":"Freep_o_0_rn","name":"Freep_o_0_rn","role":"admin","chat":237087423,"cb_id":"1018282728561150073","msg_id":3837,"data":"cc:imq:view:28b05931-8019-422a-bb10-ddc95fe5d39a","state":null}
{"t":"cb","ok":true,"ms":384,"req":"8f8baa6d","bot":8304099970,"uid":237087423,"user":"Freep_o_0_rn","name":"Freep_o_0_rn","role":"admin","chat":237087423,"cb_id":"1018282731247533116","msg_id":3837,"data":"cc:imq:link:28b05931-8019-422a-bb10-ddc95fe5d39a:0","state":null}
{"t":"cb","ok":true,"ms":341,"req":"dc82c70c","bot":8304099970,"uid":237087423,"user":"Freep_o_0_rn","name":"Freep_o_0_rn","role":"admin","chat":237087423,"cb_id":"1018282728374089031","msg_id":3837,"data":"cc:imq:view:841d4b9d-93e9-463d-9012-0a08d4630e02","state":null}
{"t":"cb","ok":true,"ms":327,"req":"af95e651","bot":8304099970,"uid":237087423,"user":"Freep_o_0_rn","name":"Freep_o_0_rn","role":"admin","chat":237087423,"cb_id":"1018282730126967207","msg_id":3837,"data":"cc:imq:link:841d4b9d-93e9-463d-9012-0a08d4630e02:0","state":null}
{"t":"cb","ok":true,"ms":462,"req":"73a76a7d","bot":8304099970,"uid":237087423,"user":"Freep_o_0_rn","name":"Freep_o_0_rn","role":"admin","chat":237087423,"cb_id":"1018282728705365279","msg_id":3837,"data":"cc:imq:view:8c1e175e-f2de-421f-9557-68e5f84292e4","state":null}
{"t":"cb","ok":true,"ms":328,"req":"a91d30e3","bot":8304099970,"uid":237087423,"user":"Freep_o_0_rn","name":"Freep_o_0_rn","role":"admin","chat":237087423,"cb_id":"1018282731537441230","msg_id":3837,"data":"cc:imq:link:8c1e175e-f2de-421f-9557-68e5f84292e4:0","state":null}
{"t":"cb","ok":true,"ms":352,"req":"fc6da733","bot":8304099970,"uid":237087423,"user":"Freep_o_0_rn","name":"Freep_o_0_rn","role":"admin","chat":237087423,"cb_id":"1018282728480953154","msg_id":3837,"data":"cc:imq:view:1a30d07f-2677-4fd0-9a93-f7c319acc281","state":null}
{"t":"cb","ok":true,"ms":330,"req":"7a87aea4","bot":8304099970,"uid":237087423,"user":"Freep_o_0_rn","name":"Freep_o_0_rn","role":"admin","chat":237087423,"cb_id":"1018282728955118479","msg_id":3837,"data":"cc:imq:link:1a30d07f-2677-4fd0-9a93-f7c319acc281:0","state":null}
{"t":"cb","ok":true,"ms":400,"req":"000ecfe1","bot":8304099970,"uid":237087423,"user":"Freep_o_0_rn","name":"Freep_o_0_rn","role":"admin","chat":237087423,"cb_id":"1018282728294118323","msg_id":3837,"data":"cc:imq:view:5db3d2fc-53e8-402f-954a-fecb59e64a63","state":null}
{"t":"cb","ok":true,"ms":216,"req":"4a6e46d9","bot":8304099970,"uid":237087423,"user":"Freep_o_0_rn","name":"Freep_o_0_rn","role":"admin","chat":237087423,"cb_id":"1018282729410102485","msg_id":3837,"data":"cc:imq:link:5db3d2fc-53e8-402f-954a-fecb59e64a63:0","state":null}
{"t":"cb","ok":true,"ms":309,"req":"ad8dbfb6","bot":8304099970,"uid":237087423,"user":"Freep_o_0_rn","name":"Freep_o_0_rn","role":"admin","chat":237087423,"cb_id":"1018282730882882463","msg_id":3837,"data":"cc:imq:sales:5db3d2fc-53e8-402f-954a-fecb59e64a63","state":"ClientCardStates:waiting_import_queue_sales_rep"}
{"t":"msg","ok":true,"ms":334,"req":"1d8e17fa","bot":8304099970,"uid":237087423,"user":"Freep_o_0_rn","name":"Freep_o_0_rn","role":"admin","chat":237087423,"chat_type":"private","msg_id":3839,"kind":"text","text":"Колягин","caption_len":0,"entities":0,"state":null}
{"t":"cb","ok":true,"ms":454,"req":"087c45b2","bot":8304099970,"uid":237087423,"user":"Freep_o_0_rn","name":"Freep_o_0_rn","role":"admin","chat":237087423,"cb_id":"1018282730572613694","msg_id":3841,"data":"cc:imq:link:5db3d2fc-53e8-402f-954a-fecb59e64a63:0","state":null}
{"t":"cb","ok":true,"ms":366,"req":"72ee864a","bot":8304099970,"uid":237087423,"user":"Freep_o_0_rn","name":"Freep_o_0_rn","role":"admin","chat":237087423,"cb_id":"1018282729969294030","msg_id":3841,"data":"cc:imq:view:4d24a6b9-e6ad-4d72-803e-edfcaeed5510","state":null}
{"t":"cb","ok":true,"ms":312,"req":"cb736bc8","bot":8304099970,"uid":237087423,"user":"Freep_o_0_rn","name":"Freep_o_0_rn","role":"admin","chat":237087423,"cb_id":"1018282732009328338","msg_id":3841,"data":"cc:imq:sales:4d24a6b9-e6ad-4d72-803e-edfcaeed5510","state":"ClientCardStates:waiting_import_queue_sales_rep"}
{"t":"msg","ok":true,"ms":329,"req":"c9aa2c96","bot":8304099970,"uid":237087423,"user":"Freep_o_0_rn","name":"Freep_o_0_rn","role":"admin","chat":237087423,"chat_type":"private","msg_id":3843,"kind":"text","text":"Щербатов","caption_len":0,"entities":0,"state":null}
{"t":"cb","ok":true,"ms":440,"req":"8973f50f","bot":8304099970,"uid":237087423,"user":"Freep_o_0_rn","name":"Freep_o_0_rn","role":"admin","chat":237087423,"cb_id":"1018282728854248013","msg_id":3845,"data":"cc:imq:link:4d24a6b9-e6ad-4d72-803e-edfcaeed5510:0","state":null}
{"t":"cb","ok":true,"ms":555,"req":"84369422","bot":8304099970,"uid":237087423,"user":"Freep_o_0_rn","name":"Freep_o_0_rn","role":"admin","chat":237087423,"cb_id":"1018282728750157869","msg_id":3845,"data":"cc:imq:view:ef409138-b907-4e0d-b97b-b0d4b448b8f5","state":null}
{"t":"cb","ok":true,"ms":312,"req":"d6af8665","bot":8304099970,"uid":237087423,"user":"Freep_o_0_rn","name":"Freep_o_0_rn","role":"admin","chat":237087423,"cb_id":"1018282730155172048","msg_id":3845,"data":"cc:imq:link:ef409138-b907-4e0d-b97b-b0d4b448b8f5:0","state":null}
{"t":"cb","ok":true,"ms":361,"req":"161aa45e","bot":8304099970,"uid":237087423,"user":"Freep_o_0_rn","name":"Freep_o_0_rn","role":"admin","chat":237087423,"cb_id":"1018282731760310273","msg_id":3845,"data":"cc:list:0","state":null}
{"t":"msg","ok":true,"ms":232,"req":"c06bbf56","bot":8304099970,"uid":237087423,"user":"Freep_o_0_rn","name":"Freep_o_0_rn","role":"admin","chat":237087423,"chat_type":"private","msg_id":3846,"kind":"text","text":"🔎 Поиск тары","caption_len":0,"entities":0,"state":"SearchTaraStates:waiting_query"}
{"t":"msg","ok":true,"ms":2818,"req":"713ff94a","bot":8304099970,"uid":237087423,"user":"Freep_o_0_rn","name":"Freep_o_0_rn","role":"admin","chat":237087423,"chat_type":"private","msg_id":3848,"kind":"text","text":"Лосев","caption_len":0,"entities":0,"state":null}
{"t":"msg","ok":true,"ms":448,"req":"fd0f6a79","bot":8304099970,"uid":237087423,"user":"Freep_o_0_rn","name":"Freep_o_0_rn","role":"admin","chat":237087423,"chat_type":"private","msg_id":3859,"kind":"text","text":"🔎 Поиск тары","caption_len":0,"entities":0,"state":"SearchTaraStates:waiting_query"}
{"t":"msg","ok":true,"ms":456,"req":"73c776d6","bot":8304099970,"uid":237087423,"user":"Freep_o_0_rn","name":"Freep_o_0_rn","role":"admin","chat":237087423,"chat_type":"private","msg_id":3872,"kind":"text","text":"▶️ Старт","caption_len":0,"entities":0,"state":null}
{"t":"msg","ok":true,"ms":168,"req":"d5ab5869","bot":8304099970,"uid":237087423,"user":"Freep_o_0_rn","name":"Freep_o_0_rn","role":"admin","chat":237087423,"chat_type":"private","msg_id":3874,"kind":"text","text":"🏢 Клиенты","caption_len":0,"entities":0,"state":null}
{"t":"cb","ok":true,"ms":310,"req":"f7a15820","bot":8304099970,"uid":237087423,"user":"Freep_o_0_rn","name":"Freep_o_0_rn","role":"admin","chat":237087423,"cb_id":"1018282729232285156","msg_id":3878,"data":"cc:imq:list:0","state":null}
{"t":"cb","ok":true,"ms":339,"req":"d2505823","bot":8304099970,"uid":237087423,"user":"Freep_o_0_rn","name":"Freep_o_0_rn","role":"admin","chat":237087423,"cb_id":"1018282731564688485","msg_id":3878,"data":"cc:imq:view:5bf8faea-05f8-40d1-b18f-e7af460e76de","state":null}
{"t":"cb","ok":true,"ms":314,"req":"e23b405c","bot":8304099970,"uid":237087423,"user":"Freep_o_0_rn","name":"Freep_o_0_rn","role":"admin","chat":237087423,"cb_id":"1018282729447792233","msg_id":3878,"data":"cc:imq:sales:5bf8faea-05f8-40d1-b18f-e7af460e76de","state":"ClientCardStates:waiting_import_queue_sales_rep"}
{"t":"msg","ok":true,"ms":326,"req":"83fe09ab","bot":8304099970,"uid":237087423,"user":"Freep_o_0_rn","name":"Freep_o_0_rn","role":"admin","chat":237087423,"chat_type":"private","msg_id":3880,"kind":"text","text":"Ганиев","caption_len":0,"entities":0,"state":null}
{"t":"cb","ok":true,"ms":320,"req":"0d94572b","bot":8304099970,"uid":237087423,"user":"Freep_o_0_rn","name":"Freep_o_0_rn","role":"admin","chat":237087423,"cb_id":"1018282728370621412","msg_id":3882,"data":"cc:imq:create:5bf8faea-05f8-40d1-b18f-e7af460e76de","state":null}
{"t":"cb","ok":true,"ms":304,"req":"133106ee","bot":8304099970,"uid":237087423,"user":"Freep_o_0_rn","name":"Freep_o_0_rn","role":"admin","chat":237087423,"cb_id":"1018282728133565498","msg_id":3882,"data":"cc:imq:view:435137c1-dcd4-4d53-ad43-d7cf122bfa14","state":null}
{"t":"cb","ok":true,"ms":328,"req":"00178dbc","bot":8304099970,"uid":237087423,"user":"Freep_o_0_rn","name":"Freep_o_0_rn","role":"admin","chat":237087423,"cb_id":"1018282730230798715","msg_id":3882,"data":"cc:imq:link:435137c1-dcd4-4d53-ad43-d7cf122bfa14:0","state":null}
{"t":"cb","ok":true,"ms":325,"req":"daeb4385","bot":8304099970,"uid":237087423,"user":"Freep_o_0_rn","name":"Freep_o_0_rn","role":"admin","chat":237087423,"cb_id":"1018282729424039529","msg_id":3882,"data":"cc:imq:view:3fd4da4b-9f79-4e26-8132-c99154b8a18e","state":null}
{"t":"cb","ok":true,"ms":312,"req":"5da30a63","bot":8304099970,"uid":237087423,"user":"Freep_o_0_rn","name":"Freep_o_0_rn","role":"admin","chat":237087423,"cb_id":"1018282730226779523","msg_id":3882,"data":"cc:imq:link:3fd4da4b-9f79-4e26-8132-c99154b8a18e:0","state":null}
{"t":"cb","ok":true,"ms":422,"req":"c1f4356e","bot":8304099970,"uid":237087423,"user":"Freep_o_0_rn","name":"Freep_o_0_rn","role":"admin","chat":237087423,"cb_id":"1018282728927322036","msg_id":3882,"data":"cc:imq:view:5bf8faea-05f8-40d1-b18f-e7af460e76de","state":null}
{"t":"cb","ok":true,"ms":317,"req":"1daf6dd1","bot":8304099970,"uid":237087423,"user":"Freep_o_0_rn","name":"Freep_o_0_rn","role":"admin","chat":237087423,"cb_id":"1018282730320771122","msg_id":3882,"data":"cc:imq:link:5bf8faea-05f8-40d1-b18f-e7af460e76de:0","state":null}
{"t":"cb","ok":true,"ms":317,"req":"116d29ba","bot":8304099970,"uid":237087423,"user":"Freep_o_0_rn","name":"Freep_o_0_rn","role":"admin","chat":237087423,"cb_id":"1018282732173316569","msg_id":3882,"data":"cc:imq:link:3eae4022-9db0-4c8e-86bf-7db8e9654295:0","state":null}
{"t":"cb","ok":true,"ms":323,"req":"44ad524b","bot":8304099970,"uid":237087423,"user":"Freep_o_0_rn","name":"Freep_o_0_rn","role":"admin","chat":237087423,"cb_id":"1018282729599775880","msg_id":3882,"data":"cc:imq:view:1cde6024-df5e-44b7-a016-6bd192aa91f8","state":null}
{"t":"cb","ok":true,"ms":312,"req":"7349e124","bot":8304099970,"uid":237087423,"user":"Freep_o_0_rn","name":"Freep_o_0_rn","role":"admin","chat":237087423,"cb_id":"1018282729868834272","msg_id":3882,"data":"cc:imq:view:5bf8faea-05f8-40d1-b18f-e7af460e76de","state":null}
{"t":"cb","ok":true,"ms":318,"req":"32dec393","bot":8304099970,"uid":237087423,"user":"Freep_o_0_rn","name":"Freep_o_0_rn","role":"admin","chat":237087423,"cb_id":"1018282731679481347","msg_id":3882,"data":"cc:imq:link:5bf8faea-05f8-40d1-b18f-e7af460e76de:0","state":null}
{"t":"cb","ok":true,"ms":313,"req":"266d25a3","bot":8304099970,"uid":237087423,"user":"Freep_o_0_rn","name":"Freep_o_0_rn","role":"admin","chat":237087423,"cb_id":"1018282732163801411","msg_id":3882,"data":"cc:imq:link:1cde6024-df5e-44b7-a016-6bd192aa91f8:0","state":null}
{"t":"cb","ok":true,"ms":311,"req":"c2953726","bot":8304099970,"uid":237087423,"user":"Freep_o_0_rn","name":"Freep_o_0_rn","role":"admin","chat":237087423,"cb_id":"1018282729951300637","msg_id":3882,"data":"cc:imq:view:274ec045-e4da-452d-bc53-3e78f7b2d705","state":null}
{"t":"cb","ok":true,"ms":400,"req":"a63337cf","bot":8304099970,"uid":237087423,"user":"Freep_o_0_rn","name":"Freep_o_0_rn","role":"admin","chat":237087423,"cb_id":"1018282731823490161","msg_id":3882,"data":"cc:imq:link:274ec045-e4da-452d-bc53-3e78f7b2d705:0","state":null}
{"t":"cb","ok":true,"ms":312,"req":"ec80afd0","bot":8304099970,"uid":237087423,"user":"Freep_o_0_rn","name":"Freep_o_0_rn","role":"admin","chat":237087423,"cb_id":"1018282731799415372","msg_id":3882,"data":"cc:imq:view:31931a8b-cf7c-472c-a568-961087332b12","state":null}
{"t":"cb","ok":true,"ms":332,"req":"bb1c6575","bot":8304099970,"uid":237087423,"user":"Freep_o_0_rn","name":"Freep_o_0_rn","role":"admin","chat":237087423,"cb_id":"1018282729613342562","msg_id":3882,"data":"cc:imq:link:31931a8b-cf7c-472c-a568-961087332b12:0","state":null}
{"t":"cb","ok":true,"ms":300,"req":"e73e8c76","bot":8304099970,"uid":237087423,"user":"Freep_o_0_rn","name":"Freep_o_0_rn","role":"admin","chat":237087423,"cb_id":"1018282731276906135","msg_id":3882,"data":"cc:imq:view:bf3a78f9-d3bf-4344-873a-06070cecf5d7","state":null}
{"t":"cb","ok":true,"ms":332,"req":"967dc4a9","bot":8304099970,"uid":237087423,"user":"Freep_o_0_rn","name":"Freep_o_0_rn","role":"admin","chat":237087423,"cb_id":"1018282729563720436","msg_id":3882,"data":"cc:imq:sales:bf3a78f9-d3bf-4344-873a-06070cecf5d7","state":"ClientCardStates:waiting_import_queue_sales_rep"}
{"t":"cb","ok":true,"ms":310,"req":"c634a48a","bot":8304099970,"uid":237087423,"user":"Freep_o_0_rn","name":"Freep_o_0_rn","role":"admin","chat":237087423,"cb_id":"1018282728651563896","msg_id":3890,"data":"cc:imq:list:0","state":"ClientCardStates:waiting_import_queue_sales_rep"}
{"t":"cb","ok":true,"ms":349,"req":"d7764953","bot":8304099970,"uid":237087423,"user":"Freep_o_0_rn","name":"Freep_o_0_rn","role":"admin","chat":237087423,"cb_id":"1018282729291133442","msg_id":3890,"data":"cc:imq:sales:bf3a78f9-d3bf-4344-873a-06070cecf5d7","state":"ClientCardStates:waiting_import_queue_sales_rep"}
{"t":"msg","ok":true,"ms":321,"req":"1a3bb8ce","bot":8304099970,"uid":237087423,"user":"Freep_o_0_rn","name":"Freep_o_0_rn","role":"admin","chat":237087423,"chat_type":"private","msg_id":3892,"kind":"text","text":"Ганиев","caption_len":0,"entities":0,"state":null}
{"t":"cb","ok":true,"ms":736,"req":"b91f7f4e","bot":8304099970,"uid":237087423,"user":"Freep_o_0_rn","name":"Freep_o_0_rn","role":"admin","chat":237087423,"cb_id":"1018282731155330495","msg_id":3894,"data":"cc:imq:link:bf3a78f9-d3bf-4344-873a-06070cecf5d7:0","state":null}
{"t":"cb","ok":true,"ms":298,"req":"9fc806c0","bot":8304099970,"uid":237087423,"user":"Freep_o_0_rn","name":"Freep_o_0_rn","role":"admin","chat":237087423,"cb_id":"1018282730460496627","msg_id":3894,"data":"cc:imq:view:84229921-b2bf-48e1-9e6b-2d4777f59699","state":null}
{"t":"cb","ok":true,"ms":310,"req":"be51cb34","bot":8304099970,"uid":237087423,"user":"Freep_o_0_rn","name":"Freep_o_0_rn","role":"admin","chat":237087423,"cb_id":"1018282730955186768","msg_id":3894,"data":"cc:imq:sales:84229921-b2bf-48e1-9e6b-2d4777f59699","state":"ClientCardStates:waiting_import_queue_sales_rep"}
{"t":"cb","ok":true,"ms":302,"req":"81abc222","bot":8304099970,"uid":237087423,"user":"Freep_o_0_rn","name":"Freep_o_0_rn","role":"admin","chat":237087423,"cb_id":"1018282730271192840","msg_id":3895,"data":"cc:imq:sales:84229921-b2bf-48e1-9e6b-2d4777f59699","state":"ClientCardStates:waiting_import_queue_sales_rep"}
{"t":"msg","ok":true,"ms":324,"req":"8101351b","bot":8304099970,"uid":237087423,"user":"Freep_o_0_rn","name":"Freep_o_0_rn","role":"admin","chat":237087423,"chat_type":"private","msg_id":3898,"kind":"text","text":"Колягин","caption_len":0,"entities":0,"state":null}
{"t":"cb","ok":true,"ms":326,"req":"19d83c72","bot":8304099970,"uid":237087423,"user":"Freep_o_0_rn","name":"Freep_o_0_rn","role":"admin","chat":237087423,"cb_id":"1018282731073943007","msg_id":3900,"data":"cc:imq:link:84229921-b2bf-48e1-9e6b-2d4777f59699:0","state":null}
{"t":"cb","ok":true,"ms":337,"req":"917c0f9e","bot":8304099970,"uid":237087423,"user":"Freep_o_0_rn","name":"Freep_o_0_rn","role":"admin","chat":237087423,"cb_id":"1018282729838317073","msg_id":3900,"data":"cc:imq:view:1f04d948-ccba-4903-86fc-995a39bbe3a6","state":null}
{"t":"cb","ok":true,"ms":318,"req":"2fb9b3a7","bot":8304099970,"uid":237087423,"user":"Freep_o_0_rn","name":"Freep_o_0_rn","role":"admin","chat":237087423,"cb_id":"1018282731234083358","msg_id":3900,"data":"cc:imq:link:1f04d948-ccba-4903-86fc-995a39bbe3a6:0","state":null}
{"t":"cb","ok":true,"ms":321,"req":"e86f84f8","bot":8304099970,"uid":237087423,"user":"Freep_o_0_rn","name":"Freep_o_0_rn","role":"admin","chat":237087423,"cb_id":"1018282729779698881","msg_id":3900,"data":"cc:imq:view:d9d56ecd-c47b-4d74-b9ac-124baaa2ed5a","state":null}
{"t":"cb","ok":true,"ms":312,"req":"f4cb8917","bot":8304099970,"uid":237087423,"user":"Freep_o_0_rn","name":"Freep_o_0_rn","role":"admin","chat":237087423,"cb_id":"1018282729862332098","msg_id":3900,"data":"cc:imq:sales:d9d56ecd-c47b-4d74-b9ac-124baaa2ed5a","state":"ClientCardStates:waiting_import_queue_sales_rep"}
{"t":"msg","ok":true,"ms":339,"req":"6c1fa7da","bot":8304099970,"uid":237087423,"user":"Freep_o_0_rn","name":"Freep_o_0_rn","role":"admin","chat":237087423,"chat_type":"private","msg_id":3902,"kind":"text","text":"Токарев","caption_len":0,"entities":0,"state":null}
{"t":"cb","ok":true,"ms":311,"req":"a27ad8b8","bot":8304099970,"uid":237087423,"user":"Freep_o_0_rn","name":"Freep_o_0_rn","role":"admin","chat":237087423,"cb_id":"1018282732155021332","msg_id":3904,"data":"cc:imq:link:d9d56ecd-c47b-4d74-b9ac-124baaa2ed5a:0","state":null}
{"t":"cb","ok":true,"ms":306,"req":"f48f5334","bot":8304099970,"uid":237087423,"user":"Freep_o_0_rn","name":"Freep_o_0_rn","role":"admin","chat":237087423,"cb_id":"1018282731933784797","msg_id":3904,"data":"cc:imq:view:8d552d1b-c4c0-4960-b04c-3594da4af52e","state":null}
{"t":"cb","ok":true,"ms":309,"req":"92077bd8","bot":8304099970,"uid":237087423,"user":"Freep_o_0_rn","name":"Freep_o_0_rn","role":"admin","chat":237087423,"cb_id":"1018282732259403099","msg_id":3904,"data":"cc:imq:link:8d552d1b-c4c0-4960-b04c-3594da4af52e:0","state":null}
{"t":"cb","ok":true,"ms":423,"req":"2162e027","bot":8304099970,"uid":237087423,"user":"Freep_o_0_rn","name":"Freep_o_0_rn","role":"admin","chat":237087423,"cb_id":"1018282729405561103","msg_id":3904,"data":"cc:imq:view:5b4efd1b-5772-4c22-a640-29438f5af192","state":null}
{"t":"cb","ok":true,"ms":672,"req":"14b10b8e","bot":8304099970,"uid":237087423,"user":"Freep_o_0_rn","name":"Freep_o_0_rn","role":"admin","chat":237087423,"cb_id":"1018282729925124635","msg_id":3904,"data":"cc:imq:sales:5b4efd1b-5772-4c22-a640-29438f5af192","state":"ClientCardStates:waiting_import_queue_sales_rep"}
{"t":"msg","ok":true,"ms":390,"req":"05addb24","bot":8304099970,"uid":237087423,"user":"Freep_o_0_rn","name":"Freep_o_0_rn","role":"admin","chat":237087423,"chat_type":"private","msg_id":3906,"kind":"text","text":"Ганиев","caption_len":0,"entities":0,"state":null}
{"t":"cb","ok":true,"ms":445,"req":"a9412de9","bot":8304099970,"uid":237087423,"user":"Freep_o_0_rn","name":"Freep_o_0_rn","role":"admin","chat":237087423,"cb_id":"1018282731080936172","msg_id":3908,"data":"cc:imq:link:5b4efd1b-5772-4c22-a640-29438f5af192:0","state":null}
{"t":"cb","ok":true,"ms":295,"req":"4525279a","bot":8304099970,"uid":237087423,"user":"Freep_o_0_rn","name":"Freep_o_0_rn","role":"admin","chat":237087423,"cb_id":"1018282729453551696","msg_id":3908,"data":"cc:imq:view:2c7db68c-23d2-4f4c-8d9b-7fd6fbfc8448","state":null}
{"t":"cb","ok":true,"ms":378,"req":"50fd51cf","bot":8304099970,"uid":237087423,"user":"Freep_o_0_rn","name":"Freep_o_0_rn","role":"admin","chat":237087423,"cb_id":"1018282729185844994","msg_id":3908,"data":"cc:imq:link:2c7db68c-23d2-4f4c-8d9b-7fd6fbfc8448:0","state":null}
{"t":"cb","ok":true,"ms":301,"req":"779b703d","bot":8304099970,"uid":237087423,"user":"Freep_o_0_rn","name":"Freep_o_0_rn","role":"admin","chat":237087423,"cb_id":"1018282729041633226","msg_id":3908,"data":"cc:imq:view:6a2dd0db-8496-449f-91bc-90380d91d186","state":null}
{"t":"cb","ok":true,"ms":355,"req":"0981ed35","bot":8304099970,"uid":237087423,"user":"Freep_o_0_rn","name":"Freep_o_0_rn","role":"admin","chat":237087423,"cb_id":"1018282732156500705","msg_id":3908,"data":"cc:imq:link:6a2dd0db-8496-449f-91bc-90380d91d186:0","state":null}
{"t":"cb","ok":true,"ms":300,"req":"7b4d9e96","bot":8304099970,"uid":237087423,"user":"Freep_o_0_rn","name":"Freep_o_0_rn","role":"admin","chat":237087423,"cb_id":"1018282728493444546","msg_id":3908,"data":"cc:imq:view:a24bbf56-20c4-472c-a9e0-d3c5a0dc5c54","state":null}
{"t":"cb","ok":true,"ms":298,"req":"02a93289","bot":8304099970,"uid":237087423,"user":"Freep_o_0_rn","name":"Freep_o_0_rn","role":"admin","chat":237087423,"cb_id":"1018282729324968830","msg_id":3908,"data":"cc:imq:link:a24bbf56-20c4-472c-a9e0-d3c5a0dc5c54:0","state":null}
{"t":"cb","ok":true,"ms":462,"req":"f3d342f2","bot":8304099970,"uid":237087423,"user":"Freep_o_0_rn","name":"Freep_o_0_rn","role":"admin","chat":237087423,"cb_id":"1018282730958909452","msg_id":3908,"data":"menu:back","state":null}
{"t":"msg","ok":true,"ms":157,"req":"5dad76c5","bot":8304099970,"uid":237087423,"user":"Freep_o_0_rn","name":"Freep_o_0_rn","role":"admin","chat":237087423,"chat_type":"private","msg_id":3910,"kind":"text","text":"🔎 Поиск","caption_len":0,"entities":0,"state":"SearchStates:waiting_query"}
{"t":"msg","ok":true,"ms":2671,"req":"1e8db0a0","bot":8304099970,"uid":237087423,"user":"Freep_o_0_rn","name":"Freep_o_0_rn","role":"admin","chat":237087423,"chat_type":"private","msg_id":3912,"kind":"text","text":"Лосев","caption_len":0,"entities":0,"state":null}
{"t":"msg","ok":true,"ms":155,"req":"e5c18e6e","bot":8304099970,"uid":237087423,"user":"Freep_o_0_rn","name":"Freep_o_0_rn","role":"admin","chat":237087423,"chat_type":"private","msg_id":3921,"kind":"text","text":"🔎 Поиск тары","caption_len":0,"entities":0,"state":"SearchTaraStates:waiting_query"}
{"t":"msg","ok":true,"ms":3016,"req":"38df1ba9","bot":8304099970,"uid":237087423,"user":"Freep_o_0_rn","name":"Freep_o_0_rn","role":"admin","chat":237087423,"chat_type":"private","msg_id":3923,"kind":"text","text":"Лосев","caption_len":0,"entities":0,"state":null}
{"t":"msg","ok":true,"ms":438,"req":"b7f74063","bot":8304099970,"uid":1188061961,"user":"Re1ze_r","name":"Vadim BeerMarket","role":"sales_rep","chat":1188061961,"chat_type":"private","msg_id":3928,"kind":"text","text":"▶️ Старт","caption_len":0,"entities":0,"state":null}
{"t":"msg","ok":true,"ms":195,"req":"5e28cf63","bot":8304099970,"uid":237087423,"user":"Freep_o_0_rn","name":"Freep_o_0_rn","role":"admin","chat":237087423,"chat_type":"private","msg_id":3930,"kind":"text","text":"▶️ Старт","caption_len":0,"entities":0,"state":null}
{"t":"msg","ok":true,"ms":152,"req":"f9b0fe24","bot":8304099970,"uid":237087423,"user":"Freep_o_0_rn","name":"Freep_o_0_rn","role":"admin","chat":237087423,"chat_type":"private","msg_id":3934,"kind":"text","text":"🔎 Поиск тары","caption_len":0,"entities":0,"state":"SearchTaraStates:waiting_query"}
{"t":"msg","ok":true,"ms":2443,"req":"72958d43","bot":8304099970,"uid":237087423,"user":"Freep_o_0_rn","name":"Freep_o_0_rn","role":"admin","chat":237087423,"chat_type":"private","msg_id":3936,"kind":"text","text":"Кирьянов","caption_len":0,"entities":0,"state":null}
{"t":"msg","ok":true,"ms":173,"req":"65885199","bot":8304099970,"uid":237087423,"user":"Freep_o_0_rn","name":"Freep_o_0_rn","role":"admin","chat":237087423,"chat_type":"private","msg_id":3939,"kind":"text","text":"🔎 Поиск","caption_len":0,"entities":0,"state":"SearchStates:waiting_query"}
{"t":"msg","ok":true,"ms":2311,"req":"27b46a70","bot":8304099970,"uid":237087423,"user":"Freep_o_0_rn","name":"Freep_o_0_rn","role":"admin","chat":237087423,"chat_type":"private","msg_id":3941,"kind":"text","text":"Кирьянов","caption_len":0,"entities":0,"state":null}
