2026-04-20 08:33:56 | INFO | aiogram.event | Update id=617465755 is handled. Duration 147 ms by bot id=8429636798
2026-04-20 08:34:28 | INFO | audit | {'t': 'msg', 'ok': True, 'ms': 160, 'req': '3473f08b', 'bot': 8429636798, 'uid': 1188061961, 'user': 'Re1ze_r', 'name': 'Vadim BeerMarket', 'role': 'admin', 'chat': 1188061961, 'chat_type': 'private', 'msg_id': 18751, 'kind': <ContentType.TEXT: 'text'>, 'text': '🍺 АКЦИЯ НА BLANCHE BIÈRE (Балтика)\n\nЦена по акции: 129,6 ₽/л (кег 30л)\n👉 3888 ₽ за кег\n\nОбычная цена: 5690 ₽ за кег\n👉 выгода ~1800 ₽ с кега\n\nУсловия:\n• отгрузка от 2-х кег\n• цена на полке не выше 199 ₽', 'caption_len': 0, 'entities': 0, 'state': None}
2026-04-20 08:34:28 | INFO | aiogram.event | Update id=617465756 is handled. Duration 167 ms by bot id=8429636798
2026-04-20 08:34:33 | INFO | audit | {'t': 'cb', 'ok': True, 'ms': 293, 'req': 'c0eff93b', 'bot': 8429636798, 'uid': 1188061961, 'user': 'Re1ze_r', 'name': 'Vadim BeerMarket', 'role': 'admin', 'chat': 1188061961, 'cb_id': '5102687269687571155', 'msg_id': 18752, 'data': 'news:toggle:16ea78271ad442af86e0cabe79f101bc:0:draft', 'state': None}
2026-04-20 08:34:33 | INFO | aiogram.event | Update id=617465757 is handled. Duration 299 ms by bot id=8429636798
2026-04-20 08:39:02 | INFO | telegram_bot | Mini App URL configured: https://app.freep0rndeveloper.website/?api_base=https://api.freep0rndeveloper.website/
2026-04-20 08:39:02 | INFO | __main__ | BOT_TOKEN валиден.
2026-04-20 08:39:07 | INFO | root | Нашли заголовки детальной таблицы на строке: 21
2026-04-20 08:39:07 | INFO | root | Скачан и валидирован файл дебиторки: downloads\Дебиторская задолженность по срокам долга - Прокопенко (XLS).xls
2026-04-20 08:39:07 | INFO | __main__ | Файл получен: downloads\Дебиторская задолженность по срокам долга - Прокопенко (XLS).xls
2026-04-20 08:39:08 | INFO | root | Нашли заголовки детальной таблицы на строке: 21
2026-04-20 08:39:09 | WARNING | root | Несовпадение 'наш долг' у клиента 'Есинский А. Е. ИП - Колягин (Озерный п, Солнечный мкр, дом № 333)': шапка=70.38, по строкам=3.00
2026-04-20 08:39:09 | WARNING | root | Несовпадение 'наш долг' у клиента 'Полончук Алёна Николаевна ИП Воротников (Игарская ул, дом № 42)': шапка=5400.00, по строкам=0.00
2026-04-20 08:39:09 | WARNING | root | Несовпадение 'наш долг' у клиента '_ГАРМОНИЯ ООО - Токарев (2-й Бронный пер, дом № 28/1)': шапка=552.18, по строкам=0.00
2026-04-20 08:39:09 | WARNING | root | Несовпадение 'наш долг' у клиента 'Судилкина И.О. ИП - Токарев ГОЛОВНОЙ': шапка=0.04, по строкам=0.00
2026-04-20 08:39:09 | WARNING | root | Несовпадение 'наш долг' у клиента 'Беккер Н. М. ИП - Токарев (Петухова ул, дом № 91)': шапка=0.10, по строкам=0.00
2026-04-20 08:39:09 | WARNING | root | Несовпадение 'наш долг' у клиента 'Паруйрян Эдгар Мишаи ИП - Воротников (Дениса Давыдова ул, дом № 4) (У)': шапка=0.30, по строкам=0.00
2026-04-20 08:39:09 | WARNING | root | Несовпадение 'наш долг' у клиента 'Рузибоева Феруза Нуриллаевна ИП': шапка=0.64, по строкам=0.00
2026-04-20 08:39:09 | WARNING | root | Несовпадение 'наш долг' у клиента 'Цыганкова Ирина Николаевна ИП - Колягин (Мочище дп, Обская ул, дом № 24) (У)': шапка=50.00, по строкам=0.00
2026-04-20 08:39:09 | WARNING | root | Несовпадение 'наш долг' у клиента 'Пронькина Марина Викторовна ИП - Колягин': шапка=60.00, по строкам=0.00
2026-04-20 08:39:09 | WARNING | root | Несовпадение 'наш долг' у клиента 'Балакшина О. А.  ИП - Токарев (Ленинское с, Школьная ул, дом № 3)': шапка=240.00, по строкам=0.00
2026-04-20 08:39:09 | WARNING | root | Несовпадение 'наш долг' у клиента 'Текутьев Николай Сергеевич ИП- Воротников (Шоссейная, 2)': шапка=676.00, по строкам=0.00
2026-04-20 08:39:09 | WARNING | root | Несовпадение 'наш долг' у клиента 'Маджента ООО - Воротников ГОЛОВНОЙ': шапка=761.80, по строкам=0.00
2026-04-20 08:39:09 | WARNING | root | Несовпадение 'наш долг' у клиента 'Петрова Вероника Сергеевна ИП - Воротников': шапка=2300.00, по строкам=0.00
2026-04-20 08:39:09 | WARNING | root | Несовпадение 'наш долг' у клиента 'Баранова Юлия Николаевна ИП - Воротников': шапка=2555.10, по строкам=0.00
2026-04-20 08:39:09 | WARNING | root | Несовпадение 'наш долг' у клиента 'Савина А.И. ИП - Воротников ГОЛОВНОЙ': шапка=2930.78, по строкам=0.00
2026-04-20 08:39:09 | WARNING | root | Несовпадение 'наш долг' у клиента 'ВИКТОР ООО - Щербатов ГОЛОВНОЙ': шапка=4563.50, по строкам=0.00
2026-04-20 08:39:09 | WARNING | root | Несовпадение 'наш долг' у клиента 'Блинкова Анна Павловна  ИП - Воротников': шапка=8583.00, по строкам=0.00
2026-04-20 08:39:09 | WARNING | root | Несовпадение 'наш долг' у клиента 'Воронецкий Е. Ю. ИП - Колягин': шапка=11240.00, по строкам=0.00
2026-04-20 08:39:09 | WARNING | root | Несовпадение 'наш долг' у клиента 'nan': шапка=177281.54, по строкам=0.00
2026-04-20 08:39:09 | INFO | root | Собрано клиентов: 317
2026-04-20 08:39:09 | INFO | __main__ | Отчёт на 20.04.2026 | клиентов: 317
2026-04-20 08:39:09 | INFO | __main__ | 01. nan | сум: 10910918.06 | проср: 10832516.36 | наш долг: 177281.54 | доков: 0
2026-04-20 08:39:09 | INFO | __main__ | 02. ГЕРАНИОЛ ООО - Воротников (НСТ СТроитель, д 3/1а) | сум: 325361.78 | проср: 325361.78 | наш долг: 0.00 | доков: 2
2026-04-20 08:39:09 | INFO | __main__ | 03. ГЕРАНИОЛ ООО - Воротников (Березовая ул, дом № 13) | сум: 301250.16 | проср: 301250.16 | наш долг: 0.00 | доков: 2
2026-04-20 08:39:09 | INFO | __main__ | 04. ГЕРАНИОЛ ООО - Воротников (Березовая ул, дом № 7а) | сум: 300624.40 | проср: 300624.40 | наш долг: 0.00 | доков: 1
2026-04-20 08:39:09 | INFO | __main__ | 05. ГЕРАНИОЛ ООО - Воротников (Журналист тер. СНТ, Межозерная ул, дом № 34) | сум: 292233.96 | проср: 292233.96 | наш долг: 0.00 | доков: 4
2026-04-20 08:39:09 | INFO | __main__ | 06. ГЕРАНИОЛ ООО - Воротников (Благое мкр Солнечная ул, дом № 3) | сум: 278168.76 | проср: 278168.76 | наш долг: 0.00 | доков: 2
2026-04-20 08:39:09 | INFO | __main__ | 07. ГЕРАНИОЛ ООО - Воротников (Дачная ул, дом № 31, корпус 1) | сум: 269669.11 | проср: 269669.11 | наш долг: 0.00 | доков: 2
2026-04-20 08:39:09 | INFO | __main__ | 08. ГЕРАНИОЛ ООО - Воротников (Римского-Корсакова ул, дом № 28) | сум: 263676.28 | проср: 263676.28 | наш долг: 0.00 | доков: 4
2026-04-20 08:39:09 | INFO | __main__ | 09. ГЕРАНИОЛ ООО - Воротников (Тульская ул, дом № 80) | сум: 250703.58 | проср: 250703.58 | наш долг: 0.00 | доков: 1
2026-04-20 08:39:09 | INFO | __main__ | 10. ГЕРАНИОЛ ООО - Воротников (Нахимова ул, дом № 4) | сум: 226494.12 | проср: 226494.12 | наш долг: 0.00 | доков: 1
2026-04-20 08:39:09 | INFO | aiogram.dispatcher | Start polling
2026-04-20 08:39:09 | INFO | telegram_bot | Daily fetch: next run in 67911 sec (now 2026-04-20 15:39:09, tz Asia/Novosibirsk)
2026-04-20 08:39:09 | INFO | aiogram.dispatcher | Run polling for bot @BeerMarket_nsk_bot id=8429636798 - 'BeerMarketBot🍺'
2026-04-20 08:39:42 | INFO | audit | {'t': 'msg', 'ok': True, 'ms': 398, 'req': '72345d27', 'bot': 8429636798, 'uid': 1188061961, 'user': 'Re1ze_r', 'name': 'Vadim BeerMarket', 'role': 'admin', 'chat': 1188061961, 'chat_type': 'private', 'msg_id': 18753, 'kind': <ContentType.TEXT: 'text'>, 'text': '📰 Управление новостями', 'caption_len': 0, 'entities': 0, 'state': None}
2026-04-20 08:39:42 | INFO | aiogram.event | Update id=617465758 is handled. Duration 401 ms by bot id=8429636798
2026-04-20 08:39:43 | INFO | audit | {'t': 'cb', 'ok': True, 'ms': 278, 'req': '445d9fd9', 'bot': 8429636798, 'uid': 1188061961, 'user': 'Re1ze_r', 'name': 'Vadim BeerMarket', 'role': 'admin', 'chat': 1188061961, 'cb_id': '5102687271321948740', 'msg_id': 18754, 'data': 'news:sync', 'state': None}
2026-04-20 08:39:43 | INFO | aiogram.event | Update id=617465759 is handled. Duration 282 ms by bot id=8429636798
2026-04-20 08:45:04 | INFO | telegram_bot | Mini App URL configured: https://app.freep0rndeveloper.website/?api_base=https://api.freep0rndeveloper.website/
2026-04-20 08:45:04 | INFO | __main__ | BOT_TOKEN валиден.
2026-04-20 08:45:09 | INFO | root | Нашли заголовки детальной таблицы на строке: 21
2026-04-20 08:45:09 | INFO | root | Скачан и валидирован файл дебиторки: downloads\Дебиторская задолженность по срокам долга - Прокопенко (XLS).xls
2026-04-20 08:45:09 | INFO | __main__ | Файл получен: downloads\Дебиторская задолженность по срокам долга - Прокопенко (XLS).xls
2026-04-20 08:45:11 | INFO | root | Нашли заголовки детальной таблицы на строке: 21
2026-04-20 08:45:11 | WARNING | root | Несовпадение 'наш долг' у клиента 'Есинский А. Е. ИП - Колягин (Озерный п, Солнечный мкр, дом № 333)': шапка=70.38, по строкам=3.00
2026-04-20 08:45:11 | WARNING | root | Несовпадение 'наш долг' у клиента 'Полончук Алёна Николаевна ИП Воротников (Игарская ул, дом № 42)': шапка=5400.00, по строкам=0.00
2026-04-20 08:45:11 | WARNING | root | Несовпадение 'наш долг' у клиента '_ГАРМОНИЯ ООО - Токарев (2-й Бронный пер, дом № 28/1)': шапка=552.18, по строкам=0.00
2026-04-20 08:45:11 | WARNING | root | Несовпадение 'наш долг' у клиента 'Судилкина И.О. ИП - Токарев ГОЛОВНОЙ': шапка=0.04, по строкам=0.00
2026-04-20 08:45:11 | WARNING | root | Несовпадение 'наш долг' у клиента 'Беккер Н. М. ИП - Токарев (Петухова ул, дом № 91)': шапка=0.10, по строкам=0.00
2026-04-20 08:45:11 | WARNING | root | Несовпадение 'наш долг' у клиента 'Паруйрян Эдгар Мишаи ИП - Воротников (Дениса Давыдова ул, дом № 4) (У)': шапка=0.30, по строкам=0.00
2026-04-20 08:45:11 | WARNING | root | Несовпадение 'наш долг' у клиента 'Рузибоева Феруза Нуриллаевна ИП': шапка=0.64, по строкам=0.00
2026-04-20 08:45:11 | WARNING | root | Несовпадение 'наш долг' у клиента 'Цыганкова Ирина Николаевна ИП - Колягин (Мочище дп, Обская ул, дом № 24) (У)': шапка=50.00, по строкам=0.00
2026-04-20 08:45:11 | WARNING | root | Несовпадение 'наш долг' у клиента 'Пронькина Марина Викторовна ИП - Колягин': шапка=60.00, по строкам=0.00
2026-04-20 08:45:11 | WARNING | root | Несовпадение 'наш долг' у клиента 'Балакшина О. А.  ИП - Токарев (Ленинское с, Школьная ул, дом № 3)': шапка=240.00, по строкам=0.00
2026-04-20 08:45:11 | WARNING | root | Несовпадение 'наш долг' у клиента 'Текутьев Николай Сергеевич ИП- Воротников (Шоссейная, 2)': шапка=676.00, по строкам=0.00
2026-04-20 08:45:11 | WARNING | root | Несовпадение 'наш долг' у клиента 'Маджента ООО - Воротников ГОЛОВНОЙ': шапка=761.80, по строкам=0.00
2026-04-20 08:45:11 | WARNING | root | Несовпадение 'наш долг' у клиента 'Петрова Вероника Сергеевна ИП - Воротников': шапка=2300.00, по строкам=0.00
2026-04-20 08:45:11 | WARNING | root | Несовпадение 'наш долг' у клиента 'Баранова Юлия Николаевна ИП - Воротников': шапка=2555.10, по строкам=0.00
2026-04-20 08:45:11 | WARNING | root | Несовпадение 'наш долг' у клиента 'Савина А.И. ИП - Воротников ГОЛОВНОЙ': шапка=2930.78, по строкам=0.00
2026-04-20 08:45:11 | WARNING | root | Несовпадение 'наш долг' у клиента 'ВИКТОР ООО - Щербатов ГОЛОВНОЙ': шапка=4563.50, по строкам=0.00
2026-04-20 08:45:11 | WARNING | root | Несовпадение 'наш долг' у клиента 'Блинкова Анна Павловна  ИП - Воротников': шапка=8583.00, по строкам=0.00
2026-04-20 08:45:11 | WARNING | root | Несовпадение 'наш долг' у клиента 'Воронецкий Е. Ю. ИП - Колягин': шапка=11240.00, по строкам=0.00
2026-04-20 08:45:11 | WARNING | root | Несовпадение 'наш долг' у клиента 'nan': шапка=177281.54, по строкам=0.00
2026-04-20 08:45:11 | INFO | root | Собрано клиентов: 317
2026-04-20 08:45:11 | INFO | __main__ | Отчёт на 20.04.2026 | клиентов: 317
2026-04-20 08:45:11 | INFO | __main__ | 01. nan | сум: 10910918.06 | проср: 10832516.36 | наш долг: 177281.54 | доков: 0
2026-04-20 08:45:11 | INFO | __main__ | 02. ГЕРАНИОЛ ООО - Воротников (НСТ СТроитель, д 3/1а) | сум: 325361.78 | проср: 325361.78 | наш долг: 0.00 | доков: 2
2026-04-20 08:45:11 | INFO | __main__ | 03. ГЕРАНИОЛ ООО - Воротников (Березовая ул, дом № 13) | сум: 301250.16 | проср: 301250.16 | наш долг: 0.00 | доков: 2
2026-04-20 08:45:11 | INFO | __main__ | 04. ГЕРАНИОЛ ООО - Воротников (Березовая ул, дом № 7а) | сум: 300624.40 | проср: 300624.40 | наш долг: 0.00 | доков: 1
2026-04-20 08:45:11 | INFO | __main__ | 05. ГЕРАНИОЛ ООО - Воротников (Журналист тер. СНТ, Межозерная ул, дом № 34) | сум: 292233.96 | проср: 292233.96 | наш долг: 0.00 | доков: 4
2026-04-20 08:45:11 | INFO | __main__ | 06. ГЕРАНИОЛ ООО - Воротников (Благое мкр Солнечная ул, дом № 3) | сум: 278168.76 | проср: 278168.76 | наш долг: 0.00 | доков: 2
2026-04-20 08:45:11 | INFO | __main__ | 07. ГЕРАНИОЛ ООО - Воротников (Дачная ул, дом № 31, корпус 1) | сум: 269669.11 | проср: 269669.11 | наш долг: 0.00 | доков: 2
2026-04-20 08:45:11 | INFO | __main__ | 08. ГЕРАНИОЛ ООО - Воротников (Римского-Корсакова ул, дом № 28) | сум: 263676.28 | проср: 263676.28 | наш долг: 0.00 | доков: 4
2026-04-20 08:45:11 | INFO | __main__ | 09. ГЕРАНИОЛ ООО - Воротников (Тульская ул, дом № 80) | сум: 250703.58 | проср: 250703.58 | наш долг: 0.00 | доков: 1
2026-04-20 08:45:11 | INFO | __main__ | 10. ГЕРАНИОЛ ООО - Воротников (Нахимова ул, дом № 4) | сум: 226494.12 | проср: 226494.12 | наш долг: 0.00 | доков: 1
2026-04-20 08:45:11 | INFO | aiogram.dispatcher | Start polling
2026-04-20 08:45:11 | INFO | telegram_bot | Daily fetch: next run in 67548 sec (now 2026-04-20 15:45:11, tz Asia/Novosibirsk)
2026-04-20 08:45:11 | INFO | aiogram.dispatcher | Run polling for bot @BeerMarket_nsk_bot id=8429636798 - 'BeerMarketBot🍺'
2026-04-20 08:45:20 | INFO | audit | {'t': 'cb', 'ok': True, 'ms': 530, 'req': 'fcc66c8a', 'bot': 8429636798, 'uid': 1188061961, 'user': 'Re1ze_r', 'name': 'Vadim BeerMarket', 'role': 'admin', 'chat': 1188061961, 'cb_id': '5102687268144426066', 'msg_id': 18754, 'data': 'news:sync', 'state': None}
2026-04-20 08:45:20 | INFO | aiogram.event | Update id=617465760 is handled. Duration 535 ms by bot id=8429636798
2026-04-20 08:47:04 | INFO | audit | {'t': 'cb', 'ok': True, 'ms': 281, 'req': '169c7a65', 'bot': 8429636798, 'uid': 1188061961, 'user': 'Re1ze_r', 'name': 'Vadim BeerMarket', 'role': 'admin', 'chat': 1188061961, 'cb_id': '5102687271550162367', 'msg_id': 18754, 'data': 'news:sync', 'state': None}
2026-04-20 08:47:04 | INFO | aiogram.event | Update id=617465761 is handled. Duration 284 ms by bot id=8429636798
2026-04-20 08:47:10 | INFO | audit | {'t': 'msg', 'ok': True, 'ms': 180, 'req': 'a5c2f8cc', 'bot': 8429636798, 'uid': 1188061961, 'user': 'Re1ze_r', 'name': 'Vadim BeerMarket', 'role': 'admin', 'chat': 1188061961, 'chat_type': 'private', 'msg_id': 18755, 'kind': <ContentType.TEXT: 'text'>, 'text': '▶️ Старт', 'caption_len': 0, 'entities': 0, 'state': None}
2026-04-20 08:47:10 | INFO | aiogram.event | Update id=617465762 is handled. Duration 187 ms by bot id=8429636798
2026-04-20 08:50:39 | INFO | audit | {'t': 'msg', 'ok': True, 'ms': 153, 'req': '141ca5cd', 'bot': 8429636798, 'uid': 1188061961, 'user': 'Re1ze_r', 'name': 'Vadim BeerMarket', 'role': 'admin', 'chat': 1188061961, 'chat_type': 'private', 'msg_id': 18757, 'kind': <ContentType.TEXT: 'text'>, 'text': '📰 Управление новостями', 'caption_len': 0, 'entities': 0, 'state': None}
2026-04-20 08:50:39 | INFO | aiogram.event | Update id=617465763 is handled. Duration 157 ms by bot id=8429636798
2026-04-21 03:14:11 | INFO | audit | {'t': 'msg', 'ok': True, 'ms': 503, 'req': 'd22ea53f', 'bot': 8429636798, 'uid': 5255352159, 'user': None, 'name': 'Николай', 'role': 'sales_rep', 'chat': 5255352159, 'chat_type': 'private', 'msg_id': 18759, 'kind': <ContentType.TEXT: 'text'>, 'text': '🔎 Поиск', 'caption_len': 0, 'entities': 0, 'state': 'SearchStates:waiting_query'}
2026-04-21 03:14:11 | INFO | aiogram.event | Update id=617465764 is handled. Duration 514 ms by bot id=8429636798
2026-04-21 03:14:18 | INFO | root | Нашли заголовки детальной таблицы на строке: 21
2026-04-21 03:14:18 | WARNING | root | Несовпадение 'наш долг' у клиента 'Есинский А. Е. ИП - Колягин (Озерный п, Солнечный мкр, дом № 333)': шапка=70.38, по строкам=3.00
2026-04-21 03:14:18 | WARNING | root | Несовпадение 'наш долг' у клиента 'Полончук Алёна Николаевна ИП Воротников (Игарская ул, дом № 42)': шапка=5400.00, по строкам=0.00
2026-04-21 03:14:18 | WARNING | root | Несовпадение 'наш долг' у клиента '_ГАРМОНИЯ ООО - Токарев (2-й Бронный пер, дом № 28/1)': шапка=552.18, по строкам=0.00
2026-04-21 03:14:18 | WARNING | root | Несовпадение 'наш долг' у клиента 'Судилкина И.О. ИП - Токарев ГОЛОВНОЙ': шапка=0.04, по строкам=0.00
2026-04-21 03:14:18 | WARNING | root | Несовпадение 'наш долг' у клиента 'Беккер Н. М. ИП - Токарев (Петухова ул, дом № 91)': шапка=0.10, по строкам=0.00
2026-04-21 03:14:18 | WARNING | root | Несовпадение 'наш долг' у клиента 'Паруйрян Эдгар Мишаи ИП - Воротников (Дениса Давыдова ул, дом № 4) (У)': шапка=0.30, по строкам=0.00
2026-04-21 03:14:18 | WARNING | root | Несовпадение 'наш долг' у клиента 'Рузибоева Феруза Нуриллаевна ИП': шапка=0.64, по строкам=0.00
2026-04-21 03:14:18 | WARNING | root | Несовпадение 'наш долг' у клиента 'Цыганкова Ирина Николаевна ИП - Колягин (Мочище дп, Обская ул, дом № 24) (У)': шапка=50.00, по строкам=0.00
2026-04-21 03:14:18 | WARNING | root | Несовпадение 'наш долг' у клиента 'Пронькина Марина Викторовна ИП - Колягин': шапка=60.00, по строкам=0.00
2026-04-21 03:14:18 | WARNING | root | Несовпадение 'наш долг' у клиента 'Балакшина О. А.  ИП - Токарев (Ленинское с, Школьная ул, дом № 3)': шапка=240.00, по строкам=0.00
2026-04-21 03:14:18 | WARNING | root | Несовпадение 'наш долг' у клиента 'Текутьев Николай Сергеевич ИП- Воротников (Шоссейная, 2)': шапка=676.00, по строкам=0.00
2026-04-21 03:14:18 | WARNING | root | Несовпадение 'наш долг' у клиента 'Маджента ООО - Воротников ГОЛОВНОЙ': шапка=761.80, по строкам=0.00
2026-04-21 03:14:18 | WARNING | root | Несовпадение 'наш долг' у клиента 'Петрова Вероника Сергеевна ИП - Воротников': шапка=2300.00, по строкам=0.00
2026-04-21 03:14:18 | WARNING | root | Несовпадение 'наш долг' у клиента 'Баранова Юлия Николаевна ИП - Воротников': шапка=2555.10, по строкам=0.00
2026-04-21 03:14:18 | WARNING | root | Несовпадение 'наш долг' у клиента 'Савина А.И. ИП - Воротников ГОЛОВНОЙ': шапка=2930.78, по строкам=0.00
2026-04-21 03:14:18 | WARNING | root | Несовпадение 'наш долг' у клиента 'ВИКТОР ООО - Щербатов ГОЛОВНОЙ': шапка=4563.50, по строкам=0.00
2026-04-21 03:14:18 | WARNING | root | Несовпадение 'наш долг' у клиента 'Блинкова Анна Павловна  ИП - Воротников': шапка=8583.00, по строкам=0.00
2026-04-21 03:14:18 | WARNING | root | Несовпадение 'наш долг' у клиента 'Воронецкий Е. Ю. ИП - Колягин': шапка=11240.00, по строкам=0.00
2026-04-21 03:14:18 | WARNING | root | Несовпадение 'наш долг' у клиента 'nan': шапка=177281.54, по строкам=0.00
2026-04-21 03:14:18 | INFO | root | Собрано клиентов: 317
2026-04-21 03:14:19 | INFO | audit | {'t': 'msg', 'ok': True, 'ms': 1932, 'req': 'c5ecc90b', 'bot': 8429636798, 'uid': 5255352159, 'user': None, 'name': 'Николай', 'role': 'sales_rep', 'chat': 5255352159, 'chat_type': 'private', 'msg_id': 18761, 'kind': <ContentType.TEXT: 'text'>, 'text': 'Полончук', 'caption_len': 0, 'entities': 0, 'state': None}
2026-04-21 03:14:19 | INFO | aiogram.event | Update id=617465765 is handled. Duration 1943 ms by bot id=8429636798
2026-04-21 03:31:09 | INFO | root | Нашли заголовки детальной таблицы на строке: 21
2026-04-21 03:31:09 | INFO | root | Скачан и валидирован файл дебиторки: downloads\Дебиторская задолженность по срокам долга - Прокопенко (XLS).xls
2026-04-21 03:31:09 | INFO | telegram_bot | Daily fetch: downloaded downloads\Дебиторская задолженность по срокам долга - Прокопенко (XLS).xls
2026-04-21 03:31:11 | INFO | telegram_bot | Daily fetch: next run in 17988 sec (now 2026-04-21 10:31:11, tz Asia/Novosibirsk)
2026-04-21 08:00:40 | INFO | audit | {'t': 'msg', 'ok': True, 'ms': 419, 'req': '97e3538a', 'bot': 8429636798, 'uid': 1188061961, 'user': 'Re1ze_r', 'name': 'Vadim BeerMarket', 'role': 'admin', 'chat': 1188061961, 'chat_type': 'private', 'msg_id': 18765, 'kind': <ContentType.TEXT: 'text'>, 'text': '🔎 Поиск', 'caption_len': 0, 'entities': 0, 'state': 'SearchStates:waiting_query'}
2026-04-21 08:00:40 | INFO | aiogram.event | Update id=617465766 is handled. Duration 439 ms by bot id=8429636798
2026-04-21 08:01:03 | INFO | root | Нашли заголовки детальной таблицы на строке: 21
2026-04-21 08:01:03 | WARNING | root | Несовпадение 'наш долг' у клиента 'Полончук Алёна Николаевна ИП Воротников (Игарская ул, дом № 42)': шапка=5400.00, по строкам=0.00
2026-04-21 08:01:03 | WARNING | root | Несовпадение 'наш долг' у клиента '_ГАРМОНИЯ ООО - Токарев (2-й Бронный пер, дом № 28/1)': шапка=552.18, по строкам=0.00
2026-04-21 08:01:03 | WARNING | root | Несовпадение 'наш долг' у клиента 'Судилкина И.О. ИП - Токарев ГОЛОВНОЙ': шапка=0.04, по строкам=0.00
2026-04-21 08:01:03 | WARNING | root | Несовпадение 'наш долг' у клиента 'Беккер Н. М. ИП - Токарев (Петухова ул, дом № 91)': шапка=0.10, по строкам=0.00
2026-04-21 08:01:03 | WARNING | root | Несовпадение 'наш долг' у клиента 'Паруйрян Эдгар Мишаи ИП - Воротников (Дениса Давыдова ул, дом № 4) (У)': шапка=0.30, по строкам=0.00
2026-04-21 08:01:03 | WARNING | root | Несовпадение 'наш долг' у клиента 'Рузибоева Феруза Нуриллаевна ИП': шапка=0.64, по строкам=0.00
2026-04-21 08:01:03 | WARNING | root | Несовпадение 'наш долг' у клиента 'Цыганкова Ирина Николаевна ИП - Колягин (Мочище дп, Обская ул, дом № 24) (У)': шапка=50.00, по строкам=0.00
2026-04-21 08:01:03 | WARNING | root | Несовпадение 'наш долг' у клиента 'Пронькина Марина Викторовна ИП - Колягин': шапка=60.00, по строкам=0.00
2026-04-21 08:01:03 | WARNING | root | Несовпадение 'наш долг' у клиента 'Балакшина О. А.  ИП - Токарев (Ленинское с, Школьная ул, дом № 3)': шапка=240.00, по строкам=0.00
2026-04-21 08:01:03 | WARNING | root | Несовпадение 'наш долг' у клиента 'Текутьев Николай Сергеевич ИП- Воротников (Шоссейная, 2)': шапка=676.00, по строкам=0.00
2026-04-21 08:01:03 | WARNING | root | Несовпадение 'наш долг' у клиента 'Маджента ООО - Воротников ГОЛОВНОЙ': шапка=761.80, по строкам=0.00
2026-04-21 08:01:03 | WARNING | root | Несовпадение 'наш долг' у клиента 'Петрова Вероника Сергеевна ИП - Воротников': шапка=2300.00, по строкам=0.00
2026-04-21 08:01:03 | WARNING | root | Несовпадение 'наш долг' у клиента 'Баранова Юлия Николаевна ИП - Воротников': шапка=2555.10, по строкам=0.00
2026-04-21 08:01:03 | WARNING | root | Несовпадение 'наш долг' у клиента 'Савина А.И. ИП - Воротников ГОЛОВНОЙ': шапка=2930.78, по строкам=0.00
2026-04-21 08:01:03 | WARNING | root | Несовпадение 'наш долг' у клиента 'ВИКТОР ООО - Щербатов ГОЛОВНОЙ': шапка=4563.50, по строкам=0.00
2026-04-21 08:01:03 | WARNING | root | Несовпадение 'наш долг' у клиента 'Блинкова Анна Павловна  ИП - Воротников': шапка=8583.00, по строкам=0.00
2026-04-21 08:01:03 | WARNING | root | Несовпадение 'наш долг' у клиента 'Воронецкий Е. Ю. ИП - Колягин': шапка=11240.00, по строкам=0.00
2026-04-21 08:01:03 | WARNING | root | Несовпадение 'наш долг' у клиента 'Деменко Ольга Васильевна ИП - Воротников': шапка=33891.60, по строкам=0.00
2026-04-21 08:01:03 | WARNING | root | Несовпадение 'наш долг' у клиента 'Есинский А. Е. ИП - Колягин (Озерный п, Солнечный мкр, дом № 333)': шапка=38164.86, по строкам=3.00
2026-04-21 08:01:03 | WARNING | root | Несовпадение 'наш долг' у клиента 'Драгун С.Н ИП - Токарев': шапка=47531.44, по строкам=0.00
2026-04-21 08:01:03 | WARNING | root | Несовпадение 'наш долг' у клиента 'ГАЛЕРЕЯ НАПИТКОВ ООО - Воротников ГОЛОВНОЙ': шапка=57055.60, по строкам=0.00
2026-04-21 08:01:03 | WARNING | root | Несовпадение 'наш долг' у клиента 'Мамедов Адиль Сардар Оглы ИП - Токарев ГОЛОВНОЙ': шапка=90898.18, по строкам=0.00
2026-04-21 08:01:03 | WARNING | root | Несовпадение 'наш долг' у клиента 'nan': шапка=444752.84, по строкам=0.00
2026-04-21 08:01:03 | INFO | root | Собрано клиентов: 316
2026-04-21 08:01:03 | INFO | audit | {'t': 'msg', 'ok': True, 'ms': 1937, 'req': '2f31c181', 'bot': 8429636798, 'uid': 1188061961, 'user': 'Re1ze_r', 'name': 'Vadim BeerMarket', 'role': 'admin', 'chat': 1188061961, 'chat_type': 'private', 'msg_id': 18767, 'kind': <ContentType.TEXT: 'text'>, 'text': 'Полончук', 'caption_len': 0, 'entities': 0, 'state': None}
2026-04-21 08:01:03 | INFO | aiogram.event | Update id=617465767 is handled. Duration 1949 ms by bot id=8429636798
2026-04-21 08:31:05 | INFO | root | Нашли заголовки детальной таблицы на строке: 21
2026-04-21 08:31:05 | INFO | root | Скачан и валидирован файл дебиторки: downloads\Дебиторская задолженность по срокам долга - Прокопенко (XLS).xls
2026-04-21 08:31:06 | INFO | telegram_bot | Daily fetch: downloaded downloads\Дебиторская задолженность по срокам долга - Прокопенко (XLS).xls
2026-04-21 08:31:08 | INFO | telegram_bot | Daily fetch: next run in 68392 sec (now 2026-04-21 15:31:08, tz Asia/Novosibirsk)
2026-04-21 08:32:28 | INFO | audit | {'t': 'msg', 'ok': True, 'ms': 409, 'req': '9fc91d8b', 'bot': 8429636798, 'uid': 1188061961, 'user': 'Re1ze_r', 'name': 'Vadim BeerMarket', 'role': 'admin', 'chat': 1188061961, 'chat_type': 'private', 'msg_id': 18771, 'kind': <ContentType.TEXT: 'text'>, 'text': '🔎 Поиск', 'caption_len': 0, 'entities': 0, 'state': 'SearchStates:waiting_query'}
2026-04-21 08:32:28 | INFO | aiogram.event | Update id=617465768 is handled. Duration 420 ms by bot id=8429636798
2026-04-21 08:32:37 | INFO | root | Нашли заголовки детальной таблицы на строке: 21
2026-04-21 08:32:37 | WARNING | root | Несовпадение 'наш долг' у клиента 'Полончук Алёна Николаевна ИП Воротников (Игарская ул, дом № 42)': шапка=5400.00, по строкам=0.00
2026-04-21 08:32:37 | WARNING | root | Несовпадение 'наш долг' у клиента '_ГАРМОНИЯ ООО - Токарев (2-й Бронный пер, дом № 28/1)': шапка=552.18, по строкам=0.00
2026-04-21 08:32:37 | WARNING | root | Несовпадение 'наш долг' у клиента 'Судилкина И.О. ИП - Токарев ГОЛОВНОЙ': шапка=0.04, по строкам=0.00
2026-04-21 08:32:37 | WARNING | root | Несовпадение 'наш долг' у клиента 'Беккер Н. М. ИП - Токарев (Петухова ул, дом № 91)': шапка=0.10, по строкам=0.00
2026-04-21 08:32:37 | WARNING | root | Несовпадение 'наш долг' у клиента 'Паруйрян Эдгар Мишаи ИП - Воротников (Дениса Давыдова ул, дом № 4) (У)': шапка=0.30, по строкам=0.00
2026-04-21 08:32:37 | WARNING | root | Несовпадение 'наш долг' у клиента 'Рузибоева Феруза Нуриллаевна ИП': шапка=0.64, по строкам=0.00
2026-04-21 08:32:37 | WARNING | root | Несовпадение 'наш долг' у клиента 'Цыганкова Ирина Николаевна ИП - Колягин (Мочище дп, Обская ул, дом № 24) (У)': шапка=50.00, по строкам=0.00
2026-04-21 08:32:37 | WARNING | root | Несовпадение 'наш долг' у клиента 'Пронькина Марина Викторовна ИП - Колягин': шапка=60.00, по строкам=0.00
2026-04-21 08:32:37 | WARNING | root | Несовпадение 'наш долг' у клиента 'Балакшина О. А.  ИП - Токарев (Ленинское с, Школьная ул, дом № 3)': шапка=240.00, по строкам=0.00
2026-04-21 08:32:37 | WARNING | root | Несовпадение 'наш долг' у клиента 'Текутьев Николай Сергеевич ИП- Воротников (Шоссейная, 2)': шапка=676.00, по строкам=0.00
2026-04-21 08:32:37 | WARNING | root | Несовпадение 'наш долг' у клиента 'Маджента ООО - Воротников ГОЛОВНОЙ': шапка=761.80, по строкам=0.00
2026-04-21 08:32:37 | WARNING | root | Несовпадение 'наш долг' у клиента 'Петрова Вероника Сергеевна ИП - Воротников': шапка=2300.00, по строкам=0.00
2026-04-21 08:32:37 | WARNING | root | Несовпадение 'наш долг' у клиента 'Баранова Юлия Николаевна ИП - Воротников': шапка=2555.10, по строкам=0.00
2026-04-21 08:32:37 | WARNING | root | Несовпадение 'наш долг' у клиента 'Савина А.И. ИП - Воротников ГОЛОВНОЙ': шапка=2930.78, по строкам=0.00
2026-04-21 08:32:37 | WARNING | root | Несовпадение 'наш долг' у клиента 'ВИКТОР ООО - Щербатов ГОЛОВНОЙ': шапка=4563.50, по строкам=0.00
2026-04-21 08:32:37 | WARNING | root | Несовпадение 'наш долг' у клиента 'Блинкова Анна Павловна  ИП - Воротников': шапка=8583.00, по строкам=0.00
2026-04-21 08:32:37 | WARNING | root | Несовпадение 'наш долг' у клиента 'Воронецкий Е. Ю. ИП - Колягин': шапка=11240.00, по строкам=0.00
2026-04-21 08:32:37 | WARNING | root | Несовпадение 'наш долг' у клиента 'Деменко Ольга Васильевна ИП - Воротников': шапка=33891.60, по строкам=0.00
2026-04-21 08:32:37 | WARNING | root | Несовпадение 'наш долг' у клиента 'Есинский А. Е. ИП - Колягин (Озерный п, Солнечный мкр, дом № 333)': шапка=38164.86, по строкам=3.00
2026-04-21 08:32:37 | WARNING | root | Несовпадение 'наш долг' у клиента 'Драгун С.Н ИП - Токарев': шапка=47531.44, по строкам=0.00
2026-04-21 08:32:37 | WARNING | root | Несовпадение 'наш долг' у клиента 'ГАЛЕРЕЯ НАПИТКОВ ООО - Воротников ГОЛОВНОЙ': шапка=57055.60, по строкам=0.00
2026-04-21 08:32:37 | WARNING | root | Несовпадение 'наш долг' у клиента 'Мамедов Адиль Сардар Оглы ИП - Токарев ГОЛОВНОЙ': шапка=90898.18, по строкам=0.00
2026-04-21 08:32:37 | WARNING | root | Несовпадение 'наш долг' у клиента 'nan': шапка=444752.84, по строкам=0.00
2026-04-21 08:32:37 | INFO | root | Собрано клиентов: 316
2026-04-21 08:32:38 | INFO | audit | {'t': 'msg', 'ok': True, 'ms': 2554, 'req': '785e9d82', 'bot': 8429636798, 'uid': 1188061961, 'user': 'Re1ze_r', 'name': 'Vadim BeerMarket', 'role': 'admin', 'chat': 1188061961, 'chat_type': 'private', 'msg_id': 18773, 'kind': <ContentType.TEXT: 'text'>, 'text': 'Есинский', 'caption_len': 0, 'entities': 0, 'state': None}
2026-04-21 08:32:38 | INFO | aiogram.event | Update id=617465769 is handled. Duration 2565 ms by bot id=8429636798
2026-04-21 20:57:05 | INFO | audit | {'t': 'msg', 'ok': True, 'ms': 388, 'req': 'fd0bde3a', 'bot': 8429636798, 'uid': 1188061961, 'user': 'Re1ze_r', 'name': 'Vadim BeerMarket', 'role': 'admin', 'chat': 1188061961, 'chat_type': 'private', 'msg_id': 18777, 'kind': <ContentType.TEXT: 'text'>, 'text': '🔎 Поиск тары', 'caption_len': 0, 'entities': 0, 'state': 'SearchTaraStates:waiting_query'}
2026-04-21 20:57:05 | INFO | aiogram.event | Update id=617465770 is handled. Duration 400 ms by bot id=8429636798
2026-04-21 20:57:11 | INFO | root | Тара: режим hierarchical, собрано клиентов: 598
2026-04-21 20:57:14 | INFO | audit | {'t': 'msg', 'ok': True, 'ms': 5181, 'req': 'a1df4b4c', 'bot': 8429636798, 'uid': 1188061961, 'user': 'Re1ze_r', 'name': 'Vadim BeerMarket', 'role': 'admin', 'chat': 1188061961, 'chat_type': 'private', 'msg_id': 18779, 'kind': <ContentType.TEXT: 'text'>, 'text': 'Морозова', 'caption_len': 0, 'entities': 0, 'state': None}
2026-04-21 20:57:14 | INFO | aiogram.event | Update id=617465771 is handled. Duration 5193 ms by bot id=8429636798
2026-04-21 21:01:07 | INFO | audit | {'t': 'msg', 'ok': True, 'ms': 392, 'req': 'f2b0bd13', 'bot': 8429636798, 'uid': 1188061961, 'user': 'Re1ze_r', 'name': 'Vadim BeerMarket', 'role': 'admin', 'chat': 1188061961, 'chat_type': 'private', 'msg_id': 18783, 'kind': <ContentType.TEXT: 'text'>, 'text': '🔎 Поиск', 'caption_len': 0, 'entities': 0, 'state': 'SearchStates:waiting_query'}
2026-04-21 21:01:07 | INFO | aiogram.event | Update id=617465772 is handled. Duration 401 ms by bot id=8429636798
2026-04-21 21:01:13 | INFO | root | Нашли заголовки детальной таблицы на строке: 21
2026-04-21 21:01:13 | WARNING | root | Несовпадение 'наш долг' у клиента 'Полончук Алёна Николаевна ИП Воротников (Игарская ул, дом № 42)': шапка=5400.00, по строкам=0.00
2026-04-21 21:01:13 | WARNING | root | Несовпадение 'наш долг' у клиента '_ГАРМОНИЯ ООО - Токарев (2-й Бронный пер, дом № 28/1)': шапка=552.18, по строкам=0.00
2026-04-21 21:01:13 | WARNING | root | Несовпадение 'наш долг' у клиента 'Судилкина И.О. ИП - Токарев ГОЛОВНОЙ': шапка=0.04, по строкам=0.00
2026-04-21 21:01:13 | WARNING | root | Несовпадение 'наш долг' у клиента 'Беккер Н. М. ИП - Токарев (Петухова ул, дом № 91)': шапка=0.10, по строкам=0.00
2026-04-21 21:01:13 | WARNING | root | Несовпадение 'наш долг' у клиента 'Паруйрян Эдгар Мишаи ИП - Воротников (Дениса Давыдова ул, дом № 4) (У)': шапка=0.30, по строкам=0.00
2026-04-21 21:01:13 | WARNING | root | Несовпадение 'наш долг' у клиента 'Рузибоева Феруза Нуриллаевна ИП': шапка=0.64, по строкам=0.00
2026-04-21 21:01:13 | WARNING | root | Несовпадение 'наш долг' у клиента 'Цыганкова Ирина Николаевна ИП - Колягин (Мочище дп, Обская ул, дом № 24) (У)': шапка=50.00, по строкам=0.00
2026-04-21 21:01:13 | WARNING | root | Несовпадение 'наш долг' у клиента 'Пронькина Марина Викторовна ИП - Колягин': шапка=60.00, по строкам=0.00
2026-04-21 21:01:13 | WARNING | root | Несовпадение 'наш долг' у клиента 'Балакшина О. А.  ИП - Токарев (Ленинское с, Школьная ул, дом № 3)': шапка=240.00, по строкам=0.00
2026-04-21 21:01:13 | WARNING | root | Несовпадение 'наш долг' у клиента 'Текутьев Николай Сергеевич ИП- Воротников (Шоссейная, 2)': шапка=676.00, по строкам=0.00
2026-04-21 21:01:13 | WARNING | root | Несовпадение 'наш долг' у клиента 'Маджента ООО - Воротников ГОЛОВНОЙ': шапка=761.80, по строкам=0.00
2026-04-21 21:01:13 | WARNING | root | Несовпадение 'наш долг' у клиента 'Петрова Вероника Сергеевна ИП - Воротников': шапка=2300.00, по строкам=0.00
2026-04-21 21:01:13 | WARNING | root | Несовпадение 'наш долг' у клиента 'Баранова Юлия Николаевна ИП - Воротников': шапка=2555.10, по строкам=0.00
2026-04-21 21:01:13 | WARNING | root | Несовпадение 'наш долг' у клиента 'Савина А.И. ИП - Воротников ГОЛОВНОЙ': шапка=2930.78, по строкам=0.00
2026-04-21 21:01:13 | WARNING | root | Несовпадение 'наш долг' у клиента 'ВИКТОР ООО - Щербатов ГОЛОВНОЙ': шапка=4563.50, по строкам=0.00
2026-04-21 21:01:13 | WARNING | root | Несовпадение 'наш долг' у клиента 'Блинкова Анна Павловна  ИП - Воротников': шапка=8583.00, по строкам=0.00
2026-04-21 21:01:13 | WARNING | root | Несовпадение 'наш долг' у клиента 'Воронецкий Е. Ю. ИП - Колягин': шапка=11240.00, по строкам=0.00
2026-04-21 21:01:13 | WARNING | root | Несовпадение 'наш долг' у клиента 'Деменко Ольга Васильевна ИП - Воротников': шапка=33891.60, по строкам=0.00
2026-04-21 21:01:13 | WARNING | root | Несовпадение 'наш долг' у клиента 'Есинский А. Е. ИП - Колягин (Озерный п, Солнечный мкр, дом № 333)': шапка=38164.86, по строкам=3.00
2026-04-21 21:01:13 | WARNING | root | Несовпадение 'наш долг' у клиента 'Драгун С.Н ИП - Токарев': шапка=47531.44, по строкам=0.00
2026-04-21 21:01:13 | WARNING | root | Несовпадение 'наш долг' у клиента 'ГАЛЕРЕЯ НАПИТКОВ ООО - Воротников ГОЛОВНОЙ': шапка=57055.60, по строкам=0.00
2026-04-21 21:01:13 | WARNING | root | Несовпадение 'наш долг' у клиента 'Мамедов Адиль Сардар Оглы ИП - Токарев ГОЛОВНОЙ': шапка=90898.18, по строкам=0.00
2026-04-21 21:01:13 | WARNING | root | Несовпадение 'наш долг' у клиента 'nan': шапка=444752.84, по строкам=0.00
2026-04-21 21:01:13 | INFO | root | Собрано клиентов: 316
2026-04-21 21:01:14 | INFO | audit | {'t': 'msg', 'ok': True, 'ms': 1927, 'req': 'bfc61753', 'bot': 8429636798, 'uid': 1188061961, 'user': 'Re1ze_r', 'name': 'Vadim BeerMarket', 'role': 'admin', 'chat': 1188061961, 'chat_type': 'private', 'msg_id': 18785, 'kind': <ContentType.TEXT: 'text'>, 'text': 'Морозова', 'caption_len': 0, 'entities': 0, 'state': None}
2026-04-21 21:01:14 | INFO | aiogram.event | Update id=617465773 is handled. Duration 1938 ms by bot id=8429636798
2026-04-21 21:04:49 | INFO | audit | {'t': 'msg', 'ok': True, 'ms': 145, 'req': 'c9a53569', 'bot': 8429636798, 'uid': 1188061961, 'user': 'Re1ze_r', 'name': 'Vadim BeerMarket', 'role': 'admin', 'chat': 1188061961, 'chat_type': 'private', 'msg_id': 18789, 'kind': <ContentType.TEXT: 'text'>, 'text': '📰 Управление новостями', 'caption_len': 0, 'entities': 0, 'state': None}
2026-04-21 21:04:49 | INFO | aiogram.event | Update id=617465774 is handled. Duration 149 ms by bot id=8429636798
2026-04-21 21:04:52 | INFO | audit | {'t': 'cb', 'ok': True, 'ms': 269, 'req': '084306e9', 'bot': 8429636798, 'uid': 1188061961, 'user': 'Re1ze_r', 'name': 'Vadim BeerMarket', 'role': 'admin', 'chat': 1188061961, 'cb_id': '5102687271844409907', 'msg_id': 18790, 'data': 'news:list:published:0', 'state': None}
2026-04-21 21:04:52 | INFO | aiogram.event | Update id=617465775 is handled. Duration 275 ms by bot id=8429636798
2026-04-21 21:04:55 | INFO | audit | {'t': 'cb', 'ok': True, 'ms': 284, 'req': '8282b491', 'bot': 8429636798, 'uid': 1188061961, 'user': 'Re1ze_r', 'name': 'Vadim BeerMarket', 'role': 'admin', 'chat': 1188061961, 'cb_id': '5102687271864373285', 'msg_id': 18790, 'data': 'news:item:16ea78271ad442af86e0cabe79f101bc:0:published', 'state': None}
2026-04-21 21:04:55 | INFO | aiogram.event | Update id=617465776 is handled. Duration 289 ms by bot id=8429636798
2026-04-21 21:07:58 | INFO | audit | {'t': 'cb', 'ok': True, 'ms': 264, 'req': 'f52806b8', 'bot': 8429636798, 'uid': 1188061961, 'user': 'Re1ze_r', 'name': 'Vadim BeerMarket', 'role': 'admin', 'chat': 1188061961, 'cb_id': '5102687270580970018', 'msg_id': 18790, 'data': 'news:list:published:0', 'state': None}
2026-04-21 21:07:58 | INFO | aiogram.event | Update id=617465777 is handled. Duration 270 ms by bot id=8429636798
2026-04-21 21:08:00 | INFO | audit | {'t': 'cb', 'ok': True, 'ms': 281, 'req': 'a9dd70e7', 'bot': 8429636798, 'uid': 1188061961, 'user': 'Re1ze_r', 'name': 'Vadim BeerMarket', 'role': 'admin', 'chat': 1188061961, 'cb_id': '5102687269598814195', 'msg_id': 18790, 'data': 'news:menu', 'state': None}
2026-04-21 21:08:00 | INFO | aiogram.event | Update id=617465778 is handled. Duration 286 ms by bot id=8429636798
2026-04-21 21:09:18 | INFO | audit | {'t': 'cb', 'ok': True, 'ms': 269, 'req': '8f287cdd', 'bot': 8429636798, 'uid': 1188061961, 'user': 'Re1ze_r', 'name': 'Vadim BeerMarket', 'role': 'admin', 'chat': 1188061961, 'cb_id': '5102687268145616380', 'msg_id': 18790, 'data': 'news:list:draft:0', 'state': None}
2026-04-21 21:09:18 | INFO | aiogram.event | Update id=617465779 is handled. Duration 275 ms by bot id=8429636798
2026-04-21 21:09:19 | INFO | audit | {'t': 'cb', 'ok': True, 'ms': 262, 'req': '1caabf50', 'bot': 8429636798, 'uid': 1188061961, 'user': 'Re1ze_r', 'name': 'Vadim BeerMarket', 'role': 'admin', 'chat': 1188061961, 'cb_id': '5102687271496029421', 'msg_id': 18790, 'data': 'news:menu', 'state': None}
2026-04-21 21:09:19 | INFO | aiogram.event | Update id=617465780 is handled. Duration 267 ms by bot id=8429636798
2026-04-21 21:09:20 | INFO | audit | {'t': 'cb', 'ok': True, 'ms': 271, 'req': '369f9352', 'bot': 8429636798, 'uid': 1188061961, 'user': 'Re1ze_r', 'name': 'Vadim BeerMarket', 'role': 'admin', 'chat': 1188061961, 'cb_id': '5102687268342503187', 'msg_id': 18790, 'data': 'news:sync', 'state': None}
2026-04-21 21:09:20 | INFO | aiogram.event | Update id=617465781 is handled. Duration 276 ms by bot id=8429636798
2026-04-21 21:10:13 | INFO | audit | {'t': 'msg', 'ok': True, 'ms': 187, 'req': '85264ce0', 'bot': 8429636798, 'uid': 1188061961, 'user': 'Re1ze_r', 'name': 'Vadim BeerMarket', 'role': 'admin', 'chat': 1188061961, 'chat_type': 'private', 'msg_id': 18791, 'kind': <ContentType.TEXT: 'text'>, 'text': '▶️ Старт', 'caption_len': 0, 'entities': 0, 'state': None}
2026-04-21 21:10:13 | INFO | aiogram.event | Update id=617465782 is handled. Duration 198 ms by bot id=8429636798
2026-04-21 21:10:37 | INFO | audit | {'t': 'msg', 'ok': True, 'ms': 287, 'req': 'd1461559', 'bot': 8429636798, 'uid': 237087423, 'user': 'Freep_o_0_rn', 'name': 'Freep_o_0_rn', 'role': 'admin', 'chat': 237087423, 'chat_type': 'private', 'msg_id': 18793, 'kind': <ContentType.TEXT: 'text'>, 'text': '▶️ Старт', 'caption_len': 0, 'entities': 0, 'state': None}
2026-04-21 21:10:37 | INFO | aiogram.event | Update id=617465783 is handled. Duration 296 ms by bot id=8429636798
2026-04-21 21:53:23 | INFO | audit | {'t': 'msg', 'ok': True, 'ms': 392, 'req': '435e8c89', 'bot': 8429636798, 'uid': 237087423, 'user': 'Freep_o_0_rn', 'name': 'Freep_o_0_rn', 'role': 'admin', 'chat': 237087423, 'chat_type': 'private', 'msg_id': 18795, 'kind': <ContentType.TEXT: 'text'>, 'text': '🔎 Поиск', 'caption_len': 0, 'entities': 0, 'state': 'SearchStates:waiting_query'}
2026-04-21 21:53:23 | INFO | aiogram.event | Update id=617465784 is handled. Duration 403 ms by bot id=8429636798
2026-04-21 21:53:28 | INFO | root | Нашли заголовки детальной таблицы на строке: 21
2026-04-21 21:53:28 | WARNING | root | Несовпадение 'наш долг' у клиента 'Полончук Алёна Николаевна ИП Воротников (Игарская ул, дом № 42)': шапка=5400.00, по строкам=0.00
2026-04-21 21:53:29 | WARNING | root | Несовпадение 'наш долг' у клиента '_ГАРМОНИЯ ООО - Токарев (2-й Бронный пер, дом № 28/1)': шапка=552.18, по строкам=0.00
2026-04-21 21:53:29 | WARNING | root | Несовпадение 'наш долг' у клиента 'Судилкина И.О. ИП - Токарев ГОЛОВНОЙ': шапка=0.04, по строкам=0.00
2026-04-21 21:53:29 | WARNING | root | Несовпадение 'наш долг' у клиента 'Беккер Н. М. ИП - Токарев (Петухова ул, дом № 91)': шапка=0.10, по строкам=0.00
2026-04-21 21:53:29 | WARNING | root | Несовпадение 'наш долг' у клиента 'Паруйрян Эдгар Мишаи ИП - Воротников (Дениса Давыдова ул, дом № 4) (У)': шапка=0.30, по строкам=0.00
2026-04-21 21:53:29 | WARNING | root | Несовпадение 'наш долг' у клиента 'Рузибоева Феруза Нуриллаевна ИП': шапка=0.64, по строкам=0.00
2026-04-21 21:53:29 | WARNING | root | Несовпадение 'наш долг' у клиента 'Цыганкова Ирина Николаевна ИП - Колягин (Мочище дп, Обская ул, дом № 24) (У)': шапка=50.00, по строкам=0.00
2026-04-21 21:53:29 | WARNING | root | Несовпадение 'наш долг' у клиента 'Пронькина Марина Викторовна ИП - Колягин': шапка=60.00, по строкам=0.00
2026-04-21 21:53:29 | WARNING | root | Несовпадение 'наш долг' у клиента 'Балакшина О. А.  ИП - Токарев (Ленинское с, Школьная ул, дом № 3)': шапка=240.00, по строкам=0.00
2026-04-21 21:53:29 | WARNING | root | Несовпадение 'наш долг' у клиента 'Текутьев Николай Сергеевич ИП- Воротников (Шоссейная, 2)': шапка=676.00, по строкам=0.00
2026-04-21 21:53:29 | WARNING | root | Несовпадение 'наш долг' у клиента 'Маджента ООО - Воротников ГОЛОВНОЙ': шапка=761.80, по строкам=0.00
2026-04-21 21:53:29 | WARNING | root | Несовпадение 'наш долг' у клиента 'Петрова Вероника Сергеевна ИП - Воротников': шапка=2300.00, по строкам=0.00
2026-04-21 21:53:29 | WARNING | root | Несовпадение 'наш долг' у клиента 'Баранова Юлия Николаевна ИП - Воротников': шапка=2555.10, по строкам=0.00
2026-04-21 21:53:29 | WARNING | root | Несовпадение 'наш долг' у клиента 'Савина А.И. ИП - Воротников ГОЛОВНОЙ': шапка=2930.78, по строкам=0.00
2026-04-21 21:53:29 | WARNING | root | Несовпадение 'наш долг' у клиента 'ВИКТОР ООО - Щербатов ГОЛОВНОЙ': шапка=4563.50, по строкам=0.00
2026-04-21 21:53:29 | WARNING | root | Несовпадение 'наш долг' у клиента 'Блинкова Анна Павловна  ИП - Воротников': шапка=8583.00, по строкам=0.00
2026-04-21 21:53:29 | WARNING | root | Несовпадение 'наш долг' у клиента 'Воронецкий Е. Ю. ИП - Колягин': шапка=11240.00, по строкам=0.00
2026-04-21 21:53:29 | WARNING | root | Несовпадение 'наш долг' у клиента 'Деменко Ольга Васильевна ИП - Воротников': шапка=33891.60, по строкам=0.00
2026-04-21 21:53:29 | WARNING | root | Несовпадение 'наш долг' у клиента 'Есинский А. Е. ИП - Колягин (Озерный п, Солнечный мкр, дом № 333)': шапка=38164.86, по строкам=3.00
2026-04-21 21:53:29 | WARNING | root | Несовпадение 'наш долг' у клиента 'Драгун С.Н ИП - Токарев': шапка=47531.44, по строкам=0.00
2026-04-21 21:53:29 | WARNING | root | Несовпадение 'наш долг' у клиента 'ГАЛЕРЕЯ НАПИТКОВ ООО - Воротников ГОЛОВНОЙ': шапка=57055.60, по строкам=0.00
2026-04-21 21:53:29 | WARNING | root | Несовпадение 'наш долг' у клиента 'Мамедов Адиль Сардар Оглы ИП - Токарев ГОЛОВНОЙ': шапка=90898.18, по строкам=0.00
2026-04-21 21:53:29 | WARNING | root | Несовпадение 'наш долг' у клиента 'nan': шапка=444752.84, по строкам=0.00
2026-04-21 21:53:29 | INFO | root | Собрано клиентов: 316
2026-04-21 21:53:29 | INFO | audit | {'t': 'msg', 'ok': True, 'ms': 1971, 'req': '904a01a3', 'bot': 8429636798, 'uid': 237087423, 'user': 'Freep_o_0_rn', 'name': 'Freep_o_0_rn', 'role': 'admin', 'chat': 237087423, 'chat_type': 'private', 'msg_id': 18797, 'kind': <ContentType.TEXT: 'text'>, 'text': 'Морозова', 'caption_len': 0, 'entities': 0, 'state': None}
2026-04-21 21:53:29 | INFO | aiogram.event | Update id=617465785 is handled. Duration 1981 ms by bot id=8429636798
2026-04-21 21:53:36 | INFO | audit | {'t': 'msg', 'ok': True, 'ms': 189, 'req': 'ca9f7ef7', 'bot': 8429636798, 'uid': 237087423, 'user': 'Freep_o_0_rn', 'name': 'Freep_o_0_rn', 'role': 'admin', 'chat': 237087423, 'chat_type': 'private', 'msg_id': 18801, 'kind': <ContentType.TEXT: 'text'>, 'text': '🔎 Поиск', 'caption_len': 0, 'entities': 0, 'state': 'SearchStates:waiting_query'}
2026-04-21 21:53:36 | INFO | aiogram.event | Update id=617465786 is handled. Duration 201 ms by bot id=8429636798
2026-04-21 21:53:41 | INFO | root | Нашли заголовки детальной таблицы на строке: 21
2026-04-21 21:53:41 | WARNING | root | Несовпадение 'наш долг' у клиента 'Полончук Алёна Николаевна ИП Воротников (Игарская ул, дом № 42)': шапка=5400.00, по строкам=0.00
2026-04-21 21:53:41 | WARNING | root | Несовпадение 'наш долг' у клиента '_ГАРМОНИЯ ООО - Токарев (2-й Бронный пер, дом № 28/1)': шапка=552.18, по строкам=0.00
2026-04-21 21:53:41 | WARNING | root | Несовпадение 'наш долг' у клиента 'Судилкина И.О. ИП - Токарев ГОЛОВНОЙ': шапка=0.04, по строкам=0.00
2026-04-21 21:53:41 | WARNING | root | Несовпадение 'наш долг' у клиента 'Беккер Н. М. ИП - Токарев (Петухова ул, дом № 91)': шапка=0.10, по строкам=0.00
2026-04-21 21:53:41 | WARNING | root | Несовпадение 'наш долг' у клиента 'Паруйрян Эдгар Мишаи ИП - Воротников (Дениса Давыдова ул, дом № 4) (У)': шапка=0.30, по строкам=0.00
2026-04-21 21:53:41 | WARNING | root | Несовпадение 'наш долг' у клиента 'Рузибоева Феруза Нуриллаевна ИП': шапка=0.64, по строкам=0.00
2026-04-21 21:53:41 | WARNING | root | Несовпадение 'наш долг' у клиента 'Цыганкова Ирина Николаевна ИП - Колягин (Мочище дп, Обская ул, дом № 24) (У)': шапка=50.00, по строкам=0.00
2026-04-21 21:53:41 | WARNING | root | Несовпадение 'наш долг' у клиента 'Пронькина Марина Викторовна ИП - Колягин': шапка=60.00, по строкам=0.00
2026-04-21 21:53:41 | WARNING | root | Несовпадение 'наш долг' у клиента 'Балакшина О. А.  ИП - Токарев (Ленинское с, Школьная ул, дом № 3)': шапка=240.00, по строкам=0.00
2026-04-21 21:53:41 | WARNING | root | Несовпадение 'наш долг' у клиента 'Текутьев Николай Сергеевич ИП- Воротников (Шоссейная, 2)': шапка=676.00, по строкам=0.00
2026-04-21 21:53:41 | WARNING | root | Несовпадение 'наш долг' у клиента 'Маджента ООО - Воротников ГОЛОВНОЙ': шапка=761.80, по строкам=0.00
2026-04-21 21:53:41 | WARNING | root | Несовпадение 'наш долг' у клиента 'Петрова Вероника Сергеевна ИП - Воротников': шапка=2300.00, по строкам=0.00
2026-04-21 21:53:41 | WARNING | root | Несовпадение 'наш долг' у клиента 'Баранова Юлия Николаевна ИП - Воротников': шапка=2555.10, по строкам=0.00
2026-04-21 21:53:41 | WARNING | root | Несовпадение 'наш долг' у клиента 'Савина А.И. ИП - Воротников ГОЛОВНОЙ': шапка=2930.78, по строкам=0.00
2026-04-21 21:53:41 | WARNING | root | Несовпадение 'наш долг' у клиента 'ВИКТОР ООО - Щербатов ГОЛОВНОЙ': шапка=4563.50, по строкам=0.00
2026-04-21 21:53:41 | WARNING | root | Несовпадение 'наш долг' у клиента 'Блинкова Анна Павловна  ИП - Воротников': шапка=8583.00, по строкам=0.00
2026-04-21 21:53:41 | WARNING | root | Несовпадение 'наш долг' у клиента 'Воронецкий Е. Ю. ИП - Колягин': шапка=11240.00, по строкам=0.00
2026-04-21 21:53:41 | WARNING | root | Несовпадение 'наш долг' у клиента 'Деменко Ольга Васильевна ИП - Воротников': шапка=33891.60, по строкам=0.00
2026-04-21 21:53:41 | WARNING | root | Несовпадение 'наш долг' у клиента 'Есинский А. Е. ИП - Колягин (Озерный п, Солнечный мкр, дом № 333)': шапка=38164.86, по строкам=3.00
2026-04-21 21:53:41 | WARNING | root | Несовпадение 'наш долг' у клиента 'Драгун С.Н ИП - Токарев': шапка=47531.44, по строкам=0.00
2026-04-21 21:53:41 | WARNING | root | Несовпадение 'наш долг' у клиента 'ГАЛЕРЕЯ НАПИТКОВ ООО - Воротников ГОЛОВНОЙ': шапка=57055.60, по строкам=0.00
2026-04-21 21:53:41 | WARNING | root | Несовпадение 'наш долг' у клиента 'Мамедов Адиль Сардар Оглы ИП - Токарев ГОЛОВНОЙ': шапка=90898.18, по строкам=0.00
2026-04-21 21:53:41 | WARNING | root | Несовпадение 'наш долг' у клиента 'nan': шапка=444752.84, по строкам=0.00
2026-04-21 21:53:41 | INFO | root | Собрано клиентов: 316
2026-04-21 21:53:41 | INFO | audit | {'t': 'msg', 'ok': True, 'ms': 1944, 'req': 'b242ff84', 'bot': 8429636798, 'uid': 237087423, 'user': 'Freep_o_0_rn', 'name': 'Freep_o_0_rn', 'role': 'admin', 'chat': 237087423, 'chat_type': 'private', 'msg_id': 18803, 'kind': <ContentType.TEXT: 'text'>, 'text': 'Анохина', 'caption_len': 0, 'entities': 0, 'state': None}
2026-04-21 21:53:41 | INFO | aiogram.event | Update id=617465787 is handled. Duration 1955 ms by bot id=8429636798
2026-04-21 22:15:11 | INFO | telegram_bot | Mini App URL configured: https://app.freep0rndeveloper.website/?api_base=https://api.freep0rndeveloper.website/
2026-04-21 22:15:11 | INFO | __main__ | BOT_TOKEN валиден.
2026-04-21 22:15:16 | INFO | root | Нашли заголовки детальной таблицы на строке: 21
2026-04-21 22:15:16 | INFO | root | Скачан и валидирован файл дебиторки: downloads\Дебиторская задолженность по срокам долга - Прокопенко (XLS).xls
2026-04-21 22:15:16 | INFO | __main__ | Файл получен: downloads\Дебиторская задолженность по срокам долга - Прокопенко (XLS).xls
2026-04-21 22:15:18 | INFO | root | Нашли заголовки детальной таблицы на строке: 21
2026-04-21 22:15:18 | WARNING | root | Несовпадение 'наш долг' у клиента 'Полончук Алёна Николаевна ИП Воротников (Игарская ул, дом № 42)': шапка=5400.00, по строкам=0.00
2026-04-21 22:15:18 | WARNING | root | Несовпадение 'наш долг' у клиента '_ГАРМОНИЯ ООО - Токарев (2-й Бронный пер, дом № 28/1)': шапка=552.18, по строкам=0.00
2026-04-21 22:15:18 | WARNING | root | Несовпадение 'наш долг' у клиента 'Судилкина И.О. ИП - Токарев ГОЛОВНОЙ': шапка=0.04, по строкам=0.00
2026-04-21 22:15:18 | WARNING | root | Несовпадение 'наш долг' у клиента 'Беккер Н. М. ИП - Токарев (Петухова ул, дом № 91)': шапка=0.10, по строкам=0.00
2026-04-21 22:15:18 | WARNING | root | Несовпадение 'наш долг' у клиента 'Паруйрян Эдгар Мишаи ИП - Воротников (Дениса Давыдова ул, дом № 4) (У)': шапка=0.30, по строкам=0.00
2026-04-21 22:15:18 | WARNING | root | Несовпадение 'наш долг' у клиента 'Рузибоева Феруза Нуриллаевна ИП': шапка=0.64, по строкам=0.00
2026-04-21 22:15:18 | WARNING | root | Несовпадение 'наш долг' у клиента 'Цыганкова Ирина Николаевна ИП - Колягин (Мочище дп, Обская ул, дом № 24) (У)': шапка=50.00, по строкам=0.00
2026-04-21 22:15:18 | WARNING | root | Несовпадение 'наш долг' у клиента 'Пронькина Марина Викторовна ИП - Колягин': шапка=60.00, по строкам=0.00
2026-04-21 22:15:18 | WARNING | root | Несовпадение 'наш долг' у клиента 'Есинский А. Е. ИП - Колягин (Озерный п, Солнечный мкр, дом № 333)': шапка=70.38, по строкам=3.00
2026-04-21 22:15:18 | WARNING | root | Несовпадение 'наш долг' у клиента 'Балакшина О. А.  ИП - Токарев (Ленинское с, Школьная ул, дом № 3)': шапка=240.00, по строкам=0.00
2026-04-21 22:15:18 | WARNING | root | Несовпадение 'наш долг' у клиента 'Текутьев Николай Сергеевич ИП- Воротников (Шоссейная, 2)': шапка=676.00, по строкам=0.00
2026-04-21 22:15:18 | WARNING | root | Несовпадение 'наш долг' у клиента 'Маджента ООО - Воротников ГОЛОВНОЙ': шапка=761.80, по строкам=0.00
2026-04-21 22:15:18 | WARNING | root | Несовпадение 'наш долг' у клиента 'Петрова Вероника Сергеевна ИП - Воротников': шапка=2300.00, по строкам=0.00
2026-04-21 22:15:18 | WARNING | root | Несовпадение 'наш долг' у клиента 'Баранова Юлия Николаевна ИП - Воротников': шапка=2555.10, по строкам=0.00
2026-04-21 22:15:18 | WARNING | root | Несовпадение 'наш долг' у клиента 'Савина А.И. ИП - Воротников ГОЛОВНОЙ': шапка=2930.78, по строкам=0.00
2026-04-21 22:15:18 | WARNING | root | Несовпадение 'наш долг' у клиента 'ВИКТОР ООО - Щербатов ГОЛОВНОЙ': шапка=4563.50, по строкам=0.00
2026-04-21 22:15:18 | WARNING | root | Несовпадение 'наш долг' у клиента 'Блинкова Анна Павловна  ИП - Воротников': шапка=8583.00, по строкам=0.00
2026-04-21 22:15:18 | WARNING | root | Несовпадение 'наш долг' у клиента 'Воронецкий Е. Ю. ИП - Колягин': шапка=11240.00, по строкам=0.00
2026-04-21 22:15:18 | WARNING | root | Несовпадение 'наш долг' у клиента 'nan': шапка=177281.54, по строкам=0.00
2026-04-21 22:15:18 | INFO | root | Собрано клиентов: 306
2026-04-21 22:15:18 | INFO | __main__ | Отчёт на 21.04.2026 | клиентов: 306
2026-04-21 22:15:18 | INFO | __main__ | 01. nan | сум: 10233732.35 | проср: 9717956.99 | наш долг: 177281.54 | доков: 0
2026-04-21 22:15:18 | INFO | __main__ | 02. ГЕРАНИОЛ ООО - Воротников (НСТ СТроитель, д 3/1а) | сум: 325361.78 | проср: 325361.78 | наш долг: 0.00 | доков: 2
2026-04-21 22:15:18 | INFO | __main__ | 03. ГЕРАНИОЛ ООО - Воротников (Березовая ул, дом № 13) | сум: 301250.16 | проср: 301250.16 | наш долг: 0.00 | доков: 2
2026-04-21 22:15:18 | INFO | __main__ | 04. ГЕРАНИОЛ ООО - Воротников (Березовая ул, дом № 7а) | сум: 300624.40 | проср: 300624.40 | наш долг: 0.00 | доков: 1
2026-04-21 22:15:18 | INFO | __main__ | 05. ГЕРАНИОЛ ООО - Воротников (Журналист тер. СНТ, Межозерная ул, дом № 34) | сум: 292233.96 | проср: 292233.96 | наш долг: 0.00 | доков: 4
2026-04-21 22:15:18 | INFO | __main__ | 06. ГЕРАНИОЛ ООО - Воротников (Благое мкр Солнечная ул, дом № 3) | сум: 278168.76 | проср: 278168.76 | наш долг: 0.00 | доков: 2
2026-04-21 22:15:18 | INFO | __main__ | 07. ГЕРАНИОЛ ООО - Воротников (Дачная ул, дом № 31, корпус 1) | сум: 269669.11 | проср: 269669.11 | наш долг: 0.00 | доков: 2
2026-04-21 22:15:18 | INFO | __main__ | 08. ГЕРАНИОЛ ООО - Воротников (Римского-Корсакова ул, дом № 28) | сум: 263676.28 | проср: 263676.28 | наш долг: 0.00 | доков: 4
2026-04-21 22:15:18 | INFO | __main__ | 09. ГЕРАНИОЛ ООО - Воротников (Тульская ул, дом № 80) | сум: 250703.58 | проср: 250703.58 | наш долг: 0.00 | доков: 1
2026-04-21 22:15:18 | INFO | __main__ | 10. Прокопьев Евгений Викторович ИП - Воротников (Демакова ул, дом № 11) | сум: 234636.00 | проср: 213888.00 | наш долг: 0.00 | доков: 5
2026-04-21 22:15:18 | INFO | aiogram.dispatcher | Start polling
2026-04-21 22:15:18 | INFO | telegram_bot | Daily fetch: next run in 18941 sec (now 2026-04-22 05:15:18, tz Asia/Novosibirsk)
2026-04-21 22:15:18 | INFO | aiogram.dispatcher | Run polling for bot @BeerMarket_nsk_bot id=8429636798 - 'BeerMarketBot🍺'
2026-04-21 22:15:44 | INFO | audit | {'t': 'msg', 'ok': True, 'ms': 426, 'req': 'a31b6c5e', 'bot': 8429636798, 'uid': 237087423, 'user': 'Freep_o_0_rn', 'name': 'Freep_o_0_rn', 'role': 'admin', 'chat': 237087423, 'chat_type': 'private', 'msg_id': 18807, 'kind': <ContentType.TEXT: 'text'>, 'text': '▶️ Старт', 'caption_len': 0, 'entities': 0, 'state': None}
2026-04-21 22:15:44 | INFO | aiogram.event | Update id=617465788 is handled. Duration 444 ms by bot id=8429636798
2026-04-21 22:15:51 | INFO | audit | {'t': 'msg', 'ok': True, 'ms': 189, 'req': '61d09e55', 'bot': 8429636798, 'uid': 237087423, 'user': 'Freep_o_0_rn', 'name': 'Freep_o_0_rn', 'role': 'admin', 'chat': 237087423, 'chat_type': 'private', 'msg_id': 18809, 'kind': <ContentType.TEXT: 'text'>, 'text': '▶️ Старт', 'caption_len': 0, 'entities': 0, 'state': None}
2026-04-21 22:15:51 | INFO | aiogram.event | Update id=617465789 is handled. Duration 196 ms by bot id=8429636798
2026-04-21 22:15:52 | INFO | telegram_bot | filters: entry by 237087423 (Freep_o_0_rn)
2026-04-21 22:15:52 | INFO | audit | {'t': 'msg', 'ok': True, 'ms': 143, 'req': '87e3faee', 'bot': 8429636798, 'uid': 237087423, 'user': 'Freep_o_0_rn', 'name': 'Freep_o_0_rn', 'role': 'admin', 'chat': 237087423, 'chat_type': 'private', 'msg_id': 18811, 'kind': <ContentType.TEXT: 'text'>, 'text': '⚙️ Фильтры', 'caption_len': 0, 'entities': 0, 'state': None}
2026-04-21 22:15:52 | INFO | aiogram.event | Update id=617465790 is handled. Duration 160 ms by bot id=8429636798
2026-04-21 22:15:55 | INFO | audit | {'t': 'cb', 'ok': True, 'ms': 281, 'req': '4577d7dd', 'bot': 8429636798, 'uid': 237087423, 'user': 'Freep_o_0_rn', 'name': 'Freep_o_0_rn', 'role': 'admin', 'chat': 237087423, 'cb_id': '1018282729726009811', 'msg_id': 18812, 'data': 'flt:nav:1', 'state': None}
2026-04-21 22:15:55 | INFO | aiogram.event | Update id=617465791 is handled. Duration 299 ms by bot id=8429636798
2026-04-21 22:15:56 | INFO | audit | {'t': 'cb', 'ok': True, 'ms': 259, 'req': 'cace8ae8', 'bot': 8429636798, 'uid': 237087423, 'user': 'Freep_o_0_rn', 'name': 'Freep_o_0_rn', 'role': 'admin', 'chat': 237087423, 'cb_id': '1018282731870626628', 'msg_id': 18812, 'data': 'flt:nav:0', 'state': None}
2026-04-21 22:15:56 | INFO | aiogram.event | Update id=617465792 is handled. Duration 279 ms by bot id=8429636798
2026-04-21 22:16:41 | INFO | telegram_bot | filters: min_debt reset to 999.0
2026-04-21 22:16:41 | INFO | audit | {'t': 'cb', 'ok': True, 'ms': 272, 'req': '5cd45197', 'bot': 8429636798, 'uid': 237087423, 'user': 'Freep_o_0_rn', 'name': 'Freep_o_0_rn', 'role': 'admin', 'chat': 237087423, 'cb_id': '1018282728266926730', 'msg_id': 18812, 'data': 'flt:reset:0', 'state': None}
2026-04-21 22:16:41 | INFO | aiogram.event | Update id=617465793 is handled. Duration 288 ms by bot id=8429636798
2026-04-21 22:16:44 | INFO | audit | {'t': 'cb', 'ok': True, 'ms': 259, 'req': 'a8e525ef', 'bot': 8429636798, 'uid': 237087423, 'user': 'Freep_o_0_rn', 'name': 'Freep_o_0_rn', 'role': 'admin', 'chat': 237087423, 'cb_id': '1018282729466825374', 'msg_id': 18812, 'data': 'flt:chg:0', 'state': 'FilterStates:wait_value'}
2026-04-21 22:16:44 | INFO | aiogram.event | Update id=617465794 is handled. Duration 279 ms by bot id=8429636798
2026-04-21 22:16:48 | INFO | telegram_bot | filters: min_debt set to 100.0
2026-04-21 22:16:48 | INFO | audit | {'t': 'msg', 'ok': True, 'ms': 145, 'req': '1e701a9d', 'bot': 8429636798, 'uid': 237087423, 'user': 'Freep_o_0_rn', 'name': 'Freep_o_0_rn', 'role': 'admin', 'chat': 237087423, 'chat_type': 'private', 'msg_id': 18813, 'kind': <ContentType.TEXT: 'text'>, 'text': '100', 'caption_len': 0, 'entities': 0, 'state': None}
2026-04-21 22:16:48 | INFO | aiogram.event | Update id=617465795 is handled. Duration 165 ms by bot id=8429636798
2026-04-21 22:16:50 | INFO | audit | {'t': 'cb', 'ok': True, 'ms': 313, 'req': '1d2d9478', 'bot': 8429636798, 'uid': 237087423, 'user': 'Freep_o_0_rn', 'name': 'Freep_o_0_rn', 'role': 'admin', 'chat': 237087423, 'cb_id': '1018282731452424849', 'msg_id': 18814, 'data': 'flt:nav:1', 'state': None}
2026-04-21 22:16:50 | INFO | aiogram.event | Update id=617465796 is handled. Duration 335 ms by bot id=8429636798
2026-04-21 22:16:51 | INFO | audit | {'t': 'cb', 'ok': True, 'ms': 264, 'req': '93af7224', 'bot': 8429636798, 'uid': 237087423, 'user': 'Freep_o_0_rn', 'name': 'Freep_o_0_rn', 'role': 'admin', 'chat': 237087423, 'cb_id': '1018282731470277903', 'msg_id': 18814, 'data': 'flt:nav:0', 'state': None}
2026-04-21 22:16:51 | INFO | aiogram.event | Update id=617465797 is handled. Duration 284 ms by bot id=8429636798
2026-04-21 22:18:55 | INFO | telegram_bot | Mini App URL configured: https://app.freep0rndeveloper.website/?api_base=https://api.freep0rndeveloper.website/
2026-04-21 22:18:55 | INFO | __main__ | BOT_TOKEN валиден.
2026-04-21 22:18:58 | INFO | root | Нашли заголовки детальной таблицы на строке: 21
2026-04-21 22:18:58 | INFO | root | Скачан и валидирован файл дебиторки: downloads\Дебиторская задолженность по срокам долга - Прокопенко (XLS).xls
2026-04-21 22:18:58 | INFO | __main__ | Файл получен: downloads\Дебиторская задолженность по срокам долга - Прокопенко (XLS).xls
2026-04-21 22:19:00 | INFO | root | Нашли заголовки детальной таблицы на строке: 21
2026-04-21 22:19:00 | WARNING | root | Несовпадение 'наш долг' у клиента 'Полончук Алёна Николаевна ИП Воротников (Игарская ул, дом № 42)': шапка=5400.00, по строкам=0.00
2026-04-21 22:19:00 | WARNING | root | Несовпадение 'наш долг' у клиента '_ГАРМОНИЯ ООО - Токарев (2-й Бронный пер, дом № 28/1)': шапка=552.18, по строкам=0.00
2026-04-21 22:19:00 | WARNING | root | Несовпадение 'наш долг' у клиента 'Судилкина И.О. ИП - Токарев ГОЛОВНОЙ': шапка=0.04, по строкам=0.00
2026-04-21 22:19:00 | WARNING | root | Несовпадение 'наш долг' у клиента 'Беккер Н. М. ИП - Токарев (Петухова ул, дом № 91)': шапка=0.10, по строкам=0.00
2026-04-21 22:19:00 | WARNING | root | Несовпадение 'наш долг' у клиента 'Паруйрян Эдгар Мишаи ИП - Воротников (Дениса Давыдова ул, дом № 4) (У)': шапка=0.30, по строкам=0.00
2026-04-21 22:19:00 | WARNING | root | Несовпадение 'наш долг' у клиента 'Рузибоева Феруза Нуриллаевна ИП': шапка=0.64, по строкам=0.00
2026-04-21 22:19:00 | WARNING | root | Несовпадение 'наш долг' у клиента 'Цыганкова Ирина Николаевна ИП - Колягин (Мочище дп, Обская ул, дом № 24) (У)': шапка=50.00, по строкам=0.00
2026-04-21 22:19:00 | WARNING | root | Несовпадение 'наш долг' у клиента 'Пронькина Марина Викторовна ИП - Колягин': шапка=60.00, по строкам=0.00
2026-04-21 22:19:00 | WARNING | root | Несовпадение 'наш долг' у клиента 'Есинский А. Е. ИП - Колягин (Озерный п, Солнечный мкр, дом № 333)': шапка=70.38, по строкам=3.00
2026-04-21 22:19:00 | WARNING | root | Несовпадение 'наш долг' у клиента 'Балакшина О. А.  ИП - Токарев (Ленинское с, Школьная ул, дом № 3)': шапка=240.00, по строкам=0.00
2026-04-21 22:19:00 | WARNING | root | Несовпадение 'наш долг' у клиента 'Текутьев Николай Сергеевич ИП- Воротников (Шоссейная, 2)': шапка=676.00, по строкам=0.00
2026-04-21 22:19:00 | WARNING | root | Несовпадение 'наш долг' у клиента 'Маджента ООО - Воротников ГОЛОВНОЙ': шапка=761.80, по строкам=0.00
2026-04-21 22:19:00 | WARNING | root | Несовпадение 'наш долг' у клиента 'Петрова Вероника Сергеевна ИП - Воротников': шапка=2300.00, по строкам=0.00
2026-04-21 22:19:00 | WARNING | root | Несовпадение 'наш долг' у клиента 'Баранова Юлия Николаевна ИП - Воротников': шапка=2555.10, по строкам=0.00
2026-04-21 22:19:00 | WARNING | root | Несовпадение 'наш долг' у клиента 'Савина А.И. ИП - Воротников ГОЛОВНОЙ': шапка=2930.78, по строкам=0.00
2026-04-21 22:19:00 | WARNING | root | Несовпадение 'наш долг' у клиента 'ВИКТОР ООО - Щербатов ГОЛОВНОЙ': шапка=4563.50, по строкам=0.00
2026-04-21 22:19:00 | WARNING | root | Несовпадение 'наш долг' у клиента 'Блинкова Анна Павловна  ИП - Воротников': шапка=8583.00, по строкам=0.00
2026-04-21 22:19:00 | WARNING | root | Несовпадение 'наш долг' у клиента 'Воронецкий Е. Ю. ИП - Колягин': шапка=11240.00, по строкам=0.00
2026-04-21 22:19:00 | WARNING | root | Несовпадение 'наш долг' у клиента 'nan': шапка=177281.54, по строкам=0.00
2026-04-21 22:19:00 | INFO | root | Собрано клиентов: 306
2026-04-21 22:19:00 | INFO | __main__ | Отчёт на 21.04.2026 | клиентов: 306
2026-04-21 22:19:00 | INFO | __main__ | 01. nan | сум: 10233732.35 | проср: 9717956.99 | наш долг: 177281.54 | доков: 0
2026-04-21 22:19:00 | INFO | __main__ | 02. ГЕРАНИОЛ ООО - Воротников (НСТ СТроитель, д 3/1а) | сум: 325361.78 | проср: 325361.78 | наш долг: 0.00 | доков: 2
2026-04-21 22:19:00 | INFO | __main__ | 03. ГЕРАНИОЛ ООО - Воротников (Березовая ул, дом № 13) | сум: 301250.16 | проср: 301250.16 | наш долг: 0.00 | доков: 2
2026-04-21 22:19:00 | INFO | __main__ | 04. ГЕРАНИОЛ ООО - Воротников (Березовая ул, дом № 7а) | сум: 300624.40 | проср: 300624.40 | наш долг: 0.00 | доков: 1
2026-04-21 22:19:00 | INFO | __main__ | 05. ГЕРАНИОЛ ООО - Воротников (Журналист тер. СНТ, Межозерная ул, дом № 34) | сум: 292233.96 | проср: 292233.96 | наш долг: 0.00 | доков: 4
2026-04-21 22:19:00 | INFO | __main__ | 06. ГЕРАНИОЛ ООО - Воротников (Благое мкр Солнечная ул, дом № 3) | сум: 278168.76 | проср: 278168.76 | наш долг: 0.00 | доков: 2
2026-04-21 22:19:00 | INFO | __main__ | 07. ГЕРАНИОЛ ООО - Воротников (Дачная ул, дом № 31, корпус 1) | сум: 269669.11 | проср: 269669.11 | наш долг: 0.00 | доков: 2
2026-04-21 22:19:00 | INFO | __main__ | 08. ГЕРАНИОЛ ООО - Воротников (Римского-Корсакова ул, дом № 28) | сум: 263676.28 | проср: 263676.28 | наш долг: 0.00 | доков: 4
2026-04-21 22:19:00 | INFO | __main__ | 09. ГЕРАНИОЛ ООО - Воротников (Тульская ул, дом № 80) | сум: 250703.58 | проср: 250703.58 | наш долг: 0.00 | доков: 1
2026-04-21 22:19:00 | INFO | __main__ | 10. Прокопьев Евгений Викторович ИП - Воротников (Демакова ул, дом № 11) | сум: 234636.00 | проср: 213888.00 | наш долг: 0.00 | доков: 5
2026-04-21 22:19:00 | INFO | aiogram.dispatcher | Start polling
2026-04-21 22:19:00 | INFO | telegram_bot | Daily fetch: next run in 18719 sec (now 2026-04-22 05:19:00, tz Asia/Novosibirsk)
2026-04-21 22:19:00 | INFO | aiogram.dispatcher | Run polling for bot @BeerMarket_nsk_bot id=8429636798 - 'BeerMarketBot🍺'
2026-04-21 22:19:09 | INFO | audit | {'t': 'msg', 'ok': True, 'ms': 408, 'req': 'd21d4917', 'bot': 8429636798, 'uid': 237087423, 'user': 'Freep_o_0_rn', 'name': 'Freep_o_0_rn', 'role': 'admin', 'chat': 237087423, 'chat_type': 'private', 'msg_id': 18815, 'kind': <ContentType.TEXT: 'text'>, 'text': '▶️ Старт', 'caption_len': 0, 'entities': 0, 'state': None}
2026-04-21 22:19:09 | INFO | aiogram.event | Update id=617465798 is handled. Duration 418 ms by bot id=8429636798
2026-04-21 22:19:18 | INFO | audit | {'t': 'msg', 'ok': True, 'ms': 140, 'req': '402ed522', 'bot': 8429636798, 'uid': 237087423, 'user': 'Freep_o_0_rn', 'name': 'Freep_o_0_rn', 'role': 'admin', 'chat': 237087423, 'chat_type': 'private', 'msg_id': 18817, 'kind': <ContentType.TEXT: 'text'>, 'text': '📰 Управление новостями', 'caption_len': 0, 'entities': 0, 'state': None}
2026-04-21 22:19:18 | INFO | aiogram.event | Update id=617465799 is handled. Duration 146 ms by bot id=8429636798
2026-04-21 22:19:20 | INFO | audit | {'t': 'cb', 'ok': True, 'ms': 273, 'req': '2cdadb0f', 'bot': 8429636798, 'uid': 237087423, 'user': 'Freep_o_0_rn', 'name': 'Freep_o_0_rn', 'role': 'admin', 'chat': 237087423, 'cb_id': '1018282728369198433', 'msg_id': 18818, 'data': 'news:list:published:0', 'state': None}
2026-04-21 22:19:20 | INFO | aiogram.event | Update id=617465800 is handled. Duration 279 ms by bot id=8429636798
2026-04-21 22:19:23 | INFO | audit | {'t': 'cb', 'ok': True, 'ms': 303, 'req': '582da0f3', 'bot': 8429636798, 'uid': 237087423, 'user': 'Freep_o_0_rn', 'name': 'Freep_o_0_rn', 'role': 'admin', 'chat': 237087423, 'cb_id': '1018282729594595027', 'msg_id': 18818, 'data': 'news:item:16ea78271ad442af86e0cabe79f101bc:0:published', 'state': None}
2026-04-21 22:19:23 | INFO | aiogram.event | Update id=617465801 is handled. Duration 308 ms by bot id=8429636798
2026-04-21 22:19:26 | INFO | audit | {'t': 'cb', 'ok': True, 'ms': 420, 'req': '49c6c291', 'bot': 8429636798, 'uid': 237087423, 'user': 'Freep_o_0_rn', 'name': 'Freep_o_0_rn', 'role': 'admin', 'chat': 237087423, 'cb_id': '1018282732122975477', 'msg_id': 18818, 'data': 'news:mediaeditor:16ea78271ad442af86e0cabe79f101bc:0:published', 'state': None}
2026-04-21 22:19:26 | INFO | aiogram.event | Update id=617465802 is handled. Duration 429 ms by bot id=8429636798
2026-04-21 22:19:30 | INFO | audit | {'t': 'cb', 'ok': True, 'ms': 281, 'req': '18da452a', 'bot': 8429636798, 'uid': 237087423, 'user': 'Freep_o_0_rn', 'name': 'Freep_o_0_rn', 'role': 'admin', 'chat': 237087423, 'cb_id': '1018282728588616592', 'msg_id': 18818, 'data': 'news:dm:4b140b033c2b4bbdb76cc5c9d445bc80:0:published', 'state': None}
2026-04-21 22:19:30 | INFO | aiogram.event | Update id=617465803 is handled. Duration 287 ms by bot id=8429636798
2026-04-21 22:19:36 | INFO | audit | {'t': 'cb', 'ok': True, 'ms': 270, 'req': '848c53ce', 'bot': 8429636798, 'uid': 237087423, 'user': 'Freep_o_0_rn', 'name': 'Freep_o_0_rn', 'role': 'admin', 'chat': 237087423, 'cb_id': '1018282731950222324', 'msg_id': 18818, 'data': 'news:item:16ea78271ad442af86e0cabe79f101bc:0:published', 'state': None}
2026-04-21 22:19:36 | INFO | aiogram.event | Update id=617465804 is handled. Duration 275 ms by bot id=8429636798
2026-04-21 22:19:37 | INFO | audit | {'t': 'cb', 'ok': True, 'ms': 262, 'req': 'bdcb3ab7', 'bot': 8429636798, 'uid': 237087423, 'user': 'Freep_o_0_rn', 'name': 'Freep_o_0_rn', 'role': 'admin', 'chat': 237087423, 'cb_id': '1018282729293481981', 'msg_id': 18818, 'data': 'news:mediaeditor:16ea78271ad442af86e0cabe79f101bc:0:published', 'state': None}
2026-04-21 22:19:37 | INFO | aiogram.event | Update id=617465805 is handled. Duration 270 ms by bot id=8429636798
2026-04-21 22:19:39 | INFO | audit | {'t': 'cb', 'ok': True, 'ms': 271, 'req': '35d7d696', 'bot': 8429636798, 'uid': 237087423, 'user': 'Freep_o_0_rn', 'name': 'Freep_o_0_rn', 'role': 'admin', 'chat': 237087423, 'cb_id': '1018282729946094631', 'msg_id': 18818, 'data': 'news:item:16ea78271ad442af86e0cabe79f101bc:0:published', 'state': None}
2026-04-21 22:19:39 | INFO | aiogram.event | Update id=617465806 is handled. Duration 276 ms by bot id=8429636798
2026-04-21 22:19:42 | INFO | audit | {'t': 'cb', 'ok': True, 'ms': 612, 'req': '5e41cd90', 'bot': 8429636798, 'uid': 237087423, 'user': 'Freep_o_0_rn', 'name': 'Freep_o_0_rn', 'role': 'admin', 'chat': 237087423, 'cb_id': '1018282729850089037', 'msg_id': 18818, 'data': 'news:preview:16ea78271ad442af86e0cabe79f101bc', 'state': None}
2026-04-21 22:19:42 | INFO | aiogram.event | Update id=617465807 is handled. Duration 619 ms by bot id=8429636798
2026-04-21 22:21:19 | INFO | audit | {'t': 'msg', 'ok': True, 'ms': 139, 'req': '50818048', 'bot': 8429636798, 'uid': 237087423, 'user': 'Freep_o_0_rn', 'name': 'Freep_o_0_rn', 'role': 'admin', 'chat': 237087423, 'chat_type': 'private', 'msg_id': 18820, 'kind': <ContentType.TEXT: 'text'>, 'text': '⚙️ Управление правилами тары', 'caption_len': 0, 'entities': 0, 'state': None}
2026-04-21 22:21:19 | INFO | aiogram.event | Update id=617465808 is handled. Duration 162 ms by bot id=8429636798
2026-04-21 22:22:49 | INFO | audit | {'t': 'msg', 'ok': True, 'ms': 165, 'req': '163f286f', 'bot': 8429636798, 'uid': 237087423, 'user': 'Freep_o_0_rn', 'name': 'Freep_o_0_rn', 'role': 'admin', 'chat': 237087423, 'chat_type': 'private', 'msg_id': 18822, 'kind': <ContentType.TEXT: 'text'>, 'text': '▶️ Старт', 'caption_len': 0, 'entities': 0, 'state': None}
2026-04-21 22:22:49 | INFO | aiogram.event | Update id=617465809 is handled. Duration 175 ms by bot id=8429636798
2026-04-21 22:22:52 | INFO | audit | {'t': 'msg', 'ok': True, 'ms': 136, 'req': '09699cb2', 'bot': 8429636798, 'uid': 237087423, 'user': 'Freep_o_0_rn', 'name': 'Freep_o_0_rn', 'role': 'admin', 'chat': 237087423, 'chat_type': 'private', 'msg_id': 18824, 'kind': <ContentType.TEXT: 'text'>, 'text': '📰 Управление новостями', 'caption_len': 0, 'entities': 0, 'state': None}
2026-04-21 22:22:52 | INFO | aiogram.event | Update id=617465810 is handled. Duration 141 ms by bot id=8429636798
2026-04-21 22:22:53 | INFO | audit | {'t': 'cb', 'ok': True, 'ms': 267, 'req': '01b5e486', 'bot': 8429636798, 'uid': 237087423, 'user': 'Freep_o_0_rn', 'name': 'Freep_o_0_rn', 'role': 'admin', 'chat': 237087423, 'cb_id': '1018282732075302748', 'msg_id': 18825, 'data': 'news:create', 'state': 'NewsCreateStates:waiting_title'}
2026-04-21 22:22:53 | INFO | aiogram.event | Update id=617465811 is handled. Duration 272 ms by bot id=8429636798
2026-04-21 22:23:09 | INFO | audit | {'t': 'msg', 'ok': True, 'ms': 142, 'req': '5888b8a0', 'bot': 8429636798, 'uid': 237087423, 'user': 'Freep_o_0_rn', 'name': 'Freep_o_0_rn', 'role': 'admin', 'chat': 237087423, 'chat_type': 'private', 'msg_id': 18827, 'kind': <ContentType.TEXT: 'text'>, 'text': 'Обновление v0.98.5', 'caption_len': 0, 'entities': 0, 'state': 'NewsCreateStates:waiting_text'}
2026-04-21 22:23:09 | INFO | aiogram.event | Update id=617465812 is handled. Duration 148 ms by bot id=8429636798
2026-04-21 22:23:49 | INFO | audit | {'t': 'msg', 'ok': True, 'ms': 161, 'req': '327b5767', 'bot': 8429636798, 'uid': 237087423, 'user': 'Freep_o_0_rn', 'name': 'Freep_o_0_rn', 'role': 'admin', 'chat': 237087423, 'chat_type': 'private', 'msg_id': 18829, 'kind': <ContentType.TEXT: 'text'>, 'text': 'Что изменилось:\n— улучшен поиск по дебиторке и таре;\n— добавлены правила разделения тары по группам для более понятного отображения данных\n— появились пользовательские фильтры в настройках \n— добавлены фильтры прямо в отчете, чтобы быстрее находить нужную информацию', 'caption_len': 0, 'entities': 0, 'state': None}
2026-04-21 22:23:49 | INFO | aiogram.event | Update id=617465813 is handled. Duration 167 ms by bot id=8429636798
2026-04-21 22:23:59 | INFO | audit | {'t': 'cb', 'ok': True, 'ms': 292, 'req': '6aa081bd', 'bot': 8429636798, 'uid': 237087423, 'user': 'Freep_o_0_rn', 'name': 'Freep_o_0_rn', 'role': 'admin', 'chat': 237087423, 'cb_id': '1018282729973196870', 'msg_id': 18830, 'data': 'news:toggle:76b388ad91174cf9a0fbf6b1d1d004a3:0:draft', 'state': None}
2026-04-21 22:23:59 | INFO | aiogram.event | Update id=617465814 is handled. Duration 298 ms by bot id=8429636798
2026-04-21 22:24:03 | INFO | audit | {'t': 'cb', 'ok': True, 'ms': 341, 'req': '1d537feb', 'bot': 8429636798, 'uid': 237087423, 'user': 'Freep_o_0_rn', 'name': 'Freep_o_0_rn', 'role': 'admin', 'chat': 237087423, 'cb_id': '1018282729801209916', 'msg_id': 18830, 'data': 'news:list:draft:0', 'state': None}
2026-04-21 22:24:03 | INFO | aiogram.event | Update id=617465815 is handled. Duration 346 ms by bot id=8429636798
2026-04-21 22:24:05 | INFO | audit | {'t': 'cb', 'ok': True, 'ms': 283, 'req': 'd8c95e6b', 'bot': 8429636798, 'uid': 237087423, 'user': 'Freep_o_0_rn', 'name': 'Freep_o_0_rn', 'role': 'admin', 'chat': 237087423, 'cb_id': '1018282732223766577', 'msg_id': 18830, 'data': 'news:menu', 'state': None}
2026-04-21 22:24:05 | INFO | aiogram.event | Update id=617465816 is handled. Duration 287 ms by bot id=8429636798
2026-04-21 22:24:25 | INFO | audit | {'t': 'msg', 'ok': True, 'ms': 149, 'req': 'e60391e0', 'bot': 8429636798, 'uid': 237087423, 'user': 'Freep_o_0_rn', 'name': 'Freep_o_0_rn', 'role': 'admin', 'chat': 237087423, 'chat_type': 'private', 'msg_id': 18831, 'kind': <ContentType.TEXT: 'text'>, 'text': '🎁 Акции', 'caption_len': 0, 'entities': 0, 'state': None}
2026-04-21 22:24:25 | INFO | aiogram.event | Update id=617465817 is handled. Duration 173 ms by bot id=8429636798
2026-04-21 22:24:27 | INFO | audit | {'t': 'msg', 'ok': True, 'ms': 144, 'req': '4b95a1aa', 'bot': 8429636798, 'uid': 237087423, 'user': 'Freep_o_0_rn', 'name': 'Freep_o_0_rn', 'role': 'admin', 'chat': 237087423, 'chat_type': 'private', 'msg_id': 18833, 'kind': <ContentType.TEXT: 'text'>, 'text': '📑 Прайсы', 'caption_len': 0, 'entities': 0, 'state': None}
2026-04-21 22:24:27 | INFO | aiogram.event | Update id=617465818 is handled. Duration 152 ms by bot id=8429636798
2026-04-21 22:24:30 | INFO | audit | {'t': 'cb', 'ok': True, 'ms': 263, 'req': 'bac18ac1', 'bot': 8429636798, 'uid': 237087423, 'user': 'Freep_o_0_rn', 'name': 'Freep_o_0_rn', 'role': 'admin', 'chat': 237087423, 'cb_id': '1018282730856797915', 'msg_id': 18834, 'data': 'pr:item:5246fd8bf8cc', 'state': None}
2026-04-21 22:24:30 | INFO | aiogram.event | Update id=617465819 is handled. Duration 272 ms by bot id=8429636798
2026-04-21 22:24:34 | INFO | audit | {'t': 'cb', 'ok': True, 'ms': 276, 'req': 'b5663169', 'bot': 8429636798, 'uid': 237087423, 'user': 'Freep_o_0_rn', 'name': 'Freep_o_0_rn', 'role': 'admin', 'chat': 237087423, 'cb_id': '1018282731007697920', 'msg_id': 18834, 'data': 'pr:list:0', 'state': None}
2026-04-21 22:24:34 | INFO | aiogram.event | Update id=617465820 is handled. Duration 286 ms by bot id=8429636798
2026-04-21 22:24:36 | INFO | audit | {'t': 'cb', 'ok': True, 'ms': 440, 'req': '03005196', 'bot': 8429636798, 'uid': 237087423, 'user': 'Freep_o_0_rn', 'name': 'Freep_o_0_rn', 'role': 'admin', 'chat': 237087423, 'cb_id': '1018282728668222007', 'msg_id': 18834, 'data': 'menu:back', 'state': None}
2026-04-21 22:24:36 | INFO | aiogram.event | Update id=617465821 is handled. Duration 463 ms by bot id=8429636798
2026-04-21 22:25:11 | INFO | audit | {'t': 'msg', 'ok': True, 'ms': 138, 'req': '84643084', 'bot': 8429636798, 'uid': 237087423, 'user': 'Freep_o_0_rn', 'name': 'Freep_o_0_rn', 'role': 'admin', 'chat': 237087423, 'chat_type': 'private', 'msg_id': 18836, 'kind': <ContentType.TEXT: 'text'>, 'text': '🔎 Поиск тары', 'caption_len': 0, 'entities': 0, 'state': 'SearchTaraStates:waiting_query'}
2026-04-21 22:25:11 | INFO | aiogram.event | Update id=617465822 is handled. Duration 151 ms by bot id=8429636798
2026-04-21 22:25:16 | INFO | audit | {'t': 'msg', 'ok': True, 'ms': 464, 'req': '667221b8', 'bot': 8429636798, 'uid': 237087423, 'user': 'Freep_o_0_rn', 'name': 'Freep_o_0_rn', 'role': 'admin', 'chat': 237087423, 'chat_type': 'private', 'msg_id': 18838, 'kind': <ContentType.TEXT: 'text'>, 'text': 'Гензе', 'caption_len': 0, 'entities': 0, 'state': None}
2026-04-21 22:25:16 | INFO | aiogram.event | Update id=617465823 is handled. Duration 478 ms by bot id=8429636798
2026-04-21 22:25:27 | INFO | audit | {'t': 'cb', 'ok': True, 'ms': 286, 'req': 'e53250d3', 'bot': 8429636798, 'uid': 237087423, 'user': 'Freep_o_0_rn', 'name': 'Freep_o_0_rn', 'role': 'admin', 'chat': 237087423, 'cb_id': '1018282730618382397', 'msg_id': 18840, 'data': 'tara:flt:5d9c7ed82569:kegs', 'state': None}
2026-04-21 22:25:27 | INFO | aiogram.event | Update id=617465824 is handled. Duration 297 ms by bot id=8429636798
2026-04-21 22:25:28 | INFO | audit | {'t': 'cb', 'ok': True, 'ms': 284, 'req': '24f55285', 'bot': 8429636798, 'uid': 237087423, 'user': 'Freep_o_0_rn', 'name': 'Freep_o_0_rn', 'role': 'admin', 'chat': 237087423, 'cb_id': '1018282729403075859', 'msg_id': 18840, 'data': 'tara:flt:5d9c7ed82569:kegs', 'state': None}
2026-04-21 22:25:28 | INFO | aiogram.event | Update id=617465825 is handled. Duration 296 ms by bot id=8429636798
2026-04-21 22:25:31 | INFO | audit | {'t': 'cb', 'ok': True, 'ms': 302, 'req': 'cc51d9c5', 'bot': 8429636798, 'uid': 237087423, 'user': 'Freep_o_0_rn', 'name': 'Freep_o_0_rn', 'role': 'admin', 'chat': 237087423, 'cb_id': '1018282728632238763', 'msg_id': 18840, 'data': 'tara:flt:5d9c7ed82569:equipment', 'state': None}
2026-04-21 22:25:31 | INFO | aiogram.event | Update id=617465826 is handled. Duration 316 ms by bot id=8429636798
2026-04-21 22:25:32 | INFO | audit | {'t': 'cb', 'ok': True, 'ms': 259, 'req': 'b7a992c6', 'bot': 8429636798, 'uid': 237087423, 'user': 'Freep_o_0_rn', 'name': 'Freep_o_0_rn', 'role': 'admin', 'chat': 237087423, 'cb_id': '1018282731167122525', 'msg_id': 18840, 'data': 'tara:flt:5d9c7ed82569:gas_cylinders', 'state': None}
2026-04-21 22:25:32 | INFO | aiogram.event | Update id=617465827 is handled. Duration 272 ms by bot id=8429636798
2026-04-21 22:25:33 | INFO | audit | {'t': 'cb', 'ok': True, 'ms': 270, 'req': 'cef57cc0', 'bot': 8429636798, 'uid': 237087423, 'user': 'Freep_o_0_rn', 'name': 'Freep_o_0_rn', 'role': 'admin', 'chat': 237087423, 'cb_id': '1018282728892497667', 'msg_id': 18840, 'data': 'tara:flt:5d9c7ed82569:refrigeration', 'state': None}
2026-04-21 22:25:33 | INFO | aiogram.event | Update id=617465828 is handled. Duration 284 ms by bot id=8429636798
2026-04-21 22:25:36 | INFO | audit | {'t': 'msg', 'ok': True, 'ms': 139, 'req': '561f929e', 'bot': 8429636798, 'uid': 237087423, 'user': 'Freep_o_0_rn', 'name': 'Freep_o_0_rn', 'role': 'admin', 'chat': 237087423, 'chat_type': 'private', 'msg_id': 18842, 'kind': <ContentType.TEXT: 'text'>, 'text': '🔎 Поиск тары', 'caption_len': 0, 'entities': 0, 'state': 'SearchTaraStates:waiting_query'}
2026-04-21 22:25:36 | INFO | aiogram.event | Update id=617465829 is handled. Duration 153 ms by bot id=8429636798
2026-04-21 22:25:40 | INFO | audit | {'t': 'msg', 'ok': True, 'ms': 459, 'req': 'ed7aa875', 'bot': 8429636798, 'uid': 237087423, 'user': 'Freep_o_0_rn', 'name': 'Freep_o_0_rn', 'role': 'admin', 'chat': 237087423, 'chat_type': 'private', 'msg_id': 18844, 'kind': <ContentType.TEXT: 'text'>, 'text': 'Гензе', 'caption_len': 0, 'entities': 0, 'state': None}
2026-04-21 22:25:40 | INFO | aiogram.event | Update id=617465830 is handled. Duration 472 ms by bot id=8429636798
2026-04-21 22:25:44 | INFO | audit | {'t': 'cb', 'ok': True, 'ms': 283, 'req': '1967474f', 'bot': 8429636798, 'uid': 237087423, 'user': 'Freep_o_0_rn', 'name': 'Freep_o_0_rn', 'role': 'admin', 'chat': 237087423, 'cb_id': '1018282730153711401', 'msg_id': 18846, 'data': 'tara:flt:983d4967fe92:kegs', 'state': None}
2026-04-21 22:25:44 | INFO | aiogram.event | Update id=617465831 is handled. Duration 295 ms by bot id=8429636798
2026-04-21 22:25:46 | INFO | audit | {'t': 'cb', 'ok': True, 'ms': 306, 'req': '30340d4e', 'bot': 8429636798, 'uid': 237087423, 'user': 'Freep_o_0_rn', 'name': 'Freep_o_0_rn', 'role': 'admin', 'chat': 237087423, 'cb_id': '1018282730233253587', 'msg_id': 18846, 'data': 'tara:flt:983d4967fe92:none', 'state': None}
2026-04-21 22:25:46 | INFO | aiogram.event | Update id=617465832 is handled. Duration 318 ms by bot id=8429636798
2026-04-21 22:25:47 | INFO | audit | {'t': 'cb', 'ok': True, 'ms': 261, 'req': '3aefa4a4', 'bot': 8429636798, 'uid': 237087423, 'user': 'Freep_o_0_rn', 'name': 'Freep_o_0_rn', 'role': 'admin', 'chat': 237087423, 'cb_id': '1018282730807103409', 'msg_id': 18846, 'data': 'tara:flt:983d4967fe92:none', 'state': None}
2026-04-21 22:25:47 | INFO | aiogram.event | Update id=617465833 is handled. Duration 273 ms by bot id=8429636798
2026-04-21 22:25:49 | INFO | audit | {'t': 'cb', 'ok': True, 'ms': 269, 'req': '390a5cf1', 'bot': 8429636798, 'uid': 237087423, 'user': 'Freep_o_0_rn', 'name': 'Freep_o_0_rn', 'role': 'admin', 'chat': 237087423, 'cb_id': '1018282731045282756', 'msg_id': 18846, 'data': 'tara:flt:983d4967fe92:all', 'state': None}
2026-04-21 22:25:49 | INFO | aiogram.event | Update id=617465834 is handled. Duration 281 ms by bot id=8429636798
2026-04-21 22:25:51 | INFO | audit | {'t': 'cb', 'ok': True, 'ms': 259, 'req': '4feaeb96', 'bot': 8429636798, 'uid': 237087423, 'user': 'Freep_o_0_rn', 'name': 'Freep_o_0_rn', 'role': 'admin', 'chat': 237087423, 'cb_id': '1018282731801198375', 'msg_id': 18840, 'data': 'tara:flt:5d9c7ed82569:kegs', 'state': None}
2026-04-21 22:25:51 | INFO | aiogram.event | Update id=617465835 is handled. Duration 271 ms by bot id=8429636798
2026-04-21 22:25:52 | INFO | audit | {'t': 'cb', 'ok': True, 'ms': 289, 'req': '2e88af93', 'bot': 8429636798, 'uid': 237087423, 'user': 'Freep_o_0_rn', 'name': 'Freep_o_0_rn', 'role': 'admin', 'chat': 237087423, 'cb_id': '1018282729591763554', 'msg_id': 18840, 'data': 'tara:flt:5d9c7ed82569:kegs', 'state': None}
2026-04-21 22:25:52 | INFO | aiogram.event | Update id=617465836 is handled. Duration 302 ms by bot id=8429636798
2026-04-21 22:25:53 | INFO | audit | {'t': 'cb', 'ok': True, 'ms': 267, 'req': '59e22a70', 'bot': 8429636798, 'uid': 237087423, 'user': 'Freep_o_0_rn', 'name': 'Freep_o_0_rn', 'role': 'admin', 'chat': 237087423, 'cb_id': '1018282729686954916', 'msg_id': 18840, 'data': 'tara:flt:5d9c7ed82569:equipment', 'state': None}
2026-04-21 22:25:53 | INFO | aiogram.event | Update id=617465837 is handled. Duration 281 ms by bot id=8429636798
2026-04-21 22:25:54 | INFO | audit | {'t': 'cb', 'ok': True, 'ms': 282, 'req': 'd0cc8cd4', 'bot': 8429636798, 'uid': 237087423, 'user': 'Freep_o_0_rn', 'name': 'Freep_o_0_rn', 'role': 'admin', 'chat': 237087423, 'cb_id': '1018282729751137904', 'msg_id': 18840, 'data': 'tara:flt:5d9c7ed82569:refrigeration', 'state': None}
2026-04-21 22:25:54 | INFO | aiogram.event | Update id=617465838 is handled. Duration 297 ms by bot id=8429636798
2026-04-21 22:25:54 | INFO | audit | {'t': 'cb', 'ok': True, 'ms': 267, 'req': 'f6b18a94', 'bot': 8429636798, 'uid': 237087423, 'user': 'Freep_o_0_rn', 'name': 'Freep_o_0_rn', 'role': 'admin', 'chat': 237087423, 'cb_id': '1018282731368251817', 'msg_id': 18840, 'data': 'tara:flt:5d9c7ed82569:gas_cylinders', 'state': None}
2026-04-21 22:25:54 | INFO | aiogram.event | Update id=617465839 is handled. Duration 279 ms by bot id=8429636798
2026-04-21 22:25:58 | INFO | audit | {'t': 'msg', 'ok': True, 'ms': 166, 'req': '92373a8e', 'bot': 8429636798, 'uid': 237087423, 'user': 'Freep_o_0_rn', 'name': 'Freep_o_0_rn', 'role': 'admin', 'chat': 237087423, 'chat_type': 'private', 'msg_id': 18848, 'kind': <ContentType.TEXT: 'text'>, 'text': '▶️ Старт', 'caption_len': 0, 'entities': 0, 'state': None}
2026-04-21 22:25:58 | INFO | aiogram.event | Update id=617465840 is handled. Duration 176 ms by bot id=8429636798
2026-04-21 22:27:13 | INFO | audit | {'t': 'msg', 'ok': True, 'ms': 150, 'req': '55aa0351', 'bot': 8429636798, 'uid': 237087423, 'user': 'Freep_o_0_rn', 'name': 'Freep_o_0_rn', 'role': 'admin', 'chat': 237087423, 'chat_type': 'private', 'msg_id': 18850, 'kind': <ContentType.TEXT: 'text'>, 'text': '🏢 Клиенты', 'caption_len': 0, 'entities': 0, 'state': None}
2026-04-21 22:27:13 | INFO | aiogram.event | Update id=617465841 is handled. Duration 168 ms by bot id=8429636798
2026-04-21 22:27:18 | INFO | root | Нашли заголовки детальной таблицы на строке: 21
2026-04-21 22:27:18 | WARNING | root | Несовпадение 'наш долг' у клиента 'Полончук Алёна Николаевна ИП Воротников (Игарская ул, дом № 42)': шапка=5400.00, по строкам=0.00
2026-04-21 22:27:18 | WARNING | root | Несовпадение 'наш долг' у клиента '_ГАРМОНИЯ ООО - Токарев (2-й Бронный пер, дом № 28/1)': шапка=552.18, по строкам=0.00
2026-04-21 22:27:18 | WARNING | root | Несовпадение 'наш долг' у клиента 'Судилкина И.О. ИП - Токарев ГОЛОВНОЙ': шапка=0.04, по строкам=0.00
2026-04-21 22:27:18 | WARNING | root | Несовпадение 'наш долг' у клиента 'Беккер Н. М. ИП - Токарев (Петухова ул, дом № 91)': шапка=0.10, по строкам=0.00
2026-04-21 22:27:18 | WARNING | root | Несовпадение 'наш долг' у клиента 'Паруйрян Эдгар Мишаи ИП - Воротников (Дениса Давыдова ул, дом № 4) (У)': шапка=0.30, по строкам=0.00
2026-04-21 22:27:18 | WARNING | root | Несовпадение 'наш долг' у клиента 'Рузибоева Феруза Нуриллаевна ИП': шапка=0.64, по строкам=0.00
2026-04-21 22:27:18 | WARNING | root | Несовпадение 'наш долг' у клиента 'Цыганкова Ирина Николаевна ИП - Колягин (Мочище дп, Обская ул, дом № 24) (У)': шапка=50.00, по строкам=0.00
2026-04-21 22:27:18 | WARNING | root | Несовпадение 'наш долг' у клиента 'Пронькина Марина Викторовна ИП - Колягин': шапка=60.00, по строкам=0.00
2026-04-21 22:27:18 | WARNING | root | Несовпадение 'наш долг' у клиента 'Есинский А. Е. ИП - Колягин (Озерный п, Солнечный мкр, дом № 333)': шапка=70.38, по строкам=3.00
2026-04-21 22:27:18 | WARNING | root | Несовпадение 'наш долг' у клиента 'Балакшина О. А.  ИП - Токарев (Ленинское с, Школьная ул, дом № 3)': шапка=240.00, по строкам=0.00
2026-04-21 22:27:18 | WARNING | root | Несовпадение 'наш долг' у клиента 'Текутьев Николай Сергеевич ИП- Воротников (Шоссейная, 2)': шапка=676.00, по строкам=0.00
2026-04-21 22:27:18 | WARNING | root | Несовпадение 'наш долг' у клиента 'Маджента ООО - Воротников ГОЛОВНОЙ': шапка=761.80, по строкам=0.00
2026-04-21 22:27:18 | WARNING | root | Несовпадение 'наш долг' у клиента 'Петрова Вероника Сергеевна ИП - Воротников': шапка=2300.00, по строкам=0.00
2026-04-21 22:27:18 | WARNING | root | Несовпадение 'наш долг' у клиента 'Баранова Юлия Николаевна ИП - Воротников': шапка=2555.10, по строкам=0.00
2026-04-21 22:27:18 | WARNING | root | Несовпадение 'наш долг' у клиента 'Савина А.И. ИП - Воротников ГОЛОВНОЙ': шапка=2930.78, по строкам=0.00
2026-04-21 22:27:18 | WARNING | root | Несовпадение 'наш долг' у клиента 'ВИКТОР ООО - Щербатов ГОЛОВНОЙ': шапка=4563.50, по строкам=0.00
2026-04-21 22:27:18 | WARNING | root | Несовпадение 'наш долг' у клиента 'Блинкова Анна Павловна  ИП - Воротников': шапка=8583.00, по строкам=0.00
2026-04-21 22:27:18 | WARNING | root | Несовпадение 'наш долг' у клиента 'Воронецкий Е. Ю. ИП - Колягин': шапка=11240.00, по строкам=0.00
2026-04-21 22:27:18 | WARNING | root | Несовпадение 'наш долг' у клиента 'nan': шапка=177281.54, по строкам=0.00
2026-04-21 22:27:18 | INFO | root | Собрано клиентов: 306
2026-04-21 22:27:23 | INFO | audit | {'t': 'cb', 'ok': True, 'ms': 6171, 'req': 'b4a8d9c8', 'bot': 8429636798, 'uid': 237087423, 'user': 'Freep_o_0_rn', 'name': 'Freep_o_0_rn', 'role': 'admin', 'chat': 237087423, 'cb_id': '1018282732364895091', 'msg_id': 18851, 'data': 'cc:import:debt', 'state': None}
2026-04-21 22:27:23 | INFO | aiogram.event | Update id=617465842 is handled. Duration 6188 ms by bot id=8429636798
2026-04-21 22:27:30 | INFO | audit | {'t': 'cb', 'ok': True, 'ms': 279, 'req': 'de82c4b0', 'bot': 8429636798, 'uid': 237087423, 'user': 'Freep_o_0_rn', 'name': 'Freep_o_0_rn', 'role': 'admin', 'chat': 237087423, 'cb_id': '1018282729937699162', 'msg_id': 18855, 'data': 'cc:imq:list:0', 'state': None}
2026-04-21 22:27:30 | INFO | aiogram.event | Update id=617465843 is handled. Duration 298 ms by bot id=8429636798
2026-04-21 22:27:32 | INFO | audit | {'t': 'cb', 'ok': True, 'ms': 306, 'req': '91ffa3d4', 'bot': 8429636798, 'uid': 237087423, 'user': 'Freep_o_0_rn', 'name': 'Freep_o_0_rn', 'role': 'admin', 'chat': 237087423, 'cb_id': '1018282729384509755', 'msg_id': 18855, 'data': 'cc:imq:view:da7bd74d-5234-46ac-a30d-75781e5003b5', 'state': None}
2026-04-21 22:27:32 | INFO | aiogram.event | Update id=617465844 is handled. Duration 323 ms by bot id=8429636798
2026-04-21 22:27:40 | INFO | audit | {'t': 'cb', 'ok': True, 'ms': 268, 'req': '0441b7fa', 'bot': 8429636798, 'uid': 237087423, 'user': 'Freep_o_0_rn', 'name': 'Freep_o_0_rn', 'role': 'admin', 'chat': 237087423, 'cb_id': '1018282731404855143', 'msg_id': 18855, 'data': 'cc:imq:sales:da7bd74d-5234-46ac-a30d-75781e5003b5', 'state': 'ClientCardStates:waiting_import_queue_sales_rep'}
2026-04-21 22:27:40 | INFO | aiogram.event | Update id=617465845 is handled. Duration 287 ms by bot id=8429636798
2026-04-21 22:27:44 | INFO | audit | {'t': 'cb', 'ok': True, 'ms': 475, 'req': '786895be', 'bot': 8429636798, 'uid': 237087423, 'user': 'Freep_o_0_rn', 'name': 'Freep_o_0_rn', 'role': 'admin', 'chat': 237087423, 'cb_id': '1018282730428012601', 'msg_id': 18856, 'data': 'cc:imq:salespick:da7bd74d-5234-46ac-a30d-75781e5003b5:5255352159', 'state': None}
2026-04-21 22:27:44 | INFO | aiogram.event | Update id=617465846 is handled. Duration 497 ms by bot id=8429636798
2026-04-21 22:28:00 | INFO | audit | {'t': 'cb', 'ok': True, 'ms': 272, 'req': '6626852b', 'bot': 8429636798, 'uid': 237087423, 'user': 'Freep_o_0_rn', 'name': 'Freep_o_0_rn', 'role': 'admin', 'chat': 237087423, 'cb_id': '1018282728485104043', 'msg_id': 18856, 'data': 'cc:imq:list:0', 'state': None}
2026-04-21 22:28:00 | INFO | aiogram.event | Update id=617465847 is handled. Duration 289 ms by bot id=8429636798
2026-04-21 22:28:02 | INFO | audit | {'t': 'cb', 'ok': True, 'ms': 290, 'req': '2b161e1a', 'bot': 8429636798, 'uid': 237087423, 'user': 'Freep_o_0_rn', 'name': 'Freep_o_0_rn', 'role': 'admin', 'chat': 237087423, 'cb_id': '1018282731769907066', 'msg_id': 18856, 'data': 'cc:list:0', 'state': None}
2026-04-21 22:28:02 | INFO | aiogram.event | Update id=617465848 is handled. Duration 305 ms by bot id=8429636798
2026-04-21 22:28:04 | INFO | audit | {'t': 'cb', 'ok': True, 'ms': 508, 'req': 'b2e6a3a2', 'bot': 8429636798, 'uid': 237087423, 'user': 'Freep_o_0_rn', 'name': 'Freep_o_0_rn', 'role': 'admin', 'chat': 237087423, 'cb_id': '1018282731749381578', 'msg_id': 18856, 'data': 'menu:back', 'state': None}
2026-04-21 22:28:04 | INFO | aiogram.event | Update id=617465849 is handled. Duration 534 ms by bot id=8429636798
2026-04-22 03:31:03 | INFO | root | Нашли заголовки детальной таблицы на строке: 21
2026-04-22 03:31:03 | INFO | root | Скачан и валидирован файл дебиторки: downloads\Дебиторская задолженность по срокам долга - Прокопенко (XLS).xls
2026-04-22 03:31:03 | INFO | telegram_bot | Daily fetch: downloaded downloads\Дебиторская задолженность по срокам долга - Прокопенко (XLS).xls
2026-04-22 03:31:05 | INFO | telegram_bot | Daily fetch: next run in 17995 sec (now 2026-04-22 10:31:05, tz Asia/Novosibirsk)
2026-04-22 05:35:22 | INFO | audit | {'t': 'msg', 'ok': True, 'ms': 384, 'req': '81353332', 'bot': 8429636798, 'uid': 237087423, 'user': 'Freep_o_0_rn', 'name': 'Freep_o_0_rn', 'role': 'admin', 'chat': 237087423, 'chat_type': 'private', 'msg_id': 18859, 'kind': <ContentType.TEXT: 'text'>, 'text': '🔎 Поиск', 'caption_len': 0, 'entities': 0, 'state': 'SearchStates:waiting_query'}
2026-04-22 05:35:22 | INFO | aiogram.event | Update id=617465850 is handled. Duration 398 ms by bot id=8429636798
2026-04-22 05:35:31 | INFO | root | Нашли заголовки детальной таблицы на строке: 21
2026-04-22 05:35:31 | WARNING | root | Несовпадение 'наш долг' у клиента '_ГАРМОНИЯ ООО - Токарев (2-й Бронный пер, дом № 28/1)': шапка=552.18, по строкам=0.00
2026-04-22 05:35:31 | WARNING | root | Несовпадение 'наш долг' у клиента 'Полончук Алёна Николаевна ИП Воротников (Игарская ул, дом № 42)': шапка=5400.00, по строкам=0.00
2026-04-22 05:35:31 | WARNING | root | Несовпадение 'наш долг' у клиента 'Есинский А. Е. ИП - Колягин (Озерный п, Солнечный мкр, дом № 333)': шапка=70.38, по строкам=3.00
2026-04-22 05:35:31 | WARNING | root | Несовпадение 'наш долг' у клиента 'Судилкина И.О. ИП - Токарев ГОЛОВНОЙ': шапка=0.04, по строкам=0.00
2026-04-22 05:35:31 | WARNING | root | Несовпадение 'наш долг' у клиента 'Беккер Н. М. ИП - Токарев (Петухова ул, дом № 91)': шапка=0.10, по строкам=0.00
2026-04-22 05:35:31 | WARNING | root | Несовпадение 'наш долг' у клиента 'Паруйрян Эдгар Мишаи ИП - Воротников (Дениса Давыдова ул, дом № 4) (У)': шапка=0.30, по строкам=0.00
2026-04-22 05:35:31 | WARNING | root | Несовпадение 'наш долг' у клиента 'Рузибоева Феруза Нуриллаевна ИП': шапка=0.64, по строкам=0.00
2026-04-22 05:35:31 | WARNING | root | Несовпадение 'наш долг' у клиента 'Цыганкова Ирина Николаевна ИП - Колягин (Мочище дп, Обская ул, дом № 24) (У)': шапка=50.00, по строкам=0.00
2026-04-22 05:35:31 | WARNING | root | Несовпадение 'наш долг' у клиента 'Пронькина Марина Викторовна ИП - Колягин': шапка=60.00, по строкам=0.00
2026-04-22 05:35:31 | WARNING | root | Несовпадение 'наш долг' у клиента 'Балакшина О. А.  ИП - Токарев (Ленинское с, Школьная ул, дом № 3)': шапка=240.00, по строкам=0.00
2026-04-22 05:35:31 | WARNING | root | Несовпадение 'наш долг' у клиента 'Текутьев Николай Сергеевич ИП- Воротников (Шоссейная, 2)': шапка=676.00, по строкам=0.00
2026-04-22 05:35:31 | WARNING | root | Несовпадение 'наш долг' у клиента 'Маджента ООО - Воротников ГОЛОВНОЙ': шапка=761.80, по строкам=0.00
2026-04-22 05:35:31 | WARNING | root | Несовпадение 'наш долг' у клиента 'Петрова Вероника Сергеевна ИП - Воротников': шапка=2300.00, по строкам=0.00
2026-04-22 05:35:31 | WARNING | root | Несовпадение 'наш долг' у клиента 'Баранова Юлия Николаевна ИП - Воротников': шапка=2555.10, по строкам=0.00
2026-04-22 05:35:31 | WARNING | root | Несовпадение 'наш долг' у клиента 'Савина А.И. ИП - Воротников ГОЛОВНОЙ': шапка=2930.78, по строкам=0.00
2026-04-22 05:35:31 | WARNING | root | Несовпадение 'наш долг' у клиента 'ВИКТОР ООО - Щербатов ГОЛОВНОЙ': шапка=4563.50, по строкам=0.00
2026-04-22 05:35:31 | WARNING | root | Несовпадение 'наш долг' у клиента 'Блинкова Анна Павловна  ИП - Воротников': шапка=8583.00, по строкам=0.00
2026-04-22 05:35:31 | WARNING | root | Несовпадение 'наш долг' у клиента 'Воронецкий Е. Ю. ИП - Колягин': шапка=11240.00, по строкам=0.00
2026-04-22 05:35:31 | WARNING | root | Несовпадение 'наш долг' у клиента 'nan': шапка=157041.54, по строкам=0.00
2026-04-22 05:35:31 | INFO | root | Собрано клиентов: 316
2026-04-22 05:35:32 | INFO | audit | {'t': 'msg', 'ok': True, 'ms': 1961, 'req': 'c1ae6256', 'bot': 8429636798, 'uid': 237087423, 'user': 'Freep_o_0_rn', 'name': 'Freep_o_0_rn', 'role': 'admin', 'chat': 237087423, 'chat_type': 'private', 'msg_id': 18861, 'kind': <ContentType.TEXT: 'text'>, 'text': 'Дмитриева', 'caption_len': 0, 'entities': 0, 'state': None}
2026-04-22 05:35:32 | INFO | aiogram.event | Update id=617465851 is handled. Duration 1974 ms by bot id=8429636798
2026-04-22 06:04:23 | INFO | audit | {'t': 'msg', 'ok': True, 'ms': 1451, 'req': '09295b2b', 'bot': 8429636798, 'uid': 237087423, 'user': 'Freep_o_0_rn', 'name': 'Freep_o_0_rn', 'role': 'admin', 'chat': 237087423, 'chat_type': 'private', 'msg_id': 18865, 'kind': <ContentType.TEXT: 'text'>, 'text': '⚙️ Управление правилами тары', 'caption_len': 0, 'entities': 0, 'state': None}
2026-04-22 06:04:23 | INFO | aiogram.event | Update id=617465852 is handled. Duration 1475 ms by bot id=8429636798
2026-04-22 06:04:29 | INFO | audit | {'t': 'cb', 'ok': True, 'ms': 310, 'req': '1889a4c5', 'bot': 8429636798, 'uid': 237087423, 'user': 'Freep_o_0_rn', 'name': 'Freep_o_0_rn', 'role': 'admin', 'chat': 237087423, 'cb_id': '1018282729087914602', 'msg_id': 18866, 'data': 'tararules:show', 'state': None}
2026-04-22 06:04:29 | INFO | aiogram.event | Update id=617465853 is handled. Duration 333 ms by bot id=8429636798
2026-04-22 06:04:46 | INFO | audit | {'t': 'cb', 'ok': True, 'ms': 531, 'req': '0e562f4f', 'bot': 8429636798, 'uid': 237087423, 'user': 'Freep_o_0_rn', 'name': 'Freep_o_0_rn', 'role': 'admin', 'chat': 237087423, 'cb_id': '1018282728875842647', 'msg_id': 18866, 'data': 'tararules:lookup', 'state': 'TaraRulesStates:waiting_lookup_item'}
2026-04-22 06:04:46 | INFO | aiogram.event | Update id=617465854 is handled. Duration 558 ms by bot id=8429636798
2026-04-22 06:04:57 | INFO | audit | {'t': 'msg', 'ok': True, 'ms': 167, 'req': '8f20b000', 'bot': 8429636798, 'uid': 237087423, 'user': 'Freep_o_0_rn', 'name': 'Freep_o_0_rn', 'role': 'admin', 'chat': 237087423, 'chat_type': 'private', 'msg_id': 18867, 'kind': <ContentType.TEXT: 'text'>, 'text': 'Азот', 'caption_len': 0, 'entities': 0, 'state': None}
2026-04-22 06:04:57 | INFO | aiogram.event | Update id=617465855 is handled. Duration 189 ms by bot id=8429636798
2026-04-22 06:05:07 | INFO | audit | {'t': 'cb', 'ok': True, 'ms': 297, 'req': '2650bf5f', 'bot': 8429636798, 'uid': 237087423, 'user': 'Freep_o_0_rn', 'name': 'Freep_o_0_rn', 'role': 'admin', 'chat': 237087423, 'cb_id': '1018282731188381070', 'msg_id': 18868, 'data': 'tararules:add', 'state': 'TaraRulesStates:waiting_add_prefixes'}
2026-04-22 06:05:07 | INFO | aiogram.event | Update id=617465856 is handled. Duration 316 ms by bot id=8429636798
2026-04-22 06:05:10 | INFO | audit | {'t': 'cb', 'ok': True, 'ms': 272, 'req': '26ab89f1', 'bot': 8429636798, 'uid': 237087423, 'user': 'Freep_o_0_rn', 'name': 'Freep_o_0_rn', 'role': 'admin', 'chat': 237087423, 'cb_id': '1018282731969700663', 'msg_id': 18868, 'data': 'tararules:add:grp:gas_cylinders', 'state': 'TaraRulesStates:waiting_add_prefixes'}
2026-04-22 06:05:10 | INFO | aiogram.event | Update id=617465857 is handled. Duration 296 ms by bot id=8429636798
2026-04-22 06:05:34 | INFO | audit | {'t': 'msg', 'ok': True, 'ms': 224, 'req': '4f650c0c', 'bot': 8429636798, 'uid': 237087423, 'user': 'Freep_o_0_rn', 'name': 'Freep_o_0_rn', 'role': 'admin', 'chat': 237087423, 'chat_type': 'private', 'msg_id': 18869, 'kind': <ContentType.TEXT: 'text'>, 'text': 'Азот\nСмесь', 'caption_len': 0, 'entities': 0, 'state': None}
2026-04-22 06:05:34 | INFO | aiogram.event | Update id=617465858 is handled. Duration 247 ms by bot id=8429636798
2026-04-22 06:06:42 | INFO | audit | {'t': 'cb', 'ok': True, 'ms': 347, 'req': '17b8f0f2', 'bot': 8429636798, 'uid': 237087423, 'user': 'Freep_o_0_rn', 'name': 'Freep_o_0_rn', 'role': 'admin', 'chat': 237087423, 'cb_id': '1018282728172800352', 'msg_id': 18870, 'data': 'tararules:show', 'state': None}
2026-04-22 06:06:42 | INFO | aiogram.event | Update id=617465859 is handled. Duration 373 ms by bot id=8429636798
2026-04-22 06:44:41 | INFO | audit | {'t': 'msg', 'ok': True, 'ms': 430, 'req': 'd83dd483', 'bot': 8429636798, 'uid': 1188061961, 'user': 'Re1ze_r', 'name': 'Vadim BeerMarket', 'role': 'admin', 'chat': 1188061961, 'chat_type': 'private', 'msg_id': 18871, 'kind': <ContentType.TEXT: 'text'>, 'text': '▶️ Старт', 'caption_len': 0, 'entities': 0, 'state': None}
2026-04-22 06:44:41 | INFO | aiogram.event | Update id=617465860 is handled. Duration 444 ms by bot id=8429636798
2026-04-22 06:44:53 | INFO | audit | {'t': 'msg', 'ok': True, 'ms': 148, 'req': '40bba8fd', 'bot': 8429636798, 'uid': 1188061961, 'user': 'Re1ze_r', 'name': 'Vadim BeerMarket', 'role': 'admin', 'chat': 1188061961, 'chat_type': 'private', 'msg_id': 18873, 'kind': <ContentType.TEXT: 'text'>, 'text': '👥 Пользователи', 'caption_len': 0, 'entities': 0, 'state': None}
2026-04-22 06:44:53 | INFO | aiogram.event | Update id=617465861 is handled. Duration 169 ms by bot id=8429636798
2026-04-22 06:45:03 | INFO | audit | {'t': 'cb', 'ok': True, 'ms': 292, 'req': '8ccf7b69', 'bot': 8429636798, 'uid': 1188061961, 'user': 'Re1ze_r', 'name': 'Vadim BeerMarket', 'role': 'admin', 'chat': 1188061961, 'cb_id': '5102687268490034796', 'msg_id': 18874, 'data': 'usr:sel:1188061961:0', 'state': None}
2026-04-22 06:45:03 | INFO | aiogram.event | Update id=617465862 is handled. Duration 320 ms by bot id=8429636798
2026-04-22 06:45:09 | INFO | audit | {'t': 'cb', 'ok': True, 'ms': 291, 'req': '98126349', 'bot': 8429636798, 'uid': 1188061961, 'user': 'Re1ze_r', 'name': 'Vadim BeerMarket', 'role': 'admin', 'chat': 1188061961, 'cb_id': '5102687269558663082', 'msg_id': 18874, 'data': 'usr:perms:1188061961:0', 'state': None}
2026-04-22 06:45:09 | INFO | aiogram.event | Update id=617465863 is handled. Duration 319 ms by bot id=8429636798
2026-04-22 06:45:15 | ERROR | telegram_bot | menu-refresh: failed to clear state for user=1188061961
Traceback (most recent call last):
  File "C:\_BOTS\BeerMarketMiniAppBot v0.98.5 server\pythonProject\telegram_bot.py", line 5295, in push_user_menu_refresh
    fsm_ctx = await dp.fsm.get_context(bot=bot, chat_id=numeric_uid, user_id=numeric_uid)
              ^^^^^^^^^^^^^^^^^^^^^^^^^^^^^^^^^^^^^^^^^^^^^^^^^^^^^^^^^^^^^^^^^^^^^^^^^^^
TypeError: 'FSMContext' object can't be awaited
2026-04-22 06:45:16 | INFO | audit | {'t': 'cb', 'ok': True, 'ms': 1034, 'req': '7c64b66d', 'bot': 8429636798, 'uid': 1188061961, 'user': 'Re1ze_r', 'name': 'Vadim BeerMarket', 'role': 'moderator', 'chat': 1188061961, 'cb_id': '5102687268754792816', 'msg_id': 18874, 'data': 'usr:setrole:1188061961:moderator', 'state': None}
2026-04-22 06:45:16 | INFO | aiogram.event | Update id=617465864 is handled. Duration 1064 ms by bot id=8429636798
2026-04-22 06:45:21 | INFO | audit | {'t': 'msg', 'ok': True, 'ms': 208, 'req': 'e2404b30', 'bot': 8429636798, 'uid': 1188061961, 'user': 'Re1ze_r', 'name': 'Vadim BeerMarket', 'role': 'moderator', 'chat': 1188061961, 'chat_type': 'private', 'msg_id': 18879, 'kind': <ContentType.TEXT: 'text'>, 'text': '▶️ Старт', 'caption_len': 0, 'entities': 0, 'state': None}
2026-04-22 06:45:21 | INFO | aiogram.event | Update id=617465865 is handled. Duration 219 ms by bot id=8429636798
2026-04-22 06:45:24 | INFO | audit | {'t': 'msg', 'ok': True, 'ms': 144, 'req': '2aa868c4', 'bot': 8429636798, 'uid': 1188061961, 'user': 'Re1ze_r', 'name': 'Vadim BeerMarket', 'role': 'moderator', 'chat': 1188061961, 'chat_type': 'private', 'msg_id': 18881, 'kind': <ContentType.TEXT: 'text'>, 'text': '🔔 Уведомления', 'caption_len': 0, 'entities': 0, 'state': None}
2026-04-22 06:45:24 | INFO | aiogram.event | Update id=617465866 is handled. Duration 169 ms by bot id=8429636798
2026-04-22 06:45:26 | INFO | audit | {'t': 'cb', 'ok': True, 'ms': 432, 'req': 'acbd9438', 'bot': 8429636798, 'uid': 1188061961, 'user': 'Re1ze_r', 'name': 'Vadim BeerMarket', 'role': 'moderator', 'chat': 1188061961, 'cb_id': '5102687268658841446', 'msg_id': 18882, 'data': 'menu:back', 'state': None}
2026-04-22 06:45:26 | INFO | aiogram.event | Update id=617465867 is handled. Duration 454 ms by bot id=8429636798
2026-04-22 06:45:52 | INFO | audit | {'t': 'msg', 'ok': True, 'ms': 148, 'req': '846f8558', 'bot': 8429636798, 'uid': 1188061961, 'user': 'Re1ze_r', 'name': 'Vadim BeerMarket', 'role': 'moderator', 'chat': 1188061961, 'chat_type': 'private', 'msg_id': 18884, 'kind': <ContentType.TEXT: 'text'>, 'text': '🔎 Поиск', 'caption_len': 0, 'entities': 0, 'state': 'SearchStates:waiting_query'}
2026-04-22 06:45:52 | INFO | aiogram.event | Update id=617465868 is handled. Duration 162 ms by bot id=8429636798
2026-04-22 06:46:43 | INFO | audit | {'t': 'msg', 'ok': True, 'ms': 204, 'req': 'd1003bc3', 'bot': 8429636798, 'uid': 237087423, 'user': 'Freep_o_0_rn', 'name': 'Freep_o_0_rn', 'role': 'admin', 'chat': 237087423, 'chat_type': 'private', 'msg_id': 18886, 'kind': <ContentType.TEXT: 'text'>, 'text': '▶️ Старт', 'caption_len': 0, 'entities': 0, 'state': None}
2026-04-22 06:46:43 | INFO | aiogram.event | Update id=617465869 is handled. Duration 215 ms by bot id=8429636798
2026-04-22 06:46:52 | INFO | audit | {'t': 'msg', 'ok': True, 'ms': 151, 'req': '42323a9e', 'bot': 8429636798, 'uid': 237087423, 'user': 'Freep_o_0_rn', 'name': 'Freep_o_0_rn', 'role': 'admin', 'chat': 237087423, 'chat_type': 'private', 'msg_id': 18888, 'kind': <ContentType.TEXT: 'text'>, 'text': '👥 Пользователи', 'caption_len': 0, 'entities': 0, 'state': None}
2026-04-22 06:46:52 | INFO | aiogram.event | Update id=617465870 is handled. Duration 173 ms by bot id=8429636798
2026-04-22 06:46:56 | INFO | audit | {'t': 'cb', 'ok': True, 'ms': 326, 'req': '622f264b', 'bot': 8429636798, 'uid': 237087423, 'user': 'Freep_o_0_rn', 'name': 'Freep_o_0_rn', 'role': 'admin', 'chat': 237087423, 'cb_id': '1018282731790085111', 'msg_id': 18889, 'data': 'usr:sel:1188061961:0', 'state': None}
2026-04-22 06:46:56 | INFO | aiogram.event | Update id=617465871 is handled. Duration 353 ms by bot id=8429636798
2026-04-22 06:46:58 | INFO | audit | {'t': 'cb', 'ok': True, 'ms': 295, 'req': '2649337e', 'bot': 8429636798, 'uid': 237087423, 'user': 'Freep_o_0_rn', 'name': 'Freep_o_0_rn', 'role': 'admin', 'chat': 237087423, 'cb_id': '1018282731744694268', 'msg_id': 18889, 'data': 'usr:perms:1188061961:0', 'state': None}
2026-04-22 06:46:58 | INFO | aiogram.event | Update id=617465872 is handled. Duration 325 ms by bot id=8429636798
2026-04-22 06:47:03 | INFO | audit | {'t': 'cb', 'ok': True, 'ms': 323, 'req': 'c0e3e1be', 'bot': 8429636798, 'uid': 237087423, 'user': 'Freep_o_0_rn', 'name': 'Freep_o_0_rn', 'role': 'admin', 'chat': 237087423, 'cb_id': '1018282729728696667', 'msg_id': 18889, 'data': 'usr:perms:1188061961:1', 'state': None}
2026-04-22 06:47:03 | INFO | aiogram.event | Update id=617465873 is handled. Duration 352 ms by bot id=8429636798
2026-04-22 06:47:09 | INFO | audit | {'t': 'cb', 'ok': True, 'ms': 361, 'req': '3cfe41d5', 'bot': 8429636798, 'uid': 237087423, 'user': 'Freep_o_0_rn', 'name': 'Freep_o_0_rn', 'role': 'admin', 'chat': 237087423, 'cb_id': '1018282731406725663', 'msg_id': 18889, 'data': 'usr:perms:1188061961:2', 'state': None}
2026-04-22 06:47:09 | INFO | aiogram.event | Update id=617465874 is handled. Duration 391 ms by bot id=8429636798
2026-04-22 06:47:18 | ERROR | telegram_bot | menu-refresh: failed to clear state for user=1188061961
Traceback (most recent call last):
  File "C:\_BOTS\BeerMarketMiniAppBot v0.98.5 server\pythonProject\telegram_bot.py", line 5295, in push_user_menu_refresh
    fsm_ctx = await dp.fsm.get_context(bot=bot, chat_id=numeric_uid, user_id=numeric_uid)
              ^^^^^^^^^^^^^^^^^^^^^^^^^^^^^^^^^^^^^^^^^^^^^^^^^^^^^^^^^^^^^^^^^^^^^^^^^^^
TypeError: 'FSMContext' object can't be awaited
2026-04-22 06:47:18 | INFO | audit | {'t': 'cb', 'ok': True, 'ms': 478, 'req': 'da3dbb9b', 'bot': 8429636798, 'uid': 237087423, 'user': 'Freep_o_0_rn', 'name': 'Freep_o_0_rn', 'role': 'admin', 'chat': 237087423, 'cb_id': '1018282730620570540', 'msg_id': 18889, 'data': 'usr:permtoggle:1188061961:12:2', 'state': None}
2026-04-22 06:47:18 | INFO | aiogram.event | Update id=617465875 is handled. Duration 507 ms by bot id=8429636798
2026-04-22 06:47:22 | INFO | audit | {'t': 'cb', 'ok': True, 'ms': 422, 'req': 'f635b69f', 'bot': 8429636798, 'uid': 237087423, 'user': 'Freep_o_0_rn', 'name': 'Freep_o_0_rn', 'role': 'admin', 'chat': 237087423, 'cb_id': '1018282729074069806', 'msg_id': 18889, 'data': 'usr:perms:1188061961:3', 'state': None}
2026-04-22 06:47:22 | INFO | aiogram.event | Update id=617465876 is handled. Duration 453 ms by bot id=8429636798
2026-04-22 06:47:26 | ERROR | telegram_bot | menu-refresh: failed to clear state for user=1188061961
Traceback (most recent call last):
  File "C:\_BOTS\BeerMarketMiniAppBot v0.98.5 server\pythonProject\telegram_bot.py", line 5295, in push_user_menu_refresh
    fsm_ctx = await dp.fsm.get_context(bot=bot, chat_id=numeric_uid, user_id=numeric_uid)
              ^^^^^^^^^^^^^^^^^^^^^^^^^^^^^^^^^^^^^^^^^^^^^^^^^^^^^^^^^^^^^^^^^^^^^^^^^^^
TypeError: 'FSMContext' object can't be awaited
2026-04-22 06:47:27 | INFO | audit | {'t': 'cb', 'ok': True, 'ms': 446, 'req': 'e0d6331d', 'bot': 8429636798, 'uid': 237087423, 'user': 'Freep_o_0_rn', 'name': 'Freep_o_0_rn', 'role': 'admin', 'chat': 237087423, 'cb_id': '1018282731543233460', 'msg_id': 18889, 'data': 'usr:permtoggle:1188061961:21:3', 'state': None}
2026-04-22 06:47:27 | INFO | aiogram.event | Update id=617465877 is handled. Duration 476 ms by bot id=8429636798
2026-04-22 06:47:29 | ERROR | telegram_bot | menu-refresh: failed to clear state for user=1188061961
Traceback (most recent call last):
  File "C:\_BOTS\BeerMarketMiniAppBot v0.98.5 server\pythonProject\telegram_bot.py", line 5295, in push_user_menu_refresh
    fsm_ctx = await dp.fsm.get_context(bot=bot, chat_id=numeric_uid, user_id=numeric_uid)
              ^^^^^^^^^^^^^^^^^^^^^^^^^^^^^^^^^^^^^^^^^^^^^^^^^^^^^^^^^^^^^^^^^^^^^^^^^^^
TypeError: 'FSMContext' object can't be awaited
2026-04-22 06:47:29 | INFO | audit | {'t': 'cb', 'ok': True, 'ms': 458, 'req': 'd30c5608', 'bot': 8429636798, 'uid': 237087423, 'user': 'Freep_o_0_rn', 'name': 'Freep_o_0_rn', 'role': 'admin', 'chat': 237087423, 'cb_id': '1018282729202703116', 'msg_id': 18889, 'data': 'usr:permtoggle:1188061961:20:3', 'state': None}
2026-04-22 06:47:29 | INFO | aiogram.event | Update id=617465878 is handled. Duration 490 ms by bot id=8429636798
2026-04-22 06:47:34 | INFO | audit | {'t': 'cb', 'ok': True, 'ms': 287, 'req': 'fec014e5', 'bot': 8429636798, 'uid': 237087423, 'user': 'Freep_o_0_rn', 'name': 'Freep_o_0_rn', 'role': 'admin', 'chat': 237087423, 'cb_id': '1018282728470832140', 'msg_id': 18889, 'data': 'usr:perms:1188061961:2', 'state': None}
2026-04-22 06:47:34 | INFO | aiogram.event | Update id=617465879 is handled. Duration 317 ms by bot id=8429636798
2026-04-22 06:47:47 | INFO | audit | {'t': 'cb', 'ok': True, 'ms': 304, 'req': '91974d4f', 'bot': 8429636798, 'uid': 237087423, 'user': 'Freep_o_0_rn', 'name': 'Freep_o_0_rn', 'role': 'admin', 'chat': 237087423, 'cb_id': '1018282728357093794', 'msg_id': 18889, 'data': 'usr:perms:1188061961:1', 'state': None}
2026-04-22 06:47:47 | INFO | aiogram.event | Update id=617465880 is handled. Duration 337 ms by bot id=8429636798
2026-04-22 06:47:48 | INFO | audit | {'t': 'cb', 'ok': True, 'ms': 282, 'req': 'baa1bb94', 'bot': 8429636798, 'uid': 237087423, 'user': 'Freep_o_0_rn', 'name': 'Freep_o_0_rn', 'role': 'admin', 'chat': 237087423, 'cb_id': '1018282731037196210', 'msg_id': 18889, 'data': 'usr:perms:1188061961:0', 'state': None}
2026-04-22 06:47:48 | INFO | aiogram.event | Update id=617465881 is handled. Duration 308 ms by bot id=8429636798
2026-04-22 06:47:58 | INFO | audit | {'t': 'msg', 'ok': True, 'ms': 174, 'req': '5755d048', 'bot': 8429636798, 'uid': 1188061961, 'user': 'Re1ze_r', 'name': 'Vadim BeerMarket', 'role': 'moderator', 'chat': 1188061961, 'chat_type': 'private', 'msg_id': 18893, 'kind': <ContentType.TEXT: 'text'>, 'text': '▶️ Старт', 'caption_len': 0, 'entities': 0, 'state': None}
2026-04-22 06:47:58 | INFO | aiogram.event | Update id=617465882 is handled. Duration 184 ms by bot id=8429636798
2026-04-22 06:48:03 | INFO | telegram_bot | filters: entry by 1188061961 (Re1ze_r)
2026-04-22 06:48:03 | INFO | audit | {'t': 'msg', 'ok': True, 'ms': 154, 'req': 'c62123e8', 'bot': 8429636798, 'uid': 1188061961, 'user': 'Re1ze_r', 'name': 'Vadim BeerMarket', 'role': 'moderator', 'chat': 1188061961, 'chat_type': 'private', 'msg_id': 18895, 'kind': <ContentType.TEXT: 'text'>, 'text': '🎛️ Фильтры', 'caption_len': 0, 'entities': 0, 'state': None}
2026-04-22 06:48:03 | INFO | aiogram.event | Update id=617465883 is handled. Duration 177 ms by bot id=8429636798
2026-04-22 06:48:17 | INFO | audit | {'t': 'msg', 'ok': True, 'ms': 226, 'req': 'b277bf93', 'bot': 8429636798, 'uid': 1188061961, 'user': 'Re1ze_r', 'name': 'Vadim BeerMarket', 'role': 'moderator', 'chat': 1188061961, 'chat_type': 'private', 'msg_id': 18897, 'kind': <ContentType.TEXT: 'text'>, 'text': '🔎 Поиск', 'caption_len': 0, 'entities': 0, 'state': 'SearchStates:waiting_query'}
2026-04-22 06:48:17 | INFO | aiogram.event | Update id=617465884 is handled. Duration 238 ms by bot id=8429636798
2026-04-22 06:48:24 | INFO | root | Нашли заголовки детальной таблицы на строке: 21
2026-04-22 06:48:24 | WARNING | root | Несовпадение 'наш долг' у клиента '_ГАРМОНИЯ ООО - Токарев (2-й Бронный пер, дом № 28/1)': шапка=552.18, по строкам=0.00
2026-04-22 06:48:24 | WARNING | root | Несовпадение 'наш долг' у клиента 'Полончук Алёна Николаевна ИП Воротников (Игарская ул, дом № 42)': шапка=5400.00, по строкам=0.00
2026-04-22 06:48:24 | WARNING | root | Несовпадение 'наш долг' у клиента 'Есинский А. Е. ИП - Колягин (Озерный п, Солнечный мкр, дом № 333)': шапка=70.38, по строкам=3.00
2026-04-22 06:48:24 | WARNING | root | Несовпадение 'наш долг' у клиента 'Судилкина И.О. ИП - Токарев ГОЛОВНОЙ': шапка=0.04, по строкам=0.00
2026-04-22 06:48:24 | WARNING | root | Несовпадение 'наш долг' у клиента 'Беккер Н. М. ИП - Токарев (Петухова ул, дом № 91)': шапка=0.10, по строкам=0.00
2026-04-22 06:48:24 | WARNING | root | Несовпадение 'наш долг' у клиента 'Паруйрян Эдгар Мишаи ИП - Воротников (Дениса Давыдова ул, дом № 4) (У)': шапка=0.30, по строкам=0.00
2026-04-22 06:48:24 | WARNING | root | Несовпадение 'наш долг' у клиента 'Рузибоева Феруза Нуриллаевна ИП': шапка=0.64, по строкам=0.00
2026-04-22 06:48:24 | WARNING | root | Несовпадение 'наш долг' у клиента 'Цыганкова Ирина Николаевна ИП - Колягин (Мочище дп, Обская ул, дом № 24) (У)': шапка=50.00, по строкам=0.00
2026-04-22 06:48:24 | WARNING | root | Несовпадение 'наш долг' у клиента 'Пронькина Марина Викторовна ИП - Колягин': шапка=60.00, по строкам=0.00
2026-04-22 06:48:24 | WARNING | root | Несовпадение 'наш долг' у клиента 'Балакшина О. А.  ИП - Токарев (Ленинское с, Школьная ул, дом № 3)': шапка=240.00, по строкам=0.00
2026-04-22 06:48:24 | WARNING | root | Несовпадение 'наш долг' у клиента 'Текутьев Николай Сергеевич ИП- Воротников (Шоссейная, 2)': шапка=676.00, по строкам=0.00
2026-04-22 06:48:24 | WARNING | root | Несовпадение 'наш долг' у клиента 'Маджента ООО - Воротников ГОЛОВНОЙ': шапка=761.80, по строкам=0.00
2026-04-22 06:48:24 | WARNING | root | Несовпадение 'наш долг' у клиента 'Петрова Вероника Сергеевна ИП - Воротников': шапка=2300.00, по строкам=0.00
2026-04-22 06:48:24 | WARNING | root | Несовпадение 'наш долг' у клиента 'Баранова Юлия Николаевна ИП - Воротников': шапка=2555.10, по строкам=0.00
2026-04-22 06:48:24 | WARNING | root | Несовпадение 'наш долг' у клиента 'Савина А.И. ИП - Воротников ГОЛОВНОЙ': шапка=2930.78, по строкам=0.00
2026-04-22 06:48:24 | WARNING | root | Несовпадение 'наш долг' у клиента 'ВИКТОР ООО - Щербатов ГОЛОВНОЙ': шапка=4563.50, по строкам=0.00
2026-04-22 06:48:24 | WARNING | root | Несовпадение 'наш долг' у клиента 'Блинкова Анна Павловна  ИП - Воротников': шапка=8583.00, по строкам=0.00
2026-04-22 06:48:24 | WARNING | root | Несовпадение 'наш долг' у клиента 'Воронецкий Е. Ю. ИП - Колягин': шапка=11240.00, по строкам=0.00
2026-04-22 06:48:24 | WARNING | root | Несовпадение 'наш долг' у клиента 'nan': шапка=157041.54, по строкам=0.00
2026-04-22 06:48:24 | INFO | root | Собрано клиентов: 316
2026-04-22 06:48:25 | INFO | audit | {'t': 'msg', 'ok': True, 'ms': 1984, 'req': '325f913d', 'bot': 8429636798, 'uid': 1188061961, 'user': 'Re1ze_r', 'name': 'Vadim BeerMarket', 'role': 'moderator', 'chat': 1188061961, 'chat_type': 'private', 'msg_id': 18899, 'kind': <ContentType.TEXT: 'text'>, 'text': 'Кустов', 'caption_len': 0, 'entities': 0, 'state': None}
2026-04-22 06:48:25 | INFO | aiogram.event | Update id=617465885 is handled. Duration 1996 ms by bot id=8429636798
2026-04-22 06:48:48 | INFO | audit | {'t': 'msg', 'ok': True, 'ms': 398, 'req': 'd59d1e9e', 'bot': 8429636798, 'uid': 1188061961, 'user': 'Re1ze_r', 'name': 'Vadim BeerMarket', 'role': 'moderator', 'chat': 1188061961, 'chat_type': 'private', 'msg_id': 18903, 'kind': <ContentType.TEXT: 'text'>, 'text': '🔎 Поиск', 'caption_len': 0, 'entities': 0, 'state': 'SearchStates:waiting_query'}
2026-04-22 06:48:48 | INFO | aiogram.event | Update id=617465886 is handled. Duration 412 ms by bot id=8429636798
2026-04-22 06:48:53 | INFO | root | Нашли заголовки детальной таблицы на строке: 21
2026-04-22 06:48:53 | WARNING | root | Несовпадение 'наш долг' у клиента '_ГАРМОНИЯ ООО - Токарев (2-й Бронный пер, дом № 28/1)': шапка=552.18, по строкам=0.00
2026-04-22 06:48:53 | WARNING | root | Несовпадение 'наш долг' у клиента 'Полончук Алёна Николаевна ИП Воротников (Игарская ул, дом № 42)': шапка=5400.00, по строкам=0.00
2026-04-22 06:48:53 | WARNING | root | Несовпадение 'наш долг' у клиента 'Есинский А. Е. ИП - Колягин (Озерный п, Солнечный мкр, дом № 333)': шапка=70.38, по строкам=3.00
2026-04-22 06:48:53 | WARNING | root | Несовпадение 'наш долг' у клиента 'Судилкина И.О. ИП - Токарев ГОЛОВНОЙ': шапка=0.04, по строкам=0.00
2026-04-22 06:48:53 | WARNING | root | Несовпадение 'наш долг' у клиента 'Беккер Н. М. ИП - Токарев (Петухова ул, дом № 91)': шапка=0.10, по строкам=0.00
2026-04-22 06:48:53 | WARNING | root | Несовпадение 'наш долг' у клиента 'Паруйрян Эдгар Мишаи ИП - Воротников (Дениса Давыдова ул, дом № 4) (У)': шапка=0.30, по строкам=0.00
2026-04-22 06:48:53 | WARNING | root | Несовпадение 'наш долг' у клиента 'Рузибоева Феруза Нуриллаевна ИП': шапка=0.64, по строкам=0.00
2026-04-22 06:48:53 | WARNING | root | Несовпадение 'наш долг' у клиента 'Цыганкова Ирина Николаевна ИП - Колягин (Мочище дп, Обская ул, дом № 24) (У)': шапка=50.00, по строкам=0.00
2026-04-22 06:48:53 | WARNING | root | Несовпадение 'наш долг' у клиента 'Пронькина Марина Викторовна ИП - Колягин': шапка=60.00, по строкам=0.00
2026-04-22 06:48:53 | WARNING | root | Несовпадение 'наш долг' у клиента 'Балакшина О. А.  ИП - Токарев (Ленинское с, Школьная ул, дом № 3)': шапка=240.00, по строкам=0.00
2026-04-22 06:48:53 | WARNING | root | Несовпадение 'наш долг' у клиента 'Текутьев Николай Сергеевич ИП- Воротников (Шоссейная, 2)': шапка=676.00, по строкам=0.00
2026-04-22 06:48:53 | WARNING | root | Несовпадение 'наш долг' у клиента 'Маджента ООО - Воротников ГОЛОВНОЙ': шапка=761.80, по строкам=0.00
2026-04-22 06:48:53 | WARNING | root | Несовпадение 'наш долг' у клиента 'Петрова Вероника Сергеевна ИП - Воротников': шапка=2300.00, по строкам=0.00
2026-04-22 06:48:53 | WARNING | root | Несовпадение 'наш долг' у клиента 'Баранова Юлия Николаевна ИП - Воротников': шапка=2555.10, по строкам=0.00
2026-04-22 06:48:53 | WARNING | root | Несовпадение 'наш долг' у клиента 'Савина А.И. ИП - Воротников ГОЛОВНОЙ': шапка=2930.78, по строкам=0.00
2026-04-22 06:48:53 | WARNING | root | Несовпадение 'наш долг' у клиента 'ВИКТОР ООО - Щербатов ГОЛОВНОЙ': шапка=4563.50, по строкам=0.00
2026-04-22 06:48:53 | WARNING | root | Несовпадение 'наш долг' у клиента 'Блинкова Анна Павловна  ИП - Воротников': шапка=8583.00, по строкам=0.00
2026-04-22 06:48:53 | WARNING | root | Несовпадение 'наш долг' у клиента 'Воронецкий Е. Ю. ИП - Колягин': шапка=11240.00, по строкам=0.00
2026-04-22 06:48:53 | WARNING | root | Несовпадение 'наш долг' у клиента 'nan': шапка=157041.54, по строкам=0.00
2026-04-22 06:48:53 | INFO | root | Собрано клиентов: 316
2026-04-22 06:48:54 | INFO | audit | {'t': 'msg', 'ok': True, 'ms': 2065, 'req': '61a2e7cb', 'bot': 8429636798, 'uid': 1188061961, 'user': 'Re1ze_r', 'name': 'Vadim BeerMarket', 'role': 'moderator', 'chat': 1188061961, 'chat_type': 'private', 'msg_id': 18905, 'kind': <ContentType.TEXT: 'text'>, 'text': 'Вира', 'caption_len': 0, 'entities': 0, 'state': None}
2026-04-22 06:48:54 | INFO | aiogram.event | Update id=617465887 is handled. Duration 2077 ms by bot id=8429636798
2026-04-22 06:49:45 | INFO | audit | {'t': 'msg', 'ok': True, 'ms': 152, 'req': '003b1d1b', 'bot': 8429636798, 'uid': 1188061961, 'user': 'Re1ze_r', 'name': 'Vadim BeerMarket', 'role': 'moderator', 'chat': 1188061961, 'chat_type': 'private', 'msg_id': 18909, 'kind': <ContentType.TEXT: 'text'>, 'text': '🔎 Поиск', 'caption_len': 0, 'entities': 0, 'state': 'SearchStates:waiting_query'}
2026-04-22 06:49:45 | INFO | aiogram.event | Update id=617465888 is handled. Duration 165 ms by bot id=8429636798
2026-04-22 06:49:55 | INFO | root | Нашли заголовки детальной таблицы на строке: 21
2026-04-22 06:49:55 | WARNING | root | Несовпадение 'наш долг' у клиента '_ГАРМОНИЯ ООО - Токарев (2-й Бронный пер, дом № 28/1)': шапка=552.18, по строкам=0.00
2026-04-22 06:49:55 | WARNING | root | Несовпадение 'наш долг' у клиента 'Полончук Алёна Николаевна ИП Воротников (Игарская ул, дом № 42)': шапка=5400.00, по строкам=0.00
2026-04-22 06:49:55 | WARNING | root | Несовпадение 'наш долг' у клиента 'Есинский А. Е. ИП - Колягин (Озерный п, Солнечный мкр, дом № 333)': шапка=70.38, по строкам=3.00
2026-04-22 06:49:55 | WARNING | root | Несовпадение 'наш долг' у клиента 'Судилкина И.О. ИП - Токарев ГОЛОВНОЙ': шапка=0.04, по строкам=0.00
2026-04-22 06:49:55 | WARNING | root | Несовпадение 'наш долг' у клиента 'Беккер Н. М. ИП - Токарев (Петухова ул, дом № 91)': шапка=0.10, по строкам=0.00
2026-04-22 06:49:55 | WARNING | root | Несовпадение 'наш долг' у клиента 'Паруйрян Эдгар Мишаи ИП - Воротников (Дениса Давыдова ул, дом № 4) (У)': шапка=0.30, по строкам=0.00
2026-04-22 06:49:55 | WARNING | root | Несовпадение 'наш долг' у клиента 'Рузибоева Феруза Нуриллаевна ИП': шапка=0.64, по строкам=0.00
2026-04-22 06:49:55 | WARNING | root | Несовпадение 'наш долг' у клиента 'Цыганкова Ирина Николаевна ИП - Колягин (Мочище дп, Обская ул, дом № 24) (У)': шапка=50.00, по строкам=0.00
2026-04-22 06:49:55 | WARNING | root | Несовпадение 'наш долг' у клиента 'Пронькина Марина Викторовна ИП - Колягин': шапка=60.00, по строкам=0.00
2026-04-22 06:49:55 | WARNING | root | Несовпадение 'наш долг' у клиента 'Балакшина О. А.  ИП - Токарев (Ленинское с, Школьная ул, дом № 3)': шапка=240.00, по строкам=0.00
2026-04-22 06:49:55 | WARNING | root | Несовпадение 'наш долг' у клиента 'Текутьев Николай Сергеевич ИП- Воротников (Шоссейная, 2)': шапка=676.00, по строкам=0.00
2026-04-22 06:49:55 | WARNING | root | Несовпадение 'наш долг' у клиента 'Маджента ООО - Воротников ГОЛОВНОЙ': шапка=761.80, по строкам=0.00
2026-04-22 06:49:55 | WARNING | root | Несовпадение 'наш долг' у клиента 'Петрова Вероника Сергеевна ИП - Воротников': шапка=2300.00, по строкам=0.00
2026-04-22 06:49:55 | WARNING | root | Несовпадение 'наш долг' у клиента 'Баранова Юлия Николаевна ИП - Воротников': шапка=2555.10, по строкам=0.00
2026-04-22 06:49:55 | WARNING | root | Несовпадение 'наш долг' у клиента 'Савина А.И. ИП - Воротников ГОЛОВНОЙ': шапка=2930.78, по строкам=0.00
2026-04-22 06:49:55 | WARNING | root | Несовпадение 'наш долг' у клиента 'ВИКТОР ООО - Щербатов ГОЛОВНОЙ': шапка=4563.50, по строкам=0.00
2026-04-22 06:49:55 | WARNING | root | Несовпадение 'наш долг' у клиента 'Блинкова Анна Павловна  ИП - Воротников': шапка=8583.00, по строкам=0.00
2026-04-22 06:49:55 | WARNING | root | Несовпадение 'наш долг' у клиента 'Воронецкий Е. Ю. ИП - Колягин': шапка=11240.00, по строкам=0.00
2026-04-22 06:49:55 | WARNING | root | Несовпадение 'наш долг' у клиента 'nan': шапка=157041.54, по строкам=0.00
2026-04-22 06:49:55 | INFO | root | Собрано клиентов: 316
2026-04-22 06:49:55 | INFO | audit | {'t': 'msg', 'ok': True, 'ms': 1792, 'req': '381f2e15', 'bot': 8429636798, 'uid': 1188061961, 'user': 'Re1ze_r', 'name': 'Vadim BeerMarket', 'role': 'moderator', 'chat': 1188061961, 'chat_type': 'private', 'msg_id': 18911, 'kind': <ContentType.TEXT: 'text'>, 'text': 'Алтухова', 'caption_len': 0, 'entities': 0, 'state': None}
2026-04-22 06:49:55 | INFO | aiogram.event | Update id=617465889 is handled. Duration 1806 ms by bot id=8429636798
2026-04-22 06:53:41 | INFO | audit | {'t': 'cb', 'ok': True, 'ms': 317, 'req': '255be424', 'bot': 8429636798, 'uid': 237087423, 'user': 'Freep_o_0_rn', 'name': 'Freep_o_0_rn', 'role': 'admin', 'chat': 237087423, 'cb_id': '1018282731342946883', 'msg_id': 18889, 'data': 'usr:sel:1188061961:0', 'state': None}
2026-04-22 06:53:41 | INFO | aiogram.event | Update id=617465890 is handled. Duration 345 ms by bot id=8429636798
2026-04-22 06:53:46 | INFO | audit | {'t': 'cb', 'ok': True, 'ms': 294, 'req': 'c31884aa', 'bot': 8429636798, 'uid': 237087423, 'user': 'Freep_o_0_rn', 'name': 'Freep_o_0_rn', 'role': 'admin', 'chat': 237087423, 'cb_id': '1018282731172530455', 'msg_id': 18889, 'data': 'usr:list:0', 'state': None}
2026-04-22 06:53:46 | INFO | aiogram.event | Update id=617465891 is handled. Duration 326 ms by bot id=8429636798
2026-04-22 06:53:51 | INFO | audit | {'t': 'cb', 'ok': True, 'ms': 494, 'req': 'da2189b5', 'bot': 8429636798, 'uid': 237087423, 'user': 'Freep_o_0_rn', 'name': 'Freep_o_0_rn', 'role': 'admin', 'chat': 237087423, 'cb_id': '1018282732225166190', 'msg_id': 18889, 'data': 'menu:back', 'state': None}
2026-04-22 06:53:51 | INFO | aiogram.event | Update id=617465892 is handled. Duration 514 ms by bot id=8429636798
2026-04-22 06:53:54 | INFO | audit | {'t': 'msg', 'ok': True, 'ms': 151, 'req': '859b415c', 'bot': 8429636798, 'uid': 237087423, 'user': 'Freep_o_0_rn', 'name': 'Freep_o_0_rn', 'role': 'admin', 'chat': 237087423, 'chat_type': 'private', 'msg_id': 18915, 'kind': <ContentType.TEXT: 'text'>, 'text': '👥 Пользователи', 'caption_len': 0, 'entities': 0, 'state': None}
2026-04-22 06:53:54 | INFO | aiogram.event | Update id=617465893 is handled. Duration 175 ms by bot id=8429636798
2026-04-22 06:53:56 | INFO | audit | {'t': 'cb', 'ok': True, 'ms': 289, 'req': '32770837', 'bot': 8429636798, 'uid': 237087423, 'user': 'Freep_o_0_rn', 'name': 'Freep_o_0_rn', 'role': 'admin', 'chat': 237087423, 'cb_id': '1018282731719562432', 'msg_id': 18916, 'data': 'req:list:0', 'state': None}
2026-04-22 06:53:56 | INFO | aiogram.event | Update id=617465894 is handled. Duration 317 ms by bot id=8429636798
2026-04-22 06:53:58 | INFO | audit | {'t': 'cb', 'ok': True, 'ms': 293, 'req': '5ffe77e3', 'bot': 8429636798, 'uid': 237087423, 'user': 'Freep_o_0_rn', 'name': 'Freep_o_0_rn', 'role': 'admin', 'chat': 237087423, 'cb_id': '1018282731145173953', 'msg_id': 18916, 'data': 'usr:list:0', 'state': None}
2026-04-22 06:53:58 | INFO | aiogram.event | Update id=617465895 is handled. Duration 325 ms by bot id=8429636798
2026-04-22 06:53:59 | INFO | audit | {'t': 'cb', 'ok': True, 'ms': 429, 'req': '9b580b13', 'bot': 8429636798, 'uid': 237087423, 'user': 'Freep_o_0_rn', 'name': 'Freep_o_0_rn', 'role': 'admin', 'chat': 237087423, 'cb_id': '1018282728859460750', 'msg_id': 18916, 'data': 'menu:back', 'state': None}
2026-04-22 06:53:59 | INFO | aiogram.event | Update id=617465896 is handled. Duration 451 ms by bot id=8429636798
2026-04-22 06:57:54 | INFO | audit | {'t': 'msg', 'ok': True, 'ms': 156, 'req': 'e4c6914d', 'bot': 8429636798, 'uid': 237087423, 'user': 'Freep_o_0_rn', 'name': 'Freep_o_0_rn', 'role': 'admin', 'chat': 237087423, 'chat_type': 'private', 'msg_id': 18918, 'kind': <ContentType.TEXT: 'text'>, 'text': '👥 Пользователи', 'caption_len': 0, 'entities': 0, 'state': None}
2026-04-22 06:57:54 | INFO | aiogram.event | Update id=617465897 is handled. Duration 180 ms by bot id=8429636798
2026-04-22 07:03:15 | INFO | audit | {'t': 'msg', 'ok': True, 'ms': 411, 'req': '1c649b4e', 'bot': 8429636798, 'uid': 237087423, 'user': 'Freep_o_0_rn', 'name': 'Freep_o_0_rn', 'role': 'admin', 'chat': 237087423, 'chat_type': 'private', 'msg_id': 18920, 'kind': <ContentType.TEXT: 'text'>, 'text': '👥 Пользователи', 'caption_len': 0, 'entities': 0, 'state': None}
2026-04-22 07:03:15 | INFO | aiogram.event | Update id=617465898 is handled. Duration 434 ms by bot id=8429636798
2026-04-22 07:03:21 | INFO | audit | {'t': 'cb', 'ok': True, 'ms': 292, 'req': 'ffe4ad1d', 'bot': 8429636798, 'uid': 237087423, 'user': 'Freep_o_0_rn', 'name': 'Freep_o_0_rn', 'role': 'admin', 'chat': 237087423, 'cb_id': '1018282729193272536', 'msg_id': 18921, 'data': 'usr:sel:1188061961:0', 'state': None}
2026-04-22 07:03:21 | INFO | aiogram.event | Update id=617465899 is handled. Duration 322 ms by bot id=8429636798
2026-04-22 07:03:23 | INFO | audit | {'t': 'cb', 'ok': True, 'ms': 286, 'req': '59dca080', 'bot': 8429636798, 'uid': 237087423, 'user': 'Freep_o_0_rn', 'name': 'Freep_o_0_rn', 'role': 'admin', 'chat': 237087423, 'cb_id': '1018282730112347751', 'msg_id': 18921, 'data': 'usr:perms:1188061961:0', 'state': None}
2026-04-22 07:03:23 | INFO | aiogram.event | Update id=617465900 is handled. Duration 314 ms by bot id=8429636798
2026-04-22 07:03:54 | INFO | audit | {'t': 'cb', 'ok': True, 'ms': 301, 'req': '94c41c16', 'bot': 8429636798, 'uid': 237087423, 'user': 'Freep_o_0_rn', 'name': 'Freep_o_0_rn', 'role': 'admin', 'chat': 237087423, 'cb_id': '1018282730357530556', 'msg_id': 18921, 'data': 'usr:sel:1188061961:0', 'state': None}
2026-04-22 07:03:54 | INFO | aiogram.event | Update id=617465901 is handled. Duration 332 ms by bot id=8429636798
2026-04-22 08:20:41 | INFO | audit | {'t': 'msg', 'ok': True, 'ms': 457, 'req': '14689783', 'bot': 8429636798, 'uid': 1188061961, 'user': 'Re1ze_r', 'name': 'Vadim BeerMarket', 'role': 'moderator', 'chat': 1188061961, 'chat_type': 'private', 'msg_id': 18922, 'kind': <ContentType.TEXT: 'text'>, 'text': '▶️ Старт', 'caption_len': 0, 'entities': 0, 'state': None}
2026-04-22 08:20:41 | INFO | aiogram.event | Update id=617465902 is handled. Duration 469 ms by bot id=8429636798
2026-04-22 08:31:05 | INFO | root | Нашли заголовки детальной таблицы на строке: 21
2026-04-22 08:31:05 | INFO | root | Скачан и валидирован файл дебиторки: downloads\Дебиторская задолженность по срокам долга - Прокопенко (XLS).xls
2026-04-22 08:31:05 | INFO | telegram_bot | Daily fetch: downloaded downloads\Дебиторская задолженность по срокам долга - Прокопенко (XLS).xls
2026-04-22 08:31:07 | INFO | telegram_bot | Daily fetch: next run in 68392 sec (now 2026-04-22 15:31:07, tz Asia/Novosibirsk)
2026-04-22 09:54:22 | INFO | root | Нашли заголовки детальной таблицы на строке: 21
2026-04-22 09:54:22 | WARNING | root | Несовпадение 'наш долг' у клиента '_ГАРМОНИЯ ООО - Токарев (2-й Бронный пер, дом № 28/1)': шапка=552.18, по строкам=0.00
2026-04-22 09:54:22 | WARNING | root | Несовпадение 'наш долг' у клиента 'Полончук Алёна Николаевна ИП Воротников (Игарская ул, дом № 42)': шапка=5400.00, по строкам=0.00
2026-04-22 09:54:22 | WARNING | root | Несовпадение 'наш долг' у клиента 'Есинский А. Е. ИП - Колягин (Озерный п, Солнечный мкр, дом № 333)': шапка=70.38, по строкам=3.00
2026-04-22 09:54:22 | WARNING | root | Несовпадение 'наш долг' у клиента 'Судилкина И.О. ИП - Токарев ГОЛОВНОЙ': шапка=0.04, по строкам=0.00
2026-04-22 09:54:22 | WARNING | root | Несовпадение 'наш долг' у клиента 'Беккер Н. М. ИП - Токарев (Петухова ул, дом № 91)': шапка=0.10, по строкам=0.00
2026-04-22 09:54:22 | WARNING | root | Несовпадение 'наш долг' у клиента 'Паруйрян Эдгар Мишаи ИП - Воротников (Дениса Давыдова ул, дом № 4) (У)': шапка=0.30, по строкам=0.00
2026-04-22 09:54:22 | WARNING | root | Несовпадение 'наш долг' у клиента 'Рузибоева Феруза Нуриллаевна ИП': шапка=0.64, по строкам=0.00
2026-04-22 09:54:22 | WARNING | root | Несовпадение 'наш долг' у клиента 'Цыганкова Ирина Николаевна ИП - Колягин (Мочище дп, Обская ул, дом № 24) (У)': шапка=50.00, по строкам=0.00
2026-04-22 09:54:22 | WARNING | root | Несовпадение 'наш долг' у клиента 'Пронькина Марина Викторовна ИП - Колягин': шапка=60.00, по строкам=0.00
2026-04-22 09:54:22 | WARNING | root | Несовпадение 'наш долг' у клиента 'Балакшина О. А.  ИП - Токарев (Ленинское с, Школьная ул, дом № 3)': шапка=240.00, по строкам=0.00
2026-04-22 09:54:22 | WARNING | root | Несовпадение 'наш долг' у клиента 'Текутьев Николай Сергеевич ИП- Воротников (Шоссейная, 2)': шапка=676.00, по строкам=0.00
2026-04-22 09:54:22 | WARNING | root | Несовпадение 'наш долг' у клиента 'Маджента ООО - Воротников ГОЛОВНОЙ': шапка=761.80, по строкам=0.00
2026-04-22 09:54:22 | WARNING | root | Несовпадение 'наш долг' у клиента 'Петрова Вероника Сергеевна ИП - Воротников': шапка=2300.00, по строкам=0.00
2026-04-22 09:54:22 | WARNING | root | Несовпадение 'наш долг' у клиента 'Баранова Юлия Николаевна ИП - Воротников': шапка=2555.10, по строкам=0.00
2026-04-22 09:54:22 | WARNING | root | Несовпадение 'наш долг' у клиента 'Савина А.И. ИП - Воротников ГОЛОВНОЙ': шапка=2930.78, по строкам=0.00
2026-04-22 09:54:22 | WARNING | root | Несовпадение 'наш долг' у клиента 'ВИКТОР ООО - Щербатов ГОЛОВНОЙ': шапка=4563.50, по строкам=0.00
2026-04-22 09:54:22 | WARNING | root | Несовпадение 'наш долг' у клиента 'Блинкова Анна Павловна  ИП - Воротников': шапка=8583.00, по строкам=0.00
2026-04-22 09:54:22 | WARNING | root | Несовпадение 'наш долг' у клиента 'Воронецкий Е. Ю. ИП - Колягин': шапка=11240.00, по строкам=0.00
2026-04-22 09:54:22 | WARNING | root | Несовпадение 'наш долг' у клиента 'nan': шапка=157041.54, по строкам=0.00
2026-04-22 09:54:22 | INFO | root | Собрано клиентов: 316
2026-04-22 09:54:23 | INFO | audit | {'t': 'msg', 'ok': True, 'ms': 1791, 'req': '94800940', 'bot': 8429636798, 'uid': 5255352159, 'user': None, 'name': 'Николай', 'role': 'sales_rep', 'chat': 5255352159, 'chat_type': 'private', 'msg_id': 18924, 'kind': <ContentType.TEXT: 'text'>, 'text': '🔎 Поиск', 'caption_len': 0, 'entities': 0, 'state': 'SearchStates:waiting_query'}
2026-04-22 09:54:23 | INFO | aiogram.event | Update id=617465903 is handled. Duration 1805 ms by bot id=8429636798
2026-04-22 09:54:23 | INFO | audit | {'t': 'msg', 'ok': True, 'ms': 2242, 'req': '881e053a', 'bot': 8429636798, 'uid': 5255352159, 'user': None, 'name': 'Николай', 'role': 'sales_rep', 'chat': 5255352159, 'chat_type': 'private', 'msg_id': 18925, 'kind': <ContentType.TEXT: 'text'>, 'text': 'Тучкова', 'caption_len': 0, 'entities': 0, 'state': None}
2026-04-22 09:54:23 | INFO | aiogram.event | Update id=617465904 is handled. Duration 2256 ms by bot id=8429636798
2026-04-22 11:38:21 | INFO | audit | {'t': 'msg', 'ok': True, 'ms': 445, 'req': 'b828b87e', 'bot': 8429636798, 'uid': 237087423, 'user': 'Freep_o_0_rn', 'name': 'Freep_o_0_rn', 'role': 'admin', 'chat': 237087423, 'chat_type': 'private', 'msg_id': 18930, 'kind': <ContentType.TEXT: 'text'>, 'text': '▶️ Старт', 'caption_len': 0, 'entities': 0, 'state': None}
2026-04-22 11:38:21 | INFO | aiogram.event | Update id=617465905 is handled. Duration 457 ms by bot id=8429636798
2026-04-22 11:38:25 | INFO | audit | {'t': 'msg', 'ok': True, 'ms': 147, 'req': '926aad6f', 'bot': 8429636798, 'uid': 237087423, 'user': 'Freep_o_0_rn', 'name': 'Freep_o_0_rn', 'role': 'admin', 'chat': 237087423, 'chat_type': 'private', 'msg_id': 18932, 'kind': <ContentType.TEXT: 'text'>, 'text': '📑 Прайсы', 'caption_len': 0, 'entities': 0, 'state': None}
2026-04-22 11:38:25 | INFO | aiogram.event | Update id=617465906 is handled. Duration 157 ms by bot id=8429636798
2026-04-22 11:46:40 | INFO | audit | {'t': 'cb', 'ok': True, 'ms': 459, 'req': '8e77ce3d', 'bot': 8429636798, 'uid': 237087423, 'user': 'Freep_o_0_rn', 'name': 'Freep_o_0_rn', 'role': 'admin', 'chat': 237087423, 'cb_id': '1018282731344261077', 'msg_id': 18933, 'data': 'pr:item:0d061831bb24', 'state': None}
2026-04-22 11:46:40 | INFO | aiogram.event | Update id=617465907 is handled. Duration 469 ms by bot id=8429636798
2026-04-22 11:46:42 | INFO | audit | {'t': 'cb', 'ok': True, 'ms': 276, 'req': '1da55dbc', 'bot': 8429636798, 'uid': 237087423, 'user': 'Freep_o_0_rn', 'name': 'Freep_o_0_rn', 'role': 'admin', 'chat': 237087423, 'cb_id': '1018282728536296188', 'msg_id': 18933, 'data': 'pr:replace:0d061831bb24', 'state': 'PriceStates:waiting_replace_file'}
2026-04-22 11:46:42 | INFO | aiogram.event | Update id=617465908 is handled. Duration 287 ms by bot id=8429636798
2026-04-22 11:46:48 | INFO | audit | {'t': 'msg', 'ok': True, 'ms': 1138, 'req': 'eb1e2318', 'bot': 8429636798, 'uid': 237087423, 'user': 'Freep_o_0_rn', 'name': 'Freep_o_0_rn', 'role': 'admin', 'chat': 237087423, 'chat_type': 'private', 'msg_id': 18935, 'kind': 'document', 'text': '', 'caption_len': 0, 'entities': 0, 'state': None, 'media': {'document': {'name': 'Snow прайс 15.10.2025.pdf', 'mime': 'application/pdf', 'size': 368773}}}
2026-04-22 11:46:48 | INFO | aiogram.event | Update id=617465909 is handled. Duration 1149 ms by bot id=8429636798
2026-04-22 11:46:52 | INFO | audit | {'t': 'msg', 'ok': True, 'ms': 191, 'req': '4385f561', 'bot': 8429636798, 'uid': 237087423, 'user': 'Freep_o_0_rn', 'name': 'Freep_o_0_rn', 'role': 'admin', 'chat': 237087423, 'chat_type': 'private', 'msg_id': 18937, 'kind': <ContentType.TEXT: 'text'>, 'text': '📑 Прайсы', 'caption_len': 0, 'entities': 0, 'state': None}
2026-04-22 11:46:52 | INFO | aiogram.event | Update id=617465910 is handled. Duration 200 ms by bot id=8429636798
2026-04-22 11:46:57 | INFO | audit | {'t': 'cb', 'ok': True, 'ms': 285, 'req': '56a34a9d', 'bot': 8429636798, 'uid': 237087423, 'user': 'Freep_o_0_rn', 'name': 'Freep_o_0_rn', 'role': 'admin', 'chat': 237087423, 'cb_id': '1018282731559001218', 'msg_id': 18938, 'data': 'pr:item:45fad310a5fb', 'state': None}
2026-04-22 11:46:57 | INFO | aiogram.event | Update id=617465911 is handled. Duration 296 ms by bot id=8429636798
2026-04-22 11:46:59 | INFO | audit | {'t': 'cb', 'ok': True, 'ms': 278, 'req': '39e08581', 'bot': 8429636798, 'uid': 237087423, 'user': 'Freep_o_0_rn', 'name': 'Freep_o_0_rn', 'role': 'admin', 'chat': 237087423, 'cb_id': '1018282729421959696', 'msg_id': 18938, 'data': 'pr:replace:45fad310a5fb', 'state': 'PriceStates:waiting_replace_file'}
2026-04-22 11:46:59 | INFO | aiogram.event | Update id=617465912 is handled. Duration 287 ms by bot id=8429636798
2026-04-22 11:47:09 | INFO | audit | {'t': 'msg', 'ok': True, 'ms': 538, 'req': '4e5de4f5', 'bot': 8429636798, 'uid': 237087423, 'user': 'Freep_o_0_rn', 'name': 'Freep_o_0_rn', 'role': 'admin', 'chat': 237087423, 'chat_type': 'private', 'msg_id': 18940, 'kind': 'document', 'text': '', 'caption_len': 0, 'entities': 0, 'state': None, 'media': {'document': {'name': 'Балтика Фасовка ДШ с 01.05.2026.pdf', 'mime': 'application/pdf', 'size': 133039}}}
2026-04-22 11:47:09 | INFO | aiogram.event | Update id=617465913 is handled. Duration 548 ms by bot id=8429636798
2026-04-22 11:47:13 | INFO | audit | {'t': 'msg', 'ok': True, 'ms': 190, 'req': '75bb64e0', 'bot': 8429636798, 'uid': 237087423, 'user': 'Freep_o_0_rn', 'name': 'Freep_o_0_rn', 'role': 'admin', 'chat': 237087423, 'chat_type': 'private', 'msg_id': 18942, 'kind': <ContentType.TEXT: 'text'>, 'text': '📑 Прайсы', 'caption_len': 0, 'entities': 0, 'state': None}
2026-04-22 11:47:13 | INFO | aiogram.event | Update id=617465914 is handled. Duration 199 ms by bot id=8429636798
2026-04-22 11:47:26 | INFO | audit | {'t': 'cb', 'ok': True, 'ms': 267, 'req': 'a27d75ba', 'bot': 8429636798, 'uid': 237087423, 'user': 'Freep_o_0_rn', 'name': 'Freep_o_0_rn', 'role': 'admin', 'chat': 237087423, 'cb_id': '1018282730997862341', 'msg_id': 18943, 'data': 'pr:item:a5d019d008b7', 'state': None}
2026-04-22 11:47:26 | INFO | aiogram.event | Update id=617465915 is handled. Duration 278 ms by bot id=8429636798
2026-04-22 11:47:27 | INFO | audit | {'t': 'cb', 'ok': True, 'ms': 315, 'req': '65af86bc', 'bot': 8429636798, 'uid': 237087423, 'user': 'Freep_o_0_rn', 'name': 'Freep_o_0_rn', 'role': 'admin', 'chat': 237087423, 'cb_id': '1018282731869959601', 'msg_id': 18943, 'data': 'pr:replace:a5d019d008b7', 'state': 'PriceStates:waiting_replace_file'}
2026-04-22 11:47:27 | INFO | aiogram.event | Update id=617465916 is handled. Duration 326 ms by bot id=8429636798
2026-04-22 11:47:32 | INFO | audit | {'t': 'msg', 'ok': True, 'ms': 976, 'req': '9df3a6fe', 'bot': 8429636798, 'uid': 237087423, 'user': 'Freep_o_0_rn', 'name': 'Freep_o_0_rn', 'role': 'admin', 'chat': 237087423, 'chat_type': 'private', 'msg_id': 18945, 'kind': 'document', 'text': '', 'caption_len': 0, 'entities': 0, 'state': None, 'media': {'document': {'name': 'ДШ InBevEfes общ 12.01.2026.pdf', 'mime': 'application/pdf', 'size': 257017}}}
2026-04-22 11:47:32 | INFO | aiogram.event | Update id=617465917 is handled. Duration 986 ms by bot id=8429636798
2026-04-22 11:47:33 | INFO | audit | {'t': 'msg', 'ok': True, 'ms': 157, 'req': 'f579ae49', 'bot': 8429636798, 'uid': 237087423, 'user': 'Freep_o_0_rn', 'name': 'Freep_o_0_rn', 'role': 'admin', 'chat': 237087423, 'chat_type': 'private', 'msg_id': 18947, 'kind': <ContentType.TEXT: 'text'>, 'text': '📑 Прайсы', 'caption_len': 0, 'entities': 0, 'state': None}
2026-04-22 11:47:33 | INFO | aiogram.event | Update id=617465918 is handled. Duration 167 ms by bot id=8429636798
2026-04-22 11:48:01 | INFO | audit | {'t': 'cb', 'ok': True, 'ms': 405, 'req': 'de73d1cd', 'bot': 8429636798, 'uid': 237087423, 'user': 'Freep_o_0_rn', 'name': 'Freep_o_0_rn', 'role': 'admin', 'chat': 237087423, 'cb_id': '1018282729954488476', 'msg_id': 18948, 'data': 'pr:item:5246fd8bf8cc', 'state': None}
2026-04-22 11:48:01 | INFO | aiogram.event | Update id=617465919 is handled. Duration 415 ms by bot id=8429636798
2026-04-22 11:48:03 | INFO | audit | {'t': 'cb', 'ok': True, 'ms': 282, 'req': 'c09710f7', 'bot': 8429636798, 'uid': 237087423, 'user': 'Freep_o_0_rn', 'name': 'Freep_o_0_rn', 'role': 'admin', 'chat': 237087423, 'cb_id': '1018282728823255888', 'msg_id': 18948, 'data': 'pr:replace:5246fd8bf8cc', 'state': 'PriceStates:waiting_replace_file'}
2026-04-22 11:48:03 | INFO | aiogram.event | Update id=617465920 is handled. Duration 293 ms by bot id=8429636798
2026-04-22 11:48:07 | INFO | audit | {'t': 'msg', 'ok': True, 'ms': 744, 'req': 'c955698a', 'bot': 8429636798, 'uid': 237087423, 'user': 'Freep_o_0_rn', 'name': 'Freep_o_0_rn', 'role': 'admin', 'chat': 237087423, 'chat_type': 'private', 'msg_id': 18950, 'kind': 'document', 'text': '', 'caption_len': 0, 'entities': 0, 'state': None, 'media': {'document': {'name': 'ДШ Кеги БАЛТИКА с 01.04.2026.pdf', 'mime': 'application/pdf', 'size': 240242}}}
2026-04-22 11:48:07 | INFO | aiogram.event | Update id=617465921 is handled. Duration 754 ms by bot id=8429636798
2026-04-22 11:48:08 | INFO | audit | {'t': 'msg', 'ok': True, 'ms': 152, 'req': '900056af', 'bot': 8429636798, 'uid': 237087423, 'user': 'Freep_o_0_rn', 'name': 'Freep_o_0_rn', 'role': 'admin', 'chat': 237087423, 'chat_type': 'private', 'msg_id': 18952, 'kind': <ContentType.TEXT: 'text'>, 'text': '📑 Прайсы', 'caption_len': 0, 'entities': 0, 'state': None}
2026-04-22 11:48:08 | INFO | aiogram.event | Update id=617465922 is handled. Duration 162 ms by bot id=8429636798
2026-04-22 11:48:18 | INFO | audit | {'t': 'cb', 'ok': True, 'ms': 284, 'req': '9bd9ac86', 'bot': 8429636798, 'uid': 237087423, 'user': 'Freep_o_0_rn', 'name': 'Freep_o_0_rn', 'role': 'admin', 'chat': 237087423, 'cb_id': '1018282731890943414', 'msg_id': 18953, 'data': 'pr:list:1', 'state': None}
2026-04-22 11:48:18 | INFO | aiogram.event | Update id=617465923 is handled. Duration 294 ms by bot id=8429636798
2026-04-22 11:48:28 | INFO | audit | {'t': 'cb', 'ok': True, 'ms': 270, 'req': '774784e2', 'bot': 8429636798, 'uid': 237087423, 'user': 'Freep_o_0_rn', 'name': 'Freep_o_0_rn', 'role': 'admin', 'chat': 237087423, 'cb_id': '1018282731823187173', 'msg_id': 18953, 'data': 'pr:item:9afbd2663f6d', 'state': None}
2026-04-22 11:48:28 | INFO | aiogram.event | Update id=617465924 is handled. Duration 281 ms by bot id=8429636798
2026-04-22 11:48:29 | INFO | audit | {'t': 'cb', 'ok': True, 'ms': 272, 'req': '8bfffccd', 'bot': 8429636798, 'uid': 237087423, 'user': 'Freep_o_0_rn', 'name': 'Freep_o_0_rn', 'role': 'admin', 'chat': 237087423, 'cb_id': '1018282728418440366', 'msg_id': 18953, 'data': 'pr:replace:9afbd2663f6d', 'state': 'PriceStates:waiting_replace_file'}
2026-04-22 11:48:29 | INFO | aiogram.event | Update id=617465925 is handled. Duration 282 ms by bot id=8429636798
2026-04-22 11:48:34 | INFO | audit | {'t': 'msg', 'ok': True, 'ms': 956, 'req': '200e4199', 'bot': 8429636798, 'uid': 237087423, 'user': 'Freep_o_0_rn', 'name': 'Freep_o_0_rn', 'role': 'admin', 'chat': 237087423, 'chat_type': 'private', 'msg_id': 18955, 'kind': 'document', 'text': '', 'caption_len': 0, 'entities': 0, 'state': None, 'media': {'document': {'name': 'Кейсы фасовка от 13.04.2026.pdf', 'mime': 'application/pdf', 'size': 983670}}}
2026-04-22 11:48:34 | INFO | aiogram.event | Update id=617465926 is handled. Duration 966 ms by bot id=8429636798
2026-04-22 11:48:35 | INFO | audit | {'t': 'msg', 'ok': True, 'ms': 149, 'req': '0740c0af', 'bot': 8429636798, 'uid': 237087423, 'user': 'Freep_o_0_rn', 'name': 'Freep_o_0_rn', 'role': 'admin', 'chat': 237087423, 'chat_type': 'private', 'msg_id': 18957, 'kind': <ContentType.TEXT: 'text'>, 'text': '📑 Прайсы', 'caption_len': 0, 'entities': 0, 'state': None}
2026-04-22 11:48:35 | INFO | aiogram.event | Update id=617465927 is handled. Duration 160 ms by bot id=8429636798
2026-04-22 11:48:39 | INFO | audit | {'t': 'cb', 'ok': True, 'ms': 270, 'req': 'a48bdbf7', 'bot': 8429636798, 'uid': 237087423, 'user': 'Freep_o_0_rn', 'name': 'Freep_o_0_rn', 'role': 'admin', 'chat': 237087423, 'cb_id': '1018282732209402347', 'msg_id': 18958, 'data': 'pr:item:c0ce80000bb9', 'state': None}
2026-04-22 11:48:39 | INFO | aiogram.event | Update id=617465928 is handled. Duration 281 ms by bot id=8429636798
2026-04-22 11:48:40 | INFO | audit | {'t': 'cb', 'ok': True, 'ms': 272, 'req': '354d8bb4', 'bot': 8429636798, 'uid': 237087423, 'user': 'Freep_o_0_rn', 'name': 'Freep_o_0_rn', 'role': 'admin', 'chat': 237087423, 'cb_id': '1018282730662616562', 'msg_id': 18958, 'data': 'pr:replace:c0ce80000bb9', 'state': 'PriceStates:waiting_replace_file'}
2026-04-22 11:48:40 | INFO | aiogram.event | Update id=617465929 is handled. Duration 283 ms by bot id=8429636798
2026-04-22 11:48:44 | INFO | audit | {'t': 'msg', 'ok': True, 'ms': 471, 'req': 'c307c6a2', 'bot': 8429636798, 'uid': 237087423, 'user': 'Freep_o_0_rn', 'name': 'Freep_o_0_rn', 'role': 'admin', 'chat': 237087423, 'chat_type': 'private', 'msg_id': 18960, 'kind': 'document', 'text': '', 'caption_len': 0, 'entities': 0, 'state': None, 'media': {'document': {'name': 'КРАФТ_Konix_ВП_прайс_12_01_2026_для_торг_отд.xlsx', 'mime': 'application/vnd.openxmlformats-officedocument.spreadsheetml.sheet', 'size': 103317}}}
2026-04-22 11:48:44 | INFO | aiogram.event | Update id=617465930 is handled. Duration 482 ms by bot id=8429636798
2026-04-22 11:48:46 | INFO | audit | {'t': 'msg', 'ok': True, 'ms': 160, 'req': '6d4cbc4c', 'bot': 8429636798, 'uid': 237087423, 'user': 'Freep_o_0_rn', 'name': 'Freep_o_0_rn', 'role': 'admin', 'chat': 237087423, 'chat_type': 'private', 'msg_id': 18962, 'kind': <ContentType.TEXT: 'text'>, 'text': '📑 Прайсы', 'caption_len': 0, 'entities': 0, 'state': None}
2026-04-22 11:48:46 | INFO | aiogram.event | Update id=617465931 is handled. Duration 169 ms by bot id=8429636798
2026-04-22 11:49:09 | INFO | audit | {'t': 'cb', 'ok': True, 'ms': 274, 'req': '40d773d4', 'bot': 8429636798, 'uid': 237087423, 'user': 'Freep_o_0_rn', 'name': 'Freep_o_0_rn', 'role': 'admin', 'chat': 237087423, 'cb_id': '1018282730232631181', 'msg_id': 18963, 'data': 'pr:item:c88fc99a0e95', 'state': None}
2026-04-22 11:49:09 | INFO | aiogram.event | Update id=617465932 is handled. Duration 284 ms by bot id=8429636798
2026-04-22 11:49:11 | INFO | audit | {'t': 'cb', 'ok': True, 'ms': 307, 'req': '859acd98', 'bot': 8429636798, 'uid': 237087423, 'user': 'Freep_o_0_rn', 'name': 'Freep_o_0_rn', 'role': 'admin', 'chat': 237087423, 'cb_id': '1018282729755389633', 'msg_id': 18963, 'data': 'pr:replace:c88fc99a0e95', 'state': 'PriceStates:waiting_replace_file'}
2026-04-22 11:49:11 | INFO | aiogram.event | Update id=617465933 is handled. Duration 317 ms by bot id=8429636798
2026-04-22 11:49:16 | INFO | audit | {'t': 'msg', 'ok': True, 'ms': 589, 'req': 'bf835e2f', 'bot': 8429636798, 'uid': 237087423, 'user': 'Freep_o_0_rn', 'name': 'Freep_o_0_rn', 'role': 'admin', 'chat': 237087423, 'chat_type': 'private', 'msg_id': 18965, 'kind': 'document', 'text': '', 'caption_len': 0, 'entities': 0, 'state': None, 'media': {'document': {'name': 'Общий ДрафтШоп КЕГИ 01.04.24.pdf', 'mime': 'application/pdf', 'size': 268227}}}
2026-04-22 11:49:16 | INFO | aiogram.event | Update id=617465934 is handled. Duration 600 ms by bot id=8429636798
2026-04-22 11:49:17 | INFO | audit | {'t': 'msg', 'ok': True, 'ms': 230, 'req': 'e30f03a4', 'bot': 8429636798, 'uid': 237087423, 'user': 'Freep_o_0_rn', 'name': 'Freep_o_0_rn', 'role': 'admin', 'chat': 237087423, 'chat_type': 'private', 'msg_id': 18967, 'kind': <ContentType.TEXT: 'text'>, 'text': '📑 Прайсы', 'caption_len': 0, 'entities': 0, 'state': None}
2026-04-22 11:49:17 | INFO | aiogram.event | Update id=617465935 is handled. Duration 238 ms by bot id=8429636798
2026-04-22 11:49:23 | INFO | audit | {'t': 'cb', 'ok': True, 'ms': 274, 'req': 'ccf5b7f8', 'bot': 8429636798, 'uid': 237087423, 'user': 'Freep_o_0_rn', 'name': 'Freep_o_0_rn', 'role': 'admin', 'chat': 237087423, 'cb_id': '1018282730896597273', 'msg_id': 18968, 'data': 'pr:list:1', 'state': None}
2026-04-22 11:49:23 | INFO | aiogram.event | Update id=617465936 is handled. Duration 284 ms by bot id=8429636798
2026-04-22 11:49:26 | INFO | audit | {'t': 'cb', 'ok': True, 'ms': 284, 'req': '4680dec7', 'bot': 8429636798, 'uid': 237087423, 'user': 'Freep_o_0_rn', 'name': 'Freep_o_0_rn', 'role': 'admin', 'chat': 237087423, 'cb_id': '1018282732350261675', 'msg_id': 18968, 'data': 'pr:item:fee2b4b8b720', 'state': None}
2026-04-22 11:49:26 | INFO | aiogram.event | Update id=617465937 is handled. Duration 295 ms by bot id=8429636798
2026-04-22 11:49:31 | INFO | audit | {'t': 'msg', 'ok': True, 'ms': 0, 'req': '503677fa', 'bot': 8429636798, 'uid': 237087423, 'user': 'Freep_o_0_rn', 'name': 'Freep_o_0_rn', 'role': 'admin', 'chat': 237087423, 'chat_type': 'private', 'msg_id': 18969, 'kind': 'document', 'text': '', 'caption_len': 0, 'entities': 0, 'state': None, 'media': {'document': {'name': 'Общий ДрафтШоп фасовка 01.04.26.pdf', 'mime': 'application/pdf', 'size': 403745}}}
2026-04-22 11:49:31 | INFO | aiogram.event | Update id=617465938 is handled. Duration 8 ms by bot id=8429636798
2026-04-22 11:49:39 | INFO | audit | {'t': 'cb', 'ok': True, 'ms': 302, 'req': 'b5132b91', 'bot': 8429636798, 'uid': 237087423, 'user': 'Freep_o_0_rn', 'name': 'Freep_o_0_rn', 'role': 'admin', 'chat': 237087423, 'cb_id': '1018282729279923699', 'msg_id': 18968, 'data': 'pr:replace:fee2b4b8b720', 'state': 'PriceStates:waiting_replace_file'}
2026-04-22 11:49:39 | INFO | aiogram.event | Update id=617465939 is handled. Duration 311 ms by bot id=8429636798
2026-04-22 11:49:46 | INFO | audit | {'t': 'msg', 'ok': True, 'ms': 675, 'req': '5ce2a6e9', 'bot': 8429636798, 'uid': 237087423, 'user': 'Freep_o_0_rn', 'name': 'Freep_o_0_rn', 'role': 'admin', 'chat': 237087423, 'chat_type': 'private', 'msg_id': 18971, 'kind': 'document', 'text': '', 'caption_len': 0, 'entities': 0, 'state': None, 'media': {'document': {'name': 'Общий ДрафтШоп фасовка 01.04.26.pdf', 'mime': 'application/pdf', 'size': 403745}}}
2026-04-22 11:49:46 | INFO | aiogram.event | Update id=617465940 is handled. Duration 684 ms by bot id=8429636798
2026-04-22 11:49:48 | INFO | audit | {'t': 'msg', 'ok': True, 'ms': 152, 'req': '87f28b72', 'bot': 8429636798, 'uid': 237087423, 'user': 'Freep_o_0_rn', 'name': 'Freep_o_0_rn', 'role': 'admin', 'chat': 237087423, 'chat_type': 'private', 'msg_id': 18973, 'kind': <ContentType.TEXT: 'text'>, 'text': '📑 Прайсы', 'caption_len': 0, 'entities': 0, 'state': None}
2026-04-22 11:49:48 | INFO | aiogram.event | Update id=617465941 is handled. Duration 161 ms by bot id=8429636798
2026-04-22 11:50:03 | INFO | audit | {'t': 'cb', 'ok': True, 'ms': 272, 'req': 'b962e920', 'bot': 8429636798, 'uid': 237087423, 'user': 'Freep_o_0_rn', 'name': 'Freep_o_0_rn', 'role': 'admin', 'chat': 237087423, 'cb_id': '1018282730459938639', 'msg_id': 18974, 'data': 'pr:item:622aeb3fe93c', 'state': None}
2026-04-22 11:50:03 | INFO | aiogram.event | Update id=617465942 is handled. Duration 281 ms by bot id=8429636798
2026-04-22 11:50:05 | INFO | audit | {'t': 'cb', 'ok': True, 'ms': 275, 'req': '3315d618', 'bot': 8429636798, 'uid': 237087423, 'user': 'Freep_o_0_rn', 'name': 'Freep_o_0_rn', 'role': 'admin', 'chat': 237087423, 'cb_id': '1018282731736673725', 'msg_id': 18974, 'data': 'pr:replace:622aeb3fe93c', 'state': 'PriceStates:waiting_replace_file'}
2026-04-22 11:50:05 | INFO | aiogram.event | Update id=617465943 is handled. Duration 285 ms by bot id=8429636798
2026-04-22 11:50:09 | INFO | audit | {'t': 'msg', 'ok': True, 'ms': 858, 'req': 'a7b05297', 'bot': 8429636798, 'uid': 237087423, 'user': 'Freep_o_0_rn', 'name': 'Freep_o_0_rn', 'role': 'admin', 'chat': 237087423, 'chat_type': 'private', 'msg_id': 18976, 'kind': 'document', 'text': '', 'caption_len': 0, 'entities': 0, 'state': None, 'media': {'document': {'name': 'ОПХ ДрафтШоп 12.01.2026.pdf', 'mime': 'application/pdf', 'size': 291516}}}
2026-04-22 11:50:09 | INFO | aiogram.event | Update id=617465944 is handled. Duration 867 ms by bot id=8429636798
2026-04-22 11:50:13 | INFO | audit | {'t': 'msg', 'ok': True, 'ms': 170, 'req': '72d164e8', 'bot': 8429636798, 'uid': 237087423, 'user': 'Freep_o_0_rn', 'name': 'Freep_o_0_rn', 'role': 'admin', 'chat': 237087423, 'chat_type': 'private', 'msg_id': 18978, 'kind': <ContentType.TEXT: 'text'>, 'text': '📑 Прайсы', 'caption_len': 0, 'entities': 0, 'state': None}
2026-04-22 11:50:13 | INFO | aiogram.event | Update id=617465945 is handled. Duration 181 ms by bot id=8429636798
2026-04-22 11:50:16 | INFO | audit | {'t': 'cb', 'ok': True, 'ms': 304, 'req': '6ea41257', 'bot': 8429636798, 'uid': 237087423, 'user': 'Freep_o_0_rn', 'name': 'Freep_o_0_rn', 'role': 'admin', 'chat': 237087423, 'cb_id': '1018282729863657365', 'msg_id': 18979, 'data': 'pr:list:1', 'state': None}
2026-04-22 11:50:16 | INFO | aiogram.event | Update id=617465946 is handled. Duration 314 ms by bot id=8429636798
2026-04-22 11:50:23 | INFO | audit | {'t': 'cb', 'ok': True, 'ms': 263, 'req': '1e6e239a', 'bot': 8429636798, 'uid': 237087423, 'user': 'Freep_o_0_rn', 'name': 'Freep_o_0_rn', 'role': 'admin', 'chat': 237087423, 'cb_id': '1018282729417613386', 'msg_id': 18979, 'data': 'pr:item:dbca3fcd33bb', 'state': None}
2026-04-22 11:50:23 | INFO | aiogram.event | Update id=617465947 is handled. Duration 273 ms by bot id=8429636798
2026-04-22 11:50:25 | INFO | audit | {'t': 'cb', 'ok': True, 'ms': 362, 'req': '938886b2', 'bot': 8429636798, 'uid': 237087423, 'user': 'Freep_o_0_rn', 'name': 'Freep_o_0_rn', 'role': 'admin', 'chat': 237087423, 'cb_id': '1018282731605527657', 'msg_id': 18979, 'data': 'pr:replace:dbca3fcd33bb', 'state': 'PriceStates:waiting_replace_file'}
2026-04-22 11:50:25 | INFO | aiogram.event | Update id=617465948 is handled. Duration 373 ms by bot id=8429636798
2026-04-22 11:50:33 | INFO | audit | {'t': 'msg', 'ok': True, 'ms': 568, 'req': '300d3b1d', 'bot': 8429636798, 'uid': 237087423, 'user': 'Freep_o_0_rn', 'name': 'Freep_o_0_rn', 'role': 'admin', 'chat': 237087423, 'chat_type': 'private', 'msg_id': 18981, 'kind': 'document', 'text': '', 'caption_len': 0, 'entities': 0, 'state': None, 'media': {'document': {'name': 'СПЕЦ фасовка ИМПОРТ  февраль 2026.pdf', 'mime': 'application/pdf', 'size': 196718}}}
2026-04-22 11:50:33 | INFO | aiogram.event | Update id=617465949 is handled. Duration 578 ms by bot id=8429636798
2026-04-22 11:50:36 | INFO | audit | {'t': 'msg', 'ok': True, 'ms': 148, 'req': '5390c211', 'bot': 8429636798, 'uid': 237087423, 'user': 'Freep_o_0_rn', 'name': 'Freep_o_0_rn', 'role': 'admin', 'chat': 237087423, 'chat_type': 'private', 'msg_id': 18983, 'kind': <ContentType.TEXT: 'text'>, 'text': '📑 Прайсы', 'caption_len': 0, 'entities': 0, 'state': None}
2026-04-22 11:50:36 | INFO | aiogram.event | Update id=617465950 is handled. Duration 158 ms by bot id=8429636798
2026-04-22 11:50:48 | INFO | audit | {'t': 'cb', 'ok': True, 'ms': 473, 'req': '6877d154', 'bot': 8429636798, 'uid': 237087423, 'user': 'Freep_o_0_rn', 'name': 'Freep_o_0_rn', 'role': 'admin', 'chat': 237087423, 'cb_id': '1018282728159629840', 'msg_id': 18984, 'data': 'menu:back', 'state': None}
2026-04-22 11:50:48 | INFO | aiogram.event | Update id=617465951 is handled. Duration 494 ms by bot id=8429636798
2026-04-22 12:05:51 | INFO | audit | {'t': 'msg', 'ok': True, 'ms': 435, 'req': 'a88ad332', 'bot': 8429636798, 'uid': 237087423, 'user': 'Freep_o_0_rn', 'name': 'Freep_o_0_rn', 'role': 'admin', 'chat': 237087423, 'chat_type': 'private', 'msg_id': 18986, 'kind': <ContentType.TEXT: 'text'>, 'text': '▶️ Старт', 'caption_len': 0, 'entities': 0, 'state': None}
2026-04-22 12:05:51 | INFO | aiogram.event | Update id=617465952 is handled. Duration 447 ms by bot id=8429636798
2026-04-22 12:05:54 | INFO | audit | {'t': 'msg', 'ok': True, 'ms': 174, 'req': '8a58b633', 'bot': 8429636798, 'uid': 237087423, 'user': 'Freep_o_0_rn', 'name': 'Freep_o_0_rn', 'role': 'admin', 'chat': 237087423, 'chat_type': 'private', 'msg_id': 18988, 'kind': <ContentType.TEXT: 'text'>, 'text': '📑 Прайсы', 'caption_len': 0, 'entities': 0, 'state': None}
2026-04-22 12:05:54 | INFO | aiogram.event | Update id=617465953 is handled. Duration 183 ms by bot id=8429636798
2026-04-22 15:57:02 | INFO | telegram_bot | Mini App URL configured: https://app.freep0rndeveloper.website/?api_base=https://api.freep0rndeveloper.website/
2026-04-22 15:57:02 | INFO | __main__ | BOT_TOKEN валиден.
2026-04-22 15:57:08 | INFO | root | Нашли заголовки детальной таблицы на строке: 21
2026-04-22 15:57:08 | INFO | root | Скачан и валидирован файл дебиторки: downloads\Дебиторская задолженность по срокам долга - Прокопенко (XLS).xls
2026-04-22 15:57:10 | INFO | __main__ | Файл получен: downloads\Дебиторская задолженность по срокам долга - Прокопенко (XLS).xls
2026-04-22 15:57:11 | INFO | root | Нашли заголовки детальной таблицы на строке: 21
2026-04-22 15:57:11 | WARNING | root | Несовпадение 'наш долг' у клиента '_ГАРМОНИЯ ООО - Токарев (2-й Бронный пер, дом № 28/1)': шапка=552.18, по строкам=0.00
2026-04-22 15:57:11 | WARNING | root | Несовпадение 'наш долг' у клиента 'Полончук Алёна Николаевна ИП Воротников (Игарская ул, дом № 42)': шапка=5400.00, по строкам=0.00
2026-04-22 15:57:11 | WARNING | root | Несовпадение 'наш долг' у клиента 'Есинский А. Е. ИП - Колягин (Озерный п, Солнечный мкр, дом № 333)': шапка=70.38, по строкам=3.00
2026-04-22 15:57:11 | WARNING | root | Несовпадение 'наш долг' у клиента 'Судилкина И.О. ИП - Токарев ГОЛОВНОЙ': шапка=0.04, по строкам=0.00
2026-04-22 15:57:11 | WARNING | root | Несовпадение 'наш долг' у клиента 'Беккер Н. М. ИП - Токарев (Петухова ул, дом № 91)': шапка=0.10, по строкам=0.00
2026-04-22 15:57:11 | WARNING | root | Несовпадение 'наш долг' у клиента 'Паруйрян Эдгар Мишаи ИП - Воротников (Дениса Давыдова ул, дом № 4) (У)': шапка=0.30, по строкам=0.00
2026-04-22 15:57:11 | WARNING | root | Несовпадение 'наш долг' у клиента 'Рузибоева Феруза Нуриллаевна ИП': шапка=0.64, по строкам=0.00
2026-04-22 15:57:11 | WARNING | root | Несовпадение 'наш долг' у клиента 'Цыганкова Ирина Николаевна ИП - Колягин (Мочище дп, Обская ул, дом № 24) (У)': шапка=50.00, по строкам=0.00
2026-04-22 15:57:11 | WARNING | root | Несовпадение 'наш долг' у клиента 'Пронькина Марина Викторовна ИП - Колягин': шапка=60.00, по строкам=0.00
2026-04-22 15:57:11 | WARNING | root | Несовпадение 'наш долг' у клиента 'Балакшина О. А.  ИП - Токарев (Ленинское с, Школьная ул, дом № 3)': шапка=240.00, по строкам=0.00
2026-04-22 15:57:11 | WARNING | root | Несовпадение 'наш долг' у клиента 'Текутьев Николай Сергеевич ИП- Воротников (Шоссейная, 2)': шапка=676.00, по строкам=0.00
2026-04-22 15:57:11 | WARNING | root | Несовпадение 'наш долг' у клиента 'Маджента ООО - Воротников ГОЛОВНОЙ': шапка=761.80, по строкам=0.00
2026-04-22 15:57:11 | WARNING | root | Несовпадение 'наш долг' у клиента 'Петрова Вероника Сергеевна ИП - Воротников': шапка=2300.00, по строкам=0.00
2026-04-22 15:57:11 | WARNING | root | Несовпадение 'наш долг' у клиента 'Баранова Юлия Николаевна ИП - Воротников': шапка=2555.10, по строкам=0.00
2026-04-22 15:57:11 | WARNING | root | Несовпадение 'наш долг' у клиента 'Савина А.И. ИП - Воротников ГОЛОВНОЙ': шапка=2930.78, по строкам=0.00
2026-04-22 15:57:11 | WARNING | root | Несовпадение 'наш долг' у клиента 'ВИКТОР ООО - Щербатов ГОЛОВНОЙ': шапка=4563.50, по строкам=0.00
2026-04-22 15:57:11 | WARNING | root | Несовпадение 'наш долг' у клиента 'Блинкова Анна Павловна  ИП - Воротников': шапка=8583.00, по строкам=0.00
2026-04-22 15:57:11 | WARNING | root | Несовпадение 'наш долг' у клиента 'Воронецкий Е. Ю. ИП - Колягин': шапка=11240.00, по строкам=0.00
2026-04-22 15:57:11 | WARNING | root | Несовпадение 'наш долг' у клиента 'nan': шапка=157041.54, по строкам=0.00
2026-04-22 15:57:11 | INFO | root | Собрано клиентов: 316
2026-04-22 15:57:11 | INFO | __main__ | Отчёт на 22.04.2026 | клиентов: 316
2026-04-22 15:57:11 | INFO | __main__ | 01. nan | сум: 10212898.97 | проср: 9580638.23 | наш долг: 157041.54 | доков: 0
2026-04-22 15:57:11 | INFO | __main__ | 02. ГЕРАНИОЛ ООО - Воротников (НСТ СТроитель, д 3/1а) | сум: 325361.78 | проср: 325361.78 | наш долг: 0.00 | доков: 2
2026-04-22 15:57:11 | INFO | __main__ | 03. ГЕРАНИОЛ ООО - Воротников (Березовая ул, дом № 13) | сум: 301250.16 | проср: 301250.16 | наш долг: 0.00 | доков: 2
2026-04-22 15:57:11 | INFO | __main__ | 04. ГЕРАНИОЛ ООО - Воротников (Березовая ул, дом № 7а) | сум: 300624.40 | проср: 300624.40 | наш долг: 0.00 | доков: 1
2026-04-22 15:57:11 | INFO | __main__ | 05. ГЕРАНИОЛ ООО - Воротников (Журналист тер. СНТ, Межозерная ул, дом № 34) | сум: 292233.96 | проср: 292233.96 | наш долг: 0.00 | доков: 4
2026-04-22 15:57:11 | INFO | __main__ | 06. ГЕРАНИОЛ ООО - Воротников (Благое мкр Солнечная ул, дом № 3) | сум: 278168.76 | проср: 278168.76 | наш долг: 0.00 | доков: 2
2026-04-22 15:57:11 | INFO | __main__ | 07. ГЕРАНИОЛ ООО - Воротников (Дачная ул, дом № 31, корпус 1) | сум: 269669.11 | проср: 269669.11 | наш долг: 0.00 | доков: 2
2026-04-22 15:57:11 | INFO | __main__ | 08. ГЕРАНИОЛ ООО - Воротников (Римского-Корсакова ул, дом № 28) | сум: 263676.28 | проср: 263676.28 | наш долг: 0.00 | доков: 4
2026-04-22 15:57:11 | INFO | __main__ | 09. ГЕРАНИОЛ ООО - Воротников (Тульская ул, дом № 80) | сум: 250703.58 | проср: 250703.58 | наш долг: 0.00 | доков: 1
2026-04-22 15:57:11 | INFO | __main__ | 10. ГЕРАНИОЛ ООО - Воротников (Нахимова ул, дом № 4) | сум: 226494.12 | проср: 226494.12 | наш долг: 0.00 | доков: 1
2026-04-22 15:57:12 | INFO | aiogram.dispatcher | Start polling
2026-04-22 15:57:12 | INFO | telegram_bot | Daily fetch: next run in 41628 sec (now 2026-04-22 22:57:12, tz Asia/Novosibirsk)
2026-04-22 15:57:12 | INFO | aiogram.dispatcher | Run polling for bot @BeerMarket_nsk_bot id=8429636798 - 'BeerMarketBot🍺'
2026-04-22 15:57:32 | INFO | audit | {'t': 'msg', 'ok': True, 'ms': 488, 'req': 'c642a86f', 'bot': 8429636798, 'uid': 1188061961, 'user': 'Re1ze_r', 'name': 'Vadim BeerMarket', 'role': 'moderator', 'chat': 1188061961, 'chat_type': 'private', 'msg_id': 19006, 'kind': <ContentType.TEXT: 'text'>, 'text': '▶️ Старт', 'caption_len': 0, 'entities': 0, 'state': None}
2026-04-22 15:57:32 | INFO | aiogram.event | Update id=617465967 is handled. Duration 498 ms by bot id=8429636798
2026-04-22 15:58:10 | INFO | audit | {'t': 'msg', 'ok': True, 'ms': 196, 'req': '09cf0c9a', 'bot': 8429636798, 'uid': 1188061961, 'user': 'Re1ze_r', 'name': 'Vadim BeerMarket', 'role': 'moderator', 'chat': 1188061961, 'chat_type': 'private', 'msg_id': 19008, 'kind': <ContentType.TEXT: 'text'>, 'text': '▶️ Старт', 'caption_len': 0, 'entities': 0, 'state': None}
2026-04-22 15:58:10 | INFO | aiogram.event | Update id=617465968 is handled. Duration 207 ms by bot id=8429636798
2026-04-22 15:58:14 | INFO | audit | {'t': 'msg', 'ok': True, 'ms': 170, 'req': 'f1aeec22', 'bot': 8429636798, 'uid': 1188061961, 'user': 'Re1ze_r', 'name': 'Vadim BeerMarket', 'role': 'moderator', 'chat': 1188061961, 'chat_type': 'private', 'msg_id': 19010, 'kind': <ContentType.TEXT: 'text'>, 'text': '👥 Пользователи', 'caption_len': 0, 'entities': 0, 'state': None}
2026-04-22 15:58:14 | INFO | aiogram.event | Update id=617465969 is handled. Duration 191 ms by bot id=8429636798
2026-04-22 15:58:18 | INFO | audit | {'t': 'cb', 'ok': True, 'ms': 530, 'req': 'c064ee9e', 'bot': 8429636798, 'uid': 1188061961, 'user': 'Re1ze_r', 'name': 'Vadim BeerMarket', 'role': 'moderator', 'chat': 1188061961, 'cb_id': '5102687271329723266', 'msg_id': 19011, 'data': 'menu:back', 'state': None}
2026-04-22 15:58:18 | INFO | aiogram.event | Update id=617465970 is handled. Duration 552 ms by bot id=8429636798
2026-04-22 15:58:42 | INFO | audit | {'t': 'msg', 'ok': True, 'ms': 253, 'req': 'f6ba0cf6', 'bot': 8429636798, 'uid': 1188061961, 'user': 'Re1ze_r', 'name': 'Vadim BeerMarket', 'role': 'moderator', 'chat': 1188061961, 'chat_type': 'private', 'msg_id': 19013, 'kind': <ContentType.TEXT: 'text'>, 'text': '👥 Пользователи', 'caption_len': 0, 'entities': 0, 'state': None}
2026-04-22 15:58:42 | INFO | aiogram.event | Update id=617465971 is handled. Duration 275 ms by bot id=8429636798
2026-04-22 17:50:20 | INFO | audit | {'t': 'msg', 'ok': True, 'ms': 445, 'req': '726e4f9a', 'bot': 8429636798, 'uid': 1188061961, 'user': 'Re1ze_r', 'name': 'Vadim BeerMarket', 'role': 'moderator', 'chat': 1188061961, 'chat_type': 'private', 'msg_id': 19015, 'kind': <ContentType.TEXT: 'text'>, 'text': '▶️ Старт', 'caption_len': 0, 'entities': 0, 'state': None}
2026-04-22 17:50:20 | INFO | aiogram.event | Update id=617465972 is handled. Duration 455 ms by bot id=8429636798
2026-04-23 03:31:04 | INFO | root | Нашли заголовки детальной таблицы на строке: 21
2026-04-23 03:31:04 | INFO | root | Скачан и валидирован файл дебиторки: downloads\Дебиторская задолженность по срокам долга - Прокопенко (XLS).xls
2026-04-23 03:31:05 | INFO | telegram_bot | Daily fetch: downloaded downloads\Дебиторская задолженность по срокам долга - Прокопенко (XLS).xls
2026-04-23 03:31:07 | INFO | telegram_bot | Daily fetch: next run in 17993 sec (now 2026-04-23 10:31:07, tz Asia/Novosibirsk)
2026-04-23 05:35:31 | INFO | audit | {'t': 'msg', 'ok': True, 'ms': 442, 'req': '6eafff95', 'bot': 8429636798, 'uid': 237087423, 'user': 'Freep_o_0_rn', 'name': 'Freep_o_0_rn', 'role': 'admin', 'chat': 237087423, 'chat_type': 'private', 'msg_id': 19017, 'kind': <ContentType.TEXT: 'text'>, 'text': '▶️ Старт', 'caption_len': 0, 'entities': 0, 'state': None}
2026-04-23 05:35:31 | INFO | aiogram.event | Update id=617465973 is handled. Duration 452 ms by bot id=8429636798
2026-04-23 05:38:36 | INFO | audit | {'t': 'msg', 'ok': True, 'ms': 172, 'req': '68d3f0b9', 'bot': 8429636798, 'uid': 237087423, 'user': 'Freep_o_0_rn', 'name': 'Freep_o_0_rn', 'role': 'admin', 'chat': 237087423, 'chat_type': 'private', 'msg_id': 19019, 'kind': <ContentType.TEXT: 'text'>, 'text': '🔎 Поиск', 'caption_len': 0, 'entities': 0, 'state': 'SearchStates:waiting_query'}
2026-04-23 05:38:36 | INFO | aiogram.event | Update id=617465974 is handled. Duration 182 ms by bot id=8429636798
2026-04-23 05:38:43 | INFO | root | Нашли заголовки детальной таблицы на строке: 21
2026-04-23 05:38:43 | WARNING | root | Несовпадение 'наш долг' у клиента '_ГАРМОНИЯ ООО - Токарев (2-й Бронный пер, дом № 28/1)': шапка=552.18, по строкам=0.00
2026-04-23 05:38:43 | WARNING | root | Несовпадение 'наш долг' у клиента 'Полончук Алёна Николаевна ИП Воротников (Игарская ул, дом № 42)': шапка=5400.00, по строкам=0.00
2026-04-23 05:38:43 | WARNING | root | Несовпадение 'наш долг' у клиента 'Есинский А. Е. ИП - Колягин (Озерный п, Солнечный мкр, дом № 333)': шапка=70.38, по строкам=3.00
2026-04-23 05:38:43 | WARNING | root | Несовпадение 'наш долг' у клиента 'Судилкина И.О. ИП - Токарев ГОЛОВНОЙ': шапка=0.04, по строкам=0.00
2026-04-23 05:38:43 | WARNING | root | Несовпадение 'наш долг' у клиента 'Беккер Н. М. ИП - Токарев (Петухова ул, дом № 91)': шапка=0.10, по строкам=0.00
2026-04-23 05:38:43 | WARNING | root | Несовпадение 'наш долг' у клиента 'Паруйрян Эдгар Мишаи ИП - Воротников (Дениса Давыдова ул, дом № 4) (У)': шапка=0.30, по строкам=0.00
2026-04-23 05:38:43 | WARNING | root | Несовпадение 'наш долг' у клиента 'Рузибоева Феруза Нуриллаевна ИП': шапка=0.64, по строкам=0.00
2026-04-23 05:38:43 | WARNING | root | Несовпадение 'наш долг' у клиента 'Цыганкова Ирина Николаевна ИП - Колягин (Мочище дп, Обская ул, дом № 24) (У)': шапка=50.00, по строкам=0.00
2026-04-23 05:38:43 | WARNING | root | Несовпадение 'наш долг' у клиента 'Пронькина Марина Викторовна ИП - Колягин': шапка=60.00, по строкам=0.00
2026-04-23 05:38:43 | WARNING | root | Несовпадение 'наш долг' у клиента 'Балакшина О. А.  ИП - Токарев (Ленинское с, Школьная ул, дом № 3)': шапка=240.00, по строкам=0.00
2026-04-23 05:38:43 | WARNING | root | Несовпадение 'наш долг' у клиента 'Текутьев Николай Сергеевич ИП- Воротников (Шоссейная, 2)': шапка=676.00, по строкам=0.00
2026-04-23 05:38:43 | WARNING | root | Несовпадение 'наш долг' у клиента 'Маджента ООО - Воротников ГОЛОВНОЙ': шапка=761.80, по строкам=0.00
2026-04-23 05:38:43 | WARNING | root | Несовпадение 'наш долг' у клиента 'Петрова Вероника Сергеевна ИП - Воротников': шапка=2300.00, по строкам=0.00
2026-04-23 05:38:43 | WARNING | root | Несовпадение 'наш долг' у клиента 'Баранова Юлия Николаевна ИП - Воротников': шапка=2555.10, по строкам=0.00
2026-04-23 05:38:43 | WARNING | root | Несовпадение 'наш долг' у клиента 'Савина А.И. ИП - Воротников ГОЛОВНОЙ': шапка=2930.78, по строкам=0.00
2026-04-23 05:38:43 | WARNING | root | Несовпадение 'наш долг' у клиента 'ВИКТОР ООО - Щербатов ГОЛОВНОЙ': шапка=4563.50, по строкам=0.00
2026-04-23 05:38:43 | WARNING | root | Несовпадение 'наш долг' у клиента 'Блинкова Анна Павловна  ИП - Воротников': шапка=8583.00, по строкам=0.00
2026-04-23 05:38:43 | WARNING | root | Несовпадение 'наш долг' у клиента 'Воронецкий Е. Ю. ИП - Колягин': шапка=11240.00, по строкам=0.00
2026-04-23 05:38:43 | WARNING | root | Несовпадение 'наш долг' у клиента 'nan': шапка=157041.54, по строкам=0.00
2026-04-23 05:38:43 | INFO | root | Собрано клиентов: 316
2026-04-23 05:38:44 | INFO | audit | {'t': 'msg', 'ok': True, 'ms': 1787, 'req': '58ac9816', 'bot': 8429636798, 'uid': 237087423, 'user': 'Freep_o_0_rn', 'name': 'Freep_o_0_rn', 'role': 'admin', 'chat': 237087423, 'chat_type': 'private', 'msg_id': 19021, 'kind': <ContentType.TEXT: 'text'>, 'text': 'Хафизова', 'caption_len': 0, 'entities': 0, 'state': None}
2026-04-23 05:38:44 | INFO | aiogram.event | Update id=617465975 is handled. Duration 1797 ms by bot id=8429636798
2026-04-23 05:51:24 | INFO | audit | {'t': 'msg', 'ok': True, 'ms': 407, 'req': 'b42872f2', 'bot': 8429636798, 'uid': 237087423, 'user': 'Freep_o_0_rn', 'name': 'Freep_o_0_rn', 'role': 'admin', 'chat': 237087423, 'chat_type': 'private', 'msg_id': 19024, 'kind': <ContentType.TEXT: 'text'>, 'text': '📰 Управление новостями', 'caption_len': 0, 'entities': 0, 'state': None}
2026-04-23 05:51:24 | INFO | aiogram.event | Update id=617465976 is handled. Duration 412 ms by bot id=8429636798
2026-04-23 05:51:26 | INFO | audit | {'t': 'cb', 'ok': True, 'ms': 289, 'req': '41148f57', 'bot': 8429636798, 'uid': 237087423, 'user': 'Freep_o_0_rn', 'name': 'Freep_o_0_rn', 'role': 'admin', 'chat': 237087423, 'cb_id': '1018282728597108752', 'msg_id': 19025, 'data': 'news:list:published:0', 'state': None}
2026-04-23 05:51:26 | INFO | aiogram.event | Update id=617465977 is handled. Duration 294 ms by bot id=8429636798
2026-04-23 05:51:28 | INFO | audit | {'t': 'cb', 'ok': True, 'ms': 295, 'req': '898bf9b8', 'bot': 8429636798, 'uid': 237087423, 'user': 'Freep_o_0_rn', 'name': 'Freep_o_0_rn', 'role': 'admin', 'chat': 237087423, 'cb_id': '1018282732152211604', 'msg_id': 19025, 'data': 'news:item:16ea78271ad442af86e0cabe79f101bc:0:published', 'state': None}
2026-04-23 05:51:28 | INFO | aiogram.event | Update id=617465978 is handled. Duration 302 ms by bot id=8429636798
2026-04-23 05:51:30 | INFO | audit | {'t': 'cb', 'ok': True, 'ms': 537, 'req': '1c05000f', 'bot': 8429636798, 'uid': 237087423, 'user': 'Freep_o_0_rn', 'name': 'Freep_o_0_rn', 'role': 'admin', 'chat': 237087423, 'cb_id': '1018282731687999902', 'msg_id': 19025, 'data': 'news:preview:16ea78271ad442af86e0cabe79f101bc', 'state': None}
2026-04-23 05:51:30 | INFO | aiogram.event | Update id=617465979 is handled. Duration 544 ms by bot id=8429636798
2026-04-23 05:52:12 | INFO | audit | {'t': 'msg', 'ok': True, 'ms': 155, 'req': '39bd169b', 'bot': 8429636798, 'uid': 237087423, 'user': 'Freep_o_0_rn', 'name': 'Freep_o_0_rn', 'role': 'admin', 'chat': 237087423, 'chat_type': 'private', 'msg_id': 19027, 'kind': <ContentType.TEXT: 'text'>, 'text': '🔎 Поиск', 'caption_len': 0, 'entities': 0, 'state': 'SearchStates:waiting_query'}
2026-04-23 05:52:12 | INFO | aiogram.event | Update id=617465980 is handled. Duration 168 ms by bot id=8429636798
2026-04-23 05:52:41 | INFO | root | Нашли заголовки детальной таблицы на строке: 21
2026-04-23 05:52:41 | WARNING | root | Несовпадение 'наш долг' у клиента '_ГАРМОНИЯ ООО - Токарев (2-й Бронный пер, дом № 28/1)': шапка=552.18, по строкам=0.00
2026-04-23 05:52:41 | WARNING | root | Несовпадение 'наш долг' у клиента 'Полончук Алёна Николаевна ИП Воротников (Игарская ул, дом № 42)': шапка=5400.00, по строкам=0.00
2026-04-23 05:52:41 | WARNING | root | Несовпадение 'наш долг' у клиента 'Есинский А. Е. ИП - Колягин (Озерный п, Солнечный мкр, дом № 333)': шапка=70.38, по строкам=3.00
2026-04-23 05:52:41 | WARNING | root | Несовпадение 'наш долг' у клиента 'Судилкина И.О. ИП - Токарев ГОЛОВНОЙ': шапка=0.04, по строкам=0.00
2026-04-23 05:52:41 | WARNING | root | Несовпадение 'наш долг' у клиента 'Беккер Н. М. ИП - Токарев (Петухова ул, дом № 91)': шапка=0.10, по строкам=0.00
2026-04-23 05:52:41 | WARNING | root | Несовпадение 'наш долг' у клиента 'Паруйрян Эдгар Мишаи ИП - Воротников (Дениса Давыдова ул, дом № 4) (У)': шапка=0.30, по строкам=0.00
2026-04-23 05:52:41 | WARNING | root | Несовпадение 'наш долг' у клиента 'Рузибоева Феруза Нуриллаевна ИП': шапка=0.64, по строкам=0.00
2026-04-23 05:52:41 | WARNING | root | Несовпадение 'наш долг' у клиента 'Цыганкова Ирина Николаевна ИП - Колягин (Мочище дп, Обская ул, дом № 24) (У)': шапка=50.00, по строкам=0.00
2026-04-23 05:52:41 | WARNING | root | Несовпадение 'наш долг' у клиента 'Пронькина Марина Викторовна ИП - Колягин': шапка=60.00, по строкам=0.00
2026-04-23 05:52:41 | WARNING | root | Несовпадение 'наш долг' у клиента 'Балакшина О. А.  ИП - Токарев (Ленинское с, Школьная ул, дом № 3)': шапка=240.00, по строкам=0.00
2026-04-23 05:52:41 | WARNING | root | Несовпадение 'наш долг' у клиента 'Текутьев Николай Сергеевич ИП- Воротников (Шоссейная, 2)': шапка=676.00, по строкам=0.00
2026-04-23 05:52:41 | WARNING | root | Несовпадение 'наш долг' у клиента 'Маджента ООО - Воротников ГОЛОВНОЙ': шапка=761.80, по строкам=0.00
2026-04-23 05:52:41 | WARNING | root | Несовпадение 'наш долг' у клиента 'Петрова Вероника Сергеевна ИП - Воротников': шапка=2300.00, по строкам=0.00
2026-04-23 05:52:41 | WARNING | root | Несовпадение 'наш долг' у клиента 'Баранова Юлия Николаевна ИП - Воротников': шапка=2555.10, по строкам=0.00
2026-04-23 05:52:41 | WARNING | root | Несовпадение 'наш долг' у клиента 'Савина А.И. ИП - Воротников ГОЛОВНОЙ': шапка=2930.78, по строкам=0.00
2026-04-23 05:52:41 | WARNING | root | Несовпадение 'наш долг' у клиента 'ВИКТОР ООО - Щербатов ГОЛОВНОЙ': шапка=4563.50, по строкам=0.00
2026-04-23 05:52:41 | WARNING | root | Несовпадение 'наш долг' у клиента 'Блинкова Анна Павловна  ИП - Воротников': шапка=8583.00, по строкам=0.00
2026-04-23 05:52:41 | WARNING | root | Несовпадение 'наш долг' у клиента 'Воронецкий Е. Ю. ИП - Колягин': шапка=11240.00, по строкам=0.00
2026-04-23 05:52:41 | WARNING | root | Несовпадение 'наш долг' у клиента 'nan': шапка=157041.54, по строкам=0.00
2026-04-23 05:52:41 | INFO | root | Собрано клиентов: 316
2026-04-23 05:52:42 | INFO | audit | {'t': 'msg', 'ok': True, 'ms': 1797, 'req': 'a7b23782', 'bot': 8429636798, 'uid': 237087423, 'user': 'Freep_o_0_rn', 'name': 'Freep_o_0_rn', 'role': 'admin', 'chat': 237087423, 'chat_type': 'private', 'msg_id': 19029, 'kind': <ContentType.TEXT: 'text'>, 'text': 'Крюков', 'caption_len': 0, 'entities': 0, 'state': None}
2026-04-23 05:52:42 | INFO | aiogram.event | Update id=617465981 is handled. Duration 1808 ms by bot id=8429636798
2026-04-23 06:07:58 | INFO | audit | {'t': 'msg', 'ok': True, 'ms': 419, 'req': '21696287', 'bot': 8429636798, 'uid': 1188061961, 'user': 'Re1ze_r', 'name': 'Vadim BeerMarket', 'role': 'moderator', 'chat': 1188061961, 'chat_type': 'private', 'msg_id': 19032, 'kind': <ContentType.TEXT: 'text'>, 'text': '📰 Управление новостями', 'caption_len': 0, 'entities': 0, 'state': None}
2026-04-23 06:07:58 | INFO | aiogram.event | Update id=617465982 is handled. Duration 425 ms by bot id=8429636798
2026-04-23 06:08:00 | INFO | audit | {'t': 'cb', 'ok': True, 'ms': 326, 'req': '4f4c3cca', 'bot': 8429636798, 'uid': 1188061961, 'user': 'Re1ze_r', 'name': 'Vadim BeerMarket', 'role': 'moderator', 'chat': 1188061961, 'cb_id': '5102687272063640558', 'msg_id': 19033, 'data': 'news:list:published:0', 'state': None}
2026-04-23 06:08:00 | INFO | aiogram.event | Update id=617465983 is handled. Duration 330 ms by bot id=8429636798
2026-04-23 06:08:02 | INFO | audit | {'t': 'cb', 'ok': True, 'ms': 291, 'req': 'b21f8434', 'bot': 8429636798, 'uid': 1188061961, 'user': 'Re1ze_r', 'name': 'Vadim BeerMarket', 'role': 'moderator', 'chat': 1188061961, 'cb_id': '5102687271904453280', 'msg_id': 19033, 'data': 'news:item:16ea78271ad442af86e0cabe79f101bc:0:published', 'state': None}
2026-04-23 06:08:02 | INFO | aiogram.event | Update id=617465984 is handled. Duration 295 ms by bot id=8429636798
2026-04-23 06:08:04 | INFO | audit | {'t': 'cb', 'ok': True, 'ms': 620, 'req': '11dd58f6', 'bot': 8429636798, 'uid': 1188061961, 'user': 'Re1ze_r', 'name': 'Vadim BeerMarket', 'role': 'moderator', 'chat': 1188061961, 'cb_id': '5102687272153937677', 'msg_id': 19033, 'data': 'news:preview:16ea78271ad442af86e0cabe79f101bc', 'state': None}
2026-04-23 06:08:04 | INFO | aiogram.event | Update id=617465985 is handled. Duration 628 ms by bot id=8429636798
2026-04-23 06:23:41 | INFO | audit | {'t': 'msg', 'ok': True, 'ms': 414, 'req': 'b94faa5d', 'bot': 8429636798, 'uid': 1188061961, 'user': 'Re1ze_r', 'name': 'Vadim BeerMarket', 'role': 'moderator', 'chat': 1188061961, 'chat_type': 'private', 'msg_id': 19035, 'kind': <ContentType.TEXT: 'text'>, 'text': '🔎 Поиск', 'caption_len': 0, 'entities': 0, 'state': 'SearchStates:waiting_query'}
2026-04-23 06:23:41 | INFO | aiogram.event | Update id=617465986 is handled. Duration 425 ms by bot id=8429636798
2026-04-23 06:23:54 | INFO | root | Нашли заголовки детальной таблицы на строке: 21
2026-04-23 06:23:54 | WARNING | root | Несовпадение 'наш долг' у клиента '_ГАРМОНИЯ ООО - Токарев (2-й Бронный пер, дом № 28/1)': шапка=552.18, по строкам=0.00
2026-04-23 06:23:54 | WARNING | root | Несовпадение 'наш долг' у клиента 'Полончук Алёна Николаевна ИП Воротников (Игарская ул, дом № 42)': шапка=5400.00, по строкам=0.00
2026-04-23 06:23:54 | WARNING | root | Несовпадение 'наш долг' у клиента 'Есинский А. Е. ИП - Колягин (Озерный п, Солнечный мкр, дом № 333)': шапка=70.38, по строкам=3.00
2026-04-23 06:23:54 | WARNING | root | Несовпадение 'наш долг' у клиента 'Судилкина И.О. ИП - Токарев ГОЛОВНОЙ': шапка=0.04, по строкам=0.00
2026-04-23 06:23:54 | WARNING | root | Несовпадение 'наш долг' у клиента 'Беккер Н. М. ИП - Токарев (Петухова ул, дом № 91)': шапка=0.10, по строкам=0.00
2026-04-23 06:23:54 | WARNING | root | Несовпадение 'наш долг' у клиента 'Паруйрян Эдгар Мишаи ИП - Воротников (Дениса Давыдова ул, дом № 4) (У)': шапка=0.30, по строкам=0.00
2026-04-23 06:23:54 | WARNING | root | Несовпадение 'наш долг' у клиента 'Рузибоева Феруза Нуриллаевна ИП': шапка=0.64, по строкам=0.00
2026-04-23 06:23:54 | WARNING | root | Несовпадение 'наш долг' у клиента 'Цыганкова Ирина Николаевна ИП - Колягин (Мочище дп, Обская ул, дом № 24) (У)': шапка=50.00, по строкам=0.00
2026-04-23 06:23:54 | WARNING | root | Несовпадение 'наш долг' у клиента 'Пронькина Марина Викторовна ИП - Колягин': шапка=60.00, по строкам=0.00
2026-04-23 06:23:54 | WARNING | root | Несовпадение 'наш долг' у клиента 'Балакшина О. А.  ИП - Токарев (Ленинское с, Школьная ул, дом № 3)': шапка=240.00, по строкам=0.00
2026-04-23 06:23:54 | WARNING | root | Несовпадение 'наш долг' у клиента 'Текутьев Николай Сергеевич ИП- Воротников (Шоссейная, 2)': шапка=676.00, по строкам=0.00
2026-04-23 06:23:54 | WARNING | root | Несовпадение 'наш долг' у клиента 'Маджента ООО - Воротников ГОЛОВНОЙ': шапка=761.80, по строкам=0.00
2026-04-23 06:23:54 | WARNING | root | Несовпадение 'наш долг' у клиента 'Петрова Вероника Сергеевна ИП - Воротников': шапка=2300.00, по строкам=0.00
2026-04-23 06:23:54 | WARNING | root | Несовпадение 'наш долг' у клиента 'Баранова Юлия Николаевна ИП - Воротников': шапка=2555.10, по строкам=0.00
2026-04-23 06:23:54 | WARNING | root | Несовпадение 'наш долг' у клиента 'Савина А.И. ИП - Воротников ГОЛОВНОЙ': шапка=2930.78, по строкам=0.00
2026-04-23 06:23:54 | WARNING | root | Несовпадение 'наш долг' у клиента 'ВИКТОР ООО - Щербатов ГОЛОВНОЙ': шапка=4563.50, по строкам=0.00
2026-04-23 06:23:54 | WARNING | root | Несовпадение 'наш долг' у клиента 'Блинкова Анна Павловна  ИП - Воротников': шапка=8583.00, по строкам=0.00
2026-04-23 06:23:54 | WARNING | root | Несовпадение 'наш долг' у клиента 'Воронецкий Е. Ю. ИП - Колягин': шапка=11240.00, по строкам=0.00
2026-04-23 06:23:54 | WARNING | root | Несовпадение 'наш долг' у клиента 'nan': шапка=157041.54, по строкам=0.00
2026-04-23 06:23:54 | INFO | root | Собрано клиентов: 316
2026-04-23 06:23:55 | INFO | audit | {'t': 'msg', 'ok': True, 'ms': 2099, 'req': '9016631c', 'bot': 8429636798, 'uid': 1188061961, 'user': 'Re1ze_r', 'name': 'Vadim BeerMarket', 'role': 'moderator', 'chat': 1188061961, 'chat_type': 'private', 'msg_id': 19037, 'kind': <ContentType.TEXT: 'text'>, 'text': 'Есинский', 'caption_len': 0, 'entities': 0, 'state': None}
2026-04-23 06:23:55 | INFO | aiogram.event | Update id=617465987 is handled. Duration 2112 ms by bot id=8429636798
2026-04-23 06:35:46 | INFO | aiogram.event | Update id=617465988 is not handled. Duration 21 ms by bot id=8429636798
2026-04-23 06:55:11 | INFO | telegram_bot | filters: entry by 1188061961 (Re1ze_r)
2026-04-23 06:55:11 | INFO | audit | {'t': 'msg', 'ok': True, 'ms': 406, 'req': '8eca2d83', 'bot': 8429636798, 'uid': 1188061961, 'user': 'Re1ze_r', 'name': 'Vadim BeerMarket', 'role': 'moderator', 'chat': 1188061961, 'chat_type': 'private', 'msg_id': 19043, 'kind': <ContentType.TEXT: 'text'>, 'text': '🎛️ Фильтры', 'caption_len': 0, 'entities': 0, 'state': None}
2026-04-23 06:55:11 | INFO | aiogram.event | Update id=617465989 is handled. Duration 423 ms by bot id=8429636798
2026-04-23 07:11:18 | INFO | audit | {'t': 'cb', 'ok': True, 'ms': 541, 'req': '801e884f', 'bot': 8429636798, 'uid': 1188061961, 'user': 'Re1ze_r', 'name': 'Vadim BeerMarket', 'role': 'moderator', 'chat': 1188061961, 'cb_id': '5102687270204539371', 'msg_id': 19044, 'data': 'flt:nav:1', 'state': None}
2026-04-23 07:11:18 | INFO | aiogram.event | Update id=617465990 is handled. Duration 562 ms by bot id=8429636798
2026-04-23 07:11:19 | INFO | audit | {'t': 'cb', 'ok': True, 'ms': 282, 'req': 'f640e1e8', 'bot': 8429636798, 'uid': 1188061961, 'user': 'Re1ze_r', 'name': 'Vadim BeerMarket', 'role': 'moderator', 'chat': 1188061961, 'cb_id': '5102687269801739998', 'msg_id': 19044, 'data': 'flt:nav:2', 'state': None}
2026-04-23 07:11:19 | INFO | aiogram.event | Update id=617465991 is handled. Duration 304 ms by bot id=8429636798
2026-04-23 07:11:23 | INFO | audit | {'t': 'msg', 'ok': True, 'ms': 173, 'req': 'cdd73e1a', 'bot': 8429636798, 'uid': 1188061961, 'user': 'Re1ze_r', 'name': 'Vadim BeerMarket', 'role': 'moderator', 'chat': 1188061961, 'chat_type': 'private', 'msg_id': 19045, 'kind': <ContentType.TEXT: 'text'>, 'text': '🔎 Поиск тары', 'caption_len': 0, 'entities': 0, 'state': 'SearchTaraStates:waiting_query'}
2026-04-23 07:11:23 | INFO | aiogram.event | Update id=617465992 is handled. Duration 185 ms by bot id=8429636798
2026-04-23 07:11:28 | INFO | audit | {'t': 'msg', 'ok': True, 'ms': 612, 'req': '90a00753', 'bot': 8429636798, 'uid': 1188061961, 'user': 'Re1ze_r', 'name': 'Vadim BeerMarket', 'role': 'moderator', 'chat': 1188061961, 'chat_type': 'private', 'msg_id': 19047, 'kind': <ContentType.TEXT: 'text'>, 'text': 'Морозова', 'caption_len': 0, 'entities': 0, 'state': None}
2026-04-23 07:11:28 | INFO | aiogram.event | Update id=617465993 is handled. Duration 623 ms by bot id=8429636798
2026-04-23 07:11:36 | INFO | audit | {'t': 'cb', 'ok': True, 'ms': 295, 'req': 'ec40fa19', 'bot': 8429636798, 'uid': 1188061961, 'user': 'Re1ze_r', 'name': 'Vadim BeerMarket', 'role': 'moderator', 'chat': 1188061961, 'cb_id': '5102687271296996729', 'msg_id': 19049, 'data': 'tara:flt:e3162828544b:kegs', 'state': None}
2026-04-23 07:11:36 | INFO | aiogram.event | Update id=617465994 is handled. Duration 309 ms by bot id=8429636798
2026-04-23 07:11:37 | INFO | audit | {'t': 'cb', 'ok': True, 'ms': 278, 'req': 'f4588950', 'bot': 8429636798, 'uid': 1188061961, 'user': 'Re1ze_r', 'name': 'Vadim BeerMarket', 'role': 'moderator', 'chat': 1188061961, 'cb_id': '5102687269728757051', 'msg_id': 19049, 'data': 'tara:flt:e3162828544b:kegs', 'state': None}
2026-04-23 07:11:37 | INFO | aiogram.event | Update id=617465995 is handled. Duration 289 ms by bot id=8429636798
2026-04-23 07:11:38 | INFO | audit | {'t': 'cb', 'ok': True, 'ms': 365, 'req': 'a2585222', 'bot': 8429636798, 'uid': 1188061961, 'user': 'Re1ze_r', 'name': 'Vadim BeerMarket', 'role': 'moderator', 'chat': 1188061961, 'cb_id': '5102687268394489231', 'msg_id': 19049, 'data': 'tara:flt:e3162828544b:equipment', 'state': None}
2026-04-23 07:11:38 | INFO | aiogram.event | Update id=617465996 is handled. Duration 374 ms by bot id=8429636798
2026-04-23 07:11:39 | INFO | audit | {'t': 'cb', 'ok': True, 'ms': 366, 'req': '8b9f4c5e', 'bot': 8429636798, 'uid': 1188061961, 'user': 'Re1ze_r', 'name': 'Vadim BeerMarket', 'role': 'moderator', 'chat': 1188061961, 'cb_id': '5102687268772715365', 'msg_id': 19049, 'data': 'tara:flt:e3162828544b:kegs', 'state': None}
2026-04-23 07:11:39 | INFO | aiogram.event | Update id=617465997 is handled. Duration 377 ms by bot id=8429636798
2026-04-23 07:11:39 | INFO | audit | {'t': 'cb', 'ok': True, 'ms': 335, 'req': '114c0a46', 'bot': 8429636798, 'uid': 1188061961, 'user': 'Re1ze_r', 'name': 'Vadim BeerMarket', 'role': 'moderator', 'chat': 1188061961, 'cb_id': '5102687270913102927', 'msg_id': 19049, 'data': 'tara:flt:e3162828544b:gas_cylinders', 'state': None}
2026-04-23 07:11:39 | INFO | aiogram.event | Update id=617465998 is handled. Duration 346 ms by bot id=8429636798
2026-04-23 07:11:41 | INFO | audit | {'t': 'cb', 'ok': True, 'ms': 322, 'req': '19037431', 'bot': 8429636798, 'uid': 1188061961, 'user': 'Re1ze_r', 'name': 'Vadim BeerMarket', 'role': 'moderator', 'chat': 1188061961, 'cb_id': '5102687271650616259', 'msg_id': 19049, 'data': 'tara:flt:e3162828544b:refrigeration', 'state': None}
2026-04-23 07:11:41 | INFO | aiogram.event | Update id=617465999 is handled. Duration 335 ms by bot id=8429636798
2026-04-23 07:11:42 | INFO | audit | {'t': 'cb', 'ok': True, 'ms': 358, 'req': 'f45a3f85', 'bot': 8429636798, 'uid': 1188061961, 'user': 'Re1ze_r', 'name': 'Vadim BeerMarket', 'role': 'moderator', 'chat': 1188061961, 'cb_id': '5102687268891172519', 'msg_id': 19049, 'data': 'tara:flt:e3162828544b:gas_cylinders', 'state': None}
2026-04-23 07:11:42 | INFO | aiogram.event | Update id=617466000 is handled. Duration 369 ms by bot id=8429636798
2026-04-23 07:11:45 | INFO | audit | {'t': 'cb', 'ok': True, 'ms': 281, 'req': 'cd37c912', 'bot': 8429636798, 'uid': 1188061961, 'user': 'Re1ze_r', 'name': 'Vadim BeerMarket', 'role': 'moderator', 'chat': 1188061961, 'cb_id': '5102687271986064017', 'msg_id': 19049, 'data': 'tara:flt:e3162828544b:gas_cylinders', 'state': None}
2026-04-23 07:11:45 | INFO | aiogram.event | Update id=617466001 is handled. Duration 293 ms by bot id=8429636798
2026-04-23 07:11:45 | INFO | audit | {'t': 'cb', 'ok': True, 'ms': 286, 'req': 'eba088fd', 'bot': 8429636798, 'uid': 1188061961, 'user': 'Re1ze_r', 'name': 'Vadim BeerMarket', 'role': 'moderator', 'chat': 1188061961, 'cb_id': '5102687268840337284', 'msg_id': 19049, 'data': 'tara:flt:e3162828544b:equipment', 'state': None}
2026-04-23 07:11:45 | INFO | aiogram.event | Update id=617466002 is handled. Duration 297 ms by bot id=8429636798
2026-04-23 07:11:48 | INFO | audit | {'t': 'cb', 'ok': True, 'ms': 285, 'req': '9f3568c5', 'bot': 8429636798, 'uid': 1188061961, 'user': 'Re1ze_r', 'name': 'Vadim BeerMarket', 'role': 'moderator', 'chat': 1188061961, 'cb_id': '5102687269349468465', 'msg_id': 19049, 'data': 'tara:flt:e3162828544b:kegs', 'state': None}
2026-04-23 07:11:48 | INFO | aiogram.event | Update id=617466003 is handled. Duration 295 ms by bot id=8429636798
2026-04-23 07:11:54 | INFO | telegram_bot | filters: entry by 1188061961 (Re1ze_r)
2026-04-23 07:11:54 | INFO | audit | {'t': 'msg', 'ok': True, 'ms': 149, 'req': 'fe3392e8', 'bot': 8429636798, 'uid': 1188061961, 'user': 'Re1ze_r', 'name': 'Vadim BeerMarket', 'role': 'moderator', 'chat': 1188061961, 'chat_type': 'private', 'msg_id': 19051, 'kind': <ContentType.TEXT: 'text'>, 'text': '🎛️ Фильтры', 'caption_len': 0, 'entities': 0, 'state': None}
2026-04-23 07:11:54 | INFO | aiogram.event | Update id=617466004 is handled. Duration 166 ms by bot id=8429636798
2026-04-23 07:11:55 | INFO | audit | {'t': 'cb', 'ok': True, 'ms': 277, 'req': 'b1a55832', 'bot': 8429636798, 'uid': 1188061961, 'user': 'Re1ze_r', 'name': 'Vadim BeerMarket', 'role': 'moderator', 'chat': 1188061961, 'cb_id': '5102687269354183476', 'msg_id': 19052, 'data': 'flt:nav:1', 'state': None}
2026-04-23 07:11:55 | INFO | aiogram.event | Update id=617466005 is handled. Duration 298 ms by bot id=8429636798
2026-04-23 07:11:57 | INFO | audit | {'t': 'cb', 'ok': True, 'ms': 277, 'req': '95d0d733', 'bot': 8429636798, 'uid': 1188061961, 'user': 'Re1ze_r', 'name': 'Vadim BeerMarket', 'role': 'moderator', 'chat': 1188061961, 'cb_id': '5102687268392784085', 'msg_id': 19052, 'data': 'flt:nav:2', 'state': None}
2026-04-23 07:11:57 | INFO | aiogram.event | Update id=617466006 is handled. Duration 301 ms by bot id=8429636798
2026-04-23 07:11:58 | INFO | telegram_bot | filters: user=1188061961 updated merge_kegs_50l_type_s=True
2026-04-23 07:11:59 | INFO | audit | {'t': 'cb', 'ok': True, 'ms': 282, 'req': '2e0e9c58', 'bot': 8429636798, 'uid': 1188061961, 'user': 'Re1ze_r', 'name': 'Vadim BeerMarket', 'role': 'moderator', 'chat': 1188061961, 'cb_id': '5102687268561269837', 'msg_id': 19052, 'data': 'flt:bool:2:1', 'state': None}
2026-04-23 07:11:59 | INFO | aiogram.event | Update id=617466007 is handled. Duration 304 ms by bot id=8429636798
2026-04-23 07:12:00 | INFO | audit | {'t': 'msg', 'ok': True, 'ms': 148, 'req': 'efb35da9', 'bot': 8429636798, 'uid': 1188061961, 'user': 'Re1ze_r', 'name': 'Vadim BeerMarket', 'role': 'moderator', 'chat': 1188061961, 'chat_type': 'private', 'msg_id': 19053, 'kind': <ContentType.TEXT: 'text'>, 'text': '🔎 Поиск тары', 'caption_len': 0, 'entities': 0, 'state': 'SearchTaraStates:waiting_query'}
2026-04-23 07:12:00 | INFO | aiogram.event | Update id=617466008 is handled. Duration 161 ms by bot id=8429636798
2026-04-23 07:12:04 | INFO | audit | {'t': 'msg', 'ok': True, 'ms': 557, 'req': 'ade1d7c3', 'bot': 8429636798, 'uid': 1188061961, 'user': 'Re1ze_r', 'name': 'Vadim BeerMarket', 'role': 'moderator', 'chat': 1188061961, 'chat_type': 'private', 'msg_id': 19055, 'kind': <ContentType.TEXT: 'text'>, 'text': 'Морозова', 'caption_len': 0, 'entities': 0, 'state': None}
2026-04-23 07:12:04 | INFO | aiogram.event | Update id=617466009 is handled. Duration 568 ms by bot id=8429636798
2026-04-23 07:12:22 | INFO | audit | {'t': 'msg', 'ok': True, 'ms': 172, 'req': '9f85b276', 'bot': 8429636798, 'uid': 1188061961, 'user': 'Re1ze_r', 'name': 'Vadim BeerMarket', 'role': 'moderator', 'chat': 1188061961, 'chat_type': 'private', 'msg_id': 19059, 'kind': <ContentType.TEXT: 'text'>, 'text': '🔎 Поиск', 'caption_len': 0, 'entities': 0, 'state': 'SearchStates:waiting_query'}
2026-04-23 07:12:22 | INFO | aiogram.event | Update id=617466010 is handled. Duration 182 ms by bot id=8429636798
2026-04-23 07:12:31 | INFO | root | Нашли заголовки детальной таблицы на строке: 21
2026-04-23 07:12:31 | WARNING | root | Несовпадение 'наш долг' у клиента '_ГАРМОНИЯ ООО - Токарев (2-й Бронный пер, дом № 28/1)': шапка=552.18, по строкам=0.00
2026-04-23 07:12:31 | WARNING | root | Несовпадение 'наш долг' у клиента 'Полончук Алёна Николаевна ИП Воротников (Игарская ул, дом № 42)': шапка=5400.00, по строкам=0.00
2026-04-23 07:12:31 | WARNING | root | Несовпадение 'наш долг' у клиента 'Есинский А. Е. ИП - Колягин (Озерный п, Солнечный мкр, дом № 333)': шапка=70.38, по строкам=3.00
2026-04-23 07:12:31 | WARNING | root | Несовпадение 'наш долг' у клиента 'Судилкина И.О. ИП - Токарев ГОЛОВНОЙ': шапка=0.04, по строкам=0.00
2026-04-23 07:12:31 | WARNING | root | Несовпадение 'наш долг' у клиента 'Беккер Н. М. ИП - Токарев (Петухова ул, дом № 91)': шапка=0.10, по строкам=0.00
2026-04-23 07:12:31 | WARNING | root | Несовпадение 'наш долг' у клиента 'Паруйрян Эдгар Мишаи ИП - Воротников (Дениса Давыдова ул, дом № 4) (У)': шапка=0.30, по строкам=0.00
2026-04-23 07:12:31 | WARNING | root | Несовпадение 'наш долг' у клиента 'Рузибоева Феруза Нуриллаевна ИП': шапка=0.64, по строкам=0.00
2026-04-23 07:12:31 | WARNING | root | Несовпадение 'наш долг' у клиента 'Цыганкова Ирина Николаевна ИП - Колягин (Мочище дп, Обская ул, дом № 24) (У)': шапка=50.00, по строкам=0.00
2026-04-23 07:12:31 | WARNING | root | Несовпадение 'наш долг' у клиента 'Пронькина Марина Викторовна ИП - Колягин': шапка=60.00, по строкам=0.00
2026-04-23 07:12:31 | WARNING | root | Несовпадение 'наш долг' у клиента 'Балакшина О. А.  ИП - Токарев (Ленинское с, Школьная ул, дом № 3)': шапка=240.00, по строкам=0.00
2026-04-23 07:12:31 | WARNING | root | Несовпадение 'наш долг' у клиента 'Текутьев Николай Сергеевич ИП- Воротников (Шоссейная, 2)': шапка=676.00, по строкам=0.00
2026-04-23 07:12:31 | WARNING | root | Несовпадение 'наш долг' у клиента 'Маджента ООО - Воротников ГОЛОВНОЙ': шапка=761.80, по строкам=0.00
2026-04-23 07:12:31 | WARNING | root | Несовпадение 'наш долг' у клиента 'Петрова Вероника Сергеевна ИП - Воротников': шапка=2300.00, по строкам=0.00
2026-04-23 07:12:31 | WARNING | root | Несовпадение 'наш долг' у клиента 'Баранова Юлия Николаевна ИП - Воротников': шапка=2555.10, по строкам=0.00
2026-04-23 07:12:31 | WARNING | root | Несовпадение 'наш долг' у клиента 'Савина А.И. ИП - Воротников ГОЛОВНОЙ': шапка=2930.78, по строкам=0.00
2026-04-23 07:12:31 | WARNING | root | Несовпадение 'наш долг' у клиента 'ВИКТОР ООО - Щербатов ГОЛОВНОЙ': шапка=4563.50, по строкам=0.00
2026-04-23 07:12:31 | WARNING | root | Несовпадение 'наш долг' у клиента 'Блинкова Анна Павловна  ИП - Воротников': шапка=8583.00, по строкам=0.00
2026-04-23 07:12:31 | WARNING | root | Несовпадение 'наш долг' у клиента 'Воронецкий Е. Ю. ИП - Колягин': шапка=11240.00, по строкам=0.00
2026-04-23 07:12:31 | WARNING | root | Несовпадение 'наш долг' у клиента 'nan': шапка=157041.54, по строкам=0.00
2026-04-23 07:12:31 | INFO | root | Собрано клиентов: 316
2026-04-23 07:12:32 | INFO | audit | {'t': 'msg', 'ok': True, 'ms': 2217, 'req': 'a8443fab', 'bot': 8429636798, 'uid': 1188061961, 'user': 'Re1ze_r', 'name': 'Vadim BeerMarket', 'role': 'moderator', 'chat': 1188061961, 'chat_type': 'private', 'msg_id': 19061, 'kind': <ContentType.TEXT: 'text'>, 'text': 'Есинский', 'caption_len': 0, 'entities': 0, 'state': None}
2026-04-23 07:12:32 | INFO | aiogram.event | Update id=617466011 is handled. Duration 2229 ms by bot id=8429636798
2026-04-23 07:35:25 | INFO | audit | {'t': 'msg', 'ok': True, 'ms': 403, 'req': 'd374aa55', 'bot': 8429636798, 'uid': 1188061961, 'user': 'Re1ze_r', 'name': 'Vadim BeerMarket', 'role': 'moderator', 'chat': 1188061961, 'chat_type': 'private', 'msg_id': 19066, 'kind': <ContentType.TEXT: 'text'>, 'text': '🔎 Поиск', 'caption_len': 0, 'entities': 0, 'state': 'SearchStates:waiting_query'}
2026-04-23 07:35:25 | INFO | aiogram.event | Update id=617466012 is handled. Duration 413 ms by bot id=8429636798
2026-04-23 07:35:29 | INFO | root | Нашли заголовки детальной таблицы на строке: 21
2026-04-23 07:35:29 | WARNING | root | Несовпадение 'наш долг' у клиента '_ГАРМОНИЯ ООО - Токарев (2-й Бронный пер, дом № 28/1)': шапка=552.18, по строкам=0.00
2026-04-23 07:35:29 | WARNING | root | Несовпадение 'наш долг' у клиента 'Полончук Алёна Николаевна ИП Воротников (Игарская ул, дом № 42)': шапка=5400.00, по строкам=0.00
2026-04-23 07:35:29 | WARNING | root | Несовпадение 'наш долг' у клиента 'Есинский А. Е. ИП - Колягин (Озерный п, Солнечный мкр, дом № 333)': шапка=70.38, по строкам=3.00
2026-04-23 07:35:29 | WARNING | root | Несовпадение 'наш долг' у клиента 'Судилкина И.О. ИП - Токарев ГОЛОВНОЙ': шапка=0.04, по строкам=0.00
2026-04-23 07:35:29 | WARNING | root | Несовпадение 'наш долг' у клиента 'Беккер Н. М. ИП - Токарев (Петухова ул, дом № 91)': шапка=0.10, по строкам=0.00
2026-04-23 07:35:29 | WARNING | root | Несовпадение 'наш долг' у клиента 'Паруйрян Эдгар Мишаи ИП - Воротников (Дениса Давыдова ул, дом № 4) (У)': шапка=0.30, по строкам=0.00
2026-04-23 07:35:29 | WARNING | root | Несовпадение 'наш долг' у клиента 'Рузибоева Феруза Нуриллаевна ИП': шапка=0.64, по строкам=0.00
2026-04-23 07:35:29 | WARNING | root | Несовпадение 'наш долг' у клиента 'Цыганкова Ирина Николаевна ИП - Колягин (Мочище дп, Обская ул, дом № 24) (У)': шапка=50.00, по строкам=0.00
2026-04-23 07:35:29 | WARNING | root | Несовпадение 'наш долг' у клиента 'Пронькина Марина Викторовна ИП - Колягин': шапка=60.00, по строкам=0.00
2026-04-23 07:35:29 | WARNING | root | Несовпадение 'наш долг' у клиента 'Балакшина О. А.  ИП - Токарев (Ленинское с, Школьная ул, дом № 3)': шапка=240.00, по строкам=0.00
2026-04-23 07:35:29 | WARNING | root | Несовпадение 'наш долг' у клиента 'Текутьев Николай Сергеевич ИП- Воротников (Шоссейная, 2)': шапка=676.00, по строкам=0.00
2026-04-23 07:35:29 | WARNING | root | Несовпадение 'наш долг' у клиента 'Маджента ООО - Воротников ГОЛОВНОЙ': шапка=761.80, по строкам=0.00
2026-04-23 07:35:29 | WARNING | root | Несовпадение 'наш долг' у клиента 'Петрова Вероника Сергеевна ИП - Воротников': шапка=2300.00, по строкам=0.00
2026-04-23 07:35:29 | WARNING | root | Несовпадение 'наш долг' у клиента 'Баранова Юлия Николаевна ИП - Воротников': шапка=2555.10, по строкам=0.00
2026-04-23 07:35:29 | WARNING | root | Несовпадение 'наш долг' у клиента 'Савина А.И. ИП - Воротников ГОЛОВНОЙ': шапка=2930.78, по строкам=0.00
2026-04-23 07:35:29 | WARNING | root | Несовпадение 'наш долг' у клиента 'ВИКТОР ООО - Щербатов ГОЛОВНОЙ': шапка=4563.50, по строкам=0.00
2026-04-23 07:35:29 | WARNING | root | Несовпадение 'наш долг' у клиента 'Блинкова Анна Павловна  ИП - Воротников': шапка=8583.00, по строкам=0.00
2026-04-23 07:35:29 | WARNING | root | Несовпадение 'наш долг' у клиента 'Воронецкий Е. Ю. ИП - Колягин': шапка=11240.00, по строкам=0.00
2026-04-23 07:35:29 | WARNING | root | Несовпадение 'наш долг' у клиента 'nan': шапка=157041.54, по строкам=0.00
2026-04-23 07:35:29 | INFO | root | Собрано клиентов: 316
2026-04-23 07:35:29 | INFO | audit | {'t': 'msg', 'ok': True, 'ms': 1946, 'req': '0fce1b1b', 'bot': 8429636798, 'uid': 1188061961, 'user': 'Re1ze_r', 'name': 'Vadim BeerMarket', 'role': 'moderator', 'chat': 1188061961, 'chat_type': 'private', 'msg_id': 19068, 'kind': <ContentType.TEXT: 'text'>, 'text': 'анохина', 'caption_len': 0, 'entities': 0, 'state': None}
2026-04-23 07:35:29 | INFO | aiogram.event | Update id=617466013 is handled. Duration 1955 ms by bot id=8429636798
2026-04-23 07:48:22 | INFO | telegram_bot | filters: entry by 1188061961 (Re1ze_r)
2026-04-23 07:48:22 | INFO | audit | {'t': 'msg', 'ok': True, 'ms': 412, 'req': '52cba03c', 'bot': 8429636798, 'uid': 1188061961, 'user': 'Re1ze_r', 'name': 'Vadim BeerMarket', 'role': 'moderator', 'chat': 1188061961, 'chat_type': 'private', 'msg_id': 19072, 'kind': <ContentType.TEXT: 'text'>, 'text': '🎛️ Фильтры', 'caption_len': 0, 'entities': 0, 'state': None}
2026-04-23 07:48:22 | INFO | aiogram.event | Update id=617466014 is handled. Duration 429 ms by bot id=8429636798
2026-04-23 08:31:03 | INFO | root | Нашли заголовки детальной таблицы на строке: 21
2026-04-23 08:31:03 | INFO | root | Скачан и валидирован файл дебиторки: downloads\Дебиторская задолженность по срокам долга - Прокопенко (XLS).xls
2026-04-23 08:31:03 | INFO | telegram_bot | Daily fetch: downloaded downloads\Дебиторская задолженность по срокам долга - Прокопенко (XLS).xls
2026-04-23 08:31:05 | INFO | telegram_bot | Daily fetch: next run in 68394 sec (now 2026-04-23 15:31:05, tz Asia/Novosibirsk)
2026-04-23 08:35:09 | INFO | audit | {'t': 'msg', 'ok': True, 'ms': 408, 'req': '0c2cffb4', 'bot': 8429636798, 'uid': 1188061961, 'user': 'Re1ze_r', 'name': 'Vadim BeerMarket', 'role': 'moderator', 'chat': 1188061961, 'chat_type': 'private', 'msg_id': 19074, 'kind': <ContentType.TEXT: 'text'>, 'text': '🔎 Поиск', 'caption_len': 0, 'entities': 0, 'state': 'SearchStates:waiting_query'}
2026-04-23 08:35:09 | INFO | aiogram.event | Update id=617466015 is handled. Duration 417 ms by bot id=8429636798
2026-04-23 08:35:14 | INFO | root | Нашли заголовки детальной таблицы на строке: 21
2026-04-23 08:35:14 | WARNING | root | Несовпадение 'наш долг' у клиента 'Полончук Алёна Николаевна ИП Воротников (Игарская ул, дом № 42)': шапка=5400.00, по строкам=0.00
2026-04-23 08:35:14 | WARNING | root | Несовпадение 'наш долг' у клиента 'Есинский А. Е. ИП - Колягин (Озерный п, Солнечный мкр, дом № 333)': шапка=70.38, по строкам=3.00
2026-04-23 08:35:14 | WARNING | root | Несовпадение 'наш долг' у клиента '_ГАРМОНИЯ ООО - Токарев (2-й Бронный пер, дом № 28/1)': шапка=552.18, по строкам=0.00
2026-04-23 08:35:14 | WARNING | root | Несовпадение 'наш долг' у клиента 'Судилкина И.О. ИП - Токарев ГОЛОВНОЙ': шапка=0.04, по строкам=0.00
2026-04-23 08:35:14 | WARNING | root | Несовпадение 'наш долг' у клиента 'Беккер Н. М. ИП - Токарев (Петухова ул, дом № 91)': шапка=0.10, по строкам=0.00
2026-04-23 08:35:14 | WARNING | root | Несовпадение 'наш долг' у клиента 'Паруйрян Эдгар Мишаи ИП - Воротников (Дениса Давыдова ул, дом № 4) (У)': шапка=0.30, по строкам=0.00
2026-04-23 08:35:14 | WARNING | root | Несовпадение 'наш долг' у клиента 'Рузибоева Феруза Нуриллаевна ИП': шапка=0.64, по строкам=0.00
2026-04-23 08:35:14 | WARNING | root | Несовпадение 'наш долг' у клиента 'Цыганкова Ирина Николаевна ИП - Колягин (Мочище дп, Обская ул, дом № 24) (У)': шапка=50.00, по строкам=0.00
2026-04-23 08:35:14 | WARNING | root | Несовпадение 'наш долг' у клиента 'Пронькина Марина Викторовна ИП - Колягин': шапка=60.00, по строкам=0.00
2026-04-23 08:35:14 | WARNING | root | Несовпадение 'наш долг' у клиента 'Балакшина О. А.  ИП - Токарев (Ленинское с, Школьная ул, дом № 3)': шапка=240.00, по строкам=0.00
2026-04-23 08:35:14 | WARNING | root | Несовпадение 'наш долг' у клиента 'Текутьев Николай Сергеевич ИП- Воротников (Шоссейная, 2)': шапка=676.00, по строкам=0.00
2026-04-23 08:35:14 | WARNING | root | Несовпадение 'наш долг' у клиента 'Маджента ООО - Воротников ГОЛОВНОЙ': шапка=761.80, по строкам=0.00
2026-04-23 08:35:14 | WARNING | root | Несовпадение 'наш долг' у клиента 'Петрова Вероника Сергеевна ИП - Воротников': шапка=2300.00, по строкам=0.00
2026-04-23 08:35:14 | WARNING | root | Несовпадение 'наш долг' у клиента 'Баранова Юлия Николаевна ИП - Воротников': шапка=2555.10, по строкам=0.00
2026-04-23 08:35:14 | WARNING | root | Несовпадение 'наш долг' у клиента 'Савина А.И. ИП - Воротников ГОЛОВНОЙ': шапка=2930.78, по строкам=0.00
2026-04-23 08:35:14 | WARNING | root | Несовпадение 'наш долг' у клиента 'ВИКТОР ООО - Щербатов ГОЛОВНОЙ': шапка=4563.50, по строкам=0.00
2026-04-23 08:35:14 | WARNING | root | Несовпадение 'наш долг' у клиента 'Блинкова Анна Павловна  ИП - Воротников': шапка=8583.00, по строкам=0.00
2026-04-23 08:35:14 | WARNING | root | Несовпадение 'наш долг' у клиента 'Воронецкий Е. Ю. ИП - Колягин': шапка=11240.00, по строкам=0.00
2026-04-23 08:35:14 | WARNING | root | Несовпадение 'наш долг' у клиента 'nan': шапка=158197.14, по строкам=0.00
2026-04-23 08:35:14 | INFO | root | Собрано клиентов: 318
2026-04-23 08:35:15 | INFO | audit | {'t': 'msg', 'ok': True, 'ms': 2100, 'req': '8d672a5e', 'bot': 8429636798, 'uid': 1188061961, 'user': 'Re1ze_r', 'name': 'Vadim BeerMarket', 'role': 'moderator', 'chat': 1188061961, 'chat_type': 'private', 'msg_id': 19076, 'kind': <ContentType.TEXT: 'text'>, 'text': 'Морозова', 'caption_len': 0, 'entities': 0, 'state': None}
2026-04-23 08:35:15 | INFO | aiogram.event | Update id=617466016 is handled. Duration 2111 ms by bot id=8429636798
2026-04-23 10:46:17 | INFO | audit | {'t': 'msg', 'ok': True, 'ms': 398, 'req': '30b83ff5', 'bot': 8429636798, 'uid': 1188061961, 'user': 'Re1ze_r', 'name': 'Vadim BeerMarket', 'role': 'moderator', 'chat': 1188061961, 'chat_type': 'private', 'msg_id': 19080, 'kind': <ContentType.TEXT: 'text'>, 'text': '🔎 Поиск', 'caption_len': 0, 'entities': 0, 'state': 'SearchStates:waiting_query'}
2026-04-23 10:46:17 | INFO | aiogram.event | Update id=617466017 is handled. Duration 409 ms by bot id=8429636798
2026-04-23 10:46:21 | INFO | root | Нашли заголовки детальной таблицы на строке: 21
2026-04-23 10:46:21 | WARNING | root | Несовпадение 'наш долг' у клиента 'Полончук Алёна Николаевна ИП Воротников (Игарская ул, дом № 42)': шапка=5400.00, по строкам=0.00
2026-04-23 10:46:21 | WARNING | root | Несовпадение 'наш долг' у клиента 'Есинский А. Е. ИП - Колягин (Озерный п, Солнечный мкр, дом № 333)': шапка=70.38, по строкам=3.00
2026-04-23 10:46:21 | WARNING | root | Несовпадение 'наш долг' у клиента '_ГАРМОНИЯ ООО - Токарев (2-й Бронный пер, дом № 28/1)': шапка=552.18, по строкам=0.00
2026-04-23 10:46:21 | WARNING | root | Несовпадение 'наш долг' у клиента 'Судилкина И.О. ИП - Токарев ГОЛОВНОЙ': шапка=0.04, по строкам=0.00
2026-04-23 10:46:21 | WARNING | root | Несовпадение 'наш долг' у клиента 'Беккер Н. М. ИП - Токарев (Петухова ул, дом № 91)': шапка=0.10, по строкам=0.00
2026-04-23 10:46:21 | WARNING | root | Несовпадение 'наш долг' у клиента 'Паруйрян Эдгар Мишаи ИП - Воротников (Дениса Давыдова ул, дом № 4) (У)': шапка=0.30, по строкам=0.00
2026-04-23 10:46:21 | WARNING | root | Несовпадение 'наш долг' у клиента 'Рузибоева Феруза Нуриллаевна ИП': шапка=0.64, по строкам=0.00
2026-04-23 10:46:21 | WARNING | root | Несовпадение 'наш долг' у клиента 'Цыганкова Ирина Николаевна ИП - Колягин (Мочище дп, Обская ул, дом № 24) (У)': шапка=50.00, по строкам=0.00
2026-04-23 10:46:21 | WARNING | root | Несовпадение 'наш долг' у клиента 'Пронькина Марина Викторовна ИП - Колягин': шапка=60.00, по строкам=0.00
2026-04-23 10:46:21 | WARNING | root | Несовпадение 'наш долг' у клиента 'Балакшина О. А.  ИП - Токарев (Ленинское с, Школьная ул, дом № 3)': шапка=240.00, по строкам=0.00
2026-04-23 10:46:21 | WARNING | root | Несовпадение 'наш долг' у клиента 'Текутьев Николай Сергеевич ИП- Воротников (Шоссейная, 2)': шапка=676.00, по строкам=0.00
2026-04-23 10:46:21 | WARNING | root | Несовпадение 'наш долг' у клиента 'Маджента ООО - Воротников ГОЛОВНОЙ': шапка=761.80, по строкам=0.00
2026-04-23 10:46:21 | WARNING | root | Несовпадение 'наш долг' у клиента 'Петрова Вероника Сергеевна ИП - Воротников': шапка=2300.00, по строкам=0.00
2026-04-23 10:46:21 | WARNING | root | Несовпадение 'наш долг' у клиента 'Баранова Юлия Николаевна ИП - Воротников': шапка=2555.10, по строкам=0.00
2026-04-23 10:46:21 | WARNING | root | Несовпадение 'наш долг' у клиента 'Савина А.И. ИП - Воротников ГОЛОВНОЙ': шапка=2930.78, по строкам=0.00
2026-04-23 10:46:21 | WARNING | root | Несовпадение 'наш долг' у клиента 'ВИКТОР ООО - Щербатов ГОЛОВНОЙ': шапка=4563.50, по строкам=0.00
2026-04-23 10:46:21 | WARNING | root | Несовпадение 'наш долг' у клиента 'Блинкова Анна Павловна  ИП - Воротников': шапка=8583.00, по строкам=0.00
2026-04-23 10:46:21 | WARNING | root | Несовпадение 'наш долг' у клиента 'Воронецкий Е. Ю. ИП - Колягин': шапка=11240.00, по строкам=0.00
2026-04-23 10:46:21 | WARNING | root | Несовпадение 'наш долг' у клиента 'nan': шапка=158197.14, по строкам=0.00
2026-04-23 10:46:21 | INFO | root | Собрано клиентов: 318
2026-04-23 10:46:22 | INFO | audit | {'t': 'msg', 'ok': True, 'ms': 2154, 'req': 'db8a9082', 'bot': 8429636798, 'uid': 1188061961, 'user': 'Re1ze_r', 'name': 'Vadim BeerMarket', 'role': 'moderator', 'chat': 1188061961, 'chat_type': 'private', 'msg_id': 19082, 'kind': <ContentType.TEXT: 'text'>, 'text': 'Арракис', 'caption_len': 0, 'entities': 0, 'state': None}
2026-04-23 10:46:22 | INFO | aiogram.event | Update id=617466018 is handled. Duration 2165 ms by bot id=8429636798
2026-04-23 19:19:18 | INFO | telegram_bot | Mini App URL configured: https://app.freep0rndeveloper.website/?api_base=https://api.freep0rndeveloper.website/
2026-04-23 19:19:18 | INFO | __main__ | BOT_TOKEN валиден.
2026-04-23 19:19:22 | INFO | root | Нашли заголовки детальной таблицы на строке: 21
2026-04-23 19:19:22 | INFO | root | Скачан и валидирован файл дебиторки: downloads\Дебиторская задолженность по срокам долга - Прокопенко (XLS).xls
2026-04-23 19:19:22 | INFO | __main__ | Файл получен: downloads\Дебиторская задолженность по срокам долга - Прокопенко (XLS).xls
2026-04-23 19:19:24 | INFO | root | Нашли заголовки детальной таблицы на строке: 21
2026-04-23 19:19:24 | WARNING | root | Несовпадение 'наш долг' у клиента 'Полончук Алёна Николаевна ИП Воротников (Игарская ул, дом № 42)': шапка=5400.00, по строкам=0.00
2026-04-23 19:19:24 | WARNING | root | Несовпадение 'наш долг' у клиента 'Есинский А. Е. ИП - Колягин (Озерный п, Солнечный мкр, дом № 333)': шапка=70.38, по строкам=3.00
2026-04-23 19:19:24 | WARNING | root | Несовпадение 'наш долг' у клиента '_ГАРМОНИЯ ООО - Токарев (2-й Бронный пер, дом № 28/1)': шапка=552.18, по строкам=0.00
2026-04-23 19:19:24 | WARNING | root | Несовпадение 'наш долг' у клиента 'Судилкина И.О. ИП - Токарев ГОЛОВНОЙ': шапка=0.04, по строкам=0.00
2026-04-23 19:19:24 | WARNING | root | Несовпадение 'наш долг' у клиента 'Беккер Н. М. ИП - Токарев (Петухова ул, дом № 91)': шапка=0.10, по строкам=0.00
2026-04-23 19:19:24 | WARNING | root | Несовпадение 'наш долг' у клиента 'Паруйрян Эдгар Мишаи ИП - Воротников (Дениса Давыдова ул, дом № 4) (У)': шапка=0.30, по строкам=0.00
2026-04-23 19:19:24 | WARNING | root | Несовпадение 'наш долг' у клиента 'Рузибоева Феруза Нуриллаевна ИП': шапка=0.64, по строкам=0.00
2026-04-23 19:19:24 | WARNING | root | Несовпадение 'наш долг' у клиента 'Цыганкова Ирина Николаевна ИП - Колягин (Мочище дп, Обская ул, дом № 24) (У)': шапка=50.00, по строкам=0.00
2026-04-23 19:19:24 | WARNING | root | Несовпадение 'наш долг' у клиента 'Пронькина Марина Викторовна ИП - Колягин': шапка=60.00, по строкам=0.00
2026-04-23 19:19:24 | WARNING | root | Несовпадение 'наш долг' у клиента 'Балакшина О. А.  ИП - Токарев (Ленинское с, Школьная ул, дом № 3)': шапка=240.00, по строкам=0.00
2026-04-23 19:19:24 | WARNING | root | Несовпадение 'наш долг' у клиента 'Текутьев Николай Сергеевич ИП- Воротников (Шоссейная, 2)': шапка=676.00, по строкам=0.00
2026-04-23 19:19:24 | WARNING | root | Несовпадение 'наш долг' у клиента 'Маджента ООО - Воротников ГОЛОВНОЙ': шапка=761.80, по строкам=0.00
2026-04-23 19:19:24 | WARNING | root | Несовпадение 'наш долг' у клиента 'Петрова Вероника Сергеевна ИП - Воротников': шапка=2300.00, по строкам=0.00
2026-04-23 19:19:24 | WARNING | root | Несовпадение 'наш долг' у клиента 'Баранова Юлия Николаевна ИП - Воротников': шапка=2555.10, по строкам=0.00
2026-04-23 19:19:24 | WARNING | root | Несовпадение 'наш долг' у клиента 'Савина А.И. ИП - Воротников ГОЛОВНОЙ': шапка=2930.78, по строкам=0.00
2026-04-23 19:19:24 | WARNING | root | Несовпадение 'наш долг' у клиента 'ВИКТОР ООО - Щербатов ГОЛОВНОЙ': шапка=4563.50, по строкам=0.00
2026-04-23 19:19:24 | WARNING | root | Несовпадение 'наш долг' у клиента 'Блинкова Анна Павловна  ИП - Воротников': шапка=8583.00, по строкам=0.00
2026-04-23 19:19:24 | WARNING | root | Несовпадение 'наш долг' у клиента 'Воронецкий Е. Ю. ИП - Колягин': шапка=11240.00, по строкам=0.00
2026-04-23 19:19:24 | WARNING | root | Несовпадение 'наш долг' у клиента 'nan': шапка=158197.14, по строкам=0.00
2026-04-23 19:19:24 | INFO | root | Собрано клиентов: 318
2026-04-23 19:19:24 | INFO | __main__ | Отчёт на 23.04.2026 | клиентов: 318
2026-04-23 19:19:24 | INFO | __main__ | 01. nan | сум: 10501457.77 | проср: 10053641.86 | наш долг: 158197.14 | доков: 0
2026-04-23 19:19:24 | INFO | __main__ | 02. ГЕРАНИОЛ ООО - Воротников (НСТ СТроитель, д 3/1а) | сум: 325361.78 | проср: 325361.78 | наш долг: 0.00 | доков: 2
2026-04-23 19:19:24 | INFO | __main__ | 03. ГЕРАНИОЛ ООО - Воротников (Березовая ул, дом № 13) | сум: 301250.16 | проср: 301250.16 | наш долг: 0.00 | доков: 2
2026-04-23 19:19:24 | INFO | __main__ | 04. ГЕРАНИОЛ ООО - Воротников (Березовая ул, дом № 7а) | сум: 300624.40 | проср: 300624.40 | наш долг: 0.00 | доков: 1
2026-04-23 19:19:24 | INFO | __main__ | 05. ГЕРАНИОЛ ООО - Воротников (Журналист тер. СНТ, Межозерная ул, дом № 34) | сум: 292233.96 | проср: 292233.96 | наш долг: 0.00 | доков: 4
2026-04-23 19:19:24 | INFO | __main__ | 06. ГЕРАНИОЛ ООО - Воротников (Благое мкр Солнечная ул, дом № 3) | сум: 278168.76 | проср: 278168.76 | наш долг: 0.00 | доков: 2
2026-04-23 19:19:24 | INFO | __main__ | 07. ГЕРАНИОЛ ООО - Воротников (Дачная ул, дом № 31, корпус 1) | сум: 269669.11 | проср: 269669.11 | наш долг: 0.00 | доков: 2
2026-04-23 19:19:24 | INFO | __main__ | 08. ГЕРАНИОЛ ООО - Воротников (Римского-Корсакова ул, дом № 28) | сум: 263676.28 | проср: 263676.28 | наш долг: 0.00 | доков: 4
2026-04-23 19:19:24 | INFO | __main__ | 09. ГЕРАНИОЛ ООО - Воротников (Тульская ул, дом № 80) | сум: 250703.58 | проср: 250703.58 | наш долг: 0.00 | доков: 1
2026-04-23 19:19:24 | INFO | __main__ | 10. ГЕРАНИОЛ ООО - Воротников (Нахимова ул, дом № 4) | сум: 226494.12 | проср: 226494.12 | наш долг: 0.00 | доков: 1
2026-04-23 19:19:24 | INFO | aiogram.dispatcher | Start polling
2026-04-23 19:19:24 | INFO | telegram_bot | Daily fetch: next run in 54695 sec (now 2026-04-23 19:19:24, tz Asia/Novosibirsk)
2026-04-23 19:19:24 | INFO | aiogram.dispatcher | Run polling for bot @BeerMarket_nsk_bot id=8429636798 - 'BeerMarketBot🍺'
2026-04-23 19:20:05 | INFO | audit | {'t': 'msg', 'ok': True, 'ms': 435, 'req': '0cc6d93a', 'bot': 8429636798, 'uid': 1188061961, 'user': 'Re1ze_r', 'name': 'Vadim BeerMarket', 'role': 'moderator', 'chat': 1188061961, 'chat_type': 'private', 'msg_id': 19087, 'kind': <ContentType.TEXT: 'text'>, 'text': '▶️ Старт', 'caption_len': 0, 'entities': 0, 'state': None}
2026-04-23 19:20:05 | INFO | aiogram.event | Update id=617466019 is handled. Duration 447 ms by bot id=8429636798
2026-04-23 19:20:31 | INFO | audit | {'t': 'msg', 'ok': True, 'ms': 155, 'req': 'c4350c4b', 'bot': 8429636798, 'uid': 1188061961, 'user': 'Re1ze_r', 'name': 'Vadim BeerMarket', 'role': 'moderator', 'chat': 1188061961, 'chat_type': 'private', 'msg_id': 19089, 'kind': <ContentType.TEXT: 'text'>, 'text': '📰 Управление новостями', 'caption_len': 0, 'entities': 0, 'state': None}
2026-04-23 19:20:31 | INFO | aiogram.event | Update id=617466020 is handled. Duration 159 ms by bot id=8429636798
2026-04-23 19:20:33 | INFO | audit | {'t': 'cb', 'ok': True, 'ms': 303, 'req': '74a09762', 'bot': 8429636798, 'uid': 1188061961, 'user': 'Re1ze_r', 'name': 'Vadim BeerMarket', 'role': 'moderator', 'chat': 1188061961, 'cb_id': '5102687270175986760', 'msg_id': 19090, 'data': 'news:list:published:0', 'state': None}
2026-04-23 19:20:33 | INFO | aiogram.event | Update id=617466021 is handled. Duration 307 ms by bot id=8429636798
2026-04-23 19:20:36 | INFO | audit | {'t': 'cb', 'ok': True, 'ms': 451, 'req': '1e4841ed', 'bot': 8429636798, 'uid': 1188061961, 'user': 'Re1ze_r', 'name': 'Vadim BeerMarket', 'role': 'moderator', 'chat': 1188061961, 'cb_id': '5102687270550204992', 'msg_id': 19090, 'data': 'news:item:76b388ad91174cf9a0fbf6b1d1d004a3:0:published', 'state': None}
2026-04-23 19:20:36 | INFO | aiogram.event | Update id=617466022 is handled. Duration 456 ms by bot id=8429636798
2026-04-23 19:20:37 | ERROR | telegram_bot | Unhandled exception (req_id=25f64cf9)
Traceback (most recent call last):
  File "C:\_BOTS\BeerMarketMiniAppBot v0.98.8 server\pythonProject\telegram_bot.py", line 987, in __call__
    return await handler(event, data)
           ^^^^^^^^^^^^^^^^^^^^^^^^^^
  File "C:\Users\FreeP0rn\AppData\Local\Programs\Python\Python314\Lib\site-packages\aiogram\dispatcher\event\handler.py", line 71, in call
    return await wrapped()
           ^^^^^^^^^^^^^^^
  File "C:\_BOTS\BeerMarketMiniAppBot v0.98.8 server\pythonProject\handlers\news_manage.py", line 474, in news_edit_category_prompt
    await cq.message.edit_text(
    ...<3 lines>...
    )
  File "C:\Users\FreeP0rn\AppData\Local\Programs\Python\Python314\Lib\site-packages\aiogram\methods\base.py", line 82, in emit
    return await bot(self)
           ^^^^^^^^^^^^^^^
  File "C:\Users\FreeP0rn\AppData\Local\Programs\Python\Python314\Lib\site-packages\aiogram\client\bot.py", line 488, in __call__
    return await self.session(self, method, timeout=request_timeout)
           ^^^^^^^^^^^^^^^^^^^^^^^^^^^^^^^^^^^^^^^^^^^^^^^^^^^^^^^^^
  File "C:\Users\FreeP0rn\AppData\Local\Programs\Python\Python314\Lib\site-packages\aiogram\client\session\base.py", line 259, in __call__
    return cast(TelegramType, await middleware(bot, method))
                              ^^^^^^^^^^^^^^^^^^^^^^^^^^^^^
  File "C:\Users\FreeP0rn\AppData\Local\Programs\Python\Python314\Lib\site-packages\aiogram\client\session\aiohttp.py", line 177, in make_request
    response = self.check_response(
        bot=bot,
    ...<2 lines>...
        content=raw_result,
    )
  File "C:\Users\FreeP0rn\AppData\Local\Programs\Python\Python314\Lib\site-packages\aiogram\client\session\base.py", line 121, in check_response
    raise TelegramBadRequest(method=method, message=description)
aiogram.exceptions.TelegramBadRequest: Telegram server says - Bad Request: BUTTON_DATA_INVALID
2026-04-23 19:20:37 | INFO | audit | {'t': 'cb', 'ok': False, 'ms': 175, 'req': '25f64cf9', 'bot': 8429636798, 'uid': 1188061961, 'user': 'Re1ze_r', 'name': 'Vadim BeerMarket', 'role': 'moderator', 'chat': 1188061961, 'cb_id': '5102687270905940811', 'msg_id': 19090, 'data': 'news:category:76b388ad91174cf9a0fbf6b1d1d004a3:0:published', 'state': None}
2026-04-23 19:20:37 | INFO | audit | {'t': 'error', 'req': '25f64cf9', 'exc': 'TelegramBadRequest: Telegram server says - Bad Request: BUTTON_DATA_INVALID'}
2026-04-23 19:20:37 | INFO | aiogram.event | Update id=617466023 is not handled. Duration 183 ms by bot id=8429636798
2026-04-23 19:20:37 | ERROR | aiogram.event | Cause exception while process update id=617466023 by bot id=8429636798
TelegramBadRequest: Telegram server says - Bad Request: BUTTON_DATA_INVALID
Traceback (most recent call last):
  File "C:\Users\FreeP0rn\AppData\Local\Programs\Python\Python314\Lib\site-packages\aiogram\dispatcher\dispatcher.py", line 320, in _process_update
    response = await self.feed_update(bot, update, **kwargs)
               ^^^^^^^^^^^^^^^^^^^^^^^^^^^^^^^^^^^^^^^^^^^^^
  File "C:\Users\FreeP0rn\AppData\Local\Programs\Python\Python314\Lib\site-packages\aiogram\dispatcher\dispatcher.py", line 164, in feed_update
    response = await self.update.wrap_outer_middleware(
               ^^^^^^^^^^^^^^^^^^^^^^^^^^^^^^^^^^^^^^^^
    ...<7 lines>...
    )
    ^
  File "C:\Users\FreeP0rn\AppData\Local\Programs\Python\Python314\Lib\site-packages\aiogram\dispatcher\middlewares\error.py", line 27, in __call__
    return await handler(event, data)
           ^^^^^^^^^^^^^^^^^^^^^^^^^^
  File "C:\Users\FreeP0rn\AppData\Local\Programs\Python\Python314\Lib\site-packages\aiogram\dispatcher\middlewares\user_context.py", line 58, in __call__
    return await handler(event, data)
           ^^^^^^^^^^^^^^^^^^^^^^^^^^
  File "C:\Users\FreeP0rn\AppData\Local\Programs\Python\Python314\Lib\site-packages\aiogram\fsm\middleware.py", line 43, in __call__
    return await handler(event, data)
           ^^^^^^^^^^^^^^^^^^^^^^^^^^
  File "C:\Users\FreeP0rn\AppData\Local\Programs\Python\Python314\Lib\site-packages\aiogram\dispatcher\event\telegram.py", line 126, in trigger
    return await wrapped_inner(event, kwargs)
           ^^^^^^^^^^^^^^^^^^^^^^^^^^^^^^^^^^
  File "C:\Users\FreeP0rn\AppData\Local\Programs\Python\Python314\Lib\site-packages\aiogram\dispatcher\event\handler.py", line 71, in call
    return await wrapped()
           ^^^^^^^^^^^^^^^
  File "C:\Users\FreeP0rn\AppData\Local\Programs\Python\Python314\Lib\site-packages\aiogram\dispatcher\dispatcher.py", line 283, in _listen_update
    return await self.propagate_event(update_type=update_type, event=event, **kwargs)
           ^^^^^^^^^^^^^^^^^^^^^^^^^^^^^^^^^^^^^^^^^^^^^^^^^^^^^^^^^^^^^^^^^^^^^^^^^^
  File "C:\Users\FreeP0rn\AppData\Local\Programs\Python\Python314\Lib\site-packages\aiogram\dispatcher\router.py", line 161, in propagate_event
    return await observer.wrap_outer_middleware(_wrapped, event=event, data=kwargs)
           ^^^^^^^^^^^^^^^^^^^^^^^^^^^^^^^^^^^^^^^^^^^^^^^^^^^^^^^^^^^^^^^^^^^^^^^^
  File "C:\Users\FreeP0rn\AppData\Local\Programs\Python\Python314\Lib\site-packages\aiogram\dispatcher\router.py", line 153, in _wrapped
    return await self._propagate_event(
           ^^^^^^^^^^^^^^^^^^^^^^^^^^^^
    ...<4 lines>...
    )
    ^
  File "C:\Users\FreeP0rn\AppData\Local\Programs\Python\Python314\Lib\site-packages\aiogram\dispatcher\router.py", line 189, in _propagate_event
    response = await router.propagate_event(update_type=update_type, event=event, **kwargs)
               ^^^^^^^^^^^^^^^^^^^^^^^^^^^^^^^^^^^^^^^^^^^^^^^^^^^^^^^^^^^^^^^^^^^^^^^^^^^^
  File "C:\Users\FreeP0rn\AppData\Local\Programs\Python\Python314\Lib\site-packages\aiogram\dispatcher\router.py", line 161, in propagate_event
    return await observer.wrap_outer_middleware(_wrapped, event=event, data=kwargs)
           ^^^^^^^^^^^^^^^^^^^^^^^^^^^^^^^^^^^^^^^^^^^^^^^^^^^^^^^^^^^^^^^^^^^^^^^^
  File "C:\Users\FreeP0rn\AppData\Local\Programs\Python\Python314\Lib\site-packages\aiogram\dispatcher\router.py", line 153, in _wrapped
    return await self._propagate_event(
           ^^^^^^^^^^^^^^^^^^^^^^^^^^^^
    ...<4 lines>...
    )
    ^
  File "C:\Users\FreeP0rn\AppData\Local\Programs\Python\Python314\Lib\site-packages\aiogram\dispatcher\router.py", line 181, in _propagate_event
    response = await observer.trigger(event, **kwargs)
               ^^^^^^^^^^^^^^^^^^^^^^^^^^^^^^^^^^^^^^^
  File "C:\Users\FreeP0rn\AppData\Local\Programs\Python\Python314\Lib\site-packages\aiogram\dispatcher\event\telegram.py", line 126, in trigger
    return await wrapped_inner(event, kwargs)
           ^^^^^^^^^^^^^^^^^^^^^^^^^^^^^^^^^^
  File "C:\_BOTS\BeerMarketMiniAppBot v0.98.8 server\pythonProject\telegram_bot.py", line 923, in __call__
    return await handler(event, data)
           ^^^^^^^^^^^^^^^^^^^^^^^^^^
  File "C:\_BOTS\BeerMarketMiniAppBot v0.98.8 server\pythonProject\telegram_bot.py", line 954, in __call__
    return await handler(event, data)
           ^^^^^^^^^^^^^^^^^^^^^^^^^^
  File "C:\_BOTS\BeerMarketMiniAppBot v0.98.8 server\pythonProject\telegram_bot.py", line 987, in __call__
    return await handler(event, data)
           ^^^^^^^^^^^^^^^^^^^^^^^^^^
  File "C:\Users\FreeP0rn\AppData\Local\Programs\Python\Python314\Lib\site-packages\aiogram\dispatcher\event\handler.py", line 71, in call
    return await wrapped()
           ^^^^^^^^^^^^^^^
  File "C:\_BOTS\BeerMarketMiniAppBot v0.98.8 server\pythonProject\handlers\news_manage.py", line 474, in news_edit_category_prompt
    await cq.message.edit_text(
    ...<3 lines>...
    )
  File "C:\Users\FreeP0rn\AppData\Local\Programs\Python\Python314\Lib\site-packages\aiogram\methods\base.py", line 82, in emit
    return await bot(self)
           ^^^^^^^^^^^^^^^
  File "C:\Users\FreeP0rn\AppData\Local\Programs\Python\Python314\Lib\site-packages\aiogram\client\bot.py", line 488, in __call__
    return await self.session(self, method, timeout=request_timeout)
           ^^^^^^^^^^^^^^^^^^^^^^^^^^^^^^^^^^^^^^^^^^^^^^^^^^^^^^^^^
  File "C:\Users\FreeP0rn\AppData\Local\Programs\Python\Python314\Lib\site-packages\aiogram\client\session\base.py", line 259, in __call__
    return cast(TelegramType, await middleware(bot, method))
                              ^^^^^^^^^^^^^^^^^^^^^^^^^^^^^
  File "C:\Users\FreeP0rn\AppData\Local\Programs\Python\Python314\Lib\site-packages\aiogram\client\session\aiohttp.py", line 177, in make_request
    response = self.check_response(
        bot=bot,
    ...<2 lines>...
        content=raw_result,
    )
  File "C:\Users\FreeP0rn\AppData\Local\Programs\Python\Python314\Lib\site-packages\aiogram\client\session\base.py", line 121, in check_response
    raise TelegramBadRequest(method=method, message=description)
aiogram.exceptions.TelegramBadRequest: Telegram server says - Bad Request: BUTTON_DATA_INVALID
2026-04-23 19:24:22 | INFO | audit | {'t': 'msg', 'ok': True, 'ms': 184, 'req': 'dcb77438', 'bot': 8429636798, 'uid': 1188061961, 'user': 'Re1ze_r', 'name': 'Vadim BeerMarket', 'role': 'moderator', 'chat': 1188061961, 'chat_type': 'private', 'msg_id': 19091, 'kind': <ContentType.TEXT: 'text'>, 'text': '▶️ Старт', 'caption_len': 0, 'entities': 0, 'state': None}
2026-04-23 19:24:22 | INFO | aiogram.event | Update id=617466024 is handled. Duration 194 ms by bot id=8429636798
2026-04-23 19:30:06 | INFO | audit | {'t': 'msg', 'ok': True, 'ms': 313, 'req': 'c94b1945', 'bot': 8429636798, 'uid': 1188061961, 'user': 'Re1ze_r', 'name': 'Vadim BeerMarket', 'role': 'moderator', 'chat': 1188061961, 'chat_type': 'private', 'msg_id': 19093, 'kind': <ContentType.TEXT: 'text'>, 'text': '📰 Управление новостями', 'caption_len': 0, 'entities': 0, 'state': None}
2026-04-23 19:30:06 | INFO | aiogram.event | Update id=617466025 is handled. Duration 318 ms by bot id=8429636798
2026-04-23 19:30:08 | INFO | audit | {'t': 'cb', 'ok': True, 'ms': 291, 'req': '6e9de9f3', 'bot': 8429636798, 'uid': 1188061961, 'user': 'Re1ze_r', 'name': 'Vadim BeerMarket', 'role': 'moderator', 'chat': 1188061961, 'cb_id': '5102687269862214552', 'msg_id': 19094, 'data': 'news:create', 'state': 'NewsCreateStates:waiting_title'}
2026-04-23 19:30:08 | INFO | aiogram.event | Update id=617466026 is handled. Duration 295 ms by bot id=8429636798
2026-04-23 19:30:12 | INFO | audit | {'t': 'msg', 'ok': True, 'ms': 153, 'req': '2df49f9f', 'bot': 8429636798, 'uid': 1188061961, 'user': 'Re1ze_r', 'name': 'Vadim BeerMarket', 'role': 'moderator', 'chat': 1188061961, 'chat_type': 'private', 'msg_id': 19096, 'kind': <ContentType.TEXT: 'text'>, 'text': 'Тест', 'caption_len': 0, 'entities': 0, 'state': 'NewsCreateStates:waiting_text'}
2026-04-23 19:30:12 | INFO | aiogram.event | Update id=617466027 is handled. Duration 158 ms by bot id=8429636798
2026-04-23 19:30:16 | INFO | audit | {'t': 'msg', 'ok': True, 'ms': 163, 'req': 'a04cdd03', 'bot': 8429636798, 'uid': 1188061961, 'user': 'Re1ze_r', 'name': 'Vadim BeerMarket', 'role': 'moderator', 'chat': 1188061961, 'chat_type': 'private', 'msg_id': 19098, 'kind': <ContentType.TEXT: 'text'>, 'text': '123', 'caption_len': 0, 'entities': 0, 'state': None}
2026-04-23 19:30:16 | INFO | aiogram.event | Update id=617466028 is handled. Duration 168 ms by bot id=8429636798
2026-04-23 19:30:26 | INFO | audit | {'t': 'cb', 'ok': True, 'ms': 335, 'req': '0749d967', 'bot': 8429636798, 'uid': 1188061961, 'user': 'Re1ze_r', 'name': 'Vadim BeerMarket', 'role': 'moderator', 'chat': 1188061961, 'cb_id': '5102687269634939581', 'msg_id': 19099, 'data': 'news:delete:79a4ccfbafc041cbb0517605f7b36dbf:0:draft', 'state': None}
2026-04-23 19:30:26 | INFO | aiogram.event | Update id=617466029 is handled. Duration 341 ms by bot id=8429636798
2026-04-23 19:30:28 | INFO | audit | {'t': 'cb', 'ok': True, 'ms': 312, 'req': '119130ef', 'bot': 8429636798, 'uid': 1188061961, 'user': 'Re1ze_r', 'name': 'Vadim BeerMarket', 'role': 'moderator', 'chat': 1188061961, 'cb_id': '5102687269209763981', 'msg_id': 19099, 'data': 'news:menu', 'state': None}
2026-04-23 19:30:28 | INFO | aiogram.event | Update id=617466030 is handled. Duration 316 ms by bot id=8429636798
2026-04-23 19:31:08 | INFO | aiogram.dispatcher | Polling stopped
2026-04-23 19:31:09 | INFO | aiogram.dispatcher | Polling stopped for bot @BeerMarket_nsk_bot id=8429636798 - 'BeerMarketBot🍺'
2026-04-23 19:42:19 | INFO | telegram_bot | Mini App URL configured: https://app.freep0rndeveloper.website/?api_base=https://api.freep0rndeveloper.website/
2026-04-23 19:42:19 | INFO | __main__ | BOT_TOKEN валиден.
2026-04-23 19:42:24 | INFO | root | Нашли заголовки детальной таблицы на строке: 21
2026-04-23 19:42:24 | INFO | root | Скачан и валидирован файл дебиторки: downloads\Дебиторская задолженность по срокам долга - Прокопенко (XLS).xls
2026-04-23 19:42:24 | INFO | __main__ | Файл получен: downloads\Дебиторская задолженность по срокам долга - Прокопенко (XLS).xls
2026-04-23 19:42:25 | INFO | root | Нашли заголовки детальной таблицы на строке: 21
2026-04-23 19:42:25 | WARNING | root | Несовпадение 'наш долг' у клиента 'Полончук Алёна Николаевна ИП Воротников (Игарская ул, дом № 42)': шапка=5400.00, по строкам=0.00
2026-04-23 19:42:25 | WARNING | root | Несовпадение 'наш долг' у клиента 'Есинский А. Е. ИП - Колягин (Озерный п, Солнечный мкр, дом № 333)': шапка=70.38, по строкам=3.00
2026-04-23 19:42:25 | WARNING | root | Несовпадение 'наш долг' у клиента '_ГАРМОНИЯ ООО - Токарев (2-й Бронный пер, дом № 28/1)': шапка=552.18, по строкам=0.00
2026-04-23 19:42:25 | WARNING | root | Несовпадение 'наш долг' у клиента 'Судилкина И.О. ИП - Токарев ГОЛОВНОЙ': шапка=0.04, по строкам=0.00
2026-04-23 19:42:25 | WARNING | root | Несовпадение 'наш долг' у клиента 'Беккер Н. М. ИП - Токарев (Петухова ул, дом № 91)': шапка=0.10, по строкам=0.00
2026-04-23 19:42:25 | WARNING | root | Несовпадение 'наш долг' у клиента 'Паруйрян Эдгар Мишаи ИП - Воротников (Дениса Давыдова ул, дом № 4) (У)': шапка=0.30, по строкам=0.00
2026-04-23 19:42:25 | WARNING | root | Несовпадение 'наш долг' у клиента 'Рузибоева Феруза Нуриллаевна ИП': шапка=0.64, по строкам=0.00
2026-04-23 19:42:25 | WARNING | root | Несовпадение 'наш долг' у клиента 'Цыганкова Ирина Николаевна ИП - Колягин (Мочище дп, Обская ул, дом № 24) (У)': шапка=50.00, по строкам=0.00
2026-04-23 19:42:25 | WARNING | root | Несовпадение 'наш долг' у клиента 'Пронькина Марина Викторовна ИП - Колягин': шапка=60.00, по строкам=0.00
2026-04-23 19:42:25 | WARNING | root | Несовпадение 'наш долг' у клиента 'Балакшина О. А.  ИП - Токарев (Ленинское с, Школьная ул, дом № 3)': шапка=240.00, по строкам=0.00
2026-04-23 19:42:25 | WARNING | root | Несовпадение 'наш долг' у клиента 'Текутьев Николай Сергеевич ИП- Воротников (Шоссейная, 2)': шапка=676.00, по строкам=0.00
2026-04-23 19:42:25 | WARNING | root | Несовпадение 'наш долг' у клиента 'Маджента ООО - Воротников ГОЛОВНОЙ': шапка=761.80, по строкам=0.00
2026-04-23 19:42:25 | WARNING | root | Несовпадение 'наш долг' у клиента 'Петрова Вероника Сергеевна ИП - Воротников': шапка=2300.00, по строкам=0.00
2026-04-23 19:42:25 | WARNING | root | Несовпадение 'наш долг' у клиента 'Баранова Юлия Николаевна ИП - Воротников': шапка=2555.10, по строкам=0.00
2026-04-23 19:42:25 | WARNING | root | Несовпадение 'наш долг' у клиента 'Савина А.И. ИП - Воротников ГОЛОВНОЙ': шапка=2930.78, по строкам=0.00
2026-04-23 19:42:26 | WARNING | root | Несовпадение 'наш долг' у клиента 'ВИКТОР ООО - Щербатов ГОЛОВНОЙ': шапка=4563.50, по строкам=0.00
2026-04-23 19:42:26 | WARNING | root | Несовпадение 'наш долг' у клиента 'Блинкова Анна Павловна  ИП - Воротников': шапка=8583.00, по строкам=0.00
2026-04-23 19:42:26 | WARNING | root | Несовпадение 'наш долг' у клиента 'Воронецкий Е. Ю. ИП - Колягин': шапка=11240.00, по строкам=0.00
2026-04-23 19:42:26 | WARNING | root | Несовпадение 'наш долг' у клиента 'nan': шапка=158197.14, по строкам=0.00
2026-04-23 19:42:26 | INFO | root | Собрано клиентов: 318
2026-04-23 19:42:26 | INFO | __main__ | Отчёт на 23.04.2026 | клиентов: 318
2026-04-23 19:42:26 | INFO | __main__ | 01. nan | сум: 10501457.77 | проср: 10053641.86 | наш долг: 158197.14 | доков: 0
2026-04-23 19:42:26 | INFO | __main__ | 02. ГЕРАНИОЛ ООО - Воротников (НСТ СТроитель, д 3/1а) | сум: 325361.78 | проср: 325361.78 | наш долг: 0.00 | доков: 2
2026-04-23 19:42:26 | INFO | __main__ | 03. ГЕРАНИОЛ ООО - Воротников (Березовая ул, дом № 13) | сум: 301250.16 | проср: 301250.16 | наш долг: 0.00 | доков: 2
2026-04-23 19:42:26 | INFO | __main__ | 04. ГЕРАНИОЛ ООО - Воротников (Березовая ул, дом № 7а) | сум: 300624.40 | проср: 300624.40 | наш долг: 0.00 | доков: 1
2026-04-23 19:42:26 | INFO | __main__ | 05. ГЕРАНИОЛ ООО - Воротников (Журналист тер. СНТ, Межозерная ул, дом № 34) | сум: 292233.96 | проср: 292233.96 | наш долг: 0.00 | доков: 4
2026-04-23 19:42:26 | INFO | __main__ | 06. ГЕРАНИОЛ ООО - Воротников (Благое мкр Солнечная ул, дом № 3) | сум: 278168.76 | проср: 278168.76 | наш долг: 0.00 | доков: 2
2026-04-23 19:42:26 | INFO | __main__ | 07. ГЕРАНИОЛ ООО - Воротников (Дачная ул, дом № 31, корпус 1) | сум: 269669.11 | проср: 269669.11 | наш долг: 0.00 | доков: 2
2026-04-23 19:42:26 | INFO | __main__ | 08. ГЕРАНИОЛ ООО - Воротников (Римского-Корсакова ул, дом № 28) | сум: 263676.28 | проср: 263676.28 | наш долг: 0.00 | доков: 4
2026-04-23 19:42:26 | INFO | __main__ | 09. ГЕРАНИОЛ ООО - Воротников (Тульская ул, дом № 80) | сум: 250703.58 | проср: 250703.58 | наш долг: 0.00 | доков: 1
2026-04-23 19:42:26 | INFO | __main__ | 10. ГЕРАНИОЛ ООО - Воротников (Нахимова ул, дом № 4) | сум: 226494.12 | проср: 226494.12 | наш долг: 0.00 | доков: 1
2026-04-23 19:42:26 | INFO | aiogram.dispatcher | Start polling
2026-04-23 19:42:26 | INFO | telegram_bot | Daily fetch: next run in 53314 sec (now 2026-04-23 19:42:26, tz Asia/Novosibirsk)
2026-04-23 19:42:26 | INFO | aiogram.dispatcher | Run polling for bot @BeerMarket_nsk_bot id=8429636798 - 'BeerMarketBot🍺'
2026-04-23 19:43:42 | INFO | audit | {'t': 'msg', 'ok': True, 'ms': 477, 'req': 'acc159cc', 'bot': 8429636798, 'uid': 1188061961, 'user': 'Re1ze_r', 'name': 'Vadim BeerMarket', 'role': 'moderator', 'chat': 1188061961, 'chat_type': 'private', 'msg_id': 19100, 'kind': <ContentType.TEXT: 'text'>, 'text': '▶️ Старт', 'caption_len': 0, 'entities': 0, 'state': None}
2026-04-23 19:43:42 | INFO | aiogram.event | Update id=617466031 is handled. Duration 485 ms by bot id=8429636798
2026-04-23 19:43:56 | INFO | audit | {'t': 'msg', 'ok': True, 'ms': 177, 'req': 'dd6d9d45', 'bot': 8429636798, 'uid': 1188061961, 'user': 'Re1ze_r', 'name': 'Vadim BeerMarket', 'role': 'moderator', 'chat': 1188061961, 'chat_type': 'private', 'msg_id': 19102, 'kind': <ContentType.TEXT: 'text'>, 'text': '📰 Управление новостями', 'caption_len': 0, 'entities': 0, 'state': None}
2026-04-23 19:43:56 | INFO | aiogram.event | Update id=617466032 is handled. Duration 181 ms by bot id=8429636798
2026-04-23 19:43:58 | INFO | audit | {'t': 'cb', 'ok': True, 'ms': 288, 'req': '2f07f123', 'bot': 8429636798, 'uid': 1188061961, 'user': 'Re1ze_r', 'name': 'Vadim BeerMarket', 'role': 'moderator', 'chat': 1188061961, 'cb_id': '5102687269358786240', 'msg_id': 19103, 'data': 'news:sync', 'state': None}
2026-04-23 19:43:58 | INFO | aiogram.event | Update id=617466033 is handled. Duration 293 ms by bot id=8429636798
2026-04-23 19:44:01 | INFO | audit | {'t': 'cb', 'ok': True, 'ms': 299, 'req': '08ff3ea4', 'bot': 8429636798, 'uid': 1188061961, 'user': 'Re1ze_r', 'name': 'Vadim BeerMarket', 'role': 'moderator', 'chat': 1188061961, 'cb_id': '5102687271193869926', 'msg_id': 19103, 'data': 'news:list:published:0', 'state': None}
2026-04-23 19:44:01 | INFO | aiogram.event | Update id=617466034 is handled. Duration 303 ms by bot id=8429636798
2026-04-23 19:44:03 | INFO | audit | {'t': 'cb', 'ok': True, 'ms': 322, 'req': '99becfad', 'bot': 8429636798, 'uid': 1188061961, 'user': 'Re1ze_r', 'name': 'Vadim BeerMarket', 'role': 'moderator', 'chat': 1188061961, 'cb_id': '5102687269820587819', 'msg_id': 19103, 'data': 'news:item:16ea78271ad442af86e0cabe79f101bc:0:published', 'state': None}
2026-04-23 19:44:03 | INFO | aiogram.event | Update id=617466035 is handled. Duration 359 ms by bot id=8429636798
2026-04-23 19:44:04 | INFO | audit | {'t': 'cb', 'ok': True, 'ms': 340, 'req': '578e01e7', 'bot': 8429636798, 'uid': 1188061961, 'user': 'Re1ze_r', 'name': 'Vadim BeerMarket', 'role': 'moderator', 'chat': 1188061961, 'cb_id': '5102687270026514979', 'msg_id': 19103, 'data': 'news:cat:16ea78271ad442af86e0cabe79f101bc:0:p', 'state': None}
2026-04-23 19:44:04 | INFO | aiogram.event | Update id=617466036 is handled. Duration 350 ms by bot id=8429636798
2026-04-23 19:44:08 | INFO | audit | {'t': 'cb', 'ok': True, 'ms': 314, 'req': 'c8b2e810', 'bot': 8429636798, 'uid': 1188061961, 'user': 'Re1ze_r', 'name': 'Vadim BeerMarket', 'role': 'moderator', 'chat': 1188061961, 'cb_id': '5102687268680862075', 'msg_id': 19103, 'data': 'news:setcat:16ea78271ad442af86e0cabe79f101bc:promo:0:p', 'state': None}
2026-04-23 19:44:08 | INFO | aiogram.event | Update id=617466037 is handled. Duration 320 ms by bot id=8429636798
2026-04-23 19:44:13 | INFO | audit | {'t': 'cb', 'ok': True, 'ms': 303, 'req': '431267b6', 'bot': 8429636798, 'uid': 1188061961, 'user': 'Re1ze_r', 'name': 'Vadim BeerMarket', 'role': 'moderator', 'chat': 1188061961, 'cb_id': '5102687268479805980', 'msg_id': 19103, 'data': 'news:list:published:0', 'state': None}
2026-04-23 19:44:13 | INFO | aiogram.event | Update id=617466038 is handled. Duration 307 ms by bot id=8429636798
2026-04-23 19:44:16 | INFO | audit | {'t': 'cb', 'ok': True, 'ms': 303, 'req': 'c3cc8027', 'bot': 8429636798, 'uid': 1188061961, 'user': 'Re1ze_r', 'name': 'Vadim BeerMarket', 'role': 'moderator', 'chat': 1188061961, 'cb_id': '5102687270141830394', 'msg_id': 19103, 'data': 'news:item:76b388ad91174cf9a0fbf6b1d1d004a3:0:published', 'state': None}
2026-04-23 19:44:16 | INFO | aiogram.event | Update id=617466039 is handled. Duration 307 ms by bot id=8429636798
2026-04-23 19:44:18 | INFO | audit | {'t': 'cb', 'ok': True, 'ms': 441, 'req': '57ae5ceb', 'bot': 8429636798, 'uid': 1188061961, 'user': 'Re1ze_r', 'name': 'Vadim BeerMarket', 'role': 'moderator', 'chat': 1188061961, 'cb_id': '5102687270221386894', 'msg_id': 19103, 'data': 'news:cat:76b388ad91174cf9a0fbf6b1d1d004a3:0:p', 'state': None}
2026-04-23 19:44:18 | INFO | aiogram.event | Update id=617466040 is handled. Duration 502 ms by bot id=8429636798
2026-04-23 19:44:21 | INFO | audit | {'t': 'cb', 'ok': True, 'ms': 314, 'req': '2d96af2c', 'bot': 8429636798, 'uid': 1188061961, 'user': 'Re1ze_r', 'name': 'Vadim BeerMarket', 'role': 'moderator', 'chat': 1188061961, 'cb_id': '5102687268936432489', 'msg_id': 19103, 'data': 'news:setcat:76b388ad91174cf9a0fbf6b1d1d004a3:system:0:p', 'state': None}
2026-04-23 19:44:21 | INFO | aiogram.event | Update id=617466041 is handled. Duration 320 ms by bot id=8429636798
2026-04-23 19:45:12 | INFO | aiogram.dispatcher | Polling stopped
2026-04-23 19:45:12 | INFO | aiogram.dispatcher | Polling stopped for bot @BeerMarket_nsk_bot id=8429636798 - 'BeerMarketBot🍺'
2026-04-23 19:48:18 | INFO | telegram_bot | Mini App URL configured: https://app.freep0rndeveloper.website/?api_base=https://api.freep0rndeveloper.website/
2026-04-23 19:48:18 | INFO | __main__ | BOT_TOKEN валиден.
2026-04-23 19:48:22 | INFO | root | Нашли заголовки детальной таблицы на строке: 21
2026-04-23 19:48:22 | INFO | root | Скачан и валидирован файл дебиторки: downloads\Дебиторская задолженность по срокам долга - Прокопенко (XLS).xls
2026-04-23 19:48:22 | INFO | __main__ | Файл получен: downloads\Дебиторская задолженность по срокам долга - Прокопенко (XLS).xls
2026-04-23 19:48:23 | INFO | root | Нашли заголовки детальной таблицы на строке: 21
2026-04-23 19:48:23 | WARNING | root | Несовпадение 'наш долг' у клиента 'Полончук Алёна Николаевна ИП Воротников (Игарская ул, дом № 42)': шапка=5400.00, по строкам=0.00
2026-04-23 19:48:23 | WARNING | root | Несовпадение 'наш долг' у клиента 'Есинский А. Е. ИП - Колягин (Озерный п, Солнечный мкр, дом № 333)': шапка=70.38, по строкам=3.00
2026-04-23 19:48:23 | WARNING | root | Несовпадение 'наш долг' у клиента '_ГАРМОНИЯ ООО - Токарев (2-й Бронный пер, дом № 28/1)': шапка=552.18, по строкам=0.00
2026-04-23 19:48:23 | WARNING | root | Несовпадение 'наш долг' у клиента 'Судилкина И.О. ИП - Токарев ГОЛОВНОЙ': шапка=0.04, по строкам=0.00
2026-04-23 19:48:23 | WARNING | root | Несовпадение 'наш долг' у клиента 'Беккер Н. М. ИП - Токарев (Петухова ул, дом № 91)': шапка=0.10, по строкам=0.00
2026-04-23 19:48:23 | WARNING | root | Несовпадение 'наш долг' у клиента 'Паруйрян Эдгар Мишаи ИП - Воротников (Дениса Давыдова ул, дом № 4) (У)': шапка=0.30, по строкам=0.00
2026-04-23 19:48:23 | WARNING | root | Несовпадение 'наш долг' у клиента 'Рузибоева Феруза Нуриллаевна ИП': шапка=0.64, по строкам=0.00
2026-04-23 19:48:23 | WARNING | root | Несовпадение 'наш долг' у клиента 'Цыганкова Ирина Николаевна ИП - Колягин (Мочище дп, Обская ул, дом № 24) (У)': шапка=50.00, по строкам=0.00
2026-04-23 19:48:23 | WARNING | root | Несовпадение 'наш долг' у клиента 'Пронькина Марина Викторовна ИП - Колягин': шапка=60.00, по строкам=0.00
2026-04-23 19:48:23 | WARNING | root | Несовпадение 'наш долг' у клиента 'Балакшина О. А.  ИП - Токарев (Ленинское с, Школьная ул, дом № 3)': шапка=240.00, по строкам=0.00
2026-04-23 19:48:23 | WARNING | root | Несовпадение 'наш долг' у клиента 'Текутьев Николай Сергеевич ИП- Воротников (Шоссейная, 2)': шапка=676.00, по строкам=0.00
2026-04-23 19:48:23 | WARNING | root | Несовпадение 'наш долг' у клиента 'Маджента ООО - Воротников ГОЛОВНОЙ': шапка=761.80, по строкам=0.00
2026-04-23 19:48:23 | WARNING | root | Несовпадение 'наш долг' у клиента 'Петрова Вероника Сергеевна ИП - Воротников': шапка=2300.00, по строкам=0.00
2026-04-23 19:48:23 | WARNING | root | Несовпадение 'наш долг' у клиента 'Баранова Юлия Николаевна ИП - Воротников': шапка=2555.10, по строкам=0.00
2026-04-23 19:48:23 | WARNING | root | Несовпадение 'наш долг' у клиента 'Савина А.И. ИП - Воротников ГОЛОВНОЙ': шапка=2930.78, по строкам=0.00
2026-04-23 19:48:23 | WARNING | root | Несовпадение 'наш долг' у клиента 'ВИКТОР ООО - Щербатов ГОЛОВНОЙ': шапка=4563.50, по строкам=0.00
2026-04-23 19:48:23 | WARNING | root | Несовпадение 'наш долг' у клиента 'Блинкова Анна Павловна  ИП - Воротников': шапка=8583.00, по строкам=0.00
2026-04-23 19:48:23 | WARNING | root | Несовпадение 'наш долг' у клиента 'Воронецкий Е. Ю. ИП - Колягин': шапка=11240.00, по строкам=0.00
2026-04-23 19:48:23 | WARNING | root | Несовпадение 'наш долг' у клиента 'nan': шапка=158197.14, по строкам=0.00
2026-04-23 19:48:23 | INFO | root | Собрано клиентов: 318
2026-04-23 19:48:23 | INFO | __main__ | Отчёт на 23.04.2026 | клиентов: 318
2026-04-23 19:48:23 | INFO | __main__ | 01. nan | сум: 10501457.77 | проср: 10053641.86 | наш долг: 158197.14 | доков: 0
2026-04-23 19:48:23 | INFO | __main__ | 02. ГЕРАНИОЛ ООО - Воротников (НСТ СТроитель, д 3/1а) | сум: 325361.78 | проср: 325361.78 | наш долг: 0.00 | доков: 2
2026-04-23 19:48:23 | INFO | __main__ | 03. ГЕРАНИОЛ ООО - Воротников (Березовая ул, дом № 13) | сум: 301250.16 | проср: 301250.16 | наш долг: 0.00 | доков: 2
2026-04-23 19:48:23 | INFO | __main__ | 04. ГЕРАНИОЛ ООО - Воротников (Березовая ул, дом № 7а) | сум: 300624.40 | проср: 300624.40 | наш долг: 0.00 | доков: 1
2026-04-23 19:48:23 | INFO | __main__ | 05. ГЕРАНИОЛ ООО - Воротников (Журналист тер. СНТ, Межозерная ул, дом № 34) | сум: 292233.96 | проср: 292233.96 | наш долг: 0.00 | доков: 4
2026-04-23 19:48:23 | INFO | __main__ | 06. ГЕРАНИОЛ ООО - Воротников (Благое мкр Солнечная ул, дом № 3) | сум: 278168.76 | проср: 278168.76 | наш долг: 0.00 | доков: 2
2026-04-23 19:48:23 | INFO | __main__ | 07. ГЕРАНИОЛ ООО - Воротников (Дачная ул, дом № 31, корпус 1) | сум: 269669.11 | проср: 269669.11 | наш долг: 0.00 | доков: 2
2026-04-23 19:48:23 | INFO | __main__ | 08. ГЕРАНИОЛ ООО - Воротников (Римского-Корсакова ул, дом № 28) | сум: 263676.28 | проср: 263676.28 | наш долг: 0.00 | доков: 4
2026-04-23 19:48:23 | INFO | __main__ | 09. ГЕРАНИОЛ ООО - Воротников (Тульская ул, дом № 80) | сум: 250703.58 | проср: 250703.58 | наш долг: 0.00 | доков: 1
2026-04-23 19:48:23 | INFO | __main__ | 10. ГЕРАНИОЛ ООО - Воротников (Нахимова ул, дом № 4) | сум: 226494.12 | проср: 226494.12 | наш долг: 0.00 | доков: 1
2026-04-23 19:48:24 | INFO | aiogram.dispatcher | Start polling
2026-04-23 19:48:24 | INFO | telegram_bot | Daily fetch: next run in 52956 sec (now 2026-04-23 19:48:24, tz Asia/Novosibirsk)
2026-04-23 19:48:24 | INFO | aiogram.dispatcher | Run polling for bot @BeerMarket_nsk_bot id=8429636798 - 'BeerMarketBot🍺'
2026-04-23 19:51:22 | INFO | aiogram.dispatcher | Polling stopped
2026-04-23 19:51:22 | ERROR | aiogram.dispatcher | Failed to fetch updates - TelegramNetworkError: HTTP Client says - ServerDisconnectedError: Server disconnected
2026-04-23 19:51:22 | WARNING | aiogram.dispatcher | Sleep for 1.000000 seconds and try again... (tryings = 0, bot id = 8429636798)
2026-04-23 19:51:22 | INFO | aiogram.dispatcher | Polling stopped for bot @BeerMarket_nsk_bot id=8429636798 - 'BeerMarketBot🍺'
2026-04-23 21:34:13 | INFO | telegram_bot | Mini App URL configured: https://app.freep0rndeveloper.website/?api_base=https://api.freep0rndeveloper.website/
2026-04-23 21:34:13 | INFO | __main__ | BOT_TOKEN валиден.
2026-04-23 21:34:15 | INFO | root | Нашли заголовки детальной таблицы на строке: 21
2026-04-23 21:34:15 | INFO | root | Скачан и валидирован файл дебиторки: downloads\Дебиторская задолженность по срокам долга - Прокопенко (XLS).xls
2026-04-23 21:34:15 | INFO | __main__ | Файл получен: downloads\Дебиторская задолженность по срокам долга - Прокопенко (XLS).xls
2026-04-23 21:34:16 | INFO | root | Нашли заголовки детальной таблицы на строке: 21
2026-04-23 21:34:16 | WARNING | root | Несовпадение 'наш долг' у клиента 'Полончук Алёна Николаевна ИП Воротников (Игарская ул, дом № 42)': шапка=5400.00, по строкам=0.00
2026-04-23 21:34:16 | WARNING | root | Несовпадение 'наш долг' у клиента 'Есинский А. Е. ИП - Колягин (Озерный п, Солнечный мкр, дом № 333)': шапка=70.38, по строкам=3.00
2026-04-23 21:34:16 | WARNING | root | Несовпадение 'наш долг' у клиента '_ГАРМОНИЯ ООО - Токарев (2-й Бронный пер, дом № 28/1)': шапка=552.18, по строкам=0.00
2026-04-23 21:34:16 | WARNING | root | Несовпадение 'наш долг' у клиента 'Судилкина И.О. ИП - Токарев ГОЛОВНОЙ': шапка=0.04, по строкам=0.00
2026-04-23 21:34:16 | WARNING | root | Несовпадение 'наш долг' у клиента 'Беккер Н. М. ИП - Токарев (Петухова ул, дом № 91)': шапка=0.10, по строкам=0.00
2026-04-23 21:34:16 | WARNING | root | Несовпадение 'наш долг' у клиента 'Паруйрян Эдгар Мишаи ИП - Воротников (Дениса Давыдова ул, дом № 4) (У)': шапка=0.30, по строкам=0.00
2026-04-23 21:34:16 | WARNING | root | Несовпадение 'наш долг' у клиента 'Рузибоева Феруза Нуриллаевна ИП': шапка=0.64, по строкам=0.00
2026-04-23 21:34:16 | WARNING | root | Несовпадение 'наш долг' у клиента 'Цыганкова Ирина Николаевна ИП - Колягин (Мочище дп, Обская ул, дом № 24) (У)': шапка=50.00, по строкам=0.00
2026-04-23 21:34:16 | WARNING | root | Несовпадение 'наш долг' у клиента 'Пронькина Марина Викторовна ИП - Колягин': шапка=60.00, по строкам=0.00
2026-04-23 21:34:16 | WARNING | root | Несовпадение 'наш долг' у клиента 'Балакшина О. А.  ИП - Токарев (Ленинское с, Школьная ул, дом № 3)': шапка=240.00, по строкам=0.00
2026-04-23 21:34:16 | WARNING | root | Несовпадение 'наш долг' у клиента 'Текутьев Николай Сергеевич ИП- Воротников (Шоссейная, 2)': шапка=676.00, по строкам=0.00
2026-04-23 21:34:16 | WARNING | root | Несовпадение 'наш долг' у клиента 'Маджента ООО - Воротников ГОЛОВНОЙ': шапка=761.80, по строкам=0.00
2026-04-23 21:34:16 | WARNING | root | Несовпадение 'наш долг' у клиента 'Петрова Вероника Сергеевна ИП - Воротников': шапка=2300.00, по строкам=0.00
2026-04-23 21:34:16 | WARNING | root | Несовпадение 'наш долг' у клиента 'Баранова Юлия Николаевна ИП - Воротников': шапка=2555.10, по строкам=0.00
2026-04-23 21:34:16 | WARNING | root | Несовпадение 'наш долг' у клиента 'Савина А.И. ИП - Воротников ГОЛОВНОЙ': шапка=2930.78, по строкам=0.00
2026-04-23 21:34:16 | WARNING | root | Несовпадение 'наш долг' у клиента 'ВИКТОР ООО - Щербатов ГОЛОВНОЙ': шапка=4563.50, по строкам=0.00
2026-04-23 21:34:16 | WARNING | root | Несовпадение 'наш долг' у клиента 'Блинкова Анна Павловна  ИП - Воротников': шапка=8583.00, по строкам=0.00
2026-04-23 21:34:16 | WARNING | root | Несовпадение 'наш долг' у клиента 'Воронецкий Е. Ю. ИП - Колягин': шапка=11240.00, по строкам=0.00
2026-04-23 21:34:16 | WARNING | root | Несовпадение 'наш долг' у клиента 'nan': шапка=158197.14, по строкам=0.00
2026-04-23 21:34:16 | INFO | root | Собрано клиентов: 318
2026-04-23 21:34:16 | INFO | __main__ | Отчёт на 23.04.2026 | клиентов: 318
2026-04-23 21:34:16 | INFO | __main__ | 01. nan | сум: 10501457.77 | проср: 10053641.86 | наш долг: 158197.14 | доков: 0
2026-04-23 21:34:16 | INFO | __main__ | 02. ГЕРАНИОЛ ООО - Воротников (НСТ СТроитель, д 3/1а) | сум: 325361.78 | проср: 325361.78 | наш долг: 0.00 | доков: 2
2026-04-23 21:34:16 | INFO | __main__ | 03. ГЕРАНИОЛ ООО - Воротников (Березовая ул, дом № 13) | сум: 301250.16 | проср: 301250.16 | наш долг: 0.00 | доков: 2
2026-04-23 21:34:16 | INFO | __main__ | 04. ГЕРАНИОЛ ООО - Воротников (Березовая ул, дом № 7а) | сум: 300624.40 | проср: 300624.40 | наш долг: 0.00 | доков: 1
2026-04-23 21:34:16 | INFO | __main__ | 05. ГЕРАНИОЛ ООО - Воротников (Журналист тер. СНТ, Межозерная ул, дом № 34) | сум: 292233.96 | проср: 292233.96 | наш долг: 0.00 | доков: 4
2026-04-23 21:34:16 | INFO | __main__ | 06. ГЕРАНИОЛ ООО - Воротников (Благое мкр Солнечная ул, дом № 3) | сум: 278168.76 | проср: 278168.76 | наш долг: 0.00 | доков: 2
2026-04-23 21:34:16 | INFO | __main__ | 07. ГЕРАНИОЛ ООО - Воротников (Дачная ул, дом № 31, корпус 1) | сум: 269669.11 | проср: 269669.11 | наш долг: 0.00 | доков: 2
2026-04-23 21:34:16 | INFO | __main__ | 08. ГЕРАНИОЛ ООО - Воротников (Римского-Корсакова ул, дом № 28) | сум: 263676.28 | проср: 263676.28 | наш долг: 0.00 | доков: 4
2026-04-23 21:34:16 | INFO | __main__ | 09. ГЕРАНИОЛ ООО - Воротников (Тульская ул, дом № 80) | сум: 250703.58 | проср: 250703.58 | наш долг: 0.00 | доков: 1
2026-04-23 21:34:16 | INFO | __main__ | 10. ГЕРАНИОЛ ООО - Воротников (Нахимова ул, дом № 4) | сум: 226494.12 | проср: 226494.12 | наш долг: 0.00 | доков: 1
2026-04-23 21:34:17 | INFO | aiogram.dispatcher | Start polling
2026-04-23 21:34:17 | INFO | telegram_bot | Daily fetch: next run in 46603 sec (now 2026-04-23 21:34:17, tz Asia/Novosibirsk)
2026-04-23 21:34:17 | INFO | aiogram.dispatcher | Run polling for bot @BeerMarket_testbot id=8304099970 - 'BeerMarket_test🍺'
2026-04-23 21:34:24 | INFO | audit | {'t': 'msg', 'ok': True, 'ms': 323, 'req': '607be1c7', 'bot': 8304099970, 'uid': 1188061961, 'user': 'Re1ze_r', 'name': 'Vadim BeerMarket', 'role': 'moderator', 'chat': 1188061961, 'chat_type': 'private', 'msg_id': 4931, 'kind': <ContentType.TEXT: 'text'>, 'text': '🔎 Поиск', 'caption_len': 0, 'entities': 0, 'state': 'SearchStates:waiting_query'}
2026-04-23 21:34:24 | INFO | aiogram.event | Update id=104059027 is handled. Duration 327 ms by bot id=8304099970
2026-04-23 21:34:30 | INFO | root | Нашли заголовки детальной таблицы на строке: 21
2026-04-23 21:34:30 | WARNING | root | Несовпадение 'наш долг' у клиента 'Полончук Алёна Николаевна ИП Воротников (Игарская ул, дом № 42)': шапка=5400.00, по строкам=0.00
2026-04-23 21:34:30 | WARNING | root | Несовпадение 'наш долг' у клиента 'Есинский А. Е. ИП - Колягин (Озерный п, Солнечный мкр, дом № 333)': шапка=70.38, по строкам=3.00
2026-04-23 21:34:30 | WARNING | root | Несовпадение 'наш долг' у клиента '_ГАРМОНИЯ ООО - Токарев (2-й Бронный пер, дом № 28/1)': шапка=552.18, по строкам=0.00
2026-04-23 21:34:30 | WARNING | root | Несовпадение 'наш долг' у клиента 'Судилкина И.О. ИП - Токарев ГОЛОВНОЙ': шапка=0.04, по строкам=0.00
2026-04-23 21:34:30 | WARNING | root | Несовпадение 'наш долг' у клиента 'Беккер Н. М. ИП - Токарев (Петухова ул, дом № 91)': шапка=0.10, по строкам=0.00
2026-04-23 21:34:30 | WARNING | root | Несовпадение 'наш долг' у клиента 'Паруйрян Эдгар Мишаи ИП - Воротников (Дениса Давыдова ул, дом № 4) (У)': шапка=0.30, по строкам=0.00
2026-04-23 21:34:30 | WARNING | root | Несовпадение 'наш долг' у клиента 'Рузибоева Феруза Нуриллаевна ИП': шапка=0.64, по строкам=0.00
2026-04-23 21:34:30 | WARNING | root | Несовпадение 'наш долг' у клиента 'Цыганкова Ирина Николаевна ИП - Колягин (Мочище дп, Обская ул, дом № 24) (У)': шапка=50.00, по строкам=0.00
2026-04-23 21:34:30 | WARNING | root | Несовпадение 'наш долг' у клиента 'Пронькина Марина Викторовна ИП - Колягин': шапка=60.00, по строкам=0.00
2026-04-23 21:34:30 | WARNING | root | Несовпадение 'наш долг' у клиента 'Балакшина О. А.  ИП - Токарев (Ленинское с, Школьная ул, дом № 3)': шапка=240.00, по строкам=0.00
2026-04-23 21:34:30 | WARNING | root | Несовпадение 'наш долг' у клиента 'Текутьев Николай Сергеевич ИП- Воротников (Шоссейная, 2)': шапка=676.00, по строкам=0.00
2026-04-23 21:34:30 | WARNING | root | Несовпадение 'наш долг' у клиента 'Маджента ООО - Воротников ГОЛОВНОЙ': шапка=761.80, по строкам=0.00
2026-04-23 21:34:30 | WARNING | root | Несовпадение 'наш долг' у клиента 'Петрова Вероника Сергеевна ИП - Воротников': шапка=2300.00, по строкам=0.00
2026-04-23 21:34:30 | WARNING | root | Несовпадение 'наш долг' у клиента 'Баранова Юлия Николаевна ИП - Воротников': шапка=2555.10, по строкам=0.00
2026-04-23 21:34:30 | WARNING | root | Несовпадение 'наш долг' у клиента 'Савина А.И. ИП - Воротников ГОЛОВНОЙ': шапка=2930.78, по строкам=0.00
2026-04-23 21:34:30 | WARNING | root | Несовпадение 'наш долг' у клиента 'ВИКТОР ООО - Щербатов ГОЛОВНОЙ': шапка=4563.50, по строкам=0.00
2026-04-23 21:34:30 | WARNING | root | Несовпадение 'наш долг' у клиента 'Блинкова Анна Павловна  ИП - Воротников': шапка=8583.00, по строкам=0.00
2026-04-23 21:34:30 | WARNING | root | Несовпадение 'наш долг' у клиента 'Воронецкий Е. Ю. ИП - Колягин': шапка=11240.00, по строкам=0.00
2026-04-23 21:34:30 | WARNING | root | Несовпадение 'наш долг' у клиента 'nan': шапка=158197.14, по строкам=0.00
2026-04-23 21:34:30 | INFO | root | Собрано клиентов: 318
2026-04-23 21:34:31 | INFO | audit | {'t': 'msg', 'ok': True, 'ms': 1818, 'req': '668211d6', 'bot': 8304099970, 'uid': 1188061961, 'user': 'Re1ze_r', 'name': 'Vadim BeerMarket', 'role': 'moderator', 'chat': 1188061961, 'chat_type': 'private', 'msg_id': 4933, 'kind': <ContentType.TEXT: 'text'>, 'text': 'Анохина', 'caption_len': 0, 'entities': 0, 'state': None}
2026-04-23 21:34:31 | INFO | aiogram.event | Update id=104059028 is handled. Duration 1828 ms by bot id=8304099970
2026-04-23 21:35:01 | INFO | telegram_bot | filters: entry by 1188061961 (Re1ze_r)
2026-04-23 21:35:01 | INFO | audit | {'t': 'msg', 'ok': True, 'ms': 190, 'req': '5a95ddc1', 'bot': 8304099970, 'uid': 1188061961, 'user': 'Re1ze_r', 'name': 'Vadim BeerMarket', 'role': 'moderator', 'chat': 1188061961, 'chat_type': 'private', 'msg_id': 4937, 'kind': <ContentType.TEXT: 'text'>, 'text': '🎛️ Фильтры', 'caption_len': 0, 'entities': 0, 'state': None}
2026-04-23 21:35:01 | INFO | aiogram.event | Update id=104059029 is handled. Duration 203 ms by bot id=8304099970
2026-04-23 21:35:03 | INFO | audit | {'t': 'cb', 'ok': True, 'ms': 291, 'req': '6c58e672', 'bot': 8304099970, 'uid': 1188061961, 'user': 'Re1ze_r', 'name': 'Vadim BeerMarket', 'role': 'moderator', 'chat': 1188061961, 'cb_id': '5102687270064379806', 'msg_id': 4938, 'data': 'flt:nav:1', 'state': None}
2026-04-23 21:35:03 | INFO | aiogram.event | Update id=104059030 is handled. Duration 297 ms by bot id=8304099970
2026-04-23 21:35:04 | INFO | audit | {'t': 'cb', 'ok': True, 'ms': 355, 'req': 'b1eb4130', 'bot': 8304099970, 'uid': 1188061961, 'user': 'Re1ze_r', 'name': 'Vadim BeerMarket', 'role': 'moderator', 'chat': 1188061961, 'cb_id': '5102687271149487384', 'msg_id': 4938, 'data': 'flt:nav:2', 'state': None}
2026-04-23 21:35:04 | INFO | aiogram.event | Update id=104059031 is handled. Duration 375 ms by bot id=8304099970
2026-04-23 21:35:06 | INFO | telegram_bot | filters: user=1188061961 updated hide_zero_debt_docs_enabled=False
2026-04-23 21:35:07 | INFO | audit | {'t': 'cb', 'ok': True, 'ms': 226, 'req': '7a5cd9ee', 'bot': 8304099970, 'uid': 1188061961, 'user': 'Re1ze_r', 'name': 'Vadim BeerMarket', 'role': 'moderator', 'chat': 1188061961, 'cb_id': '5102687271326615774', 'msg_id': 4938, 'data': 'flt:toggle:2:show', 'state': None}
2026-04-23 21:35:07 | INFO | aiogram.event | Update id=104059032 is handled. Duration 234 ms by bot id=8304099970
2026-04-23 21:35:10 | INFO | audit | {'t': 'msg', 'ok': True, 'ms': 130, 'req': 'f6643496', 'bot': 8304099970, 'uid': 1188061961, 'user': 'Re1ze_r', 'name': 'Vadim BeerMarket', 'role': 'moderator', 'chat': 1188061961, 'chat_type': 'private', 'msg_id': 4939, 'kind': <ContentType.TEXT: 'text'>, 'text': '🔎 Поиск', 'caption_len': 0, 'entities': 0, 'state': 'SearchStates:waiting_query'}
2026-04-23 21:35:10 | INFO | aiogram.event | Update id=104059033 is handled. Duration 139 ms by bot id=8304099970
2026-04-23 21:35:15 | INFO | root | Нашли заголовки детальной таблицы на строке: 21
2026-04-23 21:35:15 | WARNING | root | Несовпадение 'наш долг' у клиента 'Полончук Алёна Николаевна ИП Воротников (Игарская ул, дом № 42)': шапка=5400.00, по строкам=0.00
2026-04-23 21:35:15 | WARNING | root | Несовпадение 'наш долг' у клиента 'Есинский А. Е. ИП - Колягин (Озерный п, Солнечный мкр, дом № 333)': шапка=70.38, по строкам=3.00
2026-04-23 21:35:15 | WARNING | root | Несовпадение 'наш долг' у клиента '_ГАРМОНИЯ ООО - Токарев (2-й Бронный пер, дом № 28/1)': шапка=552.18, по строкам=0.00
2026-04-23 21:35:15 | WARNING | root | Несовпадение 'наш долг' у клиента 'Судилкина И.О. ИП - Токарев ГОЛОВНОЙ': шапка=0.04, по строкам=0.00
2026-04-23 21:35:15 | WARNING | root | Несовпадение 'наш долг' у клиента 'Беккер Н. М. ИП - Токарев (Петухова ул, дом № 91)': шапка=0.10, по строкам=0.00
2026-04-23 21:35:15 | WARNING | root | Несовпадение 'наш долг' у клиента 'Паруйрян Эдгар Мишаи ИП - Воротников (Дениса Давыдова ул, дом № 4) (У)': шапка=0.30, по строкам=0.00
2026-04-23 21:35:15 | WARNING | root | Несовпадение 'наш долг' у клиента 'Рузибоева Феруза Нуриллаевна ИП': шапка=0.64, по строкам=0.00
2026-04-23 21:35:15 | WARNING | root | Несовпадение 'наш долг' у клиента 'Цыганкова Ирина Николаевна ИП - Колягин (Мочище дп, Обская ул, дом № 24) (У)': шапка=50.00, по строкам=0.00
2026-04-23 21:35:15 | WARNING | root | Несовпадение 'наш долг' у клиента 'Пронькина Марина Викторовна ИП - Колягин': шапка=60.00, по строкам=0.00
2026-04-23 21:35:15 | WARNING | root | Несовпадение 'наш долг' у клиента 'Балакшина О. А.  ИП - Токарев (Ленинское с, Школьная ул, дом № 3)': шапка=240.00, по строкам=0.00
2026-04-23 21:35:15 | WARNING | root | Несовпадение 'наш долг' у клиента 'Текутьев Николай Сергеевич ИП- Воротников (Шоссейная, 2)': шапка=676.00, по строкам=0.00
2026-04-23 21:35:15 | WARNING | root | Несовпадение 'наш долг' у клиента 'Маджента ООО - Воротников ГОЛОВНОЙ': шапка=761.80, по строкам=0.00
2026-04-23 21:35:15 | WARNING | root | Несовпадение 'наш долг' у клиента 'Петрова Вероника Сергеевна ИП - Воротников': шапка=2300.00, по строкам=0.00
2026-04-23 21:35:15 | WARNING | root | Несовпадение 'наш долг' у клиента 'Баранова Юлия Николаевна ИП - Воротников': шапка=2555.10, по строкам=0.00
2026-04-23 21:35:15 | WARNING | root | Несовпадение 'наш долг' у клиента 'Савина А.И. ИП - Воротников ГОЛОВНОЙ': шапка=2930.78, по строкам=0.00
2026-04-23 21:35:15 | WARNING | root | Несовпадение 'наш долг' у клиента 'ВИКТОР ООО - Щербатов ГОЛОВНОЙ': шапка=4563.50, по строкам=0.00
2026-04-23 21:35:15 | WARNING | root | Несовпадение 'наш долг' у клиента 'Блинкова Анна Павловна  ИП - Воротников': шапка=8583.00, по строкам=0.00
2026-04-23 21:35:15 | WARNING | root | Несовпадение 'наш долг' у клиента 'Воронецкий Е. Ю. ИП - Колягин': шапка=11240.00, по строкам=0.00
2026-04-23 21:35:15 | WARNING | root | Несовпадение 'наш долг' у клиента 'nan': шапка=158197.14, по строкам=0.00
2026-04-23 21:35:15 | INFO | root | Собрано клиентов: 318
2026-04-23 21:35:15 | INFO | audit | {'t': 'msg', 'ok': True, 'ms': 1835, 'req': 'e858a84d', 'bot': 8304099970, 'uid': 1188061961, 'user': 'Re1ze_r', 'name': 'Vadim BeerMarket', 'role': 'moderator', 'chat': 1188061961, 'chat_type': 'private', 'msg_id': 4941, 'kind': <ContentType.TEXT: 'text'>, 'text': 'Анохина', 'caption_len': 0, 'entities': 0, 'state': None}
2026-04-23 21:35:15 | INFO | aiogram.event | Update id=104059034 is handled. Duration 1843 ms by bot id=8304099970
2026-04-23 21:35:42 | INFO | audit | {'t': 'msg', 'ok': True, 'ms': 118, 'req': '7e29b87f', 'bot': 8304099970, 'uid': 1188061961, 'user': 'Re1ze_r', 'name': 'Vadim BeerMarket', 'role': 'moderator', 'chat': 1188061961, 'chat_type': 'private', 'msg_id': 4945, 'kind': <ContentType.TEXT: 'text'>, 'text': '👥 Пользователи', 'caption_len': 0, 'entities': 0, 'state': None}
2026-04-23 21:35:42 | INFO | aiogram.event | Update id=104059035 is handled. Duration 125 ms by bot id=8304099970
2026-04-23 21:35:47 | INFO | audit | {'t': 'cb', 'ok': True, 'ms': 400, 'req': 'ae36c5be', 'bot': 8304099970, 'uid': 1188061961, 'user': 'Re1ze_r', 'name': 'Vadim BeerMarket', 'role': 'moderator', 'chat': 1188061961, 'cb_id': '5102687269461975034', 'msg_id': 4946, 'data': 'usr:sel:1188061961:0', 'state': None}
2026-04-23 21:35:47 | INFO | aiogram.event | Update id=104059036 is handled. Duration 406 ms by bot id=8304099970
2026-04-23 21:35:50 | INFO | audit | {'t': 'cb', 'ok': True, 'ms': 251, 'req': '0224e9ec', 'bot': 8304099970, 'uid': 1188061961, 'user': 'Re1ze_r', 'name': 'Vadim BeerMarket', 'role': 'moderator', 'chat': 1188061961, 'cb_id': '5102687272043983351', 'msg_id': 4946, 'data': 'usr:perms:1188061961:0', 'state': None}
2026-04-23 21:35:50 | INFO | aiogram.event | Update id=104059037 is handled. Duration 264 ms by bot id=8304099970
2026-04-23 21:35:53 | INFO | audit | {'t': 'cb', 'ok': True, 'ms': 223, 'req': '5f5f7980', 'bot': 8304099970, 'uid': 1188061961, 'user': 'Re1ze_r', 'name': 'Vadim BeerMarket', 'role': 'moderator', 'chat': 1188061961, 'cb_id': '5102687271822650510', 'msg_id': 4946, 'data': 'usr:sel:1188061961:0', 'state': None}
2026-04-23 21:35:53 | INFO | aiogram.event | Update id=104059038 is handled. Duration 250 ms by bot id=8304099970
2026-04-23 21:35:56 | INFO | audit | {'t': 'cb', 'ok': True, 'ms': 308, 'req': 'dc02dc19', 'bot': 8304099970, 'uid': 1188061961, 'user': 'Re1ze_r', 'name': 'Vadim BeerMarket', 'role': 'moderator', 'chat': 1188061961, 'cb_id': '5102687268139492403', 'msg_id': 4946, 'data': 'usr:list:0', 'state': None}
2026-04-23 21:35:56 | INFO | aiogram.event | Update id=104059039 is handled. Duration 328 ms by bot id=8304099970
2026-04-23 21:35:58 | INFO | audit | {'t': 'cb', 'ok': True, 'ms': 413, 'req': 'cbda1a32', 'bot': 8304099970, 'uid': 1188061961, 'user': 'Re1ze_r', 'name': 'Vadim BeerMarket', 'role': 'moderator', 'chat': 1188061961, 'cb_id': '5102687270607896580', 'msg_id': 4946, 'data': 'menu:back', 'state': None}
2026-04-23 21:35:58 | INFO | aiogram.event | Update id=104059040 is handled. Duration 421 ms by bot id=8304099970
2026-04-23 21:36:06 | INFO | audit | {'t': 'msg', 'ok': True, 'ms': 120, 'req': '851863b5', 'bot': 8304099970, 'uid': 237087423, 'user': 'Freep_o_0_rn', 'name': 'Freep_o_0_rn', 'role': 'admin', 'chat': 237087423, 'chat_type': 'private', 'msg_id': 4948, 'kind': <ContentType.TEXT: 'text'>, 'text': '👥 Пользователи', 'caption_len': 0, 'entities': 0, 'state': None}
2026-04-23 21:36:06 | INFO | aiogram.event | Update id=104059041 is handled. Duration 125 ms by bot id=8304099970
2026-04-23 21:36:15 | INFO | audit | {'t': 'cb', 'ok': True, 'ms': 280, 'req': '25bd7504', 'bot': 8304099970, 'uid': 237087423, 'user': 'Freep_o_0_rn', 'name': 'Freep_o_0_rn', 'role': 'admin', 'chat': 237087423, 'cb_id': '1018282728356508653', 'msg_id': 4949, 'data': 'usr:list:1', 'state': None}
2026-04-23 21:36:15 | INFO | aiogram.event | Update id=104059042 is handled. Duration 281 ms by bot id=8304099970
2026-04-23 21:36:19 | INFO | audit | {'t': 'cb', 'ok': True, 'ms': 214, 'req': 'b1c083b3', 'bot': 8304099970, 'uid': 237087423, 'user': 'Freep_o_0_rn', 'name': 'Freep_o_0_rn', 'role': 'admin', 'chat': 237087423, 'cb_id': '1018282729583385665', 'msg_id': 4949, 'data': 'usr:list:0', 'state': None}
2026-04-23 21:36:19 | INFO | aiogram.event | Update id=104059043 is handled. Duration 218 ms by bot id=8304099970
2026-04-23 21:36:28 | INFO | audit | {'t': 'cb', 'ok': True, 'ms': 229, 'req': 'e350e7c1', 'bot': 8304099970, 'uid': 237087423, 'user': 'Freep_o_0_rn', 'name': 'Freep_o_0_rn', 'role': 'admin', 'chat': 237087423, 'cb_id': '1018282729003853965', 'msg_id': 4949, 'data': 'usr:sel:1188061961:0', 'state': None}
2026-04-23 21:36:28 | INFO | aiogram.event | Update id=104059044 is handled. Duration 250 ms by bot id=8304099970
2026-04-23 21:36:35 | INFO | audit | {'t': 'cb', 'ok': True, 'ms': 219, 'req': '1de92a73', 'bot': 8304099970, 'uid': 237087423, 'user': 'Freep_o_0_rn', 'name': 'Freep_o_0_rn', 'role': 'admin', 'chat': 237087423, 'cb_id': '1018282730435599925', 'msg_id': 4949, 'data': 'usr:perms:1188061961:0', 'state': None}
2026-04-23 21:36:35 | INFO | aiogram.event | Update id=104059045 is handled. Duration 233 ms by bot id=8304099970
2026-04-23 21:36:40 | ERROR | telegram_bot | menu-refresh: failed to clear state for user=1188061961
Traceback (most recent call last):
  File "E:\Work\BeerMarkenBot\BeerMarketMiniAppBot v0.98.9\pythonProject\telegram_bot.py", line 5440, in push_user_menu_refresh
    fsm_ctx = await dp.fsm.get_context(bot=bot, chat_id=numeric_uid, user_id=numeric_uid)
TypeError: object FSMContext can't be used in 'await' expression
2026-04-23 21:36:40 | INFO | audit | {'t': 'cb', 'ok': True, 'ms': 625, 'req': 'eda3ffcd', 'bot': 8304099970, 'uid': 237087423, 'user': 'Freep_o_0_rn', 'name': 'Freep_o_0_rn', 'role': 'admin', 'chat': 237087423, 'cb_id': '1018282732008381111', 'msg_id': 4949, 'data': 'usr:setrole:1188061961:client', 'state': None}
2026-04-23 21:36:40 | INFO | aiogram.event | Update id=104059046 is handled. Duration 641 ms by bot id=8304099970
2026-04-23 21:36:44 | INFO | audit | {'t': 'cb', 'ok': True, 'ms': 219, 'req': '783444be', 'bot': 8304099970, 'uid': 237087423, 'user': 'Freep_o_0_rn', 'name': 'Freep_o_0_rn', 'role': 'admin', 'chat': 237087423, 'cb_id': '1018282729745511545', 'msg_id': 4949, 'data': 'usr:sel:1188061961:0', 'state': None}
2026-04-23 21:36:44 | INFO | aiogram.event | Update id=104059047 is handled. Duration 235 ms by bot id=8304099970
2026-04-23 21:36:46 | INFO | audit | {'t': 'cb', 'ok': True, 'ms': 222, 'req': '0e8eb376', 'bot': 8304099970, 'uid': 237087423, 'user': 'Freep_o_0_rn', 'name': 'Freep_o_0_rn', 'role': 'admin', 'chat': 237087423, 'cb_id': '1018282730434008726', 'msg_id': 4949, 'data': 'usr:editname:1188061961', 'state': 'AdminUserEditStates:waiting_name'}
2026-04-23 21:36:46 | INFO | aiogram.event | Update id=104059048 is handled. Duration 235 ms by bot id=8304099970
2026-04-23 21:36:49 | INFO | audit | {'t': 'msg', 'ok': True, 'ms': 120, 'req': '3cb338dd', 'bot': 8304099970, 'uid': 237087423, 'user': 'Freep_o_0_rn', 'name': 'Freep_o_0_rn', 'role': 'admin', 'chat': 237087423, 'chat_type': 'private', 'msg_id': 4954, 'kind': <ContentType.TEXT: 'text'>, 'text': 'Анохина', 'caption_len': 0, 'entities': 0, 'state': None}
2026-04-23 21:36:49 | INFO | aiogram.event | Update id=104059049 is handled. Duration 125 ms by bot id=8304099970
2026-04-23 21:36:54 | INFO | audit | {'t': 'msg', 'ok': True, 'ms': 175, 'req': 'b07c9134', 'bot': 8304099970, 'uid': 1188061961, 'user': 'Re1ze_r', 'name': 'Vadim BeerMarket', 'role': 'client', 'chat': 1188061961, 'chat_type': 'private', 'msg_id': 4956, 'kind': <ContentType.TEXT: 'text'>, 'text': '▶️ Старт', 'caption_len': 0, 'entities': 0, 'state': None}
2026-04-23 21:36:54 | INFO | aiogram.event | Update id=104059050 is handled. Duration 188 ms by bot id=8304099970
2026-04-23 21:36:57 | INFO | root | Нашли заголовки детальной таблицы на строке: 21
2026-04-23 21:36:57 | WARNING | root | Несовпадение 'наш долг' у клиента 'Полончук Алёна Николаевна ИП Воротников (Игарская ул, дом № 42)': шапка=5400.00, по строкам=0.00
2026-04-23 21:36:57 | WARNING | root | Несовпадение 'наш долг' у клиента 'Есинский А. Е. ИП - Колягин (Озерный п, Солнечный мкр, дом № 333)': шапка=70.38, по строкам=3.00
2026-04-23 21:36:57 | WARNING | root | Несовпадение 'наш долг' у клиента '_ГАРМОНИЯ ООО - Токарев (2-й Бронный пер, дом № 28/1)': шапка=552.18, по строкам=0.00
2026-04-23 21:36:57 | WARNING | root | Несовпадение 'наш долг' у клиента 'Судилкина И.О. ИП - Токарев ГОЛОВНОЙ': шапка=0.04, по строкам=0.00
2026-04-23 21:36:57 | WARNING | root | Несовпадение 'наш долг' у клиента 'Беккер Н. М. ИП - Токарев (Петухова ул, дом № 91)': шапка=0.10, по строкам=0.00
2026-04-23 21:36:57 | WARNING | root | Несовпадение 'наш долг' у клиента 'Паруйрян Эдгар Мишаи ИП - Воротников (Дениса Давыдова ул, дом № 4) (У)': шапка=0.30, по строкам=0.00
2026-04-23 21:36:58 | WARNING | root | Несовпадение 'наш долг' у клиента 'Рузибоева Феруза Нуриллаевна ИП': шапка=0.64, по строкам=0.00
2026-04-23 21:36:58 | WARNING | root | Несовпадение 'наш долг' у клиента 'Цыганкова Ирина Николаевна ИП - Колягин (Мочище дп, Обская ул, дом № 24) (У)': шапка=50.00, по строкам=0.00
2026-04-23 21:36:58 | WARNING | root | Несовпадение 'наш долг' у клиента 'Пронькина Марина Викторовна ИП - Колягин': шапка=60.00, по строкам=0.00
2026-04-23 21:36:58 | WARNING | root | Несовпадение 'наш долг' у клиента 'Балакшина О. А.  ИП - Токарев (Ленинское с, Школьная ул, дом № 3)': шапка=240.00, по строкам=0.00
2026-04-23 21:36:58 | WARNING | root | Несовпадение 'наш долг' у клиента 'Текутьев Николай Сергеевич ИП- Воротников (Шоссейная, 2)': шапка=676.00, по строкам=0.00
2026-04-23 21:36:58 | WARNING | root | Несовпадение 'наш долг' у клиента 'Маджента ООО - Воротников ГОЛОВНОЙ': шапка=761.80, по строкам=0.00
2026-04-23 21:36:58 | WARNING | root | Несовпадение 'наш долг' у клиента 'Петрова Вероника Сергеевна ИП - Воротников': шапка=2300.00, по строкам=0.00
2026-04-23 21:36:58 | WARNING | root | Несовпадение 'наш долг' у клиента 'Баранова Юлия Николаевна ИП - Воротников': шапка=2555.10, по строкам=0.00
2026-04-23 21:36:58 | WARNING | root | Несовпадение 'наш долг' у клиента 'Савина А.И. ИП - Воротников ГОЛОВНОЙ': шапка=2930.78, по строкам=0.00
2026-04-23 21:36:58 | WARNING | root | Несовпадение 'наш долг' у клиента 'ВИКТОР ООО - Щербатов ГОЛОВНОЙ': шапка=4563.50, по строкам=0.00
2026-04-23 21:36:58 | WARNING | root | Несовпадение 'наш долг' у клиента 'Блинкова Анна Павловна  ИП - Воротников': шапка=8583.00, по строкам=0.00
2026-04-23 21:36:58 | WARNING | root | Несовпадение 'наш долг' у клиента 'Воронецкий Е. Ю. ИП - Колягин': шапка=11240.00, по строкам=0.00
2026-04-23 21:36:58 | WARNING | root | Несовпадение 'наш долг' у клиента 'nan': шапка=158197.14, по строкам=0.00
2026-04-23 21:36:58 | INFO | root | Собрано клиентов: 318
2026-04-23 21:36:58 | INFO | audit | {'t': 'msg', 'ok': True, 'ms': 1665, 'req': '22cd9604', 'bot': 8304099970, 'uid': 1188061961, 'user': 'Re1ze_r', 'name': 'Vadim BeerMarket', 'role': 'client', 'chat': 1188061961, 'chat_type': 'private', 'msg_id': 4958, 'kind': <ContentType.TEXT: 'text'>, 'text': '🔎 Поиск', 'caption_len': 0, 'entities': 0, 'state': None}
2026-04-23 21:36:58 | INFO | aiogram.event | Update id=104059051 is handled. Duration 1672 ms by bot id=8304099970
2026-04-23 21:37:05 | INFO | telegram_bot | filters: entry by 1188061961 (Re1ze_r)
2026-04-23 21:37:05 | INFO | audit | {'t': 'msg', 'ok': True, 'ms': 122, 'req': 'f5058b34', 'bot': 8304099970, 'uid': 1188061961, 'user': 'Re1ze_r', 'name': 'Vadim BeerMarket', 'role': 'client', 'chat': 1188061961, 'chat_type': 'private', 'msg_id': 4961, 'kind': <ContentType.TEXT: 'text'>, 'text': '🎛️ Фильтры', 'caption_len': 0, 'entities': 0, 'state': None}
2026-04-23 21:37:05 | INFO | aiogram.event | Update id=104059052 is handled. Duration 125 ms by bot id=8304099970
2026-04-23 21:37:07 | INFO | audit | {'t': 'cb', 'ok': True, 'ms': 233, 'req': '9abdc7d9', 'bot': 8304099970, 'uid': 1188061961, 'user': 'Re1ze_r', 'name': 'Vadim BeerMarket', 'role': 'client', 'chat': 1188061961, 'cb_id': '5102687268348395777', 'msg_id': 4962, 'data': 'flt:nav:1', 'state': None}
2026-04-23 21:37:07 | INFO | aiogram.event | Update id=104059053 is handled. Duration 250 ms by bot id=8304099970
2026-04-23 21:37:08 | INFO | audit | {'t': 'cb', 'ok': True, 'ms': 244, 'req': 'e04a200d', 'bot': 8304099970, 'uid': 1188061961, 'user': 'Re1ze_r', 'name': 'Vadim BeerMarket', 'role': 'client', 'chat': 1188061961, 'cb_id': '5102687270990908842', 'msg_id': 4962, 'data': 'flt:nav:2', 'state': None}
2026-04-23 21:37:08 | INFO | aiogram.event | Update id=104059054 is handled. Duration 250 ms by bot id=8304099970
2026-04-23 21:37:12 | INFO | telegram_bot | filters: user=1188061961 requested hide_zero_debt_docs_enabled=True (default value)
2026-04-23 21:37:13 | INFO | audit | {'t': 'cb', 'ok': True, 'ms': 287, 'req': 'd3887512', 'bot': 8304099970, 'uid': 1188061961, 'user': 'Re1ze_r', 'name': 'Vadim BeerMarket', 'role': 'client', 'chat': 1188061961, 'cb_id': '5102687268909765166', 'msg_id': 4962, 'data': 'flt:toggle:2:hide', 'state': None}
2026-04-23 21:37:13 | INFO | aiogram.event | Update id=104059055 is handled. Duration 297 ms by bot id=8304099970
2026-04-23 21:37:23 | INFO | telegram_bot | filters: user=1188061961 updated hide_zero_debt_docs_enabled=False
2026-04-23 21:37:23 | INFO | audit | {'t': 'cb', 'ok': True, 'ms': 299, 'req': 'ea26986b', 'bot': 8304099970, 'uid': 1188061961, 'user': 'Re1ze_r', 'name': 'Vadim BeerMarket', 'role': 'client', 'chat': 1188061961, 'cb_id': '5102687269973643085', 'msg_id': 4962, 'data': 'flt:toggle:2:show', 'state': None}
2026-04-23 21:37:23 | INFO | aiogram.event | Update id=104059056 is handled. Duration 311 ms by bot id=8304099970
2026-04-23 21:37:28 | INFO | root | Нашли заголовки детальной таблицы на строке: 21
2026-04-23 21:37:28 | WARNING | root | Несовпадение 'наш долг' у клиента 'Полончук Алёна Николаевна ИП Воротников (Игарская ул, дом № 42)': шапка=5400.00, по строкам=0.00
2026-04-23 21:37:28 | WARNING | root | Несовпадение 'наш долг' у клиента 'Есинский А. Е. ИП - Колягин (Озерный п, Солнечный мкр, дом № 333)': шапка=70.38, по строкам=3.00
2026-04-23 21:37:28 | WARNING | root | Несовпадение 'наш долг' у клиента '_ГАРМОНИЯ ООО - Токарев (2-й Бронный пер, дом № 28/1)': шапка=552.18, по строкам=0.00
2026-04-23 21:37:28 | WARNING | root | Несовпадение 'наш долг' у клиента 'Судилкина И.О. ИП - Токарев ГОЛОВНОЙ': шапка=0.04, по строкам=0.00
2026-04-23 21:37:28 | WARNING | root | Несовпадение 'наш долг' у клиента 'Беккер Н. М. ИП - Токарев (Петухова ул, дом № 91)': шапка=0.10, по строкам=0.00
2026-04-23 21:37:28 | WARNING | root | Несовпадение 'наш долг' у клиента 'Паруйрян Эдгар Мишаи ИП - Воротников (Дениса Давыдова ул, дом № 4) (У)': шапка=0.30, по строкам=0.00
2026-04-23 21:37:28 | WARNING | root | Несовпадение 'наш долг' у клиента 'Рузибоева Феруза Нуриллаевна ИП': шапка=0.64, по строкам=0.00
2026-04-23 21:37:28 | WARNING | root | Несовпадение 'наш долг' у клиента 'Цыганкова Ирина Николаевна ИП - Колягин (Мочище дп, Обская ул, дом № 24) (У)': шапка=50.00, по строкам=0.00
2026-04-23 21:37:28 | WARNING | root | Несовпадение 'наш долг' у клиента 'Пронькина Марина Викторовна ИП - Колягин': шапка=60.00, по строкам=0.00
2026-04-23 21:37:28 | WARNING | root | Несовпадение 'наш долг' у клиента 'Балакшина О. А.  ИП - Токарев (Ленинское с, Школьная ул, дом № 3)': шапка=240.00, по строкам=0.00
2026-04-23 21:37:28 | WARNING | root | Несовпадение 'наш долг' у клиента 'Текутьев Николай Сергеевич ИП- Воротников (Шоссейная, 2)': шапка=676.00, по строкам=0.00
2026-04-23 21:37:28 | WARNING | root | Несовпадение 'наш долг' у клиента 'Маджента ООО - Воротников ГОЛОВНОЙ': шапка=761.80, по строкам=0.00
2026-04-23 21:37:28 | WARNING | root | Несовпадение 'наш долг' у клиента 'Петрова Вероника Сергеевна ИП - Воротников': шапка=2300.00, по строкам=0.00
2026-04-23 21:37:28 | WARNING | root | Несовпадение 'наш долг' у клиента 'Баранова Юлия Николаевна ИП - Воротников': шапка=2555.10, по строкам=0.00
2026-04-23 21:37:28 | WARNING | root | Несовпадение 'наш долг' у клиента 'Савина А.И. ИП - Воротников ГОЛОВНОЙ': шапка=2930.78, по строкам=0.00
2026-04-23 21:37:28 | WARNING | root | Несовпадение 'наш долг' у клиента 'ВИКТОР ООО - Щербатов ГОЛОВНОЙ': шапка=4563.50, по строкам=0.00
2026-04-23 21:37:28 | WARNING | root | Несовпадение 'наш долг' у клиента 'Блинкова Анна Павловна  ИП - Воротников': шапка=8583.00, по строкам=0.00
2026-04-23 21:37:28 | WARNING | root | Несовпадение 'наш долг' у клиента 'Воронецкий Е. Ю. ИП - Колягин': шапка=11240.00, по строкам=0.00
2026-04-23 21:37:28 | WARNING | root | Несовпадение 'наш долг' у клиента 'nan': шапка=158197.14, по строкам=0.00
2026-04-23 21:37:28 | INFO | root | Собрано клиентов: 318
2026-04-23 21:37:28 | INFO | audit | {'t': 'msg', 'ok': True, 'ms': 1675, 'req': '9b42bf9a', 'bot': 8304099970, 'uid': 1188061961, 'user': 'Re1ze_r', 'name': 'Vadim BeerMarket', 'role': 'client', 'chat': 1188061961, 'chat_type': 'private', 'msg_id': 4963, 'kind': <ContentType.TEXT: 'text'>, 'text': '🔎 Поиск', 'caption_len': 0, 'entities': 0, 'state': None}
2026-04-23 21:37:28 | INFO | aiogram.event | Update id=104059057 is handled. Duration 1671 ms by bot id=8304099970
2026-04-23 21:37:45 | INFO | audit | {'t': 'msg', 'ok': True, 'ms': 159, 'req': '6debe8d7', 'bot': 8304099970, 'uid': 237087423, 'user': 'Freep_o_0_rn', 'name': 'Freep_o_0_rn', 'role': 'admin', 'chat': 237087423, 'chat_type': 'private', 'msg_id': 4966, 'kind': <ContentType.TEXT: 'text'>, 'text': '🔎 Поиск', 'caption_len': 0, 'entities': 0, 'state': 'SearchStates:waiting_query'}
2026-04-23 21:37:45 | INFO | aiogram.event | Update id=104059058 is handled. Duration 172 ms by bot id=8304099970
2026-04-23 21:37:48 | INFO | root | Нашли заголовки детальной таблицы на строке: 21
2026-04-23 21:37:48 | WARNING | root | Несовпадение 'наш долг' у клиента 'Полончук Алёна Николаевна ИП Воротников (Игарская ул, дом № 42)': шапка=5400.00, по строкам=0.00
2026-04-23 21:37:48 | WARNING | root | Несовпадение 'наш долг' у клиента 'Есинский А. Е. ИП - Колягин (Озерный п, Солнечный мкр, дом № 333)': шапка=70.38, по строкам=3.00
2026-04-23 21:37:48 | WARNING | root | Несовпадение 'наш долг' у клиента '_ГАРМОНИЯ ООО - Токарев (2-й Бронный пер, дом № 28/1)': шапка=552.18, по строкам=0.00
2026-04-23 21:37:48 | WARNING | root | Несовпадение 'наш долг' у клиента 'Судилкина И.О. ИП - Токарев ГОЛОВНОЙ': шапка=0.04, по строкам=0.00
2026-04-23 21:37:48 | WARNING | root | Несовпадение 'наш долг' у клиента 'Беккер Н. М. ИП - Токарев (Петухова ул, дом № 91)': шапка=0.10, по строкам=0.00
2026-04-23 21:37:48 | WARNING | root | Несовпадение 'наш долг' у клиента 'Паруйрян Эдгар Мишаи ИП - Воротников (Дениса Давыдова ул, дом № 4) (У)': шапка=0.30, по строкам=0.00
2026-04-23 21:37:48 | WARNING | root | Несовпадение 'наш долг' у клиента 'Рузибоева Феруза Нуриллаевна ИП': шапка=0.64, по строкам=0.00
2026-04-23 21:37:48 | WARNING | root | Несовпадение 'наш долг' у клиента 'Цыганкова Ирина Николаевна ИП - Колягин (Мочище дп, Обская ул, дом № 24) (У)': шапка=50.00, по строкам=0.00
2026-04-23 21:37:48 | WARNING | root | Несовпадение 'наш долг' у клиента 'Пронькина Марина Викторовна ИП - Колягин': шапка=60.00, по строкам=0.00
2026-04-23 21:37:48 | WARNING | root | Несовпадение 'наш долг' у клиента 'Балакшина О. А.  ИП - Токарев (Ленинское с, Школьная ул, дом № 3)': шапка=240.00, по строкам=0.00
2026-04-23 21:37:48 | WARNING | root | Несовпадение 'наш долг' у клиента 'Текутьев Николай Сергеевич ИП- Воротников (Шоссейная, 2)': шапка=676.00, по строкам=0.00
2026-04-23 21:37:48 | WARNING | root | Несовпадение 'наш долг' у клиента 'Маджента ООО - Воротников ГОЛОВНОЙ': шапка=761.80, по строкам=0.00
2026-04-23 21:37:48 | WARNING | root | Несовпадение 'наш долг' у клиента 'Петрова Вероника Сергеевна ИП - Воротников': шапка=2300.00, по строкам=0.00
2026-04-23 21:37:48 | WARNING | root | Несовпадение 'наш долг' у клиента 'Баранова Юлия Николаевна ИП - Воротников': шапка=2555.10, по строкам=0.00
2026-04-23 21:37:48 | WARNING | root | Несовпадение 'наш долг' у клиента 'Савина А.И. ИП - Воротников ГОЛОВНОЙ': шапка=2930.78, по строкам=0.00
2026-04-23 21:37:48 | WARNING | root | Несовпадение 'наш долг' у клиента 'ВИКТОР ООО - Щербатов ГОЛОВНОЙ': шапка=4563.50, по строкам=0.00
2026-04-23 21:37:48 | WARNING | root | Несовпадение 'наш долг' у клиента 'Блинкова Анна Павловна  ИП - Воротников': шапка=8583.00, по строкам=0.00
2026-04-23 21:37:48 | WARNING | root | Несовпадение 'наш долг' у клиента 'Воронецкий Е. Ю. ИП - Колягин': шапка=11240.00, по строкам=0.00
2026-04-23 21:37:48 | WARNING | root | Несовпадение 'наш долг' у клиента 'nan': шапка=158197.14, по строкам=0.00
2026-04-23 21:37:48 | INFO | root | Собрано клиентов: 318
2026-04-23 21:37:48 | INFO | audit | {'t': 'msg', 'ok': True, 'ms': 1650, 'req': 'e3da6de2', 'bot': 8304099970, 'uid': 237087423, 'user': 'Freep_o_0_rn', 'name': 'Freep_o_0_rn', 'role': 'admin', 'chat': 237087423, 'chat_type': 'private', 'msg_id': 4968, 'kind': <ContentType.TEXT: 'text'>, 'text': '🎛️ Фильтры', 'caption_len': 0, 'entities': 0, 'state': None}
2026-04-23 21:37:48 | INFO | aiogram.event | Update id=104059059 is handled. Duration 1655 ms by bot id=8304099970
2026-04-23 21:37:52 | INFO | telegram_bot | filters: entry by 237087423 (Freep_o_0_rn)
2026-04-23 21:37:52 | INFO | audit | {'t': 'msg', 'ok': True, 'ms': 191, 'req': 'fdd9e5ed', 'bot': 8304099970, 'uid': 237087423, 'user': 'Freep_o_0_rn', 'name': 'Freep_o_0_rn', 'role': 'admin', 'chat': 237087423, 'chat_type': 'private', 'msg_id': 4971, 'kind': <ContentType.TEXT: 'text'>, 'text': '🎛️ Фильтры', 'caption_len': 0, 'entities': 0, 'state': None}
2026-04-23 21:37:52 | INFO | aiogram.event | Update id=104059060 is handled. Duration 202 ms by bot id=8304099970
2026-04-23 21:37:53 | INFO | audit | {'t': 'cb', 'ok': True, 'ms': 260, 'req': '809220cd', 'bot': 8304099970, 'uid': 237087423, 'user': 'Freep_o_0_rn', 'name': 'Freep_o_0_rn', 'role': 'admin', 'chat': 237087423, 'cb_id': '1018282729834969558', 'msg_id': 4972, 'data': 'flt:nav:1', 'state': None}
2026-04-23 21:37:53 | INFO | aiogram.event | Update id=104059061 is handled. Duration 264 ms by bot id=8304099970
2026-04-23 21:37:54 | INFO | audit | {'t': 'cb', 'ok': True, 'ms': 224, 'req': 'da745eca', 'bot': 8304099970, 'uid': 237087423, 'user': 'Freep_o_0_rn', 'name': 'Freep_o_0_rn', 'role': 'admin', 'chat': 237087423, 'cb_id': '1018282728807930710', 'msg_id': 4972, 'data': 'flt:nav:2', 'state': None}
2026-04-23 21:37:54 | INFO | aiogram.event | Update id=104059062 is handled. Duration 234 ms by bot id=8304099970
2026-04-23 21:38:41 | INFO | audit | {'t': 'msg', 'ok': True, 'ms': 116, 'req': '182afcc2', 'bot': 8304099970, 'uid': 237087423, 'user': 'Freep_o_0_rn', 'name': 'Freep_o_0_rn', 'role': 'admin', 'chat': 237087423, 'chat_type': 'private', 'msg_id': 4973, 'kind': <ContentType.TEXT: 'text'>, 'text': '🔎 Поиск', 'caption_len': 0, 'entities': 0, 'state': 'SearchStates:waiting_query'}
2026-04-23 21:38:41 | INFO | aiogram.event | Update id=104059063 is handled. Duration 125 ms by bot id=8304099970
2026-04-23 21:38:47 | INFO | root | Нашли заголовки детальной таблицы на строке: 21
2026-04-23 21:38:47 | WARNING | root | Несовпадение 'наш долг' у клиента 'Полончук Алёна Николаевна ИП Воротников (Игарская ул, дом № 42)': шапка=5400.00, по строкам=0.00
2026-04-23 21:38:47 | WARNING | root | Несовпадение 'наш долг' у клиента 'Есинский А. Е. ИП - Колягин (Озерный п, Солнечный мкр, дом № 333)': шапка=70.38, по строкам=3.00
2026-04-23 21:38:47 | WARNING | root | Несовпадение 'наш долг' у клиента '_ГАРМОНИЯ ООО - Токарев (2-й Бронный пер, дом № 28/1)': шапка=552.18, по строкам=0.00
2026-04-23 21:38:47 | WARNING | root | Несовпадение 'наш долг' у клиента 'Судилкина И.О. ИП - Токарев ГОЛОВНОЙ': шапка=0.04, по строкам=0.00
2026-04-23 21:38:47 | WARNING | root | Несовпадение 'наш долг' у клиента 'Беккер Н. М. ИП - Токарев (Петухова ул, дом № 91)': шапка=0.10, по строкам=0.00
2026-04-23 21:38:47 | WARNING | root | Несовпадение 'наш долг' у клиента 'Паруйрян Эдгар Мишаи ИП - Воротников (Дениса Давыдова ул, дом № 4) (У)': шапка=0.30, по строкам=0.00
2026-04-23 21:38:47 | WARNING | root | Несовпадение 'наш долг' у клиента 'Рузибоева Феруза Нуриллаевна ИП': шапка=0.64, по строкам=0.00
2026-04-23 21:38:47 | WARNING | root | Несовпадение 'наш долг' у клиента 'Цыганкова Ирина Николаевна ИП - Колягин (Мочище дп, Обская ул, дом № 24) (У)': шапка=50.00, по строкам=0.00
2026-04-23 21:38:47 | WARNING | root | Несовпадение 'наш долг' у клиента 'Пронькина Марина Викторовна ИП - Колягин': шапка=60.00, по строкам=0.00
2026-04-23 21:38:47 | WARNING | root | Несовпадение 'наш долг' у клиента 'Балакшина О. А.  ИП - Токарев (Ленинское с, Школьная ул, дом № 3)': шапка=240.00, по строкам=0.00
2026-04-23 21:38:47 | WARNING | root | Несовпадение 'наш долг' у клиента 'Текутьев Николай Сергеевич ИП- Воротников (Шоссейная, 2)': шапка=676.00, по строкам=0.00
2026-04-23 21:38:47 | WARNING | root | Несовпадение 'наш долг' у клиента 'Маджента ООО - Воротников ГОЛОВНОЙ': шапка=761.80, по строкам=0.00
2026-04-23 21:38:47 | WARNING | root | Несовпадение 'наш долг' у клиента 'Петрова Вероника Сергеевна ИП - Воротников': шапка=2300.00, по строкам=0.00
2026-04-23 21:38:47 | WARNING | root | Несовпадение 'наш долг' у клиента 'Баранова Юлия Николаевна ИП - Воротников': шапка=2555.10, по строкам=0.00
2026-04-23 21:38:47 | WARNING | root | Несовпадение 'наш долг' у клиента 'Савина А.И. ИП - Воротников ГОЛОВНОЙ': шапка=2930.78, по строкам=0.00
2026-04-23 21:38:47 | WARNING | root | Несовпадение 'наш долг' у клиента 'ВИКТОР ООО - Щербатов ГОЛОВНОЙ': шапка=4563.50, по строкам=0.00
2026-04-23 21:38:47 | WARNING | root | Несовпадение 'наш долг' у клиента 'Блинкова Анна Павловна  ИП - Воротников': шапка=8583.00, по строкам=0.00
2026-04-23 21:38:47 | WARNING | root | Несовпадение 'наш долг' у клиента 'Воронецкий Е. Ю. ИП - Колягин': шапка=11240.00, по строкам=0.00
2026-04-23 21:38:47 | WARNING | root | Несовпадение 'наш долг' у клиента 'nan': шапка=158197.14, по строкам=0.00
2026-04-23 21:38:47 | INFO | root | Собрано клиентов: 318
2026-04-23 21:38:48 | INFO | audit | {'t': 'msg', 'ok': True, 'ms': 1906, 'req': 'f162d278', 'bot': 8304099970, 'uid': 237087423, 'user': 'Freep_o_0_rn', 'name': 'Freep_o_0_rn', 'role': 'admin', 'chat': 237087423, 'chat_type': 'private', 'msg_id': 4975, 'kind': <ContentType.TEXT: 'text'>, 'text': 'Анохина', 'caption_len': 0, 'entities': 0, 'state': None}
2026-04-23 21:38:48 | INFO | aiogram.event | Update id=104059064 is handled. Duration 1906 ms by bot id=8304099970
2026-04-23 21:39:03 | INFO | telegram_bot | filters: entry by 1188061961 (Re1ze_r)
2026-04-23 21:39:03 | INFO | audit | {'t': 'msg', 'ok': True, 'ms': 119, 'req': '4b03567f', 'bot': 8304099970, 'uid': 1188061961, 'user': 'Re1ze_r', 'name': 'Vadim BeerMarket', 'role': 'client', 'chat': 1188061961, 'chat_type': 'private', 'msg_id': 4979, 'kind': <ContentType.TEXT: 'text'>, 'text': '🎛️ Фильтры', 'caption_len': 0, 'entities': 0, 'state': None}
2026-04-23 21:39:03 | INFO | aiogram.event | Update id=104059065 is handled. Duration 125 ms by bot id=8304099970
2026-04-23 21:39:05 | INFO | audit | {'t': 'cb', 'ok': True, 'ms': 225, 'req': 'c94c115a', 'bot': 8304099970, 'uid': 1188061961, 'user': 'Re1ze_r', 'name': 'Vadim BeerMarket', 'role': 'client', 'chat': 1188061961, 'cb_id': '5102687269650524031', 'msg_id': 4980, 'data': 'flt:nav:1', 'state': None}
2026-04-23 21:39:05 | INFO | aiogram.event | Update id=104059066 is handled. Duration 233 ms by bot id=8304099970
2026-04-23 21:39:06 | INFO | audit | {'t': 'cb', 'ok': True, 'ms': 228, 'req': '33f3513a', 'bot': 8304099970, 'uid': 1188061961, 'user': 'Re1ze_r', 'name': 'Vadim BeerMarket', 'role': 'client', 'chat': 1188061961, 'cb_id': '5102687268551914070', 'msg_id': 4980, 'data': 'flt:nav:2', 'state': None}
2026-04-23 21:39:06 | INFO | aiogram.event | Update id=104059067 is handled. Duration 235 ms by bot id=8304099970
2026-04-23 21:39:10 | INFO | root | Нашли заголовки детальной таблицы на строке: 21
2026-04-23 21:39:10 | WARNING | root | Несовпадение 'наш долг' у клиента 'Полончук Алёна Николаевна ИП Воротников (Игарская ул, дом № 42)': шапка=5400.00, по строкам=0.00
2026-04-23 21:39:10 | WARNING | root | Несовпадение 'наш долг' у клиента 'Есинский А. Е. ИП - Колягин (Озерный п, Солнечный мкр, дом № 333)': шапка=70.38, по строкам=3.00
2026-04-23 21:39:10 | WARNING | root | Несовпадение 'наш долг' у клиента '_ГАРМОНИЯ ООО - Токарев (2-й Бронный пер, дом № 28/1)': шапка=552.18, по строкам=0.00
2026-04-23 21:39:10 | WARNING | root | Несовпадение 'наш долг' у клиента 'Судилкина И.О. ИП - Токарев ГОЛОВНОЙ': шапка=0.04, по строкам=0.00
2026-04-23 21:39:10 | WARNING | root | Несовпадение 'наш долг' у клиента 'Беккер Н. М. ИП - Токарев (Петухова ул, дом № 91)': шапка=0.10, по строкам=0.00
2026-04-23 21:39:10 | WARNING | root | Несовпадение 'наш долг' у клиента 'Паруйрян Эдгар Мишаи ИП - Воротников (Дениса Давыдова ул, дом № 4) (У)': шапка=0.30, по строкам=0.00
2026-04-23 21:39:10 | WARNING | root | Несовпадение 'наш долг' у клиента 'Рузибоева Феруза Нуриллаевна ИП': шапка=0.64, по строкам=0.00
2026-04-23 21:39:10 | WARNING | root | Несовпадение 'наш долг' у клиента 'Цыганкова Ирина Николаевна ИП - Колягин (Мочище дп, Обская ул, дом № 24) (У)': шапка=50.00, по строкам=0.00
2026-04-23 21:39:10 | WARNING | root | Несовпадение 'наш долг' у клиента 'Пронькина Марина Викторовна ИП - Колягин': шапка=60.00, по строкам=0.00
2026-04-23 21:39:10 | WARNING | root | Несовпадение 'наш долг' у клиента 'Балакшина О. А.  ИП - Токарев (Ленинское с, Школьная ул, дом № 3)': шапка=240.00, по строкам=0.00
2026-04-23 21:39:10 | WARNING | root | Несовпадение 'наш долг' у клиента 'Текутьев Николай Сергеевич ИП- Воротников (Шоссейная, 2)': шапка=676.00, по строкам=0.00
2026-04-23 21:39:10 | WARNING | root | Несовпадение 'наш долг' у клиента 'Маджента ООО - Воротников ГОЛОВНОЙ': шапка=761.80, по строкам=0.00
2026-04-23 21:39:10 | WARNING | root | Несовпадение 'наш долг' у клиента 'Петрова Вероника Сергеевна ИП - Воротников': шапка=2300.00, по строкам=0.00
2026-04-23 21:39:10 | WARNING | root | Несовпадение 'наш долг' у клиента 'Баранова Юлия Николаевна ИП - Воротников': шапка=2555.10, по строкам=0.00
2026-04-23 21:39:10 | WARNING | root | Несовпадение 'наш долг' у клиента 'Савина А.И. ИП - Воротников ГОЛОВНОЙ': шапка=2930.78, по строкам=0.00
2026-04-23 21:39:10 | WARNING | root | Несовпадение 'наш долг' у клиента 'ВИКТОР ООО - Щербатов ГОЛОВНОЙ': шапка=4563.50, по строкам=0.00
2026-04-23 21:39:10 | WARNING | root | Несовпадение 'наш долг' у клиента 'Блинкова Анна Павловна  ИП - Воротников': шапка=8583.00, по строкам=0.00
2026-04-23 21:39:10 | WARNING | root | Несовпадение 'наш долг' у клиента 'Воронецкий Е. Ю. ИП - Колягин': шапка=11240.00, по строкам=0.00
2026-04-23 21:39:10 | WARNING | root | Несовпадение 'наш долг' у клиента 'nan': шапка=158197.14, по строкам=0.00
2026-04-23 21:39:10 | INFO | root | Собрано клиентов: 318
2026-04-23 21:39:11 | INFO | audit | {'t': 'msg', 'ok': True, 'ms': 1791, 'req': 'e9f48305', 'bot': 8304099970, 'uid': 1188061961, 'user': 'Re1ze_r', 'name': 'Vadim BeerMarket', 'role': 'client', 'chat': 1188061961, 'chat_type': 'private', 'msg_id': 4981, 'kind': <ContentType.TEXT: 'text'>, 'text': '🔎 Поиск', 'caption_len': 0, 'entities': 0, 'state': None}
2026-04-23 21:39:11 | INFO | aiogram.event | Update id=104059068 is handled. Duration 1797 ms by bot id=8304099970
2026-04-23 21:39:26 | INFO | aiogram.dispatcher | Polling stopped
2026-04-23 21:39:26 | INFO | aiogram.dispatcher | Polling stopped for bot @BeerMarket_testbot id=8304099970 - 'BeerMarket_test🍺'
2026-04-23 21:57:56 | INFO | telegram_bot | Mini App URL configured: https://app.freep0rndeveloper.website/?api_base=https://api.freep0rndeveloper.website/
2026-04-23 21:57:56 | INFO | __main__ | BOT_TOKEN валиден.
2026-04-23 21:57:57 | INFO | root | Нашли заголовки детальной таблицы на строке: 21
2026-04-23 21:57:57 | INFO | root | Скачан и валидирован файл дебиторки: downloads\Дебиторская задолженность по срокам долга - Прокопенко (XLS).xls
2026-04-23 21:57:57 | INFO | __main__ | Файл получен: downloads\Дебиторская задолженность по срокам долга - Прокопенко (XLS).xls
2026-04-23 21:57:58 | INFO | root | Нашли заголовки детальной таблицы на строке: 21
2026-04-23 21:57:58 | WARNING | root | Несовпадение 'наш долг' у клиента 'Полончук Алёна Николаевна ИП Воротников (Игарская ул, дом № 42)': шапка=5400.00, по строкам=0.00
2026-04-23 21:57:58 | WARNING | root | Несовпадение 'наш долг' у клиента 'Есинский А. Е. ИП - Колягин (Озерный п, Солнечный мкр, дом № 333)': шапка=70.38, по строкам=3.00
2026-04-23 21:57:58 | WARNING | root | Несовпадение 'наш долг' у клиента '_ГАРМОНИЯ ООО - Токарев (2-й Бронный пер, дом № 28/1)': шапка=552.18, по строкам=0.00
2026-04-23 21:57:58 | WARNING | root | Несовпадение 'наш долг' у клиента 'Судилкина И.О. ИП - Токарев ГОЛОВНОЙ': шапка=0.04, по строкам=0.00
2026-04-23 21:57:58 | WARNING | root | Несовпадение 'наш долг' у клиента 'Беккер Н. М. ИП - Токарев (Петухова ул, дом № 91)': шапка=0.10, по строкам=0.00
2026-04-23 21:57:58 | WARNING | root | Несовпадение 'наш долг' у клиента 'Паруйрян Эдгар Мишаи ИП - Воротников (Дениса Давыдова ул, дом № 4) (У)': шапка=0.30, по строкам=0.00
2026-04-23 21:57:58 | WARNING | root | Несовпадение 'наш долг' у клиента 'Рузибоева Феруза Нуриллаевна ИП': шапка=0.64, по строкам=0.00
2026-04-23 21:57:58 | WARNING | root | Несовпадение 'наш долг' у клиента 'Цыганкова Ирина Николаевна ИП - Колягин (Мочище дп, Обская ул, дом № 24) (У)': шапка=50.00, по строкам=0.00
2026-04-23 21:57:58 | WARNING | root | Несовпадение 'наш долг' у клиента 'Пронькина Марина Викторовна ИП - Колягин': шапка=60.00, по строкам=0.00
2026-04-23 21:57:58 | WARNING | root | Несовпадение 'наш долг' у клиента 'Балакшина О. А.  ИП - Токарев (Ленинское с, Школьная ул, дом № 3)': шапка=240.00, по строкам=0.00
2026-04-23 21:57:58 | WARNING | root | Несовпадение 'наш долг' у клиента 'Текутьев Николай Сергеевич ИП- Воротников (Шоссейная, 2)': шапка=676.00, по строкам=0.00
2026-04-23 21:57:58 | WARNING | root | Несовпадение 'наш долг' у клиента 'Маджента ООО - Воротников ГОЛОВНОЙ': шапка=761.80, по строкам=0.00
2026-04-23 21:57:58 | WARNING | root | Несовпадение 'наш долг' у клиента 'Петрова Вероника Сергеевна ИП - Воротников': шапка=2300.00, по строкам=0.00
2026-04-23 21:57:58 | WARNING | root | Несовпадение 'наш долг' у клиента 'Баранова Юлия Николаевна ИП - Воротников': шапка=2555.10, по строкам=0.00
2026-04-23 21:57:58 | WARNING | root | Несовпадение 'наш долг' у клиента 'Савина А.И. ИП - Воротников ГОЛОВНОЙ': шапка=2930.78, по строкам=0.00
2026-04-23 21:57:58 | WARNING | root | Несовпадение 'наш долг' у клиента 'ВИКТОР ООО - Щербатов ГОЛОВНОЙ': шапка=4563.50, по строкам=0.00
2026-04-23 21:57:58 | WARNING | root | Несовпадение 'наш долг' у клиента 'Блинкова Анна Павловна  ИП - Воротников': шапка=8583.00, по строкам=0.00
2026-04-23 21:57:58 | WARNING | root | Несовпадение 'наш долг' у клиента 'Воронецкий Е. Ю. ИП - Колягин': шапка=11240.00, по строкам=0.00
2026-04-23 21:57:58 | WARNING | root | Несовпадение 'наш долг' у клиента 'nan': шапка=158197.14, по строкам=0.00
2026-04-23 21:57:58 | INFO | root | Собрано клиентов: 318
2026-04-23 21:57:58 | INFO | __main__ | Отчёт на 23.04.2026 | клиентов: 318
2026-04-23 21:57:58 | INFO | __main__ | 01. nan | сум: 10501457.77 | проср: 10053641.86 | наш долг: 158197.14 | доков: 0
2026-04-23 21:57:58 | INFO | __main__ | 02. ГЕРАНИОЛ ООО - Воротников (НСТ СТроитель, д 3/1а) | сум: 325361.78 | проср: 325361.78 | наш долг: 0.00 | доков: 2
2026-04-23 21:57:58 | INFO | __main__ | 03. ГЕРАНИОЛ ООО - Воротников (Березовая ул, дом № 13) | сум: 301250.16 | проср: 301250.16 | наш долг: 0.00 | доков: 2
2026-04-23 21:57:58 | INFO | __main__ | 04. ГЕРАНИОЛ ООО - Воротников (Березовая ул, дом № 7а) | сум: 300624.40 | проср: 300624.40 | наш долг: 0.00 | доков: 1
2026-04-23 21:57:58 | INFO | __main__ | 05. ГЕРАНИОЛ ООО - Воротников (Журналист тер. СНТ, Межозерная ул, дом № 34) | сум: 292233.96 | проср: 292233.96 | наш долг: 0.00 | доков: 4
2026-04-23 21:57:58 | INFO | __main__ | 06. ГЕРАНИОЛ ООО - Воротников (Благое мкр Солнечная ул, дом № 3) | сум: 278168.76 | проср: 278168.76 | наш долг: 0.00 | доков: 2
2026-04-23 21:57:58 | INFO | __main__ | 07. ГЕРАНИОЛ ООО - Воротников (Дачная ул, дом № 31, корпус 1) | сум: 269669.11 | проср: 269669.11 | наш долг: 0.00 | доков: 2
2026-04-23 21:57:58 | INFO | __main__ | 08. ГЕРАНИОЛ ООО - Воротников (Римского-Корсакова ул, дом № 28) | сум: 263676.28 | проср: 263676.28 | наш долг: 0.00 | доков: 4
2026-04-23 21:57:58 | INFO | __main__ | 09. ГЕРАНИОЛ ООО - Воротников (Тульская ул, дом № 80) | сум: 250703.58 | проср: 250703.58 | наш долг: 0.00 | доков: 1
2026-04-23 21:57:58 | INFO | __main__ | 10. ГЕРАНИОЛ ООО - Воротников (Нахимова ул, дом № 4) | сум: 226494.12 | проср: 226494.12 | наш долг: 0.00 | доков: 1
2026-04-23 21:57:59 | INFO | aiogram.dispatcher | Start polling
2026-04-23 21:57:59 | INFO | telegram_bot | Daily fetch: next run in 45181 sec (now 2026-04-23 21:57:59, tz Asia/Novosibirsk)
2026-04-23 21:57:59 | INFO | aiogram.dispatcher | Run polling for bot @BeerMarket_testbot id=8304099970 - 'BeerMarket_test🍺'
2026-04-23 21:58:09 | INFO | audit | {'t': 'msg', 'ok': True, 'ms': 336, 'req': 'a4219310', 'bot': 8304099970, 'uid': 1188061961, 'user': 'Re1ze_r', 'name': 'Vadim BeerMarket', 'role': 'client', 'chat': 1188061961, 'chat_type': 'private', 'msg_id': 4984, 'kind': <ContentType.TEXT: 'text'>, 'text': '▶️ Старт', 'caption_len': 0, 'entities': 0, 'state': None}
2026-04-23 21:58:09 | INFO | aiogram.event | Update id=104059069 is handled. Duration 344 ms by bot id=8304099970
2026-04-23 21:58:12 | INFO | telegram_bot | filters: entry by 1188061961 (Re1ze_r)
2026-04-23 21:58:12 | INFO | audit | {'t': 'msg', 'ok': True, 'ms': 119, 'req': '167e7d4b', 'bot': 8304099970, 'uid': 1188061961, 'user': 'Re1ze_r', 'name': 'Vadim BeerMarket', 'role': 'client', 'chat': 1188061961, 'chat_type': 'private', 'msg_id': 4986, 'kind': <ContentType.TEXT: 'text'>, 'text': '🎛️ Фильтры', 'caption_len': 0, 'entities': 0, 'state': None}
2026-04-23 21:58:12 | INFO | aiogram.event | Update id=104059070 is handled. Duration 140 ms by bot id=8304099970
2026-04-23 21:58:13 | INFO | audit | {'t': 'cb', 'ok': True, 'ms': 217, 'req': '3672cd28', 'bot': 8304099970, 'uid': 1188061961, 'user': 'Re1ze_r', 'name': 'Vadim BeerMarket', 'role': 'client', 'chat': 1188061961, 'cb_id': '5102687269870958722', 'msg_id': 4987, 'data': 'flt:nav:1', 'state': None}
2026-04-23 21:58:13 | INFO | aiogram.event | Update id=104059071 is handled. Duration 234 ms by bot id=8304099970
2026-04-23 21:58:14 | INFO | audit | {'t': 'cb', 'ok': True, 'ms': 218, 'req': '9adb7518', 'bot': 8304099970, 'uid': 1188061961, 'user': 'Re1ze_r', 'name': 'Vadim BeerMarket', 'role': 'client', 'chat': 1188061961, 'cb_id': '5102687270699744466', 'msg_id': 4987, 'data': 'flt:nav:2', 'state': None}
2026-04-23 21:58:14 | INFO | aiogram.event | Update id=104059072 is handled. Duration 234 ms by bot id=8304099970
2026-04-23 21:58:18 | INFO | root | Нашли заголовки детальной таблицы на строке: 21
2026-04-23 21:58:18 | WARNING | root | Несовпадение 'наш долг' у клиента 'Полончук Алёна Николаевна ИП Воротников (Игарская ул, дом № 42)': шапка=5400.00, по строкам=0.00
2026-04-23 21:58:18 | WARNING | root | Несовпадение 'наш долг' у клиента 'Есинский А. Е. ИП - Колягин (Озерный п, Солнечный мкр, дом № 333)': шапка=70.38, по строкам=3.00
2026-04-23 21:58:18 | WARNING | root | Несовпадение 'наш долг' у клиента '_ГАРМОНИЯ ООО - Токарев (2-й Бронный пер, дом № 28/1)': шапка=552.18, по строкам=0.00
2026-04-23 21:58:18 | WARNING | root | Несовпадение 'наш долг' у клиента 'Судилкина И.О. ИП - Токарев ГОЛОВНОЙ': шапка=0.04, по строкам=0.00
2026-04-23 21:58:18 | WARNING | root | Несовпадение 'наш долг' у клиента 'Беккер Н. М. ИП - Токарев (Петухова ул, дом № 91)': шапка=0.10, по строкам=0.00
2026-04-23 21:58:18 | WARNING | root | Несовпадение 'наш долг' у клиента 'Паруйрян Эдгар Мишаи ИП - Воротников (Дениса Давыдова ул, дом № 4) (У)': шапка=0.30, по строкам=0.00
2026-04-23 21:58:18 | WARNING | root | Несовпадение 'наш долг' у клиента 'Рузибоева Феруза Нуриллаевна ИП': шапка=0.64, по строкам=0.00
2026-04-23 21:58:18 | WARNING | root | Несовпадение 'наш долг' у клиента 'Цыганкова Ирина Николаевна ИП - Колягин (Мочище дп, Обская ул, дом № 24) (У)': шапка=50.00, по строкам=0.00
2026-04-23 21:58:18 | WARNING | root | Несовпадение 'наш долг' у клиента 'Пронькина Марина Викторовна ИП - Колягин': шапка=60.00, по строкам=0.00
2026-04-23 21:58:18 | WARNING | root | Несовпадение 'наш долг' у клиента 'Балакшина О. А.  ИП - Токарев (Ленинское с, Школьная ул, дом № 3)': шапка=240.00, по строкам=0.00
2026-04-23 21:58:18 | WARNING | root | Несовпадение 'наш долг' у клиента 'Текутьев Николай Сергеевич ИП- Воротников (Шоссейная, 2)': шапка=676.00, по строкам=0.00
2026-04-23 21:58:18 | WARNING | root | Несовпадение 'наш долг' у клиента 'Маджента ООО - Воротников ГОЛОВНОЙ': шапка=761.80, по строкам=0.00
2026-04-23 21:58:18 | WARNING | root | Несовпадение 'наш долг' у клиента 'Петрова Вероника Сергеевна ИП - Воротников': шапка=2300.00, по строкам=0.00
2026-04-23 21:58:18 | WARNING | root | Несовпадение 'наш долг' у клиента 'Баранова Юлия Николаевна ИП - Воротников': шапка=2555.10, по строкам=0.00
2026-04-23 21:58:18 | WARNING | root | Несовпадение 'наш долг' у клиента 'Савина А.И. ИП - Воротников ГОЛОВНОЙ': шапка=2930.78, по строкам=0.00
2026-04-23 21:58:18 | WARNING | root | Несовпадение 'наш долг' у клиента 'ВИКТОР ООО - Щербатов ГОЛОВНОЙ': шапка=4563.50, по строкам=0.00
2026-04-23 21:58:18 | WARNING | root | Несовпадение 'наш долг' у клиента 'Блинкова Анна Павловна  ИП - Воротников': шапка=8583.00, по строкам=0.00
2026-04-23 21:58:18 | WARNING | root | Несовпадение 'наш долг' у клиента 'Воронецкий Е. Ю. ИП - Колягин': шапка=11240.00, по строкам=0.00
2026-04-23 21:58:18 | WARNING | root | Несовпадение 'наш долг' у клиента 'nan': шапка=158197.14, по строкам=0.00
2026-04-23 21:58:18 | INFO | root | Собрано клиентов: 318
2026-04-23 21:58:18 | INFO | audit | {'t': 'msg', 'ok': True, 'ms': 1884, 'req': 'd3b84e5e', 'bot': 8304099970, 'uid': 1188061961, 'user': 'Re1ze_r', 'name': 'Vadim BeerMarket', 'role': 'client', 'chat': 1188061961, 'chat_type': 'private', 'msg_id': 4988, 'kind': <ContentType.TEXT: 'text'>, 'text': '🔎 Поиск', 'caption_len': 0, 'entities': 0, 'state': None}
2026-04-23 21:58:18 | INFO | aiogram.event | Update id=104059073 is handled. Duration 1891 ms by bot id=8304099970
2026-04-23 21:58:21 | INFO | telegram_bot | filters: entry by 1188061961 (Re1ze_r)
2026-04-23 21:58:21 | INFO | audit | {'t': 'msg', 'ok': True, 'ms': 115, 'req': 'fc35b3d9', 'bot': 8304099970, 'uid': 1188061961, 'user': 'Re1ze_r', 'name': 'Vadim BeerMarket', 'role': 'client', 'chat': 1188061961, 'chat_type': 'private', 'msg_id': 4991, 'kind': <ContentType.TEXT: 'text'>, 'text': '🎛️ Фильтры', 'caption_len': 0, 'entities': 0, 'state': None}
2026-04-23 21:58:21 | INFO | aiogram.event | Update id=104059074 is handled. Duration 125 ms by bot id=8304099970
2026-04-23 21:58:22 | INFO | audit | {'t': 'cb', 'ok': True, 'ms': 217, 'req': '38d34929', 'bot': 8304099970, 'uid': 1188061961, 'user': 'Re1ze_r', 'name': 'Vadim BeerMarket', 'role': 'client', 'chat': 1188061961, 'cb_id': '5102687270000519121', 'msg_id': 4992, 'data': 'flt:nav:1', 'state': None}
2026-04-23 21:58:22 | INFO | aiogram.event | Update id=104059075 is handled. Duration 235 ms by bot id=8304099970
2026-04-23 21:58:23 | INFO | audit | {'t': 'cb', 'ok': True, 'ms': 213, 'req': '361a11de', 'bot': 8304099970, 'uid': 1188061961, 'user': 'Re1ze_r', 'name': 'Vadim BeerMarket', 'role': 'client', 'chat': 1188061961, 'cb_id': '5102687271299867615', 'msg_id': 4992, 'data': 'flt:nav:2', 'state': None}
2026-04-23 21:58:23 | INFO | aiogram.event | Update id=104059076 is handled. Duration 235 ms by bot id=8304099970
2026-04-23 21:58:24 | INFO | telegram_bot | filters: user=1188061961 requested hide_zero_debt_docs_enabled=True (default value)
2026-04-23 21:58:24 | INFO | audit | {'t': 'cb', 'ok': True, 'ms': 234, 'req': '522bded1', 'bot': 8304099970, 'uid': 1188061961, 'user': 'Re1ze_r', 'name': 'Vadim BeerMarket', 'role': 'client', 'chat': 1188061961, 'cb_id': '5102687268477786227', 'msg_id': 4992, 'data': 'flt:toggle:2:hide', 'state': None}
2026-04-23 21:58:24 | INFO | aiogram.event | Update id=104059077 is handled. Duration 250 ms by bot id=8304099970
2026-04-23 21:58:27 | INFO | root | Нашли заголовки детальной таблицы на строке: 21
2026-04-23 21:58:27 | WARNING | root | Несовпадение 'наш долг' у клиента 'Полончук Алёна Николаевна ИП Воротников (Игарская ул, дом № 42)': шапка=5400.00, по строкам=0.00
2026-04-23 21:58:27 | WARNING | root | Несовпадение 'наш долг' у клиента 'Есинский А. Е. ИП - Колягин (Озерный п, Солнечный мкр, дом № 333)': шапка=70.38, по строкам=3.00
2026-04-23 21:58:27 | WARNING | root | Несовпадение 'наш долг' у клиента '_ГАРМОНИЯ ООО - Токарев (2-й Бронный пер, дом № 28/1)': шапка=552.18, по строкам=0.00
2026-04-23 21:58:27 | WARNING | root | Несовпадение 'наш долг' у клиента 'Судилкина И.О. ИП - Токарев ГОЛОВНОЙ': шапка=0.04, по строкам=0.00
2026-04-23 21:58:27 | WARNING | root | Несовпадение 'наш долг' у клиента 'Беккер Н. М. ИП - Токарев (Петухова ул, дом № 91)': шапка=0.10, по строкам=0.00
2026-04-23 21:58:27 | WARNING | root | Несовпадение 'наш долг' у клиента 'Паруйрян Эдгар Мишаи ИП - Воротников (Дениса Давыдова ул, дом № 4) (У)': шапка=0.30, по строкам=0.00
2026-04-23 21:58:27 | WARNING | root | Несовпадение 'наш долг' у клиента 'Рузибоева Феруза Нуриллаевна ИП': шапка=0.64, по строкам=0.00
2026-04-23 21:58:27 | WARNING | root | Несовпадение 'наш долг' у клиента 'Цыганкова Ирина Николаевна ИП - Колягин (Мочище дп, Обская ул, дом № 24) (У)': шапка=50.00, по строкам=0.00
2026-04-23 21:58:27 | WARNING | root | Несовпадение 'наш долг' у клиента 'Пронькина Марина Викторовна ИП - Колягин': шапка=60.00, по строкам=0.00
2026-04-23 21:58:27 | WARNING | root | Несовпадение 'наш долг' у клиента 'Балакшина О. А.  ИП - Токарев (Ленинское с, Школьная ул, дом № 3)': шапка=240.00, по строкам=0.00
2026-04-23 21:58:27 | WARNING | root | Несовпадение 'наш долг' у клиента 'Текутьев Николай Сергеевич ИП- Воротников (Шоссейная, 2)': шапка=676.00, по строкам=0.00
2026-04-23 21:58:27 | WARNING | root | Несовпадение 'наш долг' у клиента 'Маджента ООО - Воротников ГОЛОВНОЙ': шапка=761.80, по строкам=0.00
2026-04-23 21:58:27 | WARNING | root | Несовпадение 'наш долг' у клиента 'Петрова Вероника Сергеевна ИП - Воротников': шапка=2300.00, по строкам=0.00
2026-04-23 21:58:27 | WARNING | root | Несовпадение 'наш долг' у клиента 'Баранова Юлия Николаевна ИП - Воротников': шапка=2555.10, по строкам=0.00
2026-04-23 21:58:27 | WARNING | root | Несовпадение 'наш долг' у клиента 'Савина А.И. ИП - Воротников ГОЛОВНОЙ': шапка=2930.78, по строкам=0.00
2026-04-23 21:58:27 | WARNING | root | Несовпадение 'наш долг' у клиента 'ВИКТОР ООО - Щербатов ГОЛОВНОЙ': шапка=4563.50, по строкам=0.00
2026-04-23 21:58:27 | WARNING | root | Несовпадение 'наш долг' у клиента 'Блинкова Анна Павловна  ИП - Воротников': шапка=8583.00, по строкам=0.00
2026-04-23 21:58:27 | WARNING | root | Несовпадение 'наш долг' у клиента 'Воронецкий Е. Ю. ИП - Колягин': шапка=11240.00, по строкам=0.00
2026-04-23 21:58:27 | WARNING | root | Несовпадение 'наш долг' у клиента 'nan': шапка=158197.14, по строкам=0.00
2026-04-23 21:58:27 | INFO | root | Собрано клиентов: 318
2026-04-23 21:58:27 | INFO | audit | {'t': 'msg', 'ok': True, 'ms': 1749, 'req': 'd1f2e4e6', 'bot': 8304099970, 'uid': 1188061961, 'user': 'Re1ze_r', 'name': 'Vadim BeerMarket', 'role': 'client', 'chat': 1188061961, 'chat_type': 'private', 'msg_id': 4993, 'kind': <ContentType.TEXT: 'text'>, 'text': '🔎 Поиск', 'caption_len': 0, 'entities': 0, 'state': None}
2026-04-23 21:58:27 | INFO | aiogram.event | Update id=104059078 is handled. Duration 1750 ms by bot id=8304099970
2026-04-23 21:58:47 | INFO | audit | {'t': 'msg', 'ok': True, 'ms': 115, 'req': '304def38', 'bot': 8304099970, 'uid': 237087423, 'user': 'Freep_o_0_rn', 'name': 'Freep_o_0_rn', 'role': 'admin', 'chat': 237087423, 'chat_type': 'private', 'msg_id': 4996, 'kind': <ContentType.TEXT: 'text'>, 'text': '🔎 Поиск', 'caption_len': 0, 'entities': 0, 'state': 'SearchStates:waiting_query'}
2026-04-23 21:58:47 | INFO | aiogram.event | Update id=104059079 is handled. Duration 125 ms by bot id=8304099970
2026-04-23 21:58:51 | INFO | root | Нашли заголовки детальной таблицы на строке: 21
2026-04-23 21:58:51 | WARNING | root | Несовпадение 'наш долг' у клиента 'Полончук Алёна Николаевна ИП Воротников (Игарская ул, дом № 42)': шапка=5400.00, по строкам=0.00
2026-04-23 21:58:51 | WARNING | root | Несовпадение 'наш долг' у клиента 'Есинский А. Е. ИП - Колягин (Озерный п, Солнечный мкр, дом № 333)': шапка=70.38, по строкам=3.00
2026-04-23 21:58:51 | WARNING | root | Несовпадение 'наш долг' у клиента '_ГАРМОНИЯ ООО - Токарев (2-й Бронный пер, дом № 28/1)': шапка=552.18, по строкам=0.00
2026-04-23 21:58:51 | WARNING | root | Несовпадение 'наш долг' у клиента 'Судилкина И.О. ИП - Токарев ГОЛОВНОЙ': шапка=0.04, по строкам=0.00
2026-04-23 21:58:51 | WARNING | root | Несовпадение 'наш долг' у клиента 'Беккер Н. М. ИП - Токарев (Петухова ул, дом № 91)': шапка=0.10, по строкам=0.00
2026-04-23 21:58:51 | WARNING | root | Несовпадение 'наш долг' у клиента 'Паруйрян Эдгар Мишаи ИП - Воротников (Дениса Давыдова ул, дом № 4) (У)': шапка=0.30, по строкам=0.00
2026-04-23 21:58:51 | WARNING | root | Несовпадение 'наш долг' у клиента 'Рузибоева Феруза Нуриллаевна ИП': шапка=0.64, по строкам=0.00
2026-04-23 21:58:51 | WARNING | root | Несовпадение 'наш долг' у клиента 'Цыганкова Ирина Николаевна ИП - Колягин (Мочище дп, Обская ул, дом № 24) (У)': шапка=50.00, по строкам=0.00
2026-04-23 21:58:51 | WARNING | root | Несовпадение 'наш долг' у клиента 'Пронькина Марина Викторовна ИП - Колягин': шапка=60.00, по строкам=0.00
2026-04-23 21:58:51 | WARNING | root | Несовпадение 'наш долг' у клиента 'Балакшина О. А.  ИП - Токарев (Ленинское с, Школьная ул, дом № 3)': шапка=240.00, по строкам=0.00
2026-04-23 21:58:51 | WARNING | root | Несовпадение 'наш долг' у клиента 'Текутьев Николай Сергеевич ИП- Воротников (Шоссейная, 2)': шапка=676.00, по строкам=0.00
2026-04-23 21:58:51 | WARNING | root | Несовпадение 'наш долг' у клиента 'Маджента ООО - Воротников ГОЛОВНОЙ': шапка=761.80, по строкам=0.00
2026-04-23 21:58:51 | WARNING | root | Несовпадение 'наш долг' у клиента 'Петрова Вероника Сергеевна ИП - Воротников': шапка=2300.00, по строкам=0.00
2026-04-23 21:58:51 | WARNING | root | Несовпадение 'наш долг' у клиента 'Баранова Юлия Николаевна ИП - Воротников': шапка=2555.10, по строкам=0.00
2026-04-23 21:58:51 | WARNING | root | Несовпадение 'наш долг' у клиента 'Савина А.И. ИП - Воротников ГОЛОВНОЙ': шапка=2930.78, по строкам=0.00
2026-04-23 21:58:51 | WARNING | root | Несовпадение 'наш долг' у клиента 'ВИКТОР ООО - Щербатов ГОЛОВНОЙ': шапка=4563.50, по строкам=0.00
2026-04-23 21:58:51 | WARNING | root | Несовпадение 'наш долг' у клиента 'Блинкова Анна Павловна  ИП - Воротников': шапка=8583.00, по строкам=0.00
2026-04-23 21:58:51 | WARNING | root | Несовпадение 'наш долг' у клиента 'Воронецкий Е. Ю. ИП - Колягин': шапка=11240.00, по строкам=0.00
2026-04-23 21:58:51 | WARNING | root | Несовпадение 'наш долг' у клиента 'nan': шапка=158197.14, по строкам=0.00
2026-04-23 21:58:51 | INFO | root | Собрано клиентов: 318
2026-04-23 21:58:52 | INFO | audit | {'t': 'msg', 'ok': True, 'ms': 1946, 'req': 'ce45e0d1', 'bot': 8304099970, 'uid': 237087423, 'user': 'Freep_o_0_rn', 'name': 'Freep_o_0_rn', 'role': 'admin', 'chat': 237087423, 'chat_type': 'private', 'msg_id': 4998, 'kind': <ContentType.TEXT: 'text'>, 'text': 'анохина', 'caption_len': 0, 'entities': 0, 'state': None}
2026-04-23 21:58:52 | INFO | aiogram.event | Update id=104059080 is handled. Duration 1953 ms by bot id=8304099970
2026-04-23 21:58:55 | INFO | telegram_bot | filters: entry by 237087423 (Freep_o_0_rn)
2026-04-23 21:58:55 | INFO | audit | {'t': 'msg', 'ok': True, 'ms': 115, 'req': '815af73e', 'bot': 8304099970, 'uid': 237087423, 'user': 'Freep_o_0_rn', 'name': 'Freep_o_0_rn', 'role': 'admin', 'chat': 237087423, 'chat_type': 'private', 'msg_id': 5002, 'kind': <ContentType.TEXT: 'text'>, 'text': '🎛️ Фильтры', 'caption_len': 0, 'entities': 0, 'state': None}
2026-04-23 21:58:55 | INFO | aiogram.event | Update id=104059081 is handled. Duration 125 ms by bot id=8304099970
2026-04-23 21:58:56 | INFO | audit | {'t': 'cb', 'ok': True, 'ms': 227, 'req': 'cd022931', 'bot': 8304099970, 'uid': 237087423, 'user': 'Freep_o_0_rn', 'name': 'Freep_o_0_rn', 'role': 'admin', 'chat': 237087423, 'cb_id': '1018282731682432162', 'msg_id': 5003, 'data': 'flt:nav:1', 'state': None}
2026-04-23 21:58:56 | INFO | aiogram.event | Update id=104059082 is handled. Duration 250 ms by bot id=8304099970
2026-04-23 21:58:57 | INFO | audit | {'t': 'cb', 'ok': True, 'ms': 215, 'req': '3a2be99b', 'bot': 8304099970, 'uid': 237087423, 'user': 'Freep_o_0_rn', 'name': 'Freep_o_0_rn', 'role': 'admin', 'chat': 237087423, 'cb_id': '1018282731006404760', 'msg_id': 5003, 'data': 'flt:nav:2', 'state': None}
2026-04-23 21:58:57 | INFO | aiogram.event | Update id=104059083 is handled. Duration 235 ms by bot id=8304099970
2026-04-23 21:59:00 | INFO | audit | {'t': 'cb', 'ok': True, 'ms': 217, 'req': '69c33532', 'bot': 8304099970, 'uid': 237087423, 'user': 'Freep_o_0_rn', 'name': 'Freep_o_0_rn', 'role': 'admin', 'chat': 237087423, 'cb_id': '1018282732119914443', 'msg_id': 5003, 'data': 'flt:chg:2', 'state': 'FilterStates:wait_value'}
2026-04-23 21:59:00 | INFO | aiogram.event | Update id=104059084 is handled. Duration 234 ms by bot id=8304099970
2026-04-23 21:59:05 | INFO | telegram_bot | filters: user=237087423 updated hide_zero_debt_docs_older_than_days=10
2026-04-23 21:59:05 | INFO | telegram_bot | filters: user=237087423 hide_zero_debt_docs_older_than_days set to 10
2026-04-23 21:59:05 | INFO | audit | {'t': 'msg', 'ok': True, 'ms': 157, 'req': '81f60241', 'bot': 8304099970, 'uid': 237087423, 'user': 'Freep_o_0_rn', 'name': 'Freep_o_0_rn', 'role': 'admin', 'chat': 237087423, 'chat_type': 'private', 'msg_id': 5004, 'kind': <ContentType.TEXT: 'text'>, 'text': '10', 'caption_len': 0, 'entities': 0, 'state': None}
2026-04-23 21:59:05 | INFO | aiogram.event | Update id=104059085 is handled. Duration 156 ms by bot id=8304099970
2026-04-23 21:59:43 | INFO | audit | {'t': 'msg', 'ok': True, 'ms': 206, 'req': 'f9677b4b', 'bot': 8304099970, 'uid': 237087423, 'user': 'Freep_o_0_rn', 'name': 'Freep_o_0_rn', 'role': 'admin', 'chat': 237087423, 'chat_type': 'private', 'msg_id': 5006, 'kind': <ContentType.TEXT: 'text'>, 'text': '🔎 Поиск', 'caption_len': 0, 'entities': 0, 'state': 'SearchStates:waiting_query'}
2026-04-23 21:59:43 | INFO | aiogram.event | Update id=104059086 is handled. Duration 218 ms by bot id=8304099970
2026-04-23 21:59:48 | INFO | root | Нашли заголовки детальной таблицы на строке: 21
2026-04-23 21:59:48 | WARNING | root | Несовпадение 'наш долг' у клиента 'Полончук Алёна Николаевна ИП Воротников (Игарская ул, дом № 42)': шапка=5400.00, по строкам=0.00
2026-04-23 21:59:48 | WARNING | root | Несовпадение 'наш долг' у клиента 'Есинский А. Е. ИП - Колягин (Озерный п, Солнечный мкр, дом № 333)': шапка=70.38, по строкам=3.00
2026-04-23 21:59:48 | WARNING | root | Несовпадение 'наш долг' у клиента '_ГАРМОНИЯ ООО - Токарев (2-й Бронный пер, дом № 28/1)': шапка=552.18, по строкам=0.00
2026-04-23 21:59:48 | WARNING | root | Несовпадение 'наш долг' у клиента 'Судилкина И.О. ИП - Токарев ГОЛОВНОЙ': шапка=0.04, по строкам=0.00
2026-04-23 21:59:48 | WARNING | root | Несовпадение 'наш долг' у клиента 'Беккер Н. М. ИП - Токарев (Петухова ул, дом № 91)': шапка=0.10, по строкам=0.00
2026-04-23 21:59:48 | WARNING | root | Несовпадение 'наш долг' у клиента 'Паруйрян Эдгар Мишаи ИП - Воротников (Дениса Давыдова ул, дом № 4) (У)': шапка=0.30, по строкам=0.00
2026-04-23 21:59:48 | WARNING | root | Несовпадение 'наш долг' у клиента 'Рузибоева Феруза Нуриллаевна ИП': шапка=0.64, по строкам=0.00
2026-04-23 21:59:48 | WARNING | root | Несовпадение 'наш долг' у клиента 'Цыганкова Ирина Николаевна ИП - Колягин (Мочище дп, Обская ул, дом № 24) (У)': шапка=50.00, по строкам=0.00
2026-04-23 21:59:48 | WARNING | root | Несовпадение 'наш долг' у клиента 'Пронькина Марина Викторовна ИП - Колягин': шапка=60.00, по строкам=0.00
2026-04-23 21:59:48 | WARNING | root | Несовпадение 'наш долг' у клиента 'Балакшина О. А.  ИП - Токарев (Ленинское с, Школьная ул, дом № 3)': шапка=240.00, по строкам=0.00
2026-04-23 21:59:48 | WARNING | root | Несовпадение 'наш долг' у клиента 'Текутьев Николай Сергеевич ИП- Воротников (Шоссейная, 2)': шапка=676.00, по строкам=0.00
2026-04-23 21:59:48 | WARNING | root | Несовпадение 'наш долг' у клиента 'Маджента ООО - Воротников ГОЛОВНОЙ': шапка=761.80, по строкам=0.00
2026-04-23 21:59:48 | WARNING | root | Несовпадение 'наш долг' у клиента 'Петрова Вероника Сергеевна ИП - Воротников': шапка=2300.00, по строкам=0.00
2026-04-23 21:59:48 | WARNING | root | Несовпадение 'наш долг' у клиента 'Баранова Юлия Николаевна ИП - Воротников': шапка=2555.10, по строкам=0.00
2026-04-23 21:59:48 | WARNING | root | Несовпадение 'наш долг' у клиента 'Савина А.И. ИП - Воротников ГОЛОВНОЙ': шапка=2930.78, по строкам=0.00
2026-04-23 21:59:48 | WARNING | root | Несовпадение 'наш долг' у клиента 'ВИКТОР ООО - Щербатов ГОЛОВНОЙ': шапка=4563.50, по строкам=0.00
2026-04-23 21:59:48 | WARNING | root | Несовпадение 'наш долг' у клиента 'Блинкова Анна Павловна  ИП - Воротников': шапка=8583.00, по строкам=0.00
2026-04-23 21:59:48 | WARNING | root | Несовпадение 'наш долг' у клиента 'Воронецкий Е. Ю. ИП - Колягин': шапка=11240.00, по строкам=0.00
2026-04-23 21:59:48 | WARNING | root | Несовпадение 'наш долг' у клиента 'nan': шапка=158197.14, по строкам=0.00
2026-04-23 21:59:48 | INFO | root | Собрано клиентов: 318
2026-04-23 21:59:48 | INFO | audit | {'t': 'msg', 'ok': True, 'ms': 1785, 'req': '2aae2d49', 'bot': 8304099970, 'uid': 237087423, 'user': 'Freep_o_0_rn', 'name': 'Freep_o_0_rn', 'role': 'admin', 'chat': 237087423, 'chat_type': 'private', 'msg_id': 5008, 'kind': <ContentType.TEXT: 'text'>, 'text': 'анохина', 'caption_len': 0, 'entities': 0, 'state': None}
2026-04-23 21:59:48 | INFO | aiogram.event | Update id=104059087 is handled. Duration 1797 ms by bot id=8304099970
2026-04-23 21:59:56 | INFO | root | Нашли заголовки детальной таблицы на строке: 21
2026-04-23 21:59:56 | WARNING | root | Несовпадение 'наш долг' у клиента 'Полончук Алёна Николаевна ИП Воротников (Игарская ул, дом № 42)': шапка=5400.00, по строкам=0.00
2026-04-23 21:59:56 | WARNING | root | Несовпадение 'наш долг' у клиента 'Есинский А. Е. ИП - Колягин (Озерный п, Солнечный мкр, дом № 333)': шапка=70.38, по строкам=3.00
2026-04-23 21:59:56 | WARNING | root | Несовпадение 'наш долг' у клиента '_ГАРМОНИЯ ООО - Токарев (2-й Бронный пер, дом № 28/1)': шапка=552.18, по строкам=0.00
2026-04-23 21:59:56 | WARNING | root | Несовпадение 'наш долг' у клиента 'Судилкина И.О. ИП - Токарев ГОЛОВНОЙ': шапка=0.04, по строкам=0.00
2026-04-23 21:59:56 | WARNING | root | Несовпадение 'наш долг' у клиента 'Беккер Н. М. ИП - Токарев (Петухова ул, дом № 91)': шапка=0.10, по строкам=0.00
2026-04-23 21:59:56 | WARNING | root | Несовпадение 'наш долг' у клиента 'Паруйрян Эдгар Мишаи ИП - Воротников (Дениса Давыдова ул, дом № 4) (У)': шапка=0.30, по строкам=0.00
2026-04-23 21:59:56 | WARNING | root | Несовпадение 'наш долг' у клиента 'Рузибоева Феруза Нуриллаевна ИП': шапка=0.64, по строкам=0.00
2026-04-23 21:59:56 | WARNING | root | Несовпадение 'наш долг' у клиента 'Цыганкова Ирина Николаевна ИП - Колягин (Мочище дп, Обская ул, дом № 24) (У)': шапка=50.00, по строкам=0.00
2026-04-23 21:59:56 | WARNING | root | Несовпадение 'наш долг' у клиента 'Пронькина Марина Викторовна ИП - Колягин': шапка=60.00, по строкам=0.00
2026-04-23 21:59:56 | WARNING | root | Несовпадение 'наш долг' у клиента 'Балакшина О. А.  ИП - Токарев (Ленинское с, Школьная ул, дом № 3)': шапка=240.00, по строкам=0.00
2026-04-23 21:59:56 | WARNING | root | Несовпадение 'наш долг' у клиента 'Текутьев Николай Сергеевич ИП- Воротников (Шоссейная, 2)': шапка=676.00, по строкам=0.00
2026-04-23 21:59:56 | WARNING | root | Несовпадение 'наш долг' у клиента 'Маджента ООО - Воротников ГОЛОВНОЙ': шапка=761.80, по строкам=0.00
2026-04-23 21:59:57 | WARNING | root | Несовпадение 'наш долг' у клиента 'Петрова Вероника Сергеевна ИП - Воротников': шапка=2300.00, по строкам=0.00
2026-04-23 21:59:57 | WARNING | root | Несовпадение 'наш долг' у клиента 'Баранова Юлия Николаевна ИП - Воротников': шапка=2555.10, по строкам=0.00
2026-04-23 21:59:57 | WARNING | root | Несовпадение 'наш долг' у клиента 'Савина А.И. ИП - Воротников ГОЛОВНОЙ': шапка=2930.78, по строкам=0.00
2026-04-23 21:59:57 | WARNING | root | Несовпадение 'наш долг' у клиента 'ВИКТОР ООО - Щербатов ГОЛОВНОЙ': шапка=4563.50, по строкам=0.00
2026-04-23 21:59:57 | WARNING | root | Несовпадение 'наш долг' у клиента 'Блинкова Анна Павловна  ИП - Воротников': шапка=8583.00, по строкам=0.00
2026-04-23 21:59:57 | WARNING | root | Несовпадение 'наш долг' у клиента 'Воронецкий Е. Ю. ИП - Колягин': шапка=11240.00, по строкам=0.00
2026-04-23 21:59:57 | WARNING | root | Несовпадение 'наш долг' у клиента 'nan': шапка=158197.14, по строкам=0.00
2026-04-23 21:59:57 | INFO | root | Собрано клиентов: 318
2026-04-23 21:59:57 | INFO | audit | {'t': 'msg', 'ok': True, 'ms': 1725, 'req': '1c54258d', 'bot': 8304099970, 'uid': 1188061961, 'user': 'Re1ze_r', 'name': 'Vadim BeerMarket', 'role': 'client', 'chat': 1188061961, 'chat_type': 'private', 'msg_id': 5012, 'kind': <ContentType.TEXT: 'text'>, 'text': '🔎 Поиск', 'caption_len': 0, 'entities': 0, 'state': None}
2026-04-23 21:59:57 | INFO | aiogram.event | Update id=104059088 is handled. Duration 1734 ms by bot id=8304099970
2026-04-23 22:03:28 | INFO | audit | {'t': 'msg', 'ok': True, 'ms': 121, 'req': 'a748da64', 'bot': 8304099970, 'uid': 237087423, 'user': 'Freep_o_0_rn', 'name': 'Freep_o_0_rn', 'role': 'admin', 'chat': 237087423, 'chat_type': 'private', 'msg_id': 5015, 'kind': <ContentType.TEXT: 'text'>, 'text': '👥 Пользователи', 'caption_len': 0, 'entities': 0, 'state': None}
2026-04-23 22:03:28 | INFO | aiogram.event | Update id=104059089 is handled. Duration 140 ms by bot id=8304099970
2026-04-23 22:03:33 | INFO | audit | {'t': 'cb', 'ok': True, 'ms': 519, 'req': 'ebc35a27', 'bot': 8304099970, 'uid': 237087423, 'user': 'Freep_o_0_rn', 'name': 'Freep_o_0_rn', 'role': 'admin', 'chat': 237087423, 'cb_id': '1018282728433020651', 'msg_id': 5016, 'data': 'usr:list:1', 'state': None}
2026-04-23 22:03:33 | INFO | aiogram.event | Update id=104059090 is handled. Duration 531 ms by bot id=8304099970
2026-04-23 22:03:35 | INFO | audit | {'t': 'cb', 'ok': True, 'ms': 233, 'req': 'b04bc4d4', 'bot': 8304099970, 'uid': 237087423, 'user': 'Freep_o_0_rn', 'name': 'Freep_o_0_rn', 'role': 'admin', 'chat': 237087423, 'cb_id': '1018282731718563941', 'msg_id': 5016, 'data': 'usr:list:0', 'state': None}
2026-04-23 22:03:35 | INFO | aiogram.event | Update id=104059091 is handled. Duration 250 ms by bot id=8304099970
2026-04-23 22:03:36 | INFO | audit | {'t': 'cb', 'ok': True, 'ms': 228, 'req': 'cae32f42', 'bot': 8304099970, 'uid': 237087423, 'user': 'Freep_o_0_rn', 'name': 'Freep_o_0_rn', 'role': 'admin', 'chat': 237087423, 'cb_id': '1018282729801685558', 'msg_id': 5016, 'data': 'usr:sel:1188061961:0', 'state': None}
2026-04-23 22:03:36 | INFO | aiogram.event | Update id=104059092 is handled. Duration 250 ms by bot id=8304099970
2026-04-23 22:03:38 | INFO | audit | {'t': 'cb', 'ok': True, 'ms': 224, 'req': 'd5d1171b', 'bot': 8304099970, 'uid': 237087423, 'user': 'Freep_o_0_rn', 'name': 'Freep_o_0_rn', 'role': 'admin', 'chat': 237087423, 'cb_id': '1018282729268380816', 'msg_id': 5016, 'data': 'usr:editname:1188061961', 'state': 'AdminUserEditStates:waiting_name'}
2026-04-23 22:03:38 | INFO | aiogram.event | Update id=104059093 is handled. Duration 250 ms by bot id=8304099970
2026-04-23 22:03:56 | INFO | audit | {'t': 'msg', 'ok': True, 'ms': 118, 'req': '84875e76', 'bot': 8304099970, 'uid': 237087423, 'user': 'Freep_o_0_rn', 'name': 'Freep_o_0_rn', 'role': 'admin', 'chat': 237087423, 'chat_type': 'private', 'msg_id': 5018, 'kind': <ContentType.TEXT: 'text'>, 'text': 'Воротников Николай', 'caption_len': 0, 'entities': 0, 'state': None}
2026-04-23 22:03:56 | INFO | aiogram.event | Update id=104059094 is handled. Duration 125 ms by bot id=8304099970
2026-04-23 22:03:59 | INFO | audit | {'t': 'cb', 'ok': True, 'ms': 223, 'req': '147511dd', 'bot': 8304099970, 'uid': 237087423, 'user': 'Freep_o_0_rn', 'name': 'Freep_o_0_rn', 'role': 'admin', 'chat': 237087423, 'cb_id': '1018282729043378646', 'msg_id': 5016, 'data': 'usr:perms:1188061961:0', 'state': None}
2026-04-23 22:03:59 | INFO | aiogram.event | Update id=104059095 is handled. Duration 250 ms by bot id=8304099970
2026-04-23 22:04:01 | ERROR | telegram_bot | menu-refresh: failed to clear state for user=1188061961
Traceback (most recent call last):
  File "E:\Work\BeerMarkenBot\BeerMarketMiniAppBot v0.98.9\pythonProject\telegram_bot.py", line 5441, in push_user_menu_refresh
    fsm_ctx = await dp.fsm.get_context(bot=bot, chat_id=numeric_uid, user_id=numeric_uid)
TypeError: object FSMContext can't be used in 'await' expression
2026-04-23 22:04:02 | INFO | audit | {'t': 'cb', 'ok': True, 'ms': 742, 'req': 'ffcd0376', 'bot': 8304099970, 'uid': 237087423, 'user': 'Freep_o_0_rn', 'name': 'Freep_o_0_rn', 'role': 'admin', 'chat': 237087423, 'cb_id': '1018282729663476978', 'msg_id': 5016, 'data': 'usr:setrole:1188061961:sales_rep', 'state': None}
2026-04-23 22:04:02 | INFO | aiogram.event | Update id=104059096 is handled. Duration 764 ms by bot id=8304099970
2026-04-23 22:04:03 | INFO | audit | {'t': 'cb', 'ok': True, 'ms': 227, 'req': '28fb04ab', 'bot': 8304099970, 'uid': 237087423, 'user': 'Freep_o_0_rn', 'name': 'Freep_o_0_rn', 'role': 'admin', 'chat': 237087423, 'cb_id': '1018282728990633701', 'msg_id': 5016, 'data': 'usr:sel:1188061961:0', 'state': None}
2026-04-23 22:04:03 | INFO | aiogram.event | Update id=104059097 is handled. Duration 250 ms by bot id=8304099970
2026-04-23 22:04:09 | INFO | audit | {'t': 'msg', 'ok': True, 'ms': 143, 'req': 'c4d3c300', 'bot': 8304099970, 'uid': 1188061961, 'user': 'Re1ze_r', 'name': 'Vadim BeerMarket', 'role': 'sales_rep', 'chat': 1188061961, 'chat_type': 'private', 'msg_id': 5023, 'kind': <ContentType.TEXT: 'text'>, 'text': '▶️ Старт', 'caption_len': 0, 'entities': 0, 'state': None}
2026-04-23 22:04:09 | INFO | aiogram.event | Update id=104059098 is handled. Duration 156 ms by bot id=8304099970
2026-04-23 22:04:12 | INFO | audit | {'t': 'msg', 'ok': True, 'ms': 114, 'req': 'e49eef4e', 'bot': 8304099970, 'uid': 1188061961, 'user': 'Re1ze_r', 'name': 'Vadim BeerMarket', 'role': 'sales_rep', 'chat': 1188061961, 'chat_type': 'private', 'msg_id': 5025, 'kind': <ContentType.TEXT: 'text'>, 'text': '🔎 Поиск', 'caption_len': 0, 'entities': 0, 'state': 'SearchStates:waiting_query'}
2026-04-23 22:04:12 | INFO | aiogram.event | Update id=104059099 is handled. Duration 125 ms by bot id=8304099970
2026-04-23 22:04:17 | INFO | root | Нашли заголовки детальной таблицы на строке: 21
2026-04-23 22:04:17 | WARNING | root | Несовпадение 'наш долг' у клиента 'Полончук Алёна Николаевна ИП Воротников (Игарская ул, дом № 42)': шапка=5400.00, по строкам=0.00
2026-04-23 22:04:17 | WARNING | root | Несовпадение 'наш долг' у клиента 'Есинский А. Е. ИП - Колягин (Озерный п, Солнечный мкр, дом № 333)': шапка=70.38, по строкам=3.00
2026-04-23 22:04:17 | WARNING | root | Несовпадение 'наш долг' у клиента '_ГАРМОНИЯ ООО - Токарев (2-й Бронный пер, дом № 28/1)': шапка=552.18, по строкам=0.00
2026-04-23 22:04:17 | WARNING | root | Несовпадение 'наш долг' у клиента 'Судилкина И.О. ИП - Токарев ГОЛОВНОЙ': шапка=0.04, по строкам=0.00
2026-04-23 22:04:17 | WARNING | root | Несовпадение 'наш долг' у клиента 'Беккер Н. М. ИП - Токарев (Петухова ул, дом № 91)': шапка=0.10, по строкам=0.00
2026-04-23 22:04:17 | WARNING | root | Несовпадение 'наш долг' у клиента 'Паруйрян Эдгар Мишаи ИП - Воротников (Дениса Давыдова ул, дом № 4) (У)': шапка=0.30, по строкам=0.00
2026-04-23 22:04:17 | WARNING | root | Несовпадение 'наш долг' у клиента 'Рузибоева Феруза Нуриллаевна ИП': шапка=0.64, по строкам=0.00
2026-04-23 22:04:17 | WARNING | root | Несовпадение 'наш долг' у клиента 'Цыганкова Ирина Николаевна ИП - Колягин (Мочище дп, Обская ул, дом № 24) (У)': шапка=50.00, по строкам=0.00
2026-04-23 22:04:17 | WARNING | root | Несовпадение 'наш долг' у клиента 'Пронькина Марина Викторовна ИП - Колягин': шапка=60.00, по строкам=0.00
2026-04-23 22:04:17 | WARNING | root | Несовпадение 'наш долг' у клиента 'Балакшина О. А.  ИП - Токарев (Ленинское с, Школьная ул, дом № 3)': шапка=240.00, по строкам=0.00
2026-04-23 22:04:17 | WARNING | root | Несовпадение 'наш долг' у клиента 'Текутьев Николай Сергеевич ИП- Воротников (Шоссейная, 2)': шапка=676.00, по строкам=0.00
2026-04-23 22:04:17 | WARNING | root | Несовпадение 'наш долг' у клиента 'Маджента ООО - Воротников ГОЛОВНОЙ': шапка=761.80, по строкам=0.00
2026-04-23 22:04:17 | WARNING | root | Несовпадение 'наш долг' у клиента 'Петрова Вероника Сергеевна ИП - Воротников': шапка=2300.00, по строкам=0.00
2026-04-23 22:04:17 | WARNING | root | Несовпадение 'наш долг' у клиента 'Баранова Юлия Николаевна ИП - Воротников': шапка=2555.10, по строкам=0.00
2026-04-23 22:04:17 | WARNING | root | Несовпадение 'наш долг' у клиента 'Савина А.И. ИП - Воротников ГОЛОВНОЙ': шапка=2930.78, по строкам=0.00
2026-04-23 22:04:17 | WARNING | root | Несовпадение 'наш долг' у клиента 'ВИКТОР ООО - Щербатов ГОЛОВНОЙ': шапка=4563.50, по строкам=0.00
2026-04-23 22:04:17 | WARNING | root | Несовпадение 'наш долг' у клиента 'Блинкова Анна Павловна  ИП - Воротников': шапка=8583.00, по строкам=0.00
2026-04-23 22:04:17 | WARNING | root | Несовпадение 'наш долг' у клиента 'Воронецкий Е. Ю. ИП - Колягин': шапка=11240.00, по строкам=0.00
2026-04-23 22:04:17 | WARNING | root | Несовпадение 'наш долг' у клиента 'nan': шапка=158197.14, по строкам=0.00
2026-04-23 22:04:17 | INFO | root | Собрано клиентов: 318
2026-04-23 22:04:17 | INFO | audit | {'t': 'msg', 'ok': True, 'ms': 1818, 'req': '3754e6c7', 'bot': 8304099970, 'uid': 1188061961, 'user': 'Re1ze_r', 'name': 'Vadim BeerMarket', 'role': 'sales_rep', 'chat': 1188061961, 'chat_type': 'private', 'msg_id': 5027, 'kind': <ContentType.TEXT: 'text'>, 'text': 'гензе', 'caption_len': 0, 'entities': 0, 'state': None}
2026-04-23 22:04:17 | INFO | aiogram.event | Update id=104059100 is handled. Duration 1827 ms by bot id=8304099970
2026-04-23 22:04:21 | INFO | audit | {'t': 'msg', 'ok': True, 'ms': 153, 'req': 'c9c5320b', 'bot': 8304099970, 'uid': 1188061961, 'user': 'Re1ze_r', 'name': 'Vadim BeerMarket', 'role': 'sales_rep', 'chat': 1188061961, 'chat_type': 'private', 'msg_id': 5031, 'kind': <ContentType.TEXT: 'text'>, 'text': '🔎 Поиск тары', 'caption_len': 0, 'entities': 0, 'state': 'SearchTaraStates:waiting_query'}
2026-04-23 22:04:21 | INFO | aiogram.event | Update id=104059101 is handled. Duration 156 ms by bot id=8304099970
2026-04-23 22:04:24 | INFO | audit | {'t': 'msg', 'ok': True, 'ms': 414, 'req': 'df76b12b', 'bot': 8304099970, 'uid': 1188061961, 'user': 'Re1ze_r', 'name': 'Vadim BeerMarket', 'role': 'sales_rep', 'chat': 1188061961, 'chat_type': 'private', 'msg_id': 5033, 'kind': <ContentType.TEXT: 'text'>, 'text': 'гензе', 'caption_len': 0, 'entities': 0, 'state': None}
2026-04-23 22:04:24 | INFO | aiogram.event | Update id=104059102 is handled. Duration 422 ms by bot id=8304099970
2026-04-23 22:06:04 | INFO | aiogram.dispatcher | Polling stopped
2026-04-23 22:06:04 | INFO | aiogram.dispatcher | Polling stopped for bot @BeerMarket_testbot id=8304099970 - 'BeerMarket_test🍺'
2026-04-24 14:37:56 | INFO | telegram_bot | Mini App URL configured: https://app.freep0rndeveloper.website/?api_base=https://api.freep0rndeveloper.website/
2026-04-24 14:37:56 | INFO | __main__ | BOT_TOKEN валиден.
2026-04-24 14:37:58 | INFO | root | Нашли заголовки детальной таблицы на строке: 21
2026-04-24 14:37:58 | INFO | root | Скачан и валидирован файл дебиторки: downloads\Дебиторская задолженность по срокам долга - Прокопенко (XLS).xls
2026-04-24 14:37:58 | INFO | __main__ | Файл получен: downloads\Дебиторская задолженность по срокам долга - Прокопенко (XLS).xls
2026-04-24 14:37:59 | INFO | root | Нашли заголовки детальной таблицы на строке: 21
2026-04-24 14:37:59 | WARNING | root | Несовпадение 'наш долг' у клиента 'Полончук Алёна Николаевна ИП Воротников (Игарская ул, дом № 42)': шапка=5400.00, по строкам=0.00
2026-04-24 14:37:59 | WARNING | root | Несовпадение 'наш долг' у клиента 'Есинский А. Е. ИП - Колягин (Озерный п, Солнечный мкр, дом № 333)': шапка=70.38, по строкам=3.00
2026-04-24 14:37:59 | WARNING | root | Несовпадение 'наш долг' у клиента '_ГАРМОНИЯ ООО - Токарев (2-й Бронный пер, дом № 28/1)': шапка=552.18, по строкам=0.00
2026-04-24 14:37:59 | WARNING | root | Несовпадение 'наш долг' у клиента 'Судилкина И.О. ИП - Токарев ГОЛОВНОЙ': шапка=0.04, по строкам=0.00
2026-04-24 14:37:59 | WARNING | root | Несовпадение 'наш долг' у клиента 'Беккер Н. М. ИП - Токарев (Петухова ул, дом № 91)': шапка=0.10, по строкам=0.00
2026-04-24 14:37:59 | WARNING | root | Несовпадение 'наш долг' у клиента 'Паруйрян Эдгар Мишаи ИП - Воротников (Дениса Давыдова ул, дом № 4) (У)': шапка=0.30, по строкам=0.00
2026-04-24 14:37:59 | WARNING | root | Несовпадение 'наш долг' у клиента 'Рузибоева Феруза Нуриллаевна ИП': шапка=0.64, по строкам=0.00
2026-04-24 14:37:59 | WARNING | root | Несовпадение 'наш долг' у клиента 'Цыганкова Ирина Николаевна ИП - Колягин (Мочище дп, Обская ул, дом № 24) (У)': шапка=50.00, по строкам=0.00
2026-04-24 14:37:59 | WARNING | root | Несовпадение 'наш долг' у клиента 'Пронькина Марина Викторовна ИП - Колягин': шапка=60.00, по строкам=0.00
2026-04-24 14:37:59 | WARNING | root | Несовпадение 'наш долг' у клиента 'Балакшина О. А.  ИП - Токарев (Ленинское с, Школьная ул, дом № 3)': шапка=240.00, по строкам=0.00
2026-04-24 14:37:59 | WARNING | root | Несовпадение 'наш долг' у клиента 'Текутьев Николай Сергеевич ИП- Воротников (Шоссейная, 2)': шапка=676.00, по строкам=0.00
2026-04-24 14:37:59 | WARNING | root | Несовпадение 'наш долг' у клиента 'Маджента ООО - Воротников ГОЛОВНОЙ': шапка=761.80, по строкам=0.00
2026-04-24 14:37:59 | WARNING | root | Несовпадение 'наш долг' у клиента 'Петрова Вероника Сергеевна ИП - Воротников': шапка=2300.00, по строкам=0.00
2026-04-24 14:37:59 | WARNING | root | Несовпадение 'наш долг' у клиента 'Баранова Юлия Николаевна ИП - Воротников': шапка=2555.10, по строкам=0.00
2026-04-24 14:37:59 | WARNING | root | Несовпадение 'наш долг' у клиента 'Савина А.И. ИП - Воротников ГОЛОВНОЙ': шапка=2930.78, по строкам=0.00
2026-04-24 14:37:59 | WARNING | root | Несовпадение 'наш долг' у клиента 'ВИКТОР ООО - Щербатов ГОЛОВНОЙ': шапка=4563.50, по строкам=0.00
2026-04-24 14:37:59 | WARNING | root | Несовпадение 'наш долг' у клиента 'Блинкова Анна Павловна  ИП - Воротников': шапка=8583.00, по строкам=0.00
2026-04-24 14:37:59 | WARNING | root | Несовпадение 'наш долг' у клиента 'Воронецкий Е. Ю. ИП - Колягин': шапка=11240.00, по строкам=0.00
2026-04-24 14:37:59 | WARNING | root | Несовпадение 'наш долг' у клиента 'nan': шапка=158197.34, по строкам=0.00
2026-04-24 14:37:59 | INFO | root | Собрано клиентов: 316
2026-04-24 14:37:59 | INFO | __main__ | Отчёт на 24.04.2026 | клиентов: 316
2026-04-24 14:37:59 | INFO | __main__ | 01. nan | сум: 10673472.93 | проср: 10137460.25 | наш долг: 158197.34 | доков: 0
2026-04-24 14:37:59 | INFO | __main__ | 02. ГЕРАНИОЛ ООО - Воротников (НСТ СТроитель, д 3/1а) | сум: 325361.78 | проср: 325361.78 | наш долг: 0.00 | доков: 2
2026-04-24 14:37:59 | INFO | __main__ | 03. ГЕРАНИОЛ ООО - Воротников (Березовая ул, дом № 13) | сум: 301250.16 | проср: 301250.16 | наш долг: 0.00 | доков: 2
2026-04-24 14:37:59 | INFO | __main__ | 04. ГЕРАНИОЛ ООО - Воротников (Березовая ул, дом № 7а) | сум: 300624.40 | проср: 300624.40 | наш долг: 0.00 | доков: 1
2026-04-24 14:37:59 | INFO | __main__ | 05. ГЕРАНИОЛ ООО - Воротников (Журналист тер. СНТ, Межозерная ул, дом № 34) | сум: 292233.96 | проср: 292233.96 | наш долг: 0.00 | доков: 4
2026-04-24 14:37:59 | INFO | __main__ | 06. ГЕРАНИОЛ ООО - Воротников (Благое мкр Солнечная ул, дом № 3) | сум: 278168.76 | проср: 278168.76 | наш долг: 0.00 | доков: 2
2026-04-24 14:37:59 | INFO | __main__ | 07. ГЕРАНИОЛ ООО - Воротников (Дачная ул, дом № 31, корпус 1) | сум: 269669.11 | проср: 269669.11 | наш долг: 0.00 | доков: 2
2026-04-24 14:37:59 | INFO | __main__ | 08. ГЕРАНИОЛ ООО - Воротников (Римского-Корсакова ул, дом № 28) | сум: 263676.28 | проср: 263676.28 | наш долг: 0.00 | доков: 4
2026-04-24 14:37:59 | INFO | __main__ | 09. ГЕРАНИОЛ ООО - Воротников (Тульская ул, дом № 80) | сум: 250703.58 | проср: 250703.58 | наш долг: 0.00 | доков: 1
2026-04-24 14:37:59 | INFO | __main__ | 10. Прокопьев Евгений Викторович ИП - Воротников (Демакова ул, дом № 11) | сум: 233188.50 | проср: 192208.00 | наш долг: 0.00 | доков: 5
2026-04-24 14:37:59 | INFO | aiogram.dispatcher | Start polling
2026-04-24 14:37:59 | INFO | telegram_bot | Daily fetch: next run in 3180 sec (now 2026-04-24 14:37:59, tz Asia/Novosibirsk)
2026-04-24 14:37:59 | INFO | aiogram.dispatcher | Run polling for bot @BeerMarket_testbot id=8304099970 - 'BeerMarket_test🍺'
2026-04-24 14:39:57 | INFO | audit | {'t': 'msg', 'ok': True, 'ms': 415, 'req': 'e04d85f6', 'bot': 8304099970, 'uid': 237087423, 'user': 'Freep_o_0_rn', 'name': 'Freep_o_0_rn', 'role': 'guest', 'chat': 237087423, 'chat_type': 'private', 'msg_id': 5037, 'kind': <ContentType.TEXT: 'text'>, 'text': '/reset_role', 'caption_len': 0, 'entities': 1, 'state': 'OnboardStates:waiting_role'}
2026-04-24 14:39:57 | INFO | aiogram.event | Update id=104059103 is handled. Duration 436 ms by bot id=8304099970
2026-04-24 14:40:01 | INFO | audit | {'t': 'cb', 'ok': True, 'ms': 522, 'req': '89fdc28e', 'bot': 8304099970, 'uid': 237087423, 'user': 'Freep_o_0_rn', 'name': 'Freep_o_0_rn', 'role': 'guest', 'chat': 237087423, 'cb_id': '1018282729677751359', 'msg_id': 5039, 'data': 'ob:admin', 'state': 'OnboardStates:waiting_admin_password'}
2026-04-24 14:40:01 | INFO | aiogram.event | Update id=104059104 is handled. Duration 530 ms by bot id=8304099970
2026-04-24 14:40:08 | INFO | audit | {'t': 'msg', 'ok': True, 'ms': 113, 'req': '2de506f8', 'bot': 8304099970, 'uid': 237087423, 'user': 'Freep_o_0_rn', 'name': 'Freep_o_0_rn', 'role': 'guest', 'chat': 237087423, 'chat_type': 'private', 'msg_id': 5040, 'kind': <ContentType.TEXT: 'text'>, 'text': '123', 'caption_len': 0, 'entities': 0, 'state': 'OnboardStates:waiting_admin_password'}
2026-04-24 14:40:08 | INFO | aiogram.event | Update id=104059105 is handled. Duration 125 ms by bot id=8304099970
2026-04-24 14:40:18 | INFO | audit | {'t': 'cb', 'ok': True, 'ms': 198, 'req': 'ed02e941', 'bot': 8304099970, 'uid': 237087423, 'user': 'Freep_o_0_rn', 'name': 'Freep_o_0_rn', 'role': 'guest', 'chat': 237087423, 'cb_id': '1018282728591636505', 'msg_id': 5041, 'data': 'ob:admin', 'state': 'OnboardStates:waiting_admin_password'}
2026-04-24 14:40:18 | INFO | aiogram.event | Update id=104059106 is handled. Duration 202 ms by bot id=8304099970
2026-04-24 14:40:23 | INFO | audit | {'t': 'msg', 'ok': True, 'ms': 375, 'req': 'a3dc13df', 'bot': 8304099970, 'uid': 237087423, 'user': 'Freep_o_0_rn', 'name': 'Freep_o_0_rn', 'role': 'admin', 'chat': 237087423, 'chat_type': 'private', 'msg_id': 5042, 'kind': <ContentType.TEXT: 'text'>, 'text': '99654511', 'caption_len': 0, 'entities': 0, 'state': None}
2026-04-24 14:40:23 | INFO | aiogram.event | Update id=104059107 is handled. Duration 390 ms by bot id=8304099970
2026-04-24 14:52:37 | INFO | aiogram.dispatcher | Polling stopped
2026-04-24 14:52:37 | INFO | aiogram.dispatcher | Polling stopped for bot @BeerMarket_testbot id=8304099970 - 'BeerMarket_test🍺'
2026-04-24 15:00:09 | INFO | telegram_bot | Mini App URL configured: https://app.freep0rndeveloper.website/?api_base=https://api.freep0rndeveloper.website/
2026-04-24 15:00:09 | INFO | __main__ | BOT_TOKEN валиден.
2026-04-24 15:00:10 | INFO | root | Нашли заголовки детальной таблицы на строке: 21
2026-04-24 15:00:10 | INFO | root | Скачан и валидирован файл дебиторки: downloads\Дебиторская задолженность по срокам долга - Прокопенко (XLS).xls
2026-04-24 15:00:10 | INFO | __main__ | Файл получен: downloads\Дебиторская задолженность по срокам долга - Прокопенко (XLS).xls
2026-04-24 15:00:12 | INFO | root | Нашли заголовки детальной таблицы на строке: 21
2026-04-24 15:00:12 | WARNING | root | Несовпадение 'наш долг' у клиента 'Полончук Алёна Николаевна ИП Воротников (Игарская ул, дом № 42)': шапка=5400.00, по строкам=0.00
2026-04-24 15:00:12 | WARNING | root | Несовпадение 'наш долг' у клиента 'Есинский А. Е. ИП - Колягин (Озерный п, Солнечный мкр, дом № 333)': шапка=70.38, по строкам=3.00
2026-04-24 15:00:12 | WARNING | root | Несовпадение 'наш долг' у клиента '_ГАРМОНИЯ ООО - Токарев (2-й Бронный пер, дом № 28/1)': шапка=552.18, по строкам=0.00
2026-04-24 15:00:12 | WARNING | root | Несовпадение 'наш долг' у клиента 'Судилкина И.О. ИП - Токарев ГОЛОВНОЙ': шапка=0.04, по строкам=0.00
2026-04-24 15:00:12 | WARNING | root | Несовпадение 'наш долг' у клиента 'Беккер Н. М. ИП - Токарев (Петухова ул, дом № 91)': шапка=0.10, по строкам=0.00
2026-04-24 15:00:12 | WARNING | root | Несовпадение 'наш долг' у клиента 'Паруйрян Эдгар Мишаи ИП - Воротников (Дениса Давыдова ул, дом № 4) (У)': шапка=0.30, по строкам=0.00
2026-04-24 15:00:12 | WARNING | root | Несовпадение 'наш долг' у клиента 'Рузибоева Феруза Нуриллаевна ИП': шапка=0.64, по строкам=0.00
2026-04-24 15:00:12 | WARNING | root | Несовпадение 'наш долг' у клиента 'Цыганкова Ирина Николаевна ИП - Колягин (Мочище дп, Обская ул, дом № 24) (У)': шапка=50.00, по строкам=0.00
2026-04-24 15:00:12 | WARNING | root | Несовпадение 'наш долг' у клиента 'Пронькина Марина Викторовна ИП - Колягин': шапка=60.00, по строкам=0.00
2026-04-24 15:00:12 | WARNING | root | Несовпадение 'наш долг' у клиента 'Балакшина О. А.  ИП - Токарев (Ленинское с, Школьная ул, дом № 3)': шапка=240.00, по строкам=0.00
2026-04-24 15:00:12 | WARNING | root | Несовпадение 'наш долг' у клиента 'Текутьев Николай Сергеевич ИП- Воротников (Шоссейная, 2)': шапка=676.00, по строкам=0.00
2026-04-24 15:00:12 | WARNING | root | Несовпадение 'наш долг' у клиента 'Маджента ООО - Воротников ГОЛОВНОЙ': шапка=761.80, по строкам=0.00
2026-04-24 15:00:12 | WARNING | root | Несовпадение 'наш долг' у клиента 'Петрова Вероника Сергеевна ИП - Воротников': шапка=2300.00, по строкам=0.00
2026-04-24 15:00:12 | WARNING | root | Несовпадение 'наш долг' у клиента 'Баранова Юлия Николаевна ИП - Воротников': шапка=2555.10, по строкам=0.00
2026-04-24 15:00:12 | WARNING | root | Несовпадение 'наш долг' у клиента 'Савина А.И. ИП - Воротников ГОЛОВНОЙ': шапка=2930.78, по строкам=0.00
2026-04-24 15:00:12 | WARNING | root | Несовпадение 'наш долг' у клиента 'ВИКТОР ООО - Щербатов ГОЛОВНОЙ': шапка=4563.50, по строкам=0.00
2026-04-24 15:00:12 | WARNING | root | Несовпадение 'наш долг' у клиента 'Блинкова Анна Павловна  ИП - Воротников': шапка=8583.00, по строкам=0.00
2026-04-24 15:00:12 | WARNING | root | Несовпадение 'наш долг' у клиента 'Воронецкий Е. Ю. ИП - Колягин': шапка=11240.00, по строкам=0.00
2026-04-24 15:00:12 | WARNING | root | Несовпадение 'наш долг' у клиента 'nan': шапка=158197.34, по строкам=0.00
2026-04-24 15:00:12 | INFO | root | Собрано клиентов: 316
2026-04-24 15:00:12 | INFO | __main__ | Отчёт на 24.04.2026 | клиентов: 316
2026-04-24 15:00:12 | INFO | __main__ | 01. nan | сум: 10673472.93 | проср: 10137460.25 | наш долг: 158197.34 | доков: 0
2026-04-24 15:00:12 | INFO | __main__ | 02. ГЕРАНИОЛ ООО - Воротников (НСТ СТроитель, д 3/1а) | сум: 325361.78 | проср: 325361.78 | наш долг: 0.00 | доков: 2
2026-04-24 15:00:12 | INFO | __main__ | 03. ГЕРАНИОЛ ООО - Воротников (Березовая ул, дом № 13) | сум: 301250.16 | проср: 301250.16 | наш долг: 0.00 | доков: 2
2026-04-24 15:00:12 | INFO | __main__ | 04. ГЕРАНИОЛ ООО - Воротников (Березовая ул, дом № 7а) | сум: 300624.40 | проср: 300624.40 | наш долг: 0.00 | доков: 1
2026-04-24 15:00:12 | INFO | __main__ | 05. ГЕРАНИОЛ ООО - Воротников (Журналист тер. СНТ, Межозерная ул, дом № 34) | сум: 292233.96 | проср: 292233.96 | наш долг: 0.00 | доков: 4
2026-04-24 15:00:12 | INFO | __main__ | 06. ГЕРАНИОЛ ООО - Воротников (Благое мкр Солнечная ул, дом № 3) | сум: 278168.76 | проср: 278168.76 | наш долг: 0.00 | доков: 2
2026-04-24 15:00:12 | INFO | __main__ | 07. ГЕРАНИОЛ ООО - Воротников (Дачная ул, дом № 31, корпус 1) | сум: 269669.11 | проср: 269669.11 | наш долг: 0.00 | доков: 2
2026-04-24 15:00:12 | INFO | __main__ | 08. ГЕРАНИОЛ ООО - Воротников (Римского-Корсакова ул, дом № 28) | сум: 263676.28 | проср: 263676.28 | наш долг: 0.00 | доков: 4
2026-04-24 15:00:12 | INFO | __main__ | 09. ГЕРАНИОЛ ООО - Воротников (Тульская ул, дом № 80) | сум: 250703.58 | проср: 250703.58 | наш долг: 0.00 | доков: 1
2026-04-24 15:00:12 | INFO | __main__ | 10. Прокопьев Евгений Викторович ИП - Воротников (Демакова ул, дом № 11) | сум: 233188.50 | проср: 192208.00 | наш долг: 0.00 | доков: 5
2026-04-24 15:00:12 | INFO | aiogram.dispatcher | Start polling
2026-04-24 15:00:12 | INFO | telegram_bot | Daily fetch: next run in 1847 sec (now 2026-04-24 15:00:12, tz Asia/Novosibirsk)
2026-04-24 15:00:12 | INFO | aiogram.dispatcher | Run polling for bot @BeerMarket_testbot id=8304099970 - 'BeerMarket_test🍺'
2026-04-24 15:00:21 | INFO | audit | {'t': 'msg', 'ok': True, 'ms': 334, 'req': 'd4ac6ac9', 'bot': 8304099970, 'uid': 237087423, 'user': 'Freep_o_0_rn', 'name': 'Freep_o_0_rn', 'role': 'admin', 'chat': 237087423, 'chat_type': 'private', 'msg_id': 5045, 'kind': <ContentType.TEXT: 'text'>, 'text': '▶️ Старт', 'caption_len': 0, 'entities': 0, 'state': None}
2026-04-24 15:00:21 | INFO | aiogram.event | Update id=104059108 is handled. Duration 343 ms by bot id=8304099970
2026-04-24 15:00:29 | INFO | audit | {'t': 'msg', 'ok': True, 'ms': 117, 'req': 'a4f88bfc', 'bot': 8304099970, 'uid': 237087423, 'user': 'Freep_o_0_rn', 'name': 'Freep_o_0_rn', 'role': 'admin', 'chat': 237087423, 'chat_type': 'private', 'msg_id': 5047, 'kind': <ContentType.TEXT: 'text'>, 'text': '✉️ Инвайты', 'caption_len': 0, 'entities': 0, 'state': None}
2026-04-24 15:00:29 | INFO | aiogram.event | Update id=104059109 is handled. Duration 109 ms by bot id=8304099970
2026-04-24 15:00:35 | INFO | audit | {'t': 'cb', 'ok': True, 'ms': 214, 'req': '5053a9c5', 'bot': 8304099970, 'uid': 237087423, 'user': 'Freep_o_0_rn', 'name': 'Freep_o_0_rn', 'role': 'admin', 'chat': 237087423, 'cb_id': '1018282730375032601', 'msg_id': 5048, 'data': 'inv:create', 'state': 'InviteStates:waiting_role'}
2026-04-24 15:00:35 | INFO | aiogram.event | Update id=104059110 is handled. Duration 218 ms by bot id=8304099970
2026-04-24 15:00:48 | INFO | audit | {'t': 'cb', 'ok': True, 'ms': 209, 'req': '13506335', 'bot': 8304099970, 'uid': 237087423, 'user': 'Freep_o_0_rn', 'name': 'Freep_o_0_rn', 'role': 'admin', 'chat': 237087423, 'cb_id': '1018282731963839458', 'msg_id': 5048, 'data': 'inv:create:role:moderator', 'state': 'InviteStates:waiting_ttl'}
2026-04-24 15:00:48 | INFO | aiogram.event | Update id=104059111 is handled. Duration 218 ms by bot id=8304099970
2026-04-24 15:00:53 | INFO | audit | {'t': 'cb', 'ok': True, 'ms': 203, 'req': 'd44dfc44', 'bot': 8304099970, 'uid': 237087423, 'user': 'Freep_o_0_rn', 'name': 'Freep_o_0_rn', 'role': 'admin', 'chat': 237087423, 'cb_id': '1018282731237799974', 'msg_id': 5048, 'data': 'inv:create:ttl:1h', 'state': 'InviteStates:waiting_max_uses'}
2026-04-24 15:00:53 | INFO | aiogram.event | Update id=104059112 is handled. Duration 202 ms by bot id=8304099970
2026-04-24 15:00:56 | INFO | audit | {'t': 'cb', 'ok': True, 'ms': 508, 'req': '2179b7b3', 'bot': 8304099970, 'uid': 237087423, 'user': 'Freep_o_0_rn', 'name': 'Freep_o_0_rn', 'role': 'admin', 'chat': 237087423, 'cb_id': '1018282729177901693', 'msg_id': 5048, 'data': 'inv:create:uses:1', 'state': 'InviteStates:waiting_name'}
2026-04-24 15:00:56 | INFO | aiogram.event | Update id=104059113 is handled. Duration 515 ms by bot id=8304099970
2026-04-24 15:01:06 | INFO | audit | {'t': 'msg', 'ok': True, 'ms': 557, 'req': 'ccda988a', 'bot': 8304099970, 'uid': 237087423, 'user': 'Freep_o_0_rn', 'name': 'Freep_o_0_rn', 'role': 'admin', 'chat': 237087423, 'chat_type': 'private', 'msg_id': 5049, 'kind': <ContentType.TEXT: 'text'>, 'text': 'Петруша', 'caption_len': 0, 'entities': 0, 'state': None}
2026-04-24 15:01:06 | INFO | aiogram.event | Update id=104059114 is handled. Duration 563 ms by bot id=8304099970
2026-04-24 15:01:39 | INFO | audit | {'t': 'msg', 'ok': True, 'ms': 122, 'req': '249d972c', 'bot': 8304099970, 'uid': 237087423, 'user': 'Freep_o_0_rn', 'name': 'Freep_o_0_rn', 'role': 'admin', 'chat': 237087423, 'chat_type': 'private', 'msg_id': 5051, 'kind': <ContentType.TEXT: 'text'>, 'text': '👥 Пользователи', 'caption_len': 0, 'entities': 0, 'state': None}
2026-04-24 15:01:39 | INFO | aiogram.event | Update id=104059115 is handled. Duration 140 ms by bot id=8304099970
2026-04-24 15:01:44 | INFO | audit | {'t': 'cb', 'ok': True, 'ms': 227, 'req': 'd85eead8', 'bot': 8304099970, 'uid': 237087423, 'user': 'Freep_o_0_rn', 'name': 'Freep_o_0_rn', 'role': 'admin', 'chat': 237087423, 'cb_id': '1018282728712666584', 'msg_id': 5052, 'data': 'usr:list:1', 'state': None}
2026-04-24 15:01:44 | INFO | aiogram.event | Update id=104059116 is handled. Duration 250 ms by bot id=8304099970
2026-04-24 15:01:49 | INFO | audit | {'t': 'cb', 'ok': True, 'ms': 210, 'req': 'ee07e027', 'bot': 8304099970, 'uid': 237087423, 'user': 'Freep_o_0_rn', 'name': 'Freep_o_0_rn', 'role': 'admin', 'chat': 237087423, 'cb_id': '1018282728662192605', 'msg_id': 5052, 'data': 'usr:sel:1541701393:1', 'state': None}
2026-04-24 15:01:49 | INFO | aiogram.event | Update id=104059117 is handled. Duration 234 ms by bot id=8304099970
2026-04-24 15:01:53 | INFO | audit | {'t': 'cb', 'ok': True, 'ms': 208, 'req': '11997cc1', 'bot': 8304099970, 'uid': 237087423, 'user': 'Freep_o_0_rn', 'name': 'Freep_o_0_rn', 'role': 'admin', 'chat': 237087423, 'cb_id': '1018282731534481412', 'msg_id': 5052, 'data': 'usr:list:1', 'state': None}
2026-04-24 15:01:53 | INFO | aiogram.event | Update id=104059118 is handled. Duration 234 ms by bot id=8304099970
2026-04-24 15:01:59 | INFO | audit | {'t': 'cb', 'ok': True, 'ms': 212, 'req': '88234112', 'bot': 8304099970, 'uid': 237087423, 'user': 'Freep_o_0_rn', 'name': 'Freep_o_0_rn', 'role': 'admin', 'chat': 237087423, 'cb_id': '1018282730324266793', 'msg_id': 5052, 'data': 'usr:list:0', 'state': None}
2026-04-24 15:01:59 | INFO | aiogram.event | Update id=104059119 is handled. Duration 234 ms by bot id=8304099970
2026-04-24 15:02:12 | INFO | audit | {'t': 'cb', 'ok': True, 'ms': 250, 'req': 'cc3fbb5a', 'bot': 8304099970, 'uid': 237087423, 'user': 'Freep_o_0_rn', 'name': 'Freep_o_0_rn', 'role': 'admin', 'chat': 237087423, 'cb_id': '1018282730471819965', 'msg_id': 5052, 'data': 'usr:list:1', 'state': None}
2026-04-24 15:02:12 | INFO | aiogram.event | Update id=104059120 is handled. Duration 265 ms by bot id=8304099970
2026-04-24 15:02:17 | INFO | audit | {'t': 'cb', 'ok': True, 'ms': 221, 'req': '2b7a62ba', 'bot': 8304099970, 'uid': 237087423, 'user': 'Freep_o_0_rn', 'name': 'Freep_o_0_rn', 'role': 'admin', 'chat': 237087423, 'cb_id': '1018282730337783939', 'msg_id': 5052, 'data': 'usr:sel:1153611285:1', 'state': None}
2026-04-24 15:02:17 | INFO | aiogram.event | Update id=104059121 is handled. Duration 234 ms by bot id=8304099970
2026-04-24 15:02:25 | INFO | audit | {'t': 'cb', 'ok': True, 'ms': 213, 'req': '8079923d', 'bot': 8304099970, 'uid': 237087423, 'user': 'Freep_o_0_rn', 'name': 'Freep_o_0_rn', 'role': 'admin', 'chat': 237087423, 'cb_id': '1018282729487185922', 'msg_id': 5052, 'data': 'usr:list:1', 'state': None}
2026-04-24 15:02:25 | INFO | aiogram.event | Update id=104059122 is handled. Duration 234 ms by bot id=8304099970
2026-04-24 15:02:38 | INFO | audit | {'t': 'cb', 'ok': True, 'ms': 214, 'req': 'c2c58674', 'bot': 8304099970, 'uid': 237087423, 'user': 'Freep_o_0_rn', 'name': 'Freep_o_0_rn', 'role': 'admin', 'chat': 237087423, 'cb_id': '1018282731203228288', 'msg_id': 5052, 'data': 'usr:sel:694160365:1', 'state': None}
2026-04-24 15:02:38 | INFO | aiogram.event | Update id=104059123 is handled. Duration 218 ms by bot id=8304099970
2026-04-24 15:02:57 | INFO | audit | {'t': 'cb', 'ok': True, 'ms': 237, 'req': 'b00af922', 'bot': 8304099970, 'uid': 237087423, 'user': 'Freep_o_0_rn', 'name': 'Freep_o_0_rn', 'role': 'admin', 'chat': 237087423, 'cb_id': '1018282728995091311', 'msg_id': 5052, 'data': 'usr:list:1', 'state': None}
2026-04-24 15:02:57 | INFO | aiogram.event | Update id=104059124 is handled. Duration 250 ms by bot id=8304099970
2026-04-24 15:03:09 | INFO | audit | {'t': 'cb', 'ok': True, 'ms': 228, 'req': '2433fa5f', 'bot': 8304099970, 'uid': 237087423, 'user': 'Freep_o_0_rn', 'name': 'Freep_o_0_rn', 'role': 'admin', 'chat': 237087423, 'cb_id': '1018282731056598321', 'msg_id': 5052, 'data': 'usr:list:0', 'state': None}
2026-04-24 15:03:09 | INFO | aiogram.event | Update id=104059125 is handled. Duration 250 ms by bot id=8304099970
2026-04-24 15:03:21 | INFO | audit | {'t': 'cb', 'ok': True, 'ms': 233, 'req': '0bd22518', 'bot': 8304099970, 'uid': 237087423, 'user': 'Freep_o_0_rn', 'name': 'Freep_o_0_rn', 'role': 'admin', 'chat': 237087423, 'cb_id': '1018282731804734754', 'msg_id': 5052, 'data': 'usr:list:1', 'state': None}
2026-04-24 15:03:21 | INFO | aiogram.event | Update id=104059126 is handled. Duration 250 ms by bot id=8304099970
2026-04-24 15:03:26 | INFO | audit | {'t': 'cb', 'ok': True, 'ms': 206, 'req': 'e7291a2c', 'bot': 8304099970, 'uid': 237087423, 'user': 'Freep_o_0_rn', 'name': 'Freep_o_0_rn', 'role': 'admin', 'chat': 237087423, 'cb_id': '1018282731150464898', 'msg_id': 5052, 'data': 'usr:sel:8442184384:1', 'state': None}
2026-04-24 15:03:26 | INFO | aiogram.event | Update id=104059127 is handled. Duration 218 ms by bot id=8304099970
2026-04-24 15:03:30 | INFO | audit | {'t': 'cb', 'ok': True, 'ms': 208, 'req': '014e66e4', 'bot': 8304099970, 'uid': 237087423, 'user': 'Freep_o_0_rn', 'name': 'Freep_o_0_rn', 'role': 'admin', 'chat': 237087423, 'cb_id': '1018282732371116110', 'msg_id': 5052, 'data': 'usr:list:1', 'state': None}
2026-04-24 15:03:30 | INFO | aiogram.event | Update id=104059128 is handled. Duration 218 ms by bot id=8304099970
2026-04-24 15:03:31 | INFO | audit | {'t': 'cb', 'ok': True, 'ms': 213, 'req': '384706a9', 'bot': 8304099970, 'uid': 237087423, 'user': 'Freep_o_0_rn', 'name': 'Freep_o_0_rn', 'role': 'admin', 'chat': 237087423, 'cb_id': '1018282729768442871', 'msg_id': 5052, 'data': 'usr:sel:1018441489:1', 'state': None}
2026-04-24 15:03:31 | INFO | aiogram.event | Update id=104059129 is handled. Duration 234 ms by bot id=8304099970
2026-04-24 15:03:34 | INFO | audit | {'t': 'cb', 'ok': True, 'ms': 217, 'req': 'a93b295e', 'bot': 8304099970, 'uid': 237087423, 'user': 'Freep_o_0_rn', 'name': 'Freep_o_0_rn', 'role': 'admin', 'chat': 237087423, 'cb_id': '1018282729942993518', 'msg_id': 5052, 'data': 'usr:list:1', 'state': None}
2026-04-24 15:03:34 | INFO | aiogram.event | Update id=104059130 is handled. Duration 234 ms by bot id=8304099970
2026-04-24 15:03:35 | INFO | audit | {'t': 'cb', 'ok': True, 'ms': 274, 'req': '353a810a', 'bot': 8304099970, 'uid': 237087423, 'user': 'Freep_o_0_rn', 'name': 'Freep_o_0_rn', 'role': 'admin', 'chat': 237087423, 'cb_id': '1018282728438820800', 'msg_id': 5052, 'data': 'usr:sel:8442184384:1', 'state': None}
2026-04-24 15:03:35 | INFO | aiogram.event | Update id=104059131 is handled. Duration 281 ms by bot id=8304099970
2026-04-24 15:03:40 | INFO | audit | {'t': 'cb', 'ok': True, 'ms': 210, 'req': '538cb8c0', 'bot': 8304099970, 'uid': 237087423, 'user': 'Freep_o_0_rn', 'name': 'Freep_o_0_rn', 'role': 'admin', 'chat': 237087423, 'cb_id': '1018282728353850795', 'msg_id': 5052, 'data': 'usr:list:1', 'state': None}
2026-04-24 15:03:40 | INFO | aiogram.event | Update id=104059132 is handled. Duration 234 ms by bot id=8304099970
2026-04-24 15:03:42 | INFO | audit | {'t': 'cb', 'ok': True, 'ms': 210, 'req': '236703cc', 'bot': 8304099970, 'uid': 237087423, 'user': 'Freep_o_0_rn', 'name': 'Freep_o_0_rn', 'role': 'admin', 'chat': 237087423, 'cb_id': '1018282730401473921', 'msg_id': 5052, 'data': 'usr:sel:694160365:1', 'state': None}
2026-04-24 15:03:42 | INFO | aiogram.event | Update id=104059133 is handled. Duration 235 ms by bot id=8304099970
2026-04-24 15:03:44 | INFO | audit | {'t': 'cb', 'ok': True, 'ms': 208, 'req': 'd44312b2', 'bot': 8304099970, 'uid': 237087423, 'user': 'Freep_o_0_rn', 'name': 'Freep_o_0_rn', 'role': 'admin', 'chat': 237087423, 'cb_id': '1018282731839054427', 'msg_id': 5052, 'data': 'usr:list:1', 'state': None}
2026-04-24 15:03:44 | INFO | aiogram.event | Update id=104059134 is handled. Duration 218 ms by bot id=8304099970
2026-04-24 15:03:50 | INFO | audit | {'t': 'cb', 'ok': True, 'ms': 209, 'req': '917692cd', 'bot': 8304099970, 'uid': 237087423, 'user': 'Freep_o_0_rn', 'name': 'Freep_o_0_rn', 'role': 'admin', 'chat': 237087423, 'cb_id': '1018282731178808827', 'msg_id': 5052, 'data': 'usr:list:0', 'state': None}
2026-04-24 15:03:50 | INFO | aiogram.event | Update id=104059135 is handled. Duration 218 ms by bot id=8304099970
2026-04-24 15:03:58 | INFO | audit | {'t': 'msg', 'ok': True, 'ms': 207, 'req': 'f6c5750c', 'bot': 8304099970, 'uid': 1188061961, 'user': 'Re1ze_r', 'name': 'Vadim BeerMarket', 'role': 'sales_rep', 'chat': 1188061961, 'chat_type': 'private', 'msg_id': 5053, 'kind': <ContentType.TEXT: 'text'>, 'text': '▶️ Старт', 'caption_len': 0, 'entities': 0, 'state': None}
2026-04-24 15:03:58 | INFO | aiogram.event | Update id=104059136 is handled. Duration 202 ms by bot id=8304099970
2026-04-24 15:04:12 | INFO | audit | {'t': 'cb', 'ok': True, 'ms': 216, 'req': '09c2f3c3', 'bot': 8304099970, 'uid': 237087423, 'user': 'Freep_o_0_rn', 'name': 'Freep_o_0_rn', 'role': 'admin', 'chat': 237087423, 'cb_id': '1018282728193467945', 'msg_id': 5052, 'data': 'usr:sel:1188061961:0', 'state': None}
2026-04-24 15:04:12 | INFO | aiogram.event | Update id=104059137 is handled. Duration 234 ms by bot id=8304099970
2026-04-24 15:04:24 | INFO | audit | {'t': 'cb', 'ok': True, 'ms': 217, 'req': '268130f3', 'bot': 8304099970, 'uid': 237087423, 'user': 'Freep_o_0_rn', 'name': 'Freep_o_0_rn', 'role': 'admin', 'chat': 237087423, 'cb_id': '1018282732157106961', 'msg_id': 5052, 'data': 'usr:del:1188061961:0', 'state': 'AdminUserEditStates:waiting_delete_confirm'}
2026-04-24 15:04:24 | INFO | aiogram.event | Update id=104059138 is handled. Duration 234 ms by bot id=8304099970
2026-04-24 15:04:34 | INFO | audit | {'t': 'cb', 'ok': True, 'ms': 252, 'req': '4173b4c9', 'bot': 8304099970, 'uid': 237087423, 'user': 'Freep_o_0_rn', 'name': 'Freep_o_0_rn', 'role': 'admin', 'chat': 237087423, 'cb_id': '1018282729640654458', 'msg_id': 5055, 'data': 'usr:confirm_del:yes', 'state': None}
2026-04-24 15:04:34 | INFO | aiogram.event | Update id=104059139 is handled. Duration 281 ms by bot id=8304099970
2026-04-24 15:04:51 | INFO | aiogram.event | Update id=104059140 is handled. Duration 125 ms by bot id=8304099970
2026-04-24 15:05:26 | INFO | audit | {'t': 'msg', 'ok': True, 'ms': 118, 'req': '6881bca5', 'bot': 8304099970, 'uid': 237087423, 'user': 'Freep_o_0_rn', 'name': 'Freep_o_0_rn', 'role': 'admin', 'chat': 237087423, 'chat_type': 'private', 'msg_id': 5059, 'kind': <ContentType.TEXT: 'text'>, 'text': '✉️ Инвайты', 'caption_len': 0, 'entities': 0, 'state': None}
2026-04-24 15:05:26 | INFO | aiogram.event | Update id=104059141 is handled. Duration 125 ms by bot id=8304099970
2026-04-24 15:05:28 | INFO | audit | {'t': 'cb', 'ok': True, 'ms': 236, 'req': 'e22fba5a', 'bot': 8304099970, 'uid': 237087423, 'user': 'Freep_o_0_rn', 'name': 'Freep_o_0_rn', 'role': 'admin', 'chat': 237087423, 'cb_id': '1018282730205205224', 'msg_id': 5060, 'data': 'inv:list:active:0', 'state': None}
2026-04-24 15:05:28 | INFO | aiogram.event | Update id=104059142 is handled. Duration 250 ms by bot id=8304099970
2026-04-24 15:05:30 | INFO | audit | {'t': 'cb', 'ok': True, 'ms': 208, 'req': 'cd6ece84', 'bot': 8304099970, 'uid': 237087423, 'user': 'Freep_o_0_rn', 'name': 'Freep_o_0_rn', 'role': 'admin', 'chat': 237087423, 'cb_id': '1018282728198277939', 'msg_id': 5060, 'data': 'inv:view:2c0ce8544b594401a262e0643f6194ea:active:0', 'state': None}
2026-04-24 15:05:30 | INFO | aiogram.event | Update id=104059143 is handled. Duration 218 ms by bot id=8304099970
2026-04-24 15:06:16 | INFO | audit | {'t': 'msg', 'ok': True, 'ms': 306, 'req': '2f9f4df4', 'bot': 8304099970, 'uid': 1188061961, 'user': 'Re1ze_r', 'name': 'Vadim BeerMarket', 'role': 'moderator', 'chat': 1188061961, 'chat_type': 'private', 'msg_id': 5061, 'kind': <ContentType.TEXT: 'text'>, 'text': '/start iv_fbc3171850684fd8', 'caption_len': 0, 'entities': 1, 'state': 'OnboardStates:waiting_phone_contact'}
2026-04-24 15:06:16 | INFO | aiogram.event | Update id=104059144 is handled. Duration 313 ms by bot id=8304099970
2026-04-24 15:06:27 | INFO | audit | {'t': 'msg', 'ok': True, 'ms': 493, 'req': '608f40d3', 'bot': 8304099970, 'uid': 1188061961, 'user': 'Re1ze_r', 'name': 'Vadim BeerMarket', 'role': 'moderator', 'chat': 1188061961, 'chat_type': 'private', 'msg_id': 5064, 'kind': <ContentType.CONTACT: 'contact'>, 'text': '', 'caption_len': 0, 'entities': 0, 'state': None}
2026-04-24 15:06:27 | INFO | aiogram.event | Update id=104059145 is handled. Duration 547 ms by bot id=8304099970
2026-04-24 16:13:50 | INFO | telegram_bot | Mini App URL configured: https://app.freep0rndeveloper.website/?api_base=https://api.freep0rndeveloper.website/
2026-04-24 16:13:50 | INFO | __main__ | BOT_TOKEN валиден.
2026-04-24 16:13:51 | INFO | root | Нашли заголовки детальной таблицы на строке: 21
2026-04-24 16:13:51 | INFO | root | Скачан и валидирован файл дебиторки: downloads\Дебиторская задолженность по срокам долга - Прокопенко (XLS).xls
2026-04-24 16:13:51 | INFO | __main__ | Файл получен: downloads\Дебиторская задолженность по срокам долга - Прокопенко (XLS).xls
2026-04-24 16:13:53 | INFO | root | Нашли заголовки детальной таблицы на строке: 21
2026-04-24 16:13:53 | WARNING | root | Несовпадение 'наш долг' у клиента 'Полончук Алёна Николаевна ИП Воротников (Игарская ул, дом № 42)': шапка=5400.00, по строкам=0.00
2026-04-24 16:13:53 | WARNING | root | Несовпадение 'наш долг' у клиента 'Есинский А. Е. ИП - Колягин (Озерный п, Солнечный мкр, дом № 333)': шапка=70.38, по строкам=3.00
2026-04-24 16:13:53 | WARNING | root | Несовпадение 'наш долг' у клиента '_ГАРМОНИЯ ООО - Токарев (2-й Бронный пер, дом № 28/1)': шапка=552.18, по строкам=0.00
2026-04-24 16:13:53 | WARNING | root | Несовпадение 'наш долг' у клиента 'Судилкина И.О. ИП - Токарев ГОЛОВНОЙ': шапка=0.04, по строкам=0.00
2026-04-24 16:13:53 | WARNING | root | Несовпадение 'наш долг' у клиента 'Беккер Н. М. ИП - Токарев (Петухова ул, дом № 91)': шапка=0.10, по строкам=0.00
2026-04-24 16:13:53 | WARNING | root | Несовпадение 'наш долг' у клиента 'Паруйрян Эдгар Мишаи ИП - Воротников (Дениса Давыдова ул, дом № 4) (У)': шапка=0.30, по строкам=0.00
2026-04-24 16:13:53 | WARNING | root | Несовпадение 'наш долг' у клиента 'Рузибоева Феруза Нуриллаевна ИП': шапка=0.64, по строкам=0.00
2026-04-24 16:13:53 | WARNING | root | Несовпадение 'наш долг' у клиента 'Цыганкова Ирина Николаевна ИП - Колягин (Мочище дп, Обская ул, дом № 24) (У)': шапка=50.00, по строкам=0.00
2026-04-24 16:13:53 | WARNING | root | Несовпадение 'наш долг' у клиента 'Пронькина Марина Викторовна ИП - Колягин': шапка=60.00, по строкам=0.00
2026-04-24 16:13:53 | WARNING | root | Несовпадение 'наш долг' у клиента 'Балакшина О. А.  ИП - Токарев (Ленинское с, Школьная ул, дом № 3)': шапка=240.00, по строкам=0.00
2026-04-24 16:13:53 | WARNING | root | Несовпадение 'наш долг' у клиента 'Текутьев Николай Сергеевич ИП- Воротников (Шоссейная, 2)': шапка=676.00, по строкам=0.00
2026-04-24 16:13:53 | WARNING | root | Несовпадение 'наш долг' у клиента 'Маджента ООО - Воротников ГОЛОВНОЙ': шапка=761.80, по строкам=0.00
2026-04-24 16:13:53 | WARNING | root | Несовпадение 'наш долг' у клиента 'Петрова Вероника Сергеевна ИП - Воротников': шапка=2300.00, по строкам=0.00
2026-04-24 16:13:53 | WARNING | root | Несовпадение 'наш долг' у клиента 'Баранова Юлия Николаевна ИП - Воротников': шапка=2555.10, по строкам=0.00
2026-04-24 16:13:53 | WARNING | root | Несовпадение 'наш долг' у клиента 'Скороходова А. Р. ИП - Волчок (Бердск г, Морская ул, дом № 18/2)': шапка=2559.00, по строкам=0.00
2026-04-24 16:13:53 | WARNING | root | Несовпадение 'наш долг' у клиента 'Савина А.И. ИП - Воротников ГОЛОВНОЙ': шапка=2930.78, по строкам=0.00
2026-04-24 16:13:53 | WARNING | root | Несовпадение 'наш долг' у клиента 'ВИКТОР ООО - Щербатов ГОЛОВНОЙ': шапка=4563.50, по строкам=0.00
2026-04-24 16:13:53 | WARNING | root | Несовпадение 'наш долг' у клиента 'Блинкова Анна Павловна  ИП - Воротников': шапка=8583.00, по строкам=0.00
2026-04-24 16:13:53 | WARNING | root | Несовпадение 'наш долг' у клиента 'Щербакова Марина Викторовна ИП - Волчок': шапка=10120.00, по строкам=0.00
2026-04-24 16:13:53 | WARNING | root | Несовпадение 'наш долг' у клиента 'Воронецкий Е. Ю. ИП - Колягин': шапка=11240.00, по строкам=0.00
2026-04-24 16:13:53 | WARNING | root | Несовпадение 'наш долг' у клиента 'ТФ Дубрава ООО - Волчок (Бердск г, Первомайская ул, дом № 7А, корпус 1)КПП544545001': шапка=14075.43, по строкам=13579.33
2026-04-24 16:13:53 | WARNING | root | Несовпадение 'наш долг' у клиента 'nan': шапка=168382.99, по строкам=0.00
2026-04-24 16:13:53 | INFO | root | Собрано клиентов: 379
2026-04-24 16:13:53 | INFO | __main__ | Отчёт на 24.04.2026 | клиентов: 379
2026-04-24 16:13:53 | INFO | __main__ | 01. nan | сум: 11948861.64 | проср: 11262830.03 | наш долг: 168382.99 | доков: 0
2026-04-24 16:13:53 | INFO | __main__ | 02. ГЕРАНИОЛ ООО - Воротников (НСТ СТроитель, д 3/1а) | сум: 325361.78 | проср: 325361.78 | наш долг: 0.00 | доков: 2
2026-04-24 16:13:53 | INFO | __main__ | 03. ГЕРАНИОЛ ООО - Воротников (Березовая ул, дом № 13) | сум: 301250.16 | проср: 301250.16 | наш долг: 0.00 | доков: 2
2026-04-24 16:13:53 | INFO | __main__ | 04. ГЕРАНИОЛ ООО - Воротников (Березовая ул, дом № 7а) | сум: 300624.40 | проср: 300624.40 | наш долг: 0.00 | доков: 1
2026-04-24 16:13:53 | INFO | __main__ | 05. ГЕРАНИОЛ ООО - Воротников (Журналист тер. СНТ, Межозерная ул, дом № 34) | сум: 292233.96 | проср: 292233.96 | наш долг: 0.00 | доков: 4
2026-04-24 16:13:53 | INFO | __main__ | 06. ГЕРАНИОЛ ООО - Воротников (Благое мкр Солнечная ул, дом № 3) | сум: 278168.76 | проср: 278168.76 | наш долг: 0.00 | доков: 2
2026-04-24 16:13:53 | INFO | __main__ | 07. ГЕРАНИОЛ ООО - Воротников (Дачная ул, дом № 31, корпус 1) | сум: 269669.11 | проср: 269669.11 | наш долг: 0.00 | доков: 2
2026-04-24 16:13:53 | INFO | __main__ | 08. ГЕРАНИОЛ ООО - Воротников (Римского-Корсакова ул, дом № 28) | сум: 263676.28 | проср: 263676.28 | наш долг: 0.00 | доков: 4
2026-04-24 16:13:53 | INFO | __main__ | 09. ГЕРАНИОЛ ООО - Воротников (Тульская ул, дом № 80) | сум: 250703.58 | проср: 250703.58 | наш долг: 0.00 | доков: 1
2026-04-24 16:13:53 | INFO | __main__ | 10. Прокопьев Евгений Викторович ИП - Воротников (Демакова ул, дом № 11) | сум: 233188.50 | проср: 192208.00 | наш долг: 0.00 | доков: 5
2026-04-24 16:13:53 | INFO | aiogram.dispatcher | Start polling
2026-04-24 16:13:53 | INFO | telegram_bot | Daily fetch: next run in 65827 sec (now 2026-04-24 16:13:53, tz Asia/Novosibirsk)
2026-04-24 16:13:53 | INFO | aiogram.dispatcher | Run polling for bot @BeerMarket_testbot id=8304099970 - 'BeerMarket_test🍺'
2026-04-24 16:14:07 | INFO | audit | {'t': 'msg', 'ok': True, 'ms': 327, 'req': '697327c9', 'bot': 8304099970, 'uid': 1188061961, 'user': 'Re1ze_r', 'name': 'Vadim BeerMarket', 'role': 'moderator', 'chat': 1188061961, 'chat_type': 'private', 'msg_id': 5067, 'kind': <ContentType.TEXT: 'text'>, 'text': '▶️ Старт', 'caption_len': 0, 'entities': 0, 'state': None}
2026-04-24 16:14:07 | INFO | aiogram.event | Update id=104059146 is handled. Duration 327 ms by bot id=8304099970
2026-04-24 16:15:26 | INFO | audit | {'t': 'cb', 'ok': True, 'ms': 210, 'req': 'b789aaaf', 'bot': 8304099970, 'uid': 237087423, 'user': 'Freep_o_0_rn', 'name': 'Freep_o_0_rn', 'role': 'admin', 'chat': 237087423, 'cb_id': '1018282731360672570', 'msg_id': 5060, 'data': 'inv:list:active:0', 'state': None}
2026-04-24 16:15:26 | INFO | aiogram.event | Update id=104059147 is handled. Duration 203 ms by bot id=8304099970
2026-04-24 16:15:29 | INFO | audit | {'t': 'cb', 'ok': True, 'ms': 98, 'req': 'c5615a3d', 'bot': 8304099970, 'uid': 237087423, 'user': 'Freep_o_0_rn', 'name': 'Freep_o_0_rn', 'role': 'admin', 'chat': 237087423, 'cb_id': '1018282730387697402', 'msg_id': 5060, 'data': 'inv:noop', 'state': None}
2026-04-24 16:15:29 | INFO | aiogram.event | Update id=104059148 is handled. Duration 110 ms by bot id=8304099970
2026-04-24 16:15:31 | INFO | audit | {'t': 'cb', 'ok': True, 'ms': 212, 'req': '74ce79ab', 'bot': 8304099970, 'uid': 237087423, 'user': 'Freep_o_0_rn', 'name': 'Freep_o_0_rn', 'role': 'admin', 'chat': 237087423, 'cb_id': '1018282728432657800', 'msg_id': 5060, 'data': 'inv:menu', 'state': None}
2026-04-24 16:15:31 | INFO | aiogram.event | Update id=104059149 is handled. Duration 218 ms by bot id=8304099970
2026-04-24 16:15:33 | INFO | audit | {'t': 'cb', 'ok': True, 'ms': 216, 'req': 'fa3b7c94', 'bot': 8304099970, 'uid': 237087423, 'user': 'Freep_o_0_rn', 'name': 'Freep_o_0_rn', 'role': 'admin', 'chat': 237087423, 'cb_id': '1018282730543008155', 'msg_id': 5060, 'data': 'inv:list:active:0', 'state': None}
2026-04-24 16:15:34 | INFO | aiogram.event | Update id=104059150 is handled. Duration 218 ms by bot id=8304099970
2026-04-24 16:15:35 | INFO | audit | {'t': 'cb', 'ok': True, 'ms': 183, 'req': '1bf4db43', 'bot': 8304099970, 'uid': 237087423, 'user': 'Freep_o_0_rn', 'name': 'Freep_o_0_rn', 'role': 'admin', 'chat': 237087423, 'cb_id': '1018282730364358693', 'msg_id': 5060, 'data': 'inv:noop', 'state': None}
2026-04-24 16:15:35 | INFO | aiogram.event | Update id=104059151 is handled. Duration 188 ms by bot id=8304099970
2026-04-24 16:15:36 | INFO | audit | {'t': 'cb', 'ok': True, 'ms': 98, 'req': 'ad983ff0', 'bot': 8304099970, 'uid': 237087423, 'user': 'Freep_o_0_rn', 'name': 'Freep_o_0_rn', 'role': 'admin', 'chat': 237087423, 'cb_id': '1018282729200583130', 'msg_id': 5060, 'data': 'inv:noop', 'state': None}
2026-04-24 16:15:36 | INFO | aiogram.event | Update id=104059152 is handled. Duration 94 ms by bot id=8304099970
2026-04-24 16:15:38 | INFO | audit | {'t': 'cb', 'ok': True, 'ms': 250, 'req': 'f1db0c06', 'bot': 8304099970, 'uid': 237087423, 'user': 'Freep_o_0_rn', 'name': 'Freep_o_0_rn', 'role': 'admin', 'chat': 237087423, 'cb_id': '1018282729763848841', 'msg_id': 5060, 'data': 'inv:menu', 'state': None}
2026-04-24 16:15:38 | INFO | aiogram.event | Update id=104059153 is handled. Duration 250 ms by bot id=8304099970
2026-04-24 16:15:40 | INFO | audit | {'t': 'cb', 'ok': True, 'ms': 227, 'req': '9ad0f813', 'bot': 8304099970, 'uid': 237087423, 'user': 'Freep_o_0_rn', 'name': 'Freep_o_0_rn', 'role': 'admin', 'chat': 237087423, 'cb_id': '1018282731138869055', 'msg_id': 5060, 'data': 'inv:list:archive:0', 'state': None}
2026-04-24 16:15:40 | INFO | aiogram.event | Update id=104059154 is handled. Duration 235 ms by bot id=8304099970
2026-04-24 16:15:41 | INFO | audit | {'t': 'cb', 'ok': True, 'ms': 255, 'req': '2c6de842', 'bot': 8304099970, 'uid': 237087423, 'user': 'Freep_o_0_rn', 'name': 'Freep_o_0_rn', 'role': 'admin', 'chat': 237087423, 'cb_id': '1018282731764779197', 'msg_id': 5060, 'data': 'inv:view:2c0ce8544b594401a262e0643f6194ea:archive:0', 'state': None}
2026-04-24 16:15:41 | INFO | aiogram.event | Update id=104059155 is handled. Duration 265 ms by bot id=8304099970
2026-04-24 16:15:56 | INFO | audit | {'t': 'cb', 'ok': True, 'ms': 212, 'req': '60bf64c1', 'bot': 8304099970, 'uid': 237087423, 'user': 'Freep_o_0_rn', 'name': 'Freep_o_0_rn', 'role': 'admin', 'chat': 237087423, 'cb_id': '1018282731759009577', 'msg_id': 5060, 'data': 'inv:list:archive:0', 'state': None}
2026-04-24 16:15:56 | INFO | aiogram.event | Update id=104059156 is handled. Duration 218 ms by bot id=8304099970
2026-04-24 16:15:57 | INFO | audit | {'t': 'cb', 'ok': True, 'ms': 229, 'req': '94e9635a', 'bot': 8304099970, 'uid': 237087423, 'user': 'Freep_o_0_rn', 'name': 'Freep_o_0_rn', 'role': 'admin', 'chat': 237087423, 'cb_id': '1018282730778259404', 'msg_id': 5060, 'data': 'inv:menu', 'state': None}
2026-04-24 16:15:57 | INFO | aiogram.event | Update id=104059157 is handled. Duration 234 ms by bot id=8304099970
2026-04-24 16:15:58 | INFO | audit | {'t': 'cb', 'ok': True, 'ms': 237, 'req': 'd5a98b9a', 'bot': 8304099970, 'uid': 237087423, 'user': 'Freep_o_0_rn', 'name': 'Freep_o_0_rn', 'role': 'admin', 'chat': 237087423, 'cb_id': '1018282731919576016', 'msg_id': 5060, 'data': 'inv:create', 'state': 'InviteStates:waiting_role'}
2026-04-24 16:15:58 | INFO | aiogram.event | Update id=104059158 is handled. Duration 250 ms by bot id=8304099970
2026-04-24 16:16:12 | INFO | audit | {'t': 'cb', 'ok': True, 'ms': 216, 'req': 'de356788', 'bot': 8304099970, 'uid': 237087423, 'user': 'Freep_o_0_rn', 'name': 'Freep_o_0_rn', 'role': 'admin', 'chat': 237087423, 'cb_id': '1018282732158600167', 'msg_id': 5060, 'data': 'inv:create:role:client', 'state': 'InviteStates:waiting_ttl'}
2026-04-24 16:16:12 | INFO | aiogram.event | Update id=104059159 is handled. Duration 218 ms by bot id=8304099970
2026-04-24 16:16:15 | INFO | audit | {'t': 'cb', 'ok': True, 'ms': 265, 'req': 'b9497e08', 'bot': 8304099970, 'uid': 237087423, 'user': 'Freep_o_0_rn', 'name': 'Freep_o_0_rn', 'role': 'admin', 'chat': 237087423, 'cb_id': '1018282732131939919', 'msg_id': 5060, 'data': 'inv:create:ttl:inf', 'state': 'InviteStates:waiting_max_uses'}
2026-04-24 16:16:15 | INFO | aiogram.event | Update id=104059160 is handled. Duration 265 ms by bot id=8304099970
2026-04-24 16:16:20 | INFO | audit | {'t': 'cb', 'ok': True, 'ms': 648, 'req': 'cc3e0d7f', 'bot': 8304099970, 'uid': 237087423, 'user': 'Freep_o_0_rn', 'name': 'Freep_o_0_rn', 'role': 'admin', 'chat': 237087423, 'cb_id': '1018282730749647287', 'msg_id': 5060, 'data': 'inv:create:uses:100', 'state': None}
2026-04-24 16:16:20 | INFO | aiogram.event | Update id=104059161 is handled. Duration 655 ms by bot id=8304099970
2026-04-24 16:16:39 | INFO | audit | {'t': 'cb', 'ok': True, 'ms': 389, 'req': '567ae2c9', 'bot': 8304099970, 'uid': 237087423, 'user': 'Freep_o_0_rn', 'name': 'Freep_o_0_rn', 'role': 'admin', 'chat': 237087423, 'cb_id': '1018282728556161514', 'msg_id': 5060, 'data': 'menu:back', 'state': None}
2026-04-24 16:16:39 | INFO | aiogram.event | Update id=104059162 is handled. Duration 390 ms by bot id=8304099970
2026-04-24 16:16:42 | INFO | audit | {'t': 'msg', 'ok': True, 'ms': 198, 'req': 'd8d6a7de', 'bot': 8304099970, 'uid': 237087423, 'user': 'Freep_o_0_rn', 'name': 'Freep_o_0_rn', 'role': 'admin', 'chat': 237087423, 'chat_type': 'private', 'msg_id': 5070, 'kind': <ContentType.TEXT: 'text'>, 'text': '✉️ Инвайты', 'caption_len': 0, 'entities': 0, 'state': None}
2026-04-24 16:16:42 | INFO | aiogram.event | Update id=104059163 is handled. Duration 203 ms by bot id=8304099970
2026-04-24 16:16:44 | INFO | audit | {'t': 'cb', 'ok': True, 'ms': 266, 'req': '2caec940', 'bot': 8304099970, 'uid': 237087423, 'user': 'Freep_o_0_rn', 'name': 'Freep_o_0_rn', 'role': 'admin', 'chat': 237087423, 'cb_id': '1018282729189961642', 'msg_id': 5071, 'data': 'inv:list:active:0', 'state': None}
2026-04-24 16:16:44 | INFO | aiogram.event | Update id=104059164 is handled. Duration 264 ms by bot id=8304099970
2026-04-24 16:16:45 | INFO | audit | {'t': 'cb', 'ok': True, 'ms': 228, 'req': '5bb2848d', 'bot': 8304099970, 'uid': 237087423, 'user': 'Freep_o_0_rn', 'name': 'Freep_o_0_rn', 'role': 'admin', 'chat': 237087423, 'cb_id': '1018282728759555123', 'msg_id': 5071, 'data': 'inv:view:628d724181fd4550837ebbbfbf5d2bf5:active:0', 'state': None}
2026-04-24 16:16:45 | INFO | aiogram.event | Update id=104059165 is handled. Duration 250 ms by bot id=8304099970
2026-04-24 16:16:55 | INFO | audit | {'t': 'cb', 'ok': True, 'ms': 217, 'req': '4c73383d', 'bot': 8304099970, 'uid': 237087423, 'user': 'Freep_o_0_rn', 'name': 'Freep_o_0_rn', 'role': 'admin', 'chat': 237087423, 'cb_id': '1018282732270540859', 'msg_id': 5071, 'data': 'inv:archive:628d724181fd4550837ebbbfbf5d2bf5:active:0', 'state': None}
2026-04-24 16:16:55 | INFO | aiogram.event | Update id=104059166 is handled. Duration 234 ms by bot id=8304099970
2026-04-24 16:17:01 | INFO | audit | {'t': 'msg', 'ok': True, 'ms': 116, 'req': '6623e7ba', 'bot': 8304099970, 'uid': 237087423, 'user': 'Freep_o_0_rn', 'name': 'Freep_o_0_rn', 'role': 'admin', 'chat': 237087423, 'chat_type': 'private', 'msg_id': 5072, 'kind': <ContentType.TEXT: 'text'>, 'text': '👥 Пользователи', 'caption_len': 0, 'entities': 0, 'state': None}
2026-04-24 16:17:01 | INFO | aiogram.event | Update id=104059167 is handled. Duration 139 ms by bot id=8304099970
2026-04-24 16:17:05 | INFO | audit | {'t': 'cb', 'ok': True, 'ms': 212, 'req': '16f72e38', 'bot': 8304099970, 'uid': 237087423, 'user': 'Freep_o_0_rn', 'name': 'Freep_o_0_rn', 'role': 'admin', 'chat': 237087423, 'cb_id': '1018282729377725878', 'msg_id': 5073, 'data': 'usr:list:1', 'state': None}
2026-04-24 16:17:05 | INFO | aiogram.event | Update id=104059168 is handled. Duration 235 ms by bot id=8304099970
2026-04-24 16:17:08 | INFO | audit | {'t': 'cb', 'ok': True, 'ms': 218, 'req': 'd74bdca3', 'bot': 8304099970, 'uid': 237087423, 'user': 'Freep_o_0_rn', 'name': 'Freep_o_0_rn', 'role': 'admin', 'chat': 237087423, 'cb_id': '1018282731604054575', 'msg_id': 5073, 'data': 'usr:sel:1188061961:1', 'state': None}
2026-04-24 16:17:08 | INFO | aiogram.event | Update id=104059169 is handled. Duration 234 ms by bot id=8304099970
2026-04-24 16:17:12 | INFO | audit | {'t': 'cb', 'ok': True, 'ms': 218, 'req': 'a7239c79', 'bot': 8304099970, 'uid': 237087423, 'user': 'Freep_o_0_rn', 'name': 'Freep_o_0_rn', 'role': 'admin', 'chat': 237087423, 'cb_id': '1018282728299141181', 'msg_id': 5073, 'data': 'usr:del:1188061961:1', 'state': 'AdminUserEditStates:waiting_delete_confirm'}
2026-04-24 16:17:12 | INFO | aiogram.event | Update id=104059170 is handled. Duration 234 ms by bot id=8304099970
2026-04-24 16:17:13 | INFO | audit | {'t': 'cb', 'ok': True, 'ms': 229, 'req': '8f7d1b0f', 'bot': 8304099970, 'uid': 237087423, 'user': 'Freep_o_0_rn', 'name': 'Freep_o_0_rn', 'role': 'admin', 'chat': 237087423, 'cb_id': '1018282731657218830', 'msg_id': 5074, 'data': 'usr:confirm_del:yes', 'state': None}
2026-04-24 16:17:13 | INFO | aiogram.event | Update id=104059171 is handled. Duration 250 ms by bot id=8304099970
2026-04-24 16:17:15 | INFO | audit | {'t': 'cb', 'ok': True, 'ms': 335, 'req': '289838e4', 'bot': 8304099970, 'uid': 237087423, 'user': 'Freep_o_0_rn', 'name': 'Freep_o_0_rn', 'role': 'admin', 'chat': 237087423, 'cb_id': '1018282731791365477', 'msg_id': 5075, 'data': 'menu:back', 'state': None}
2026-04-24 16:17:15 | INFO | aiogram.event | Update id=104059172 is handled. Duration 359 ms by bot id=8304099970
2026-04-24 16:17:29 | INFO | aiogram.event | Update id=104059173 is not handled. Duration 15 ms by bot id=8304099970
2026-04-24 16:17:40 | INFO | aiogram.event | Update id=104059174 is not handled. Duration 31 ms by bot id=8304099970
2026-04-24 16:17:45 | INFO | audit | {'t': 'msg', 'ok': True, 'ms': 279, 'req': '0cc09624', 'bot': 8304099970, 'uid': 1188061961, 'user': 'Re1ze_r', 'name': 'Vadim BeerMarket', 'role': 'guest', 'chat': 1188061961, 'chat_type': 'private', 'msg_id': 5079, 'kind': <ContentType.TEXT: 'text'>, 'text': '/start iv_b8c59d5ff7254b02', 'caption_len': 0, 'entities': 1, 'state': 'OnboardStates:waiting_phone_contact'}
2026-04-24 16:17:45 | INFO | aiogram.event | Update id=104059175 is handled. Duration 297 ms by bot id=8304099970
2026-04-24 16:19:01 | INFO | audit | {'t': 'msg', 'ok': True, 'ms': 283, 'req': 'c493e3ae', 'bot': 8304099970, 'uid': 237087423, 'user': 'Freep_o_0_rn', 'name': 'Freep_o_0_rn', 'role': 'admin', 'chat': 237087423, 'chat_type': 'private', 'msg_id': 5082, 'kind': <ContentType.TEXT: 'text'>, 'text': '/start iv_b8c59d5ff7254b02', 'caption_len': 0, 'entities': 1, 'state': None}
2026-04-24 16:19:01 | INFO | aiogram.event | Update id=104059176 is handled. Duration 280 ms by bot id=8304099970
2026-04-24 16:19:26 | INFO | audit | {'t': 'msg', 'ok': True, 'ms': 115, 'req': '83f99039', 'bot': 8304099970, 'uid': 237087423, 'user': 'Freep_o_0_rn', 'name': 'Freep_o_0_rn', 'role': 'admin', 'chat': 237087423, 'chat_type': 'private', 'msg_id': 5085, 'kind': <ContentType.TEXT: 'text'>, 'text': '✉️ Инвайты', 'caption_len': 0, 'entities': 0, 'state': None}
2026-04-24 16:19:26 | INFO | aiogram.event | Update id=104059177 is handled. Duration 125 ms by bot id=8304099970
2026-04-24 16:19:29 | INFO | audit | {'t': 'cb', 'ok': True, 'ms': 227, 'req': '32d1bc5a', 'bot': 8304099970, 'uid': 237087423, 'user': 'Freep_o_0_rn', 'name': 'Freep_o_0_rn', 'role': 'admin', 'chat': 237087423, 'cb_id': '1018282729319627956', 'msg_id': 5086, 'data': 'inv:list:active:0', 'state': None}
2026-04-24 16:19:29 | INFO | aiogram.event | Update id=104059178 is handled. Duration 234 ms by bot id=8304099970
2026-04-24 16:19:31 | INFO | audit | {'t': 'cb', 'ok': True, 'ms': 226, 'req': '08955345', 'bot': 8304099970, 'uid': 237087423, 'user': 'Freep_o_0_rn', 'name': 'Freep_o_0_rn', 'role': 'admin', 'chat': 237087423, 'cb_id': '1018282730235270987', 'msg_id': 5086, 'data': 'inv:menu', 'state': None}
2026-04-24 16:19:31 | INFO | aiogram.event | Update id=104059179 is handled. Duration 234 ms by bot id=8304099970
2026-04-24 16:19:32 | INFO | audit | {'t': 'cb', 'ok': True, 'ms': 206, 'req': '953613a1', 'bot': 8304099970, 'uid': 237087423, 'user': 'Freep_o_0_rn', 'name': 'Freep_o_0_rn', 'role': 'admin', 'chat': 237087423, 'cb_id': '1018282730302333180', 'msg_id': 5086, 'data': 'inv:list:archive:0', 'state': None}
2026-04-24 16:19:32 | INFO | aiogram.event | Update id=104059180 is handled. Duration 219 ms by bot id=8304099970
2026-04-24 16:19:35 | INFO | audit | {'t': 'cb', 'ok': True, 'ms': 214, 'req': '6151f889', 'bot': 8304099970, 'uid': 237087423, 'user': 'Freep_o_0_rn', 'name': 'Freep_o_0_rn', 'role': 'admin', 'chat': 237087423, 'cb_id': '1018282729095211454', 'msg_id': 5086, 'data': 'inv:view:628d724181fd4550837ebbbfbf5d2bf5:archive:0', 'state': None}
2026-04-24 16:19:35 | INFO | aiogram.event | Update id=104059181 is handled. Duration 235 ms by bot id=8304099970
2026-04-24 16:19:37 | INFO | audit | {'t': 'cb', 'ok': True, 'ms': 220, 'req': '4ae54c37', 'bot': 8304099970, 'uid': 237087423, 'user': 'Freep_o_0_rn', 'name': 'Freep_o_0_rn', 'role': 'admin', 'chat': 237087423, 'cb_id': '1018282730075130882', 'msg_id': 5086, 'data': 'inv:list:archive:0', 'state': None}
2026-04-24 16:19:37 | INFO | aiogram.event | Update id=104059182 is handled. Duration 219 ms by bot id=8304099970
2026-04-24 16:20:01 | INFO | audit | {'t': 'cb', 'ok': True, 'ms': 278, 'req': '22593435', 'bot': 8304099970, 'uid': 237087423, 'user': 'Freep_o_0_rn', 'name': 'Freep_o_0_rn', 'role': 'admin', 'chat': 237087423, 'cb_id': '1018282731774704000', 'msg_id': 5086, 'data': 'inv:menu', 'state': None}
2026-04-24 16:20:01 | INFO | aiogram.event | Update id=104059183 is handled. Duration 281 ms by bot id=8304099970
2026-04-24 16:25:38 | INFO | audit | {'t': 'msg', 'ok': True, 'ms': 160, 'req': '87c8e039', 'bot': 8304099970, 'uid': 237087423, 'user': 'Freep_o_0_rn', 'name': 'Freep_o_0_rn', 'role': 'admin', 'chat': 237087423, 'chat_type': 'private', 'msg_id': 5087, 'kind': <ContentType.TEXT: 'text'>, 'text': '🔎 Поиск тары', 'caption_len': 0, 'entities': 0, 'state': 'SearchTaraStates:waiting_query'}
2026-04-24 16:25:38 | INFO | aiogram.event | Update id=104059184 is handled. Duration 156 ms by bot id=8304099970
2026-04-24 16:25:44 | INFO | audit | {'t': 'msg', 'ok': True, 'ms': 438, 'req': 'ddbf779f', 'bot': 8304099970, 'uid': 237087423, 'user': 'Freep_o_0_rn', 'name': 'Freep_o_0_rn', 'role': 'admin', 'chat': 237087423, 'chat_type': 'private', 'msg_id': 5089, 'kind': <ContentType.TEXT: 'text'>, 'text': 'Анохина', 'caption_len': 0, 'entities': 0, 'state': None}
2026-04-24 16:25:44 | INFO | aiogram.event | Update id=104059185 is handled. Duration 453 ms by bot id=8304099970
2026-04-24 16:53:52 | INFO | aiogram.dispatcher | Polling stopped for bot @BeerMarket_testbot id=8304099970 - 'BeerMarket_test🍺'
2026-04-24 16:53:52 | INFO | aiogram.dispatcher | Polling stopped
2026-04-24 19:53:57 | INFO | telegram_bot | Mini App URL configured: https://app.freep0rndeveloper.website/?api_base=https://api.freep0rndeveloper.website/
2026-04-24 19:53:58 | INFO | __main__ | BOT_TOKEN валиден.
2026-04-24 19:53:59 | INFO | root | Нашли заголовки детальной таблицы на строке: 21
2026-04-24 19:53:59 | INFO | root | Скачан и валидирован файл дебиторки: downloads\Дебиторская задолженность по срокам долга - Прокопенко (XLS).xls
2026-04-24 19:53:59 | INFO | __main__ | Файл получен: downloads\Дебиторская задолженность по срокам долга - Прокопенко (XLS).xls
2026-04-24 19:54:00 | INFO | root | Нашли заголовки детальной таблицы на строке: 21
2026-04-24 19:54:00 | WARNING | root | Несовпадение 'наш долг' у клиента 'Полончук Алёна Николаевна ИП Воротников (Игарская ул, дом № 42)': шапка=5400.00, по строкам=0.00
2026-04-24 19:54:00 | WARNING | root | Несовпадение 'наш долг' у клиента 'Есинский А. Е. ИП - Колягин (Озерный п, Солнечный мкр, дом № 333)': шапка=70.38, по строкам=3.00
2026-04-24 19:54:00 | WARNING | root | Несовпадение 'наш долг' у клиента '_ГАРМОНИЯ ООО - Токарев (2-й Бронный пер, дом № 28/1)': шапка=552.18, по строкам=0.00
2026-04-24 19:54:00 | WARNING | root | Несовпадение 'наш долг' у клиента 'Судилкина И.О. ИП - Токарев ГОЛОВНОЙ': шапка=0.04, по строкам=0.00
2026-04-24 19:54:00 | WARNING | root | Несовпадение 'наш долг' у клиента 'Беккер Н. М. ИП - Токарев (Петухова ул, дом № 91)': шапка=0.10, по строкам=0.00
2026-04-24 19:54:00 | WARNING | root | Несовпадение 'наш долг' у клиента 'Паруйрян Эдгар Мишаи ИП - Воротников (Дениса Давыдова ул, дом № 4) (У)': шапка=0.30, по строкам=0.00
2026-04-24 19:54:00 | WARNING | root | Несовпадение 'наш долг' у клиента 'Рузибоева Феруза Нуриллаевна ИП': шапка=0.64, по строкам=0.00
2026-04-24 19:54:00 | WARNING | root | Несовпадение 'наш долг' у клиента 'Цыганкова Ирина Николаевна ИП - Колягин (Мочище дп, Обская ул, дом № 24) (У)': шапка=50.00, по строкам=0.00
2026-04-24 19:54:00 | WARNING | root | Несовпадение 'наш долг' у клиента 'Пронькина Марина Викторовна ИП - Колягин': шапка=60.00, по строкам=0.00
2026-04-24 19:54:00 | WARNING | root | Несовпадение 'наш долг' у клиента 'Балакшина О. А.  ИП - Токарев (Ленинское с, Школьная ул, дом № 3)': шапка=240.00, по строкам=0.00
2026-04-24 19:54:00 | WARNING | root | Несовпадение 'наш долг' у клиента 'Текутьев Николай Сергеевич ИП- Воротников (Шоссейная, 2)': шапка=676.00, по строкам=0.00
2026-04-24 19:54:00 | WARNING | root | Несовпадение 'наш долг' у клиента 'Маджента ООО - Воротников ГОЛОВНОЙ': шапка=761.80, по строкам=0.00
2026-04-24 19:54:00 | WARNING | root | Несовпадение 'наш долг' у клиента 'Петрова Вероника Сергеевна ИП - Воротников': шапка=2300.00, по строкам=0.00
2026-04-24 19:54:00 | WARNING | root | Несовпадение 'наш долг' у клиента 'Баранова Юлия Николаевна ИП - Воротников': шапка=2555.10, по строкам=0.00
2026-04-24 19:54:00 | WARNING | root | Несовпадение 'наш долг' у клиента 'Скороходова А. Р. ИП - Волчок (Бердск г, Морская ул, дом № 18/2)': шапка=2559.00, по строкам=0.00
2026-04-24 19:54:00 | WARNING | root | Несовпадение 'наш долг' у клиента 'Савина А.И. ИП - Воротников ГОЛОВНОЙ': шапка=2930.78, по строкам=0.00
2026-04-24 19:54:00 | WARNING | root | Несовпадение 'наш долг' у клиента 'ВИКТОР ООО - Щербатов ГОЛОВНОЙ': шапка=4563.50, по строкам=0.00
2026-04-24 19:54:00 | WARNING | root | Несовпадение 'наш долг' у клиента 'Блинкова Анна Павловна  ИП - Воротников': шапка=8583.00, по строкам=0.00
2026-04-24 19:54:00 | WARNING | root | Несовпадение 'наш долг' у клиента 'Щербакова Марина Викторовна ИП - Волчок': шапка=10120.00, по строкам=0.00
2026-04-24 19:54:00 | WARNING | root | Несовпадение 'наш долг' у клиента 'Воронецкий Е. Ю. ИП - Колягин': шапка=11240.00, по строкам=0.00
2026-04-24 19:54:00 | WARNING | root | Несовпадение 'наш долг' у клиента 'ТФ Дубрава ООО - Волчок (Бердск г, Первомайская ул, дом № 7А, корпус 1)КПП544545001': шапка=14075.43, по строкам=13579.33
2026-04-24 19:54:00 | WARNING | root | Несовпадение 'наш долг' у клиента 'nan': шапка=168382.99, по строкам=0.00
2026-04-24 19:54:00 | INFO | root | Собрано клиентов: 378
2026-04-24 19:54:00 | INFO | __main__ | Отчёт на 24.04.2026 | клиентов: 378
2026-04-24 19:54:00 | INFO | __main__ | 01. nan | сум: 11941576.18 | проср: 11262830.03 | наш долг: 168382.99 | доков: 0
2026-04-24 19:54:00 | INFO | __main__ | 02. ГЕРАНИОЛ ООО - Воротников (НСТ СТроитель, д 3/1а) | сум: 325361.78 | проср: 325361.78 | наш долг: 0.00 | доков: 2
2026-04-24 19:54:00 | INFO | __main__ | 03. ГЕРАНИОЛ ООО - Воротников (Березовая ул, дом № 13) | сум: 301250.16 | проср: 301250.16 | наш долг: 0.00 | доков: 2
2026-04-24 19:54:00 | INFO | __main__ | 04. ГЕРАНИОЛ ООО - Воротников (Березовая ул, дом № 7а) | сум: 300624.40 | проср: 300624.40 | наш долг: 0.00 | доков: 1
2026-04-24 19:54:00 | INFO | __main__ | 05. ГЕРАНИОЛ ООО - Воротников (Журналист тер. СНТ, Межозерная ул, дом № 34) | сум: 292233.96 | проср: 292233.96 | наш долг: 0.00 | доков: 4
2026-04-24 19:54:00 | INFO | __main__ | 06. ГЕРАНИОЛ ООО - Воротников (Благое мкр Солнечная ул, дом № 3) | сум: 278168.76 | проср: 278168.76 | наш долг: 0.00 | доков: 2
2026-04-24 19:54:00 | INFO | __main__ | 07. ГЕРАНИОЛ ООО - Воротников (Дачная ул, дом № 31, корпус 1) | сум: 269669.11 | проср: 269669.11 | наш долг: 0.00 | доков: 2
2026-04-24 19:54:00 | INFO | __main__ | 08. ГЕРАНИОЛ ООО - Воротников (Римского-Корсакова ул, дом № 28) | сум: 263676.28 | проср: 263676.28 | наш долг: 0.00 | доков: 4
2026-04-24 19:54:00 | INFO | __main__ | 09. ГЕРАНИОЛ ООО - Воротников (Тульская ул, дом № 80) | сум: 250703.58 | проср: 250703.58 | наш долг: 0.00 | доков: 1
2026-04-24 19:54:00 | INFO | __main__ | 10. Прокопьев Евгений Викторович ИП - Воротников (Демакова ул, дом № 11) | сум: 233188.50 | проср: 192208.00 | наш долг: 0.00 | доков: 5
2026-04-24 19:54:01 | INFO | aiogram.dispatcher | Start polling
2026-04-24 19:54:01 | INFO | telegram_bot | Daily fetch: next run in 52619 sec (now 2026-04-24 19:54:01, tz Asia/Novosibirsk)
2026-04-24 19:54:01 | INFO | aiogram.dispatcher | Run polling for bot @BeerMarket_testbot id=8304099970 - 'BeerMarket_test🍺'
2026-04-24 19:54:28 | INFO | audit | {'ts': '2026-04-24T12:54:28', 't': 'msg', 'ok': True, 'ms': 337, 'req': 'ab700120', 'bot': 8304099970, 'uid': 237087423, 'user': 'Freep_o_0_rn', 'name': 'Freep_o_0_rn', 'role': 'admin', 'chat': 237087423, 'chat_type': 'private', 'msg_id': 5093, 'kind': <ContentType.TEXT: 'text'>, 'text': '▶️ Старт', 'caption_len': 0, 'entities': 0, 'state': None}
2026-04-24 19:54:28 | INFO | aiogram.event | Update id=104059186 is handled. Duration 344 ms by bot id=8304099970
2026-04-24 19:54:31 | INFO | audit | {'ts': '2026-04-24T12:54:31', 't': 'msg', 'ok': True, 'ms': 153, 'req': '5ed8e67b', 'bot': 8304099970, 'uid': 237087423, 'user': 'Freep_o_0_rn', 'name': 'Freep_o_0_rn', 'role': 'admin', 'chat': 237087423, 'chat_type': 'private', 'msg_id': 5095, 'kind': <ContentType.TEXT: 'text'>, 'text': '🕵️ Действия пользователей', 'caption_len': 0, 'entities': 0, 'state': None}
2026-04-24 19:54:31 | INFO | aiogram.event | Update id=104059187 is handled. Duration 155 ms by bot id=8304099970
2026-04-24 19:54:37 | INFO | audit | {'ts': '2026-04-24T12:54:37', 't': 'cb', 'ok': True, 'ms': 462, 'req': 'eb3a1780', 'bot': 8304099970, 'uid': 237087423, 'user': 'Freep_o_0_rn', 'name': 'Freep_o_0_rn', 'role': 'admin', 'chat': 237087423, 'cb_id': '1018282731762422245', 'msg_id': 5096, 'data': 'ua:open:5b02be3f0f04:0:0', 'state': None}
2026-04-24 19:54:37 | INFO | aiogram.event | Update id=104059188 is handled. Duration 500 ms by bot id=8304099970
2026-04-24 19:54:47 | INFO | aiogram.dispatcher | Polling stopped
2026-04-24 19:54:47 | INFO | aiogram.dispatcher | Polling stopped for bot @BeerMarket_testbot id=8304099970 - 'BeerMarket_test🍺'
2026-04-24 20:32:59 | INFO | telegram_bot | Mini App URL configured: https://app.freep0rndeveloper.website/?api_base=https://api.freep0rndeveloper.website/
2026-04-24 20:32:59 | INFO | __main__ | BOT_TOKEN валиден.
2026-04-24 20:33:00 | INFO | root | Нашли заголовки детальной таблицы на строке: 21
2026-04-24 20:33:00 | INFO | root | Скачан и валидирован файл дебиторки: downloads\Дебиторская задолженность по срокам долга - Прокопенко (XLS).xls
2026-04-24 20:33:00 | INFO | __main__ | Файл получен: downloads\Дебиторская задолженность по срокам долга - Прокопенко (XLS).xls
2026-04-24 20:33:01 | INFO | root | Нашли заголовки детальной таблицы на строке: 21
2026-04-24 20:33:01 | WARNING | root | Несовпадение 'наш долг' у клиента 'Полончук Алёна Николаевна ИП Воротников (Игарская ул, дом № 42)': шапка=5400.00, по строкам=0.00
2026-04-24 20:33:01 | WARNING | root | Несовпадение 'наш долг' у клиента 'Есинский А. Е. ИП - Колягин (Озерный п, Солнечный мкр, дом № 333)': шапка=70.38, по строкам=3.00
2026-04-24 20:33:01 | WARNING | root | Несовпадение 'наш долг' у клиента '_ГАРМОНИЯ ООО - Токарев (2-й Бронный пер, дом № 28/1)': шапка=552.18, по строкам=0.00
2026-04-24 20:33:01 | WARNING | root | Несовпадение 'наш долг' у клиента 'Судилкина И.О. ИП - Токарев ГОЛОВНОЙ': шапка=0.04, по строкам=0.00
2026-04-24 20:33:01 | WARNING | root | Несовпадение 'наш долг' у клиента 'Беккер Н. М. ИП - Токарев (Петухова ул, дом № 91)': шапка=0.10, по строкам=0.00
2026-04-24 20:33:01 | WARNING | root | Несовпадение 'наш долг' у клиента 'Паруйрян Эдгар Мишаи ИП - Воротников (Дениса Давыдова ул, дом № 4) (У)': шапка=0.30, по строкам=0.00
2026-04-24 20:33:01 | WARNING | root | Несовпадение 'наш долг' у клиента 'Рузибоева Феруза Нуриллаевна ИП': шапка=0.64, по строкам=0.00
2026-04-24 20:33:01 | WARNING | root | Несовпадение 'наш долг' у клиента 'Цыганкова Ирина Николаевна ИП - Колягин (Мочище дп, Обская ул, дом № 24) (У)': шапка=50.00, по строкам=0.00
2026-04-24 20:33:01 | WARNING | root | Несовпадение 'наш долг' у клиента 'Пронькина Марина Викторовна ИП - Колягин': шапка=60.00, по строкам=0.00
2026-04-24 20:33:01 | WARNING | root | Несовпадение 'наш долг' у клиента 'Балакшина О. А.  ИП - Токарев (Ленинское с, Школьная ул, дом № 3)': шапка=240.00, по строкам=0.00
2026-04-24 20:33:01 | WARNING | root | Несовпадение 'наш долг' у клиента 'Текутьев Николай Сергеевич ИП- Воротников (Шоссейная, 2)': шапка=676.00, по строкам=0.00
2026-04-24 20:33:01 | WARNING | root | Несовпадение 'наш долг' у клиента 'Маджента ООО - Воротников ГОЛОВНОЙ': шапка=761.80, по строкам=0.00
2026-04-24 20:33:01 | WARNING | root | Несовпадение 'наш долг' у клиента 'Петрова Вероника Сергеевна ИП - Воротников': шапка=2300.00, по строкам=0.00
2026-04-24 20:33:01 | WARNING | root | Несовпадение 'наш долг' у клиента 'Баранова Юлия Николаевна ИП - Воротников': шапка=2555.10, по строкам=0.00
2026-04-24 20:33:01 | WARNING | root | Несовпадение 'наш долг' у клиента 'Скороходова А. Р. ИП - Волчок (Бердск г, Морская ул, дом № 18/2)': шапка=2559.00, по строкам=0.00
2026-04-24 20:33:01 | WARNING | root | Несовпадение 'наш долг' у клиента 'Савина А.И. ИП - Воротников ГОЛОВНОЙ': шапка=2930.78, по строкам=0.00
2026-04-24 20:33:01 | WARNING | root | Несовпадение 'наш долг' у клиента 'ВИКТОР ООО - Щербатов ГОЛОВНОЙ': шапка=4563.50, по строкам=0.00
2026-04-24 20:33:01 | WARNING | root | Несовпадение 'наш долг' у клиента 'Блинкова Анна Павловна  ИП - Воротников': шапка=8583.00, по строкам=0.00
2026-04-24 20:33:01 | WARNING | root | Несовпадение 'наш долг' у клиента 'Щербакова Марина Викторовна ИП - Волчок': шапка=10120.00, по строкам=0.00
2026-04-24 20:33:01 | WARNING | root | Несовпадение 'наш долг' у клиента 'Воронецкий Е. Ю. ИП - Колягин': шапка=11240.00, по строкам=0.00
2026-04-24 20:33:01 | WARNING | root | Несовпадение 'наш долг' у клиента 'ТФ Дубрава ООО - Волчок (Бердск г, Первомайская ул, дом № 7А, корпус 1)КПП544545001': шапка=14075.43, по строкам=13579.33
2026-04-24 20:33:01 | WARNING | root | Несовпадение 'наш долг' у клиента 'nan': шапка=168382.99, по строкам=0.00
2026-04-24 20:33:01 | INFO | root | Собрано клиентов: 378
2026-04-24 20:33:01 | INFO | __main__ | Отчёт на 24.04.2026 | клиентов: 378
2026-04-24 20:33:01 | INFO | __main__ | 01. nan | сум: 11941576.18 | проср: 11262830.03 | наш долг: 168382.99 | доков: 0
2026-04-24 20:33:01 | INFO | __main__ | 02. ГЕРАНИОЛ ООО - Воротников (НСТ СТроитель, д 3/1а) | сум: 325361.78 | проср: 325361.78 | наш долг: 0.00 | доков: 2
2026-04-24 20:33:01 | INFO | __main__ | 03. ГЕРАНИОЛ ООО - Воротников (Березовая ул, дом № 13) | сум: 301250.16 | проср: 301250.16 | наш долг: 0.00 | доков: 2
2026-04-24 20:33:01 | INFO | __main__ | 04. ГЕРАНИОЛ ООО - Воротников (Березовая ул, дом № 7а) | сум: 300624.40 | проср: 300624.40 | наш долг: 0.00 | доков: 1
2026-04-24 20:33:01 | INFO | __main__ | 05. ГЕРАНИОЛ ООО - Воротников (Журналист тер. СНТ, Межозерная ул, дом № 34) | сум: 292233.96 | проср: 292233.96 | наш долг: 0.00 | доков: 4
2026-04-24 20:33:01 | INFO | __main__ | 06. ГЕРАНИОЛ ООО - Воротников (Благое мкр Солнечная ул, дом № 3) | сум: 278168.76 | проср: 278168.76 | наш долг: 0.00 | доков: 2
2026-04-24 20:33:01 | INFO | __main__ | 07. ГЕРАНИОЛ ООО - Воротников (Дачная ул, дом № 31, корпус 1) | сум: 269669.11 | проср: 269669.11 | наш долг: 0.00 | доков: 2
2026-04-24 20:33:01 | INFO | __main__ | 08. ГЕРАНИОЛ ООО - Воротников (Римского-Корсакова ул, дом № 28) | сум: 263676.28 | проср: 263676.28 | наш долг: 0.00 | доков: 4
2026-04-24 20:33:01 | INFO | __main__ | 09. ГЕРАНИОЛ ООО - Воротников (Тульская ул, дом № 80) | сум: 250703.58 | проср: 250703.58 | наш долг: 0.00 | доков: 1
2026-04-24 20:33:01 | INFO | __main__ | 10. Прокопьев Евгений Викторович ИП - Воротников (Демакова ул, дом № 11) | сум: 233188.50 | проср: 192208.00 | наш долг: 0.00 | доков: 5
2026-04-24 20:33:02 | INFO | aiogram.dispatcher | Start polling
2026-04-24 20:33:02 | INFO | telegram_bot | Daily fetch: next run in 50278 sec (now 2026-04-24 20:33:02, tz Asia/Novosibirsk)
2026-04-24 20:33:02 | INFO | aiogram.dispatcher | Run polling for bot @BeerMarket_testbot id=8304099970 - 'BeerMarket_test🍺'
2026-04-24 20:33:05 | INFO | audit | {'ts': '2026-04-24T13:33:05', 't': 'msg', 'ok': True, 'ms': 329, 'req': 'ebaa0a8b', 'bot': 8304099970, 'uid': 237087423, 'user': 'Freep_o_0_rn', 'name': 'Freep_o_0_rn', 'role': 'admin', 'chat': 237087423, 'chat_type': 'private', 'msg_id': 5097, 'kind': <ContentType.TEXT: 'text'>, 'text': '▶️ Старт', 'caption_len': 0, 'entities': 0, 'state': None}
2026-04-24 20:33:05 | INFO | aiogram.event | Update id=104059189 is handled. Duration 344 ms by bot id=8304099970
2026-04-24 20:33:07 | INFO | audit | {'ts': '2026-04-24T13:33:07', 't': 'msg', 'ok': True, 'ms': 148, 'req': '8f6c51db', 'bot': 8304099970, 'uid': 237087423, 'user': 'Freep_o_0_rn', 'name': 'Freep_o_0_rn', 'role': 'admin', 'chat': 237087423, 'chat_type': 'private', 'msg_id': 5099, 'kind': <ContentType.TEXT: 'text'>, 'text': '🕵️ Действия пользователей', 'caption_len': 0, 'entities': 0, 'state': None}
2026-04-24 20:33:07 | INFO | aiogram.event | Update id=104059190 is handled. Duration 156 ms by bot id=8304099970
2026-04-24 20:33:15 | INFO | audit | {'ts': '2026-04-24T13:33:15', 't': 'cb', 'ok': True, 'ms': 251, 'req': '6edb42f1', 'bot': 8304099970, 'uid': 237087423, 'user': 'Freep_o_0_rn', 'name': 'Freep_o_0_rn', 'role': 'admin', 'chat': 237087423, 'cb_id': '1018282730209242245', 'msg_id': 5100, 'data': 'ua:user:b24f0162f0ff:1:0', 'state': None}
2026-04-24 20:33:15 | INFO | aiogram.event | Update id=104059191 is handled. Duration 250 ms by bot id=8304099970
2026-04-24 20:33:26 | INFO | audit | {'ts': '2026-04-24T13:33:26', 't': 'cb', 'ok': True, 'ms': 227, 'req': 'd5aa68c0', 'bot': 8304099970, 'uid': 237087423, 'user': 'Freep_o_0_rn', 'name': 'Freep_o_0_rn', 'role': 'admin', 'chat': 237087423, 'cb_id': '1018282728732784690', 'msg_id': 5100, 'data': 'ua:menu:b24f0162f0ff:0', 'state': None}
2026-04-24 20:33:26 | INFO | aiogram.event | Update id=104059192 is handled. Duration 235 ms by bot id=8304099970
2026-04-24 20:33:33 | INFO | aiogram.dispatcher | Polling stopped
2026-04-24 20:33:33 | INFO | aiogram.dispatcher | Polling stopped for bot @BeerMarket_testbot id=8304099970 - 'BeerMarket_test🍺'
2026-04-26 23:27:42 | INFO | telegram_bot | Mini App URL configured: https://app.freep0rndeveloper.website/?api_base=https://api.freep0rndeveloper.website/
2026-04-26 23:27:42 | INFO | __main__ | BOT_TOKEN валиден.
2026-04-26 23:27:44 | INFO | root | Нашли заголовки детальной таблицы на строке: 20
2026-04-26 23:27:44 | INFO | root | Скачан и валидирован файл дебиторки: downloads\Дебиторская задолженность по срокам долга - Прокопенко (XLS).xls
2026-04-26 23:27:44 | INFO | __main__ | Файл получен: downloads\Дебиторская задолженность по срокам долга - Прокопенко (XLS).xls
2026-04-26 23:27:45 | INFO | root | Нашли заголовки детальной таблицы на строке: 20
2026-04-26 23:27:45 | WARNING | root | Несовпадение 'наш долг' у клиента 'Полончук Алёна Николаевна ИП Воротников (Игарская ул, дом № 42)': шапка=5400.00, по строкам=0.00
2026-04-26 23:27:45 | WARNING | root | Несовпадение 'наш долг' у клиента 'Есинский А. Е. ИП - Колягин (Озерный п, Солнечный мкр, дом № 333)': шапка=70.38, по строкам=3.00
2026-04-26 23:27:45 | WARNING | root | Несовпадение 'наш долг' у клиента '_ГАРМОНИЯ ООО - Токарев (2-й Бронный пер, дом № 28/1)': шапка=552.18, по строкам=0.00
2026-04-26 23:27:45 | WARNING | root | Несовпадение 'наш долг' у клиента 'Судилкина И.О. ИП - Токарев ГОЛОВНОЙ': шапка=0.04, по строкам=0.00
2026-04-26 23:27:45 | WARNING | root | Несовпадение 'наш долг' у клиента 'Беккер Н. М. ИП - Токарев (Петухова ул, дом № 91)': шапка=0.10, по строкам=0.00
2026-04-26 23:27:45 | WARNING | root | Несовпадение 'наш долг' у клиента 'Паруйрян Эдгар Мишаи ИП - Воротников (Дениса Давыдова ул, дом № 4) (У)': шапка=0.30, по строкам=0.00
2026-04-26 23:27:45 | WARNING | root | Несовпадение 'наш долг' у клиента 'Рузибоева Феруза Нуриллаевна ИП': шапка=0.64, по строкам=0.00
2026-04-26 23:27:45 | WARNING | root | Несовпадение 'наш долг' у клиента 'Цыганкова Ирина Николаевна ИП - Колягин (Мочище дп, Обская ул, дом № 24) (У)': шапка=50.00, по строкам=0.00
2026-04-26 23:27:45 | WARNING | root | Несовпадение 'наш долг' у клиента 'Пронькина Марина Викторовна ИП - Колягин': шапка=60.00, по строкам=0.00
2026-04-26 23:27:45 | WARNING | root | Несовпадение 'наш долг' у клиента 'Балакшина О. А.  ИП - Токарев (Ленинское с, Школьная ул, дом № 3)': шапка=240.00, по строкам=0.00
2026-04-26 23:27:45 | WARNING | root | Несовпадение 'наш долг' у клиента 'Текутьев Николай Сергеевич ИП- Воротников (Шоссейная, 2)': шапка=676.00, по строкам=0.00
2026-04-26 23:27:45 | WARNING | root | Несовпадение 'наш долг' у клиента 'Маджента ООО - Воротников ГОЛОВНОЙ': шапка=761.80, по строкам=0.00
2026-04-26 23:27:45 | WARNING | root | Несовпадение 'наш долг' у клиента 'Петрова Вероника Сергеевна ИП - Воротников': шапка=2300.00, по строкам=0.00
2026-04-26 23:27:45 | WARNING | root | Несовпадение 'наш долг' у клиента 'Баранова Юлия Николаевна ИП - Воротников': шапка=2555.10, по строкам=0.00
2026-04-26 23:27:45 | WARNING | root | Несовпадение 'наш долг' у клиента 'Скороходова А. Р. ИП - Волчок (Бердск г, Морская ул, дом № 18/2)': шапка=2559.00, по строкам=0.00
2026-04-26 23:27:45 | WARNING | root | Несовпадение 'наш долг' у клиента 'Савина А.И. ИП - Воротников ГОЛОВНОЙ': шапка=2930.78, по строкам=0.00
2026-04-26 23:27:45 | WARNING | root | Несовпадение 'наш долг' у клиента 'ВИКТОР ООО - Щербатов ГОЛОВНОЙ': шапка=4563.50, по строкам=0.00
2026-04-26 23:27:45 | WARNING | root | Несовпадение 'наш долг' у клиента 'Блинкова Анна Павловна  ИП - Воротников': шапка=8583.00, по строкам=0.00
2026-04-26 23:27:45 | WARNING | root | Несовпадение 'наш долг' у клиента 'Щербакова Марина Викторовна ИП - Волчок': шапка=10120.00, по строкам=0.00
2026-04-26 23:27:45 | WARNING | root | Несовпадение 'наш долг' у клиента 'Воронецкий Е. Ю. ИП - Колягин': шапка=11240.00, по строкам=0.00
2026-04-26 23:27:45 | WARNING | root | Несовпадение 'наш долг' у клиента 'ТФ Дубрава ООО - Волчок (Бердск г, Первомайская ул, дом № 7А, корпус 1)КПП544545001': шапка=14075.43, по строкам=13579.33
2026-04-26 23:27:45 | WARNING | root | Несовпадение 'наш долг' у клиента 'nan': шапка=168382.99, по строкам=0.00
2026-04-26 23:27:45 | INFO | root | Собрано клиентов: 391
2026-04-26 23:27:45 | INFO | __main__ | Отчёт на 26.04.2026 | клиентов: 391
2026-04-26 23:27:45 | INFO | __main__ | 01. nan | сум: 12512002.31 | проср: 12512002.31 | наш долг: 168382.99 | доков: 0
2026-04-26 23:27:45 | INFO | __main__ | 02. ГЕРАНИОЛ ООО - Воротников (НСТ СТроитель, д 3/1а) | сум: 325361.78 | проср: 325361.78 | наш долг: 0.00 | доков: 2
2026-04-26 23:27:45 | INFO | __main__ | 03. ГЕРАНИОЛ ООО - Воротников (Березовая ул, дом № 13) | сум: 301250.16 | проср: 301250.16 | наш долг: 0.00 | доков: 2
2026-04-26 23:27:45 | INFO | __main__ | 04. ГЕРАНИОЛ ООО - Воротников (Березовая ул, дом № 7а) | сум: 300624.40 | проср: 300624.40 | наш долг: 0.00 | доков: 1
2026-04-26 23:27:45 | INFO | __main__ | 05. ГЕРАНИОЛ ООО - Воротников (Журналист тер. СНТ, Межозерная ул, дом № 34) | сум: 292233.96 | проср: 292233.96 | наш долг: 0.00 | доков: 4
2026-04-26 23:27:45 | INFO | __main__ | 06. ГЕРАНИОЛ ООО - Воротников (Благое мкр Солнечная ул, дом № 3) | сум: 278168.76 | проср: 278168.76 | наш долг: 0.00 | доков: 2
2026-04-26 23:27:45 | INFO | __main__ | 07. ГЕРАНИОЛ ООО - Воротников (Дачная ул, дом № 31, корпус 1) | сум: 269669.11 | проср: 269669.11 | наш долг: 0.00 | доков: 2
2026-04-26 23:27:45 | INFO | __main__ | 08. ГЕРАНИОЛ ООО - Воротников (Римского-Корсакова ул, дом № 28) | сум: 263676.28 | проср: 263676.28 | наш долг: 0.00 | доков: 4
2026-04-26 23:27:45 | INFO | __main__ | 09. ГЕРАНИОЛ ООО - Воротников (Тульская ул, дом № 80) | сум: 250703.58 | проср: 250703.58 | наш долг: 0.00 | доков: 1
2026-04-26 23:27:45 | INFO | __main__ | 10. Прокопьев Евгений Викторович ИП - Воротников (Демакова ул, дом № 11) | сум: 233188.50 | проср: 233188.50 | наш долг: 0.00 | доков: 5
2026-04-26 23:27:45 | INFO | aiogram.dispatcher | Start polling
2026-04-26 23:27:45 | INFO | telegram_bot | Daily fetch: next run in 39794 sec (now 2026-04-26 23:27:45, tz Asia/Novosibirsk)
2026-04-26 23:27:46 | INFO | aiogram.dispatcher | Run polling for bot @BeerMarket_testbot id=8304099970 - 'BeerMarket_test🍺'
2026-04-26 23:28:51 | INFO | audit | {'ts': '2026-04-26T16:28:51Z', 't': 'msg', 'ok': True, 'ms': 338, 'req': '39258598', 'bot': 8304099970, 'uid': 237087423, 'user': 'Freep_o_0_rn', 'name': 'Freep_o_0_rn', 'role': 'admin', 'chat': 237087423, 'chat_type': 'private', 'msg_id': 5101, 'kind': <ContentType.TEXT: 'text'>, 'text': '▶️ Старт', 'caption_len': 0, 'entities': 0, 'state': None}
2026-04-26 23:28:51 | INFO | aiogram.event | Update id=104059194 is handled. Duration 343 ms by bot id=8304099970
2026-04-26 23:28:59 | INFO | audit | {'ts': '2026-04-26T16:28:59Z', 't': 'msg', 'ok': True, 'ms': 120, 'req': 'adb429c7', 'bot': 8304099970, 'uid': 237087423, 'user': 'Freep_o_0_rn', 'name': 'Freep_o_0_rn', 'role': 'admin', 'chat': 237087423, 'chat_type': 'private', 'msg_id': 5103, 'kind': <ContentType.TEXT: 'text'>, 'text': '📑 Прайсы', 'caption_len': 0, 'entities': 0, 'state': None}
2026-04-26 23:28:59 | INFO | aiogram.event | Update id=104059195 is handled. Duration 125 ms by bot id=8304099970
2026-04-26 23:29:02 | INFO | audit | {'ts': '2026-04-26T16:29:02Z', 't': 'cb', 'ok': True, 'ms': 217, 'req': 'bf82beda', 'bot': 8304099970, 'uid': 237087423, 'user': 'Freep_o_0_rn', 'name': 'Freep_o_0_rn', 'role': 'admin', 'chat': 237087423, 'cb_id': '1018282730899905708', 'msg_id': 5104, 'data': 'pr:item:5246fd8bf8cc', 'state': None}
2026-04-26 23:29:02 | INFO | aiogram.event | Update id=104059196 is handled. Duration 218 ms by bot id=8304099970
2026-04-26 23:29:05 | INFO | audit | {'ts': '2026-04-26T16:29:05Z', 't': 'cb', 'ok': True, 'ms': 294, 'req': '528319c2', 'bot': 8304099970, 'uid': 237087423, 'user': 'Freep_o_0_rn', 'name': 'Freep_o_0_rn', 'role': 'admin', 'chat': 237087423, 'cb_id': '1018282730519704073', 'msg_id': 5104, 'data': 'pr:list:0', 'state': None}
2026-04-26 23:29:05 | INFO | aiogram.event | Update id=104059197 is handled. Duration 296 ms by bot id=8304099970
2026-04-26 23:29:06 | INFO | audit | {'ts': '2026-04-26T16:29:06Z', 't': 'cb', 'ok': True, 'ms': 379, 'req': '4bd66839', 'bot': 8304099970, 'uid': 237087423, 'user': 'Freep_o_0_rn', 'name': 'Freep_o_0_rn', 'role': 'admin', 'chat': 237087423, 'cb_id': '1018282731347816234', 'msg_id': 5104, 'data': 'menu:back', 'state': None}
2026-04-26 23:29:06 | INFO | aiogram.event | Update id=104059198 is handled. Duration 389 ms by bot id=8304099970
2026-04-26 23:29:10 | INFO | audit | {'ts': '2026-04-26T16:29:10Z', 't': 'msg', 'ok': True, 'ms': 140, 'req': '89892de1', 'bot': 8304099970, 'uid': 237087423, 'user': 'Freep_o_0_rn', 'name': 'Freep_o_0_rn', 'role': 'admin', 'chat': 237087423, 'chat_type': 'private', 'msg_id': 5106, 'kind': <ContentType.TEXT: 'text'>, 'text': '🕵️ Действия пользователей', 'caption_len': 0, 'entities': 0, 'state': None}
2026-04-26 23:29:10 | INFO | aiogram.event | Update id=104059199 is handled. Duration 139 ms by bot id=8304099970
2026-04-26 23:32:24 | INFO | aiogram.dispatcher | Polling stopped
2026-04-26 23:32:24 | INFO | aiogram.dispatcher | Polling stopped for bot @BeerMarket_testbot id=8304099970 - 'BeerMarket_test🍺'
2026-04-26 23:33:56 | INFO | telegram_bot | Mini App URL configured: https://app.freep0rndeveloper.website/?api_base=https://api.freep0rndeveloper.website/
2026-04-26 23:33:56 | INFO | __main__ | BOT_TOKEN валиден.
2026-04-26 23:33:57 | INFO | root | Нашли заголовки детальной таблицы на строке: 20
2026-04-26 23:33:57 | INFO | root | Скачан и валидирован файл дебиторки: downloads\Дебиторская задолженность по срокам долга - Прокопенко (XLS).xls
2026-04-26 23:33:57 | INFO | __main__ | Файл получен: downloads\Дебиторская задолженность по срокам долга - Прокопенко (XLS).xls
2026-04-26 23:33:59 | INFO | root | Нашли заголовки детальной таблицы на строке: 20
2026-04-26 23:33:59 | WARNING | root | Несовпадение 'наш долг' у клиента 'Полончук Алёна Николаевна ИП Воротников (Игарская ул, дом № 42)': шапка=5400.00, по строкам=0.00
2026-04-26 23:33:59 | WARNING | root | Несовпадение 'наш долг' у клиента 'Есинский А. Е. ИП - Колягин (Озерный п, Солнечный мкр, дом № 333)': шапка=70.38, по строкам=3.00
2026-04-26 23:33:59 | WARNING | root | Несовпадение 'наш долг' у клиента '_ГАРМОНИЯ ООО - Токарев (2-й Бронный пер, дом № 28/1)': шапка=552.18, по строкам=0.00
2026-04-26 23:33:59 | WARNING | root | Несовпадение 'наш долг' у клиента 'Судилкина И.О. ИП - Токарев ГОЛОВНОЙ': шапка=0.04, по строкам=0.00
2026-04-26 23:33:59 | WARNING | root | Несовпадение 'наш долг' у клиента 'Беккер Н. М. ИП - Токарев (Петухова ул, дом № 91)': шапка=0.10, по строкам=0.00
2026-04-26 23:33:59 | WARNING | root | Несовпадение 'наш долг' у клиента 'Паруйрян Эдгар Мишаи ИП - Воротников (Дениса Давыдова ул, дом № 4) (У)': шапка=0.30, по строкам=0.00
2026-04-26 23:33:59 | WARNING | root | Несовпадение 'наш долг' у клиента 'Рузибоева Феруза Нуриллаевна ИП': шапка=0.64, по строкам=0.00
2026-04-26 23:33:59 | WARNING | root | Несовпадение 'наш долг' у клиента 'Цыганкова Ирина Николаевна ИП - Колягин (Мочище дп, Обская ул, дом № 24) (У)': шапка=50.00, по строкам=0.00
2026-04-26 23:33:59 | WARNING | root | Несовпадение 'наш долг' у клиента 'Пронькина Марина Викторовна ИП - Колягин': шапка=60.00, по строкам=0.00
2026-04-26 23:33:59 | WARNING | root | Несовпадение 'наш долг' у клиента 'Балакшина О. А.  ИП - Токарев (Ленинское с, Школьная ул, дом № 3)': шапка=240.00, по строкам=0.00
2026-04-26 23:33:59 | WARNING | root | Несовпадение 'наш долг' у клиента 'Текутьев Николай Сергеевич ИП- Воротников (Шоссейная, 2)': шапка=676.00, по строкам=0.00
2026-04-26 23:33:59 | WARNING | root | Несовпадение 'наш долг' у клиента 'Маджента ООО - Воротников ГОЛОВНОЙ': шапка=761.80, по строкам=0.00
2026-04-26 23:33:59 | WARNING | root | Несовпадение 'наш долг' у клиента 'Петрова Вероника Сергеевна ИП - Воротников': шапка=2300.00, по строкам=0.00
2026-04-26 23:33:59 | WARNING | root | Несовпадение 'наш долг' у клиента 'Баранова Юлия Николаевна ИП - Воротников': шапка=2555.10, по строкам=0.00
2026-04-26 23:33:59 | WARNING | root | Несовпадение 'наш долг' у клиента 'Скороходова А. Р. ИП - Волчок (Бердск г, Морская ул, дом № 18/2)': шапка=2559.00, по строкам=0.00
2026-04-26 23:33:59 | WARNING | root | Несовпадение 'наш долг' у клиента 'Савина А.И. ИП - Воротников ГОЛОВНОЙ': шапка=2930.78, по строкам=0.00
2026-04-26 23:33:59 | WARNING | root | Несовпадение 'наш долг' у клиента 'ВИКТОР ООО - Щербатов ГОЛОВНОЙ': шапка=4563.50, по строкам=0.00
2026-04-26 23:33:59 | WARNING | root | Несовпадение 'наш долг' у клиента 'Блинкова Анна Павловна  ИП - Воротников': шапка=8583.00, по строкам=0.00
2026-04-26 23:33:59 | WARNING | root | Несовпадение 'наш долг' у клиента 'Щербакова Марина Викторовна ИП - Волчок': шапка=10120.00, по строкам=0.00
2026-04-26 23:33:59 | WARNING | root | Несовпадение 'наш долг' у клиента 'Воронецкий Е. Ю. ИП - Колягин': шапка=11240.00, по строкам=0.00
2026-04-26 23:33:59 | WARNING | root | Несовпадение 'наш долг' у клиента 'ТФ Дубрава ООО - Волчок (Бердск г, Первомайская ул, дом № 7А, корпус 1)КПП544545001': шапка=14075.43, по строкам=13579.33
2026-04-26 23:33:59 | WARNING | root | Несовпадение 'наш долг' у клиента 'nan': шапка=168382.99, по строкам=0.00
2026-04-26 23:33:59 | INFO | root | Собрано клиентов: 391
2026-04-26 23:33:59 | INFO | __main__ | Отчёт на 26.04.2026 | клиентов: 391
2026-04-26 23:33:59 | INFO | __main__ | 01. nan | сум: 12512002.31 | проср: 12512002.31 | наш долг: 168382.99 | доков: 0
2026-04-26 23:33:59 | INFO | __main__ | 02. ГЕРАНИОЛ ООО - Воротников (НСТ СТроитель, д 3/1а) | сум: 325361.78 | проср: 325361.78 | наш долг: 0.00 | доков: 2
2026-04-26 23:33:59 | INFO | __main__ | 03. ГЕРАНИОЛ ООО - Воротников (Березовая ул, дом № 13) | сум: 301250.16 | проср: 301250.16 | наш долг: 0.00 | доков: 2
2026-04-26 23:33:59 | INFO | __main__ | 04. ГЕРАНИОЛ ООО - Воротников (Березовая ул, дом № 7а) | сум: 300624.40 | проср: 300624.40 | наш долг: 0.00 | доков: 1
2026-04-26 23:33:59 | INFO | __main__ | 05. ГЕРАНИОЛ ООО - Воротников (Журналист тер. СНТ, Межозерная ул, дом № 34) | сум: 292233.96 | проср: 292233.96 | наш долг: 0.00 | доков: 4
2026-04-26 23:33:59 | INFO | __main__ | 06. ГЕРАНИОЛ ООО - Воротников (Благое мкр Солнечная ул, дом № 3) | сум: 278168.76 | проср: 278168.76 | наш долг: 0.00 | доков: 2
2026-04-26 23:33:59 | INFO | __main__ | 07. ГЕРАНИОЛ ООО - Воротников (Дачная ул, дом № 31, корпус 1) | сум: 269669.11 | проср: 269669.11 | наш долг: 0.00 | доков: 2
2026-04-26 23:33:59 | INFO | __main__ | 08. ГЕРАНИОЛ ООО - Воротников (Римского-Корсакова ул, дом № 28) | сум: 263676.28 | проср: 263676.28 | наш долг: 0.00 | доков: 4
2026-04-26 23:33:59 | INFO | __main__ | 09. ГЕРАНИОЛ ООО - Воротников (Тульская ул, дом № 80) | сум: 250703.58 | проср: 250703.58 | наш долг: 0.00 | доков: 1
2026-04-26 23:33:59 | INFO | __main__ | 10. Прокопьев Евгений Викторович ИП - Воротников (Демакова ул, дом № 11) | сум: 233188.50 | проср: 233188.50 | наш долг: 0.00 | доков: 5
2026-04-26 23:33:59 | INFO | aiogram.dispatcher | Start polling
2026-04-26 23:33:59 | INFO | telegram_bot | Daily fetch: next run in 39421 sec (now 2026-04-26 23:33:59, tz Asia/Novosibirsk)
2026-04-26 23:33:59 | INFO | aiogram.dispatcher | Run polling for bot @BeerMarket_testbot id=8304099970 - 'BeerMarket_test🍺'
2026-04-26 23:35:50 | INFO | aiogram.dispatcher | Polling stopped for bot @BeerMarket_testbot id=8304099970 - 'BeerMarket_test🍺'
2026-04-26 23:35:50 | INFO | aiogram.dispatcher | Polling stopped
2026-04-27 15:58:59 | INFO | telegram_bot | Mini App URL configured: https://app.freep0rndeveloper.website/?api_base=https://api.freep0rndeveloper.website/
2026-04-27 15:58:59 | INFO | __main__ | BOT_TOKEN валиден.
2026-04-27 15:59:00 | INFO | root | Нашли заголовки детальной таблицы на строке: 21
2026-04-27 15:59:00 | INFO | root | Скачан и валидирован файл дебиторки: downloads\Дебиторская задолженность по срокам долга - Прокопенко (XLS).xls
2026-04-27 15:59:00 | INFO | __main__ | Файл получен: downloads\Дебиторская задолженность по срокам долга - Прокопенко (XLS).xls
2026-04-27 15:59:02 | INFO | root | Нашли заголовки детальной таблицы на строке: 21
2026-04-27 15:59:02 | WARNING | root | Несовпадение 'наш долг' у клиента 'Полончук Алёна Николаевна ИП Воротников (Игарская ул, дом № 42)': шапка=5400.00, по строкам=0.00
2026-04-27 15:59:02 | WARNING | root | Несовпадение 'наш долг' у клиента 'Есинский А. Е. ИП - Колягин (Озерный п, Солнечный мкр, дом № 333)': шапка=70.38, по строкам=3.00
2026-04-27 15:59:02 | WARNING | root | Несовпадение 'наш долг' у клиента '_ГАРМОНИЯ ООО - Токарев (2-й Бронный пер, дом № 28/1)': шапка=552.18, по строкам=0.00
2026-04-27 15:59:02 | WARNING | root | Несовпадение 'наш долг' у клиента 'Судилкина И.О. ИП - Токарев ГОЛОВНОЙ': шапка=0.04, по строкам=0.00
2026-04-27 15:59:02 | WARNING | root | Несовпадение 'наш долг' у клиента 'Беккер Н. М. ИП - Токарев (Петухова ул, дом № 91)': шапка=0.10, по строкам=0.00
2026-04-27 15:59:02 | WARNING | root | Несовпадение 'наш долг' у клиента 'Паруйрян Эдгар Мишаи ИП - Воротников (Дениса Давыдова ул, дом № 4) (У)': шапка=0.30, по строкам=0.00
2026-04-27 15:59:02 | WARNING | root | Несовпадение 'наш долг' у клиента 'Рузибоева Феруза Нуриллаевна ИП': шапка=0.64, по строкам=0.00
2026-04-27 15:59:02 | WARNING | root | Несовпадение 'наш долг' у клиента 'Цыганкова Ирина Николаевна ИП - Колягин (Мочище дп, Обская ул, дом № 24) (У)': шапка=50.00, по строкам=0.00
2026-04-27 15:59:02 | WARNING | root | Несовпадение 'наш долг' у клиента 'Пронькина Марина Викторовна ИП - Колягин': шапка=60.00, по строкам=0.00
2026-04-27 15:59:02 | WARNING | root | Несовпадение 'наш долг' у клиента 'Балакшина О. А.  ИП - Токарев (Ленинское с, Школьная ул, дом № 3)': шапка=240.00, по строкам=0.00
2026-04-27 15:59:02 | WARNING | root | Несовпадение 'наш долг' у клиента 'Текутьев Николай Сергеевич ИП- Воротников (Шоссейная, 2)': шапка=676.00, по строкам=0.00
2026-04-27 15:59:02 | WARNING | root | Несовпадение 'наш долг' у клиента 'Маджента ООО - Воротников ГОЛОВНОЙ': шапка=761.80, по строкам=0.00
2026-04-27 15:59:02 | WARNING | root | Несовпадение 'наш долг' у клиента 'Петрова Вероника Сергеевна ИП - Воротников': шапка=2300.00, по строкам=0.00
2026-04-27 15:59:02 | WARNING | root | Несовпадение 'наш долг' у клиента 'Баранова Юлия Николаевна ИП - Воротников': шапка=2555.10, по строкам=0.00
2026-04-27 15:59:02 | WARNING | root | Несовпадение 'наш долг' у клиента 'Скороходова А. Р. ИП - Волчок (Бердск г, Морская ул, дом № 18/2)': шапка=2559.00, по строкам=0.00
2026-04-27 15:59:02 | WARNING | root | Несовпадение 'наш долг' у клиента 'Савина А.И. ИП - Воротников ГОЛОВНОЙ': шапка=2930.78, по строкам=0.00
2026-04-27 15:59:02 | WARNING | root | Несовпадение 'наш долг' у клиента 'ВИКТОР ООО - Щербатов ГОЛОВНОЙ': шапка=4563.50, по строкам=0.00
2026-04-27 15:59:02 | WARNING | root | Несовпадение 'наш долг' у клиента 'Блинкова Анна Павловна  ИП - Воротников': шапка=8583.00, по строкам=0.00
2026-04-27 15:59:02 | WARNING | root | Несовпадение 'наш долг' у клиента 'Щербакова Марина Викторовна ИП - Волчок': шапка=10120.00, по строкам=0.00
2026-04-27 15:59:02 | WARNING | root | Несовпадение 'наш долг' у клиента 'Воронецкий Е. Ю. ИП - Колягин': шапка=11240.00, по строкам=0.00
2026-04-27 15:59:02 | WARNING | root | Несовпадение 'наш долг' у клиента 'ТФ Дубрава ООО - Волчок (Бердск г, Первомайская ул, дом № 7А, корпус 1)КПП544545001': шапка=14075.43, по строкам=13579.33
2026-04-27 15:59:02 | WARNING | root | Несовпадение 'наш долг' у клиента 'nan': шапка=168382.99, по строкам=0.00
2026-04-27 15:59:02 | INFO | root | Собрано клиентов: 389
2026-04-27 15:59:02 | INFO | __main__ | Отчёт на 27.04.2026 | клиентов: 389
2026-04-27 15:59:02 | INFO | __main__ | 01. nan | сум: 12351240.01 | проср: 12159095.11 | наш долг: 168382.99 | доков: 0
2026-04-27 15:59:02 | INFO | __main__ | 02. ГЕРАНИОЛ ООО - Воротников (НСТ СТроитель, д 3/1а) | сум: 325361.78 | проср: 325361.78 | наш долг: 0.00 | доков: 2
2026-04-27 15:59:02 | INFO | __main__ | 03. ГЕРАНИОЛ ООО - Воротников (Березовая ул, дом № 13) | сум: 301250.16 | проср: 301250.16 | наш долг: 0.00 | доков: 2
2026-04-27 15:59:02 | INFO | __main__ | 04. ГЕРАНИОЛ ООО - Воротников (Березовая ул, дом № 7а) | сум: 300624.40 | проср: 300624.40 | наш долг: 0.00 | доков: 1
2026-04-27 15:59:02 | INFO | __main__ | 05. ГЕРАНИОЛ ООО - Воротников (Журналист тер. СНТ, Межозерная ул, дом № 34) | сум: 292233.96 | проср: 292233.96 | наш долг: 0.00 | доков: 4
2026-04-27 15:59:02 | INFO | __main__ | 06. ГЕРАНИОЛ ООО - Воротников (Благое мкр Солнечная ул, дом № 3) | сум: 278168.76 | проср: 278168.76 | наш долг: 0.00 | доков: 2
2026-04-27 15:59:02 | INFO | __main__ | 07. ГЕРАНИОЛ ООО - Воротников (Дачная ул, дом № 31, корпус 1) | сум: 269669.11 | проср: 269669.11 | наш долг: 0.00 | доков: 2
2026-04-27 15:59:02 | INFO | __main__ | 08. ГЕРАНИОЛ ООО - Воротников (Римского-Корсакова ул, дом № 28) | сум: 263676.28 | проср: 263676.28 | наш долг: 0.00 | доков: 4
2026-04-27 15:59:02 | INFO | __main__ | 09. ГЕРАНИОЛ ООО - Воротников (Тульская ул, дом № 80) | сум: 250703.58 | проср: 250703.58 | наш долг: 0.00 | доков: 1
2026-04-27 15:59:02 | INFO | __main__ | 10. Прокопьев Евгений Викторович ИП - Воротников (Демакова ул, дом № 11) | сум: 233188.50 | проср: 233188.50 | наш долг: 0.00 | доков: 5
2026-04-27 15:59:02 | INFO | aiogram.dispatcher | Start polling
2026-04-27 15:59:02 | INFO | telegram_bot | Daily fetch: next run in 66717 sec (now 2026-04-27 15:59:02, tz Asia/Novosibirsk)
2026-04-27 15:59:02 | INFO | aiogram.dispatcher | Run polling for bot @BeerMarket_testbot id=8304099970 - 'BeerMarket_test🍺'
2026-04-27 15:59:19 | INFO | audit | {'ts': '2026-04-27T08:59:19Z', 't': 'msg', 'ok': True, 'ms': 400, 'req': 'fa5ce673', 'bot': 8304099970, 'uid': 237087423, 'user': 'Freep_o_0_rn', 'name': 'Freep_o_0_rn', 'role': 'admin', 'chat': 237087423, 'chat_type': 'private', 'msg_id': 5110, 'kind': <ContentType.TEXT: 'text'>, 'text': '▶️ Старт', 'caption_len': 0, 'entities': 0, 'state': None}
2026-04-27 15:59:19 | INFO | aiogram.event | Update id=104059202 is handled. Duration 406 ms by bot id=8304099970
2026-04-27 15:59:20 | INFO | audit | {'ts': '2026-04-27T08:59:20Z', 't': 'msg', 'ok': True, 'ms': 152, 'req': 'a91e7031', 'bot': 8304099970, 'uid': 237087423, 'user': 'Freep_o_0_rn', 'name': 'Freep_o_0_rn', 'role': 'admin', 'chat': 237087423, 'chat_type': 'private', 'msg_id': 5112, 'kind': <ContentType.TEXT: 'text'>, 'text': '🕵️ Действия пользователей', 'caption_len': 0, 'entities': 0, 'state': None}
2026-04-27 15:59:20 | INFO | aiogram.event | Update id=104059203 is handled. Duration 155 ms by bot id=8304099970
2026-04-27 15:59:25 | INFO | audit | {'ts': '2026-04-27T08:59:25Z', 't': 'cb', 'ok': True, 'ms': 217, 'req': 'a197b84e', 'bot': 8304099970, 'uid': 237087423, 'user': 'Freep_o_0_rn', 'name': 'Freep_o_0_rn', 'role': 'admin', 'chat': 237087423, 'cb_id': '1018282728872474141', 'msg_id': 5113, 'data': 'ua:user:9ec22716ceda:0:0', 'state': None}
2026-04-27 15:59:25 | INFO | aiogram.event | Update id=104059204 is handled. Duration 235 ms by bot id=8304099970
2026-04-27 16:00:21 | INFO | audit | {'ts': '2026-04-27T09:00:21Z', 't': 'cb', 'ok': True, 'ms': 265, 'req': '94f9c194', 'bot': 8304099970, 'uid': 237087423, 'user': 'Freep_o_0_rn', 'name': 'Freep_o_0_rn', 'role': 'admin', 'chat': 237087423, 'cb_id': '1018282730731765095', 'msg_id': 5113, 'data': 'ua:menu:9ec22716ceda:0', 'state': None}
2026-04-27 16:00:21 | INFO | aiogram.event | Update id=104059205 is handled. Duration 264 ms by bot id=8304099970
2026-04-27 16:36:56 | INFO | telegram_bot | Mini App URL configured: https://app.freep0rndeveloper.website/?api_base=https://api.freep0rndeveloper.website/
2026-04-27 16:36:56 | INFO | __main__ | BOT_TOKEN валиден.
2026-04-27 16:36:57 | INFO | root | Нашли заголовки детальной таблицы на строке: 21
2026-04-27 16:36:57 | INFO | root | Скачан и валидирован файл дебиторки: downloads\Дебиторская задолженность по срокам долга - Прокопенко (XLS).xls
2026-04-27 16:36:57 | INFO | __main__ | Файл получен: downloads\Дебиторская задолженность по срокам долга - Прокопенко (XLS).xls
2026-04-27 16:36:58 | INFO | root | Нашли заголовки детальной таблицы на строке: 21
2026-04-27 16:36:58 | WARNING | root | Несовпадение 'наш долг' у клиента 'Полончук Алёна Николаевна ИП Воротников (Игарская ул, дом № 42)': шапка=5400.00, по строкам=0.00
2026-04-27 16:36:58 | WARNING | root | Несовпадение 'наш долг' у клиента 'Есинский А. Е. ИП - Колягин (Озерный п, Солнечный мкр, дом № 333)': шапка=70.38, по строкам=3.00
2026-04-27 16:36:58 | WARNING | root | Несовпадение 'наш долг' у клиента '_ГАРМОНИЯ ООО - Токарев (2-й Бронный пер, дом № 28/1)': шапка=552.18, по строкам=0.00
2026-04-27 16:36:58 | WARNING | root | Несовпадение 'наш долг' у клиента 'Судилкина И.О. ИП - Токарев ГОЛОВНОЙ': шапка=0.04, по строкам=0.00
2026-04-27 16:36:58 | WARNING | root | Несовпадение 'наш долг' у клиента 'Беккер Н. М. ИП - Токарев (Петухова ул, дом № 91)': шапка=0.10, по строкам=0.00
2026-04-27 16:36:58 | WARNING | root | Несовпадение 'наш долг' у клиента 'Паруйрян Эдгар Мишаи ИП - Воротников (Дениса Давыдова ул, дом № 4) (У)': шапка=0.30, по строкам=0.00
2026-04-27 16:36:58 | WARNING | root | Несовпадение 'наш долг' у клиента 'Рузибоева Феруза Нуриллаевна ИП': шапка=0.64, по строкам=0.00
2026-04-27 16:36:58 | WARNING | root | Несовпадение 'наш долг' у клиента 'Цыганкова Ирина Николаевна ИП - Колягин (Мочище дп, Обская ул, дом № 24) (У)': шапка=50.00, по строкам=0.00
2026-04-27 16:36:58 | WARNING | root | Несовпадение 'наш долг' у клиента 'Пронькина Марина Викторовна ИП - Колягин': шапка=60.00, по строкам=0.00
2026-04-27 16:36:58 | WARNING | root | Несовпадение 'наш долг' у клиента 'Балакшина О. А.  ИП - Токарев (Ленинское с, Школьная ул, дом № 3)': шапка=240.00, по строкам=0.00
2026-04-27 16:36:58 | WARNING | root | Несовпадение 'наш долг' у клиента 'Текутьев Николай Сергеевич ИП- Воротников (Шоссейная, 2)': шапка=676.00, по строкам=0.00
2026-04-27 16:36:58 | WARNING | root | Несовпадение 'наш долг' у клиента 'Маджента ООО - Воротников ГОЛОВНОЙ': шапка=761.80, по строкам=0.00
2026-04-27 16:36:58 | WARNING | root | Несовпадение 'наш долг' у клиента 'Петрова Вероника Сергеевна ИП - Воротников': шапка=2300.00, по строкам=0.00
2026-04-27 16:36:58 | WARNING | root | Несовпадение 'наш долг' у клиента 'Баранова Юлия Николаевна ИП - Воротников': шапка=2555.10, по строкам=0.00
2026-04-27 16:36:58 | WARNING | root | Несовпадение 'наш долг' у клиента 'Скороходова А. Р. ИП - Волчок (Бердск г, Морская ул, дом № 18/2)': шапка=2559.00, по строкам=0.00
2026-04-27 16:36:58 | WARNING | root | Несовпадение 'наш долг' у клиента 'Савина А.И. ИП - Воротников ГОЛОВНОЙ': шапка=2930.78, по строкам=0.00
2026-04-27 16:36:58 | WARNING | root | Несовпадение 'наш долг' у клиента 'ВИКТОР ООО - Щербатов ГОЛОВНОЙ': шапка=4563.50, по строкам=0.00
2026-04-27 16:36:58 | WARNING | root | Несовпадение 'наш долг' у клиента 'Блинкова Анна Павловна  ИП - Воротников': шапка=8583.00, по строкам=0.00
2026-04-27 16:36:58 | WARNING | root | Несовпадение 'наш долг' у клиента 'Щербакова Марина Викторовна ИП - Волчок': шапка=10120.00, по строкам=0.00
2026-04-27 16:36:58 | WARNING | root | Несовпадение 'наш долг' у клиента 'Воронецкий Е. Ю. ИП - Колягин': шапка=11240.00, по строкам=0.00
2026-04-27 16:36:58 | WARNING | root | Несовпадение 'наш долг' у клиента 'ТФ Дубрава ООО - Волчок (Бердск г, Первомайская ул, дом № 7А, корпус 1)КПП544545001': шапка=14075.43, по строкам=13579.33
2026-04-27 16:36:58 | WARNING | root | Несовпадение 'наш долг' у клиента 'nan': шапка=168382.99, по строкам=0.00
2026-04-27 16:36:58 | INFO | root | Собрано клиентов: 389
2026-04-27 16:36:58 | INFO | __main__ | Отчёт на 27.04.2026 | клиентов: 389
2026-04-27 16:36:58 | INFO | __main__ | 01. nan | сум: 12351240.01 | проср: 12159095.11 | наш долг: 168382.99 | доков: 0
2026-04-27 16:36:58 | INFO | __main__ | 02. ГЕРАНИОЛ ООО - Воротников (НСТ СТроитель, д 3/1а) | сум: 325361.78 | проср: 325361.78 | наш долг: 0.00 | доков: 2
2026-04-27 16:36:58 | INFO | __main__ | 03. ГЕРАНИОЛ ООО - Воротников (Березовая ул, дом № 13) | сум: 301250.16 | проср: 301250.16 | наш долг: 0.00 | доков: 2
2026-04-27 16:36:58 | INFO | __main__ | 04. ГЕРАНИОЛ ООО - Воротников (Березовая ул, дом № 7а) | сум: 300624.40 | проср: 300624.40 | наш долг: 0.00 | доков: 1
2026-04-27 16:36:58 | INFO | __main__ | 05. ГЕРАНИОЛ ООО - Воротников (Журналист тер. СНТ, Межозерная ул, дом № 34) | сум: 292233.96 | проср: 292233.96 | наш долг: 0.00 | доков: 4
2026-04-27 16:36:58 | INFO | __main__ | 06. ГЕРАНИОЛ ООО - Воротников (Благое мкр Солнечная ул, дом № 3) | сум: 278168.76 | проср: 278168.76 | наш долг: 0.00 | доков: 2
2026-04-27 16:36:58 | INFO | __main__ | 07. ГЕРАНИОЛ ООО - Воротников (Дачная ул, дом № 31, корпус 1) | сум: 269669.11 | проср: 269669.11 | наш долг: 0.00 | доков: 2
2026-04-27 16:36:58 | INFO | __main__ | 08. ГЕРАНИОЛ ООО - Воротников (Римского-Корсакова ул, дом № 28) | сум: 263676.28 | проср: 263676.28 | наш долг: 0.00 | доков: 4
2026-04-27 16:36:58 | INFO | __main__ | 09. ГЕРАНИОЛ ООО - Воротников (Тульская ул, дом № 80) | сум: 250703.58 | проср: 250703.58 | наш долг: 0.00 | доков: 1
2026-04-27 16:36:58 | INFO | __main__ | 10. Прокопьев Евгений Викторович ИП - Воротников (Демакова ул, дом № 11) | сум: 233188.50 | проср: 233188.50 | наш долг: 0.00 | доков: 5
2026-04-27 16:36:59 | INFO | aiogram.dispatcher | Start polling
2026-04-27 16:36:59 | INFO | telegram_bot | Daily fetch: next run in 64441 sec (now 2026-04-27 16:36:59, tz Asia/Novosibirsk)
2026-04-27 16:36:59 | INFO | aiogram.dispatcher | Run polling for bot @BeerMarket_testbot id=8304099970 - 'BeerMarket_test🍺'
2026-04-27 16:37:05 | INFO | audit | {'ts': '2026-04-27T09:37:05Z', 't': 'msg', 'ok': True, 'ms': 341, 'req': 'ffac4024', 'bot': 8304099970, 'uid': 237087423, 'user': 'Freep_o_0_rn', 'name': 'Freep_o_0_rn', 'role': 'admin', 'chat': 237087423, 'chat_type': 'private', 'msg_id': 5114, 'kind': <ContentType.TEXT: 'text'>, 'text': '🕵️ Действия пользователей', 'caption_len': 0, 'entities': 0, 'state': None}
2026-04-27 16:37:05 | INFO | aiogram.event | Update id=104059206 is handled. Duration 343 ms by bot id=8304099970
2026-04-27 16:37:10 | INFO | audit | {'ts': '2026-04-27T09:37:10Z', 't': 'cb', 'ok': True, 'ms': 230, 'req': 'a02c8faa', 'bot': 8304099970, 'uid': 237087423, 'user': 'Freep_o_0_rn', 'name': 'Freep_o_0_rn', 'role': 'admin', 'chat': 237087423, 'cb_id': '1018282730821331612', 'msg_id': 5115, 'data': 'ua:refresh', 'state': None}
2026-04-27 16:37:10 | INFO | aiogram.event | Update id=104059207 is handled. Duration 250 ms by bot id=8304099970
2026-04-27 16:37:12 | INFO | audit | {'ts': '2026-04-27T09:37:12Z', 't': 'cb', 'ok': True, 'ms': 259, 'req': 'a76a3a50', 'bot': 8304099970, 'uid': 237087423, 'user': 'Freep_o_0_rn', 'name': 'Freep_o_0_rn', 'role': 'admin', 'chat': 237087423, 'cb_id': '1018282731424516612', 'msg_id': 5115, 'data': 'ua:refresh', 'state': None}
2026-04-27 16:37:12 | INFO | aiogram.event | Update id=104059208 is handled. Duration 265 ms by bot id=8304099970
2026-04-27 16:37:13 | INFO | audit | {'ts': '2026-04-27T09:37:13Z', 't': 'cb', 'ok': True, 'ms': 232, 'req': '849c603e', 'bot': 8304099970, 'uid': 237087423, 'user': 'Freep_o_0_rn', 'name': 'Freep_o_0_rn', 'role': 'admin', 'chat': 237087423, 'cb_id': '1018282730994783620', 'msg_id': 5115, 'data': 'ua:refresh', 'state': None}
2026-04-27 16:37:13 | INFO | aiogram.event | Update id=104059209 is handled. Duration 250 ms by bot id=8304099970
2026-04-27 16:37:15 | INFO | audit | {'ts': '2026-04-27T09:37:15Z', 't': 'cb', 'ok': True, 'ms': 231, 'req': 'dd501430', 'bot': 8304099970, 'uid': 237087423, 'user': 'Freep_o_0_rn', 'name': 'Freep_o_0_rn', 'role': 'admin', 'chat': 237087423, 'cb_id': '1018282730241025708', 'msg_id': 5115, 'data': 'ua:refresh', 'state': None}
2026-04-27 16:37:15 | INFO | aiogram.event | Update id=104059210 is handled. Duration 234 ms by bot id=8304099970
2026-04-27 16:37:15 | INFO | audit | {'ts': '2026-04-27T09:37:15Z', 't': 'cb', 'ok': True, 'ms': 252, 'req': 'c9ccfb81', 'bot': 8304099970, 'uid': 237087423, 'user': 'Freep_o_0_rn', 'name': 'Freep_o_0_rn', 'role': 'admin', 'chat': 237087423, 'cb_id': '1018282728407829835', 'msg_id': 5115, 'data': 'ua:refresh', 'state': None}
2026-04-27 16:37:15 | INFO | aiogram.event | Update id=104059211 is handled. Duration 265 ms by bot id=8304099970
2026-04-27 16:37:16 | INFO | audit | {'ts': '2026-04-27T09:37:16Z', 't': 'cb', 'ok': True, 'ms': 441, 'req': '4e966ef4', 'bot': 8304099970, 'uid': 237087423, 'user': 'Freep_o_0_rn', 'name': 'Freep_o_0_rn', 'role': 'admin', 'chat': 237087423, 'cb_id': '1018282729820482462', 'msg_id': 5115, 'data': 'ua:refresh', 'state': None}
2026-04-27 16:37:16 | INFO | aiogram.event | Update id=104059212 is handled. Duration 453 ms by bot id=8304099970
2026-04-27 16:37:16 | INFO | audit | {'ts': '2026-04-27T09:37:16Z', 't': 'cb', 'ok': True, 'ms': 231, 'req': '13cc4994', 'bot': 8304099970, 'uid': 237087423, 'user': 'Freep_o_0_rn', 'name': 'Freep_o_0_rn', 'role': 'admin', 'chat': 237087423, 'cb_id': '1018282729890123973', 'msg_id': 5115, 'data': 'ua:refresh', 'state': None}
2026-04-27 16:37:16 | INFO | aiogram.event | Update id=104059213 is handled. Duration 235 ms by bot id=8304099970
2026-04-27 16:37:16 | INFO | audit | {'ts': '2026-04-27T09:37:16Z', 't': 'cb', 'ok': True, 'ms': 443, 'req': 'a053b191', 'bot': 8304099970, 'uid': 237087423, 'user': 'Freep_o_0_rn', 'name': 'Freep_o_0_rn', 'role': 'admin', 'chat': 237087423, 'cb_id': '1018282731419541080', 'msg_id': 5115, 'data': 'ua:refresh', 'state': None}
2026-04-27 16:37:16 | INFO | aiogram.event | Update id=104059214 is handled. Duration 453 ms by bot id=8304099970
2026-04-27 16:37:23 | INFO | audit | {'ts': '2026-04-27T09:37:23Z', 't': 'cb', 'ok': True, 'ms': 207, 'req': 'd9321f6c', 'bot': 8304099970, 'uid': 237087423, 'user': 'Freep_o_0_rn', 'name': 'Freep_o_0_rn', 'role': 'admin', 'chat': 237087423, 'cb_id': '1018282729960712387', 'msg_id': 5115, 'data': 'ua:user:265e52e8a44c:0:0', 'state': None}
2026-04-27 16:37:23 | INFO | aiogram.event | Update id=104059215 is handled. Duration 218 ms by bot id=8304099970
2026-04-27 16:38:01 | INFO | aiogram.dispatcher | Polling stopped for bot @BeerMarket_testbot id=8304099970 - 'BeerMarket_test🍺'
2026-04-27 16:38:01 | INFO | aiogram.dispatcher | Polling stopped
2026-04-28 17:45:35 | INFO | telegram_bot | Mini App URL configured: https://app.freep0rndeveloper.website/?api_base=https://api.freep0rndeveloper.website/
2026-04-28 17:45:35 | INFO | __main__ | BOT_TOKEN валиден.
2026-04-28 17:45:36 | WARNING | root | Файл занят: downloads\Дебиторская задолженность по срокам долга - Прокопенко (XLS).xls. Сохраняю как downloads\Дебиторская задолженность по срокам долга - Прокопенко (XLS)_new.xls
2026-04-28 17:45:36 | INFO | root | Нашли заголовки детальной таблицы на строке: 21
2026-04-28 17:45:36 | INFO | root | Скачан и валидирован файл дебиторки: downloads\Дебиторская задолженность по срокам долга - Прокопенко (XLS)_new.xls
2026-04-28 17:45:36 | INFO | __main__ | Файл получен: downloads\Дебиторская задолженность по срокам долга - Прокопенко (XLS)_new.xls
2026-04-28 17:45:37 | INFO | root | Нашли заголовки детальной таблицы на строке: 21
2026-04-28 17:45:37 | WARNING | root | Несовпадение 'наш долг' у клиента 'Полончук Алёна Николаевна ИП Воротников (Игарская ул, дом № 42)': шапка=5400.00, по строкам=0.00
2026-04-28 17:45:37 | WARNING | root | Несовпадение 'наш долг' у клиента '_ГАРМОНИЯ ООО - Токарев (2-й Бронный пер, дом № 28/1)': шапка=552.18, по строкам=0.00
2026-04-28 17:45:37 | WARNING | root | Несовпадение 'наш долг' у клиента 'Есинский А. Е. ИП - Колягин (Озерный п, Солнечный мкр, дом № 333)': шапка=70.38, по строкам=3.00
2026-04-28 17:45:37 | WARNING | root | Несовпадение 'наш долг' у клиента 'Судилкина И.О. ИП - Токарев ГОЛОВНОЙ': шапка=0.04, по строкам=0.00
2026-04-28 17:45:37 | WARNING | root | Несовпадение 'наш долг' у клиента 'Беккер Н. М. ИП - Токарев (Петухова ул, дом № 91)': шапка=0.10, по строкам=0.00
2026-04-28 17:45:37 | WARNING | root | Несовпадение 'наш долг' у клиента 'Паруйрян Эдгар Мишаи ИП - Воротников (Дениса Давыдова ул, дом № 4) (У)': шапка=0.30, по строкам=0.00
2026-04-28 17:45:37 | WARNING | root | Несовпадение 'наш долг' у клиента 'Рузибоева Феруза Нуриллаевна ИП': шапка=0.64, по строкам=0.00
2026-04-28 17:45:37 | WARNING | root | Несовпадение 'наш долг' у клиента 'Зороян Захар Артурович ИП - Волчок(Бердск г, 2-я Заводская ул, дом № 11/2, корпус 1)': шапка=10.33, по строкам=0.00
2026-04-28 17:45:37 | WARNING | root | Несовпадение 'наш долг' у клиента 'Цыганкова Ирина Николаевна ИП - Колягин (Мочище дп, Обская ул, дом № 24) (У)': шапка=50.00, по строкам=0.00
2026-04-28 17:45:37 | WARNING | root | Несовпадение 'наш долг' у клиента 'Пронькина Марина Викторовна ИП - Колягин': шапка=60.00, по строкам=0.00
2026-04-28 17:45:37 | WARNING | root | Несовпадение 'наш долг' у клиента 'Балакшина О. А.  ИП - Токарев (Ленинское с, Школьная ул, дом № 3)': шапка=240.00, по строкам=0.00
2026-04-28 17:45:37 | WARNING | root | Несовпадение 'наш долг' у клиента 'Текутьев Николай Сергеевич ИП- Воротников (Шоссейная, 2)': шапка=676.00, по строкам=0.00
2026-04-28 17:45:37 | WARNING | root | Несовпадение 'наш долг' у клиента 'Маджента ООО - Воротников ГОЛОВНОЙ': шапка=761.80, по строкам=0.00
2026-04-28 17:45:37 | WARNING | root | Несовпадение 'наш долг' у клиента 'Петрова Вероника Сергеевна ИП - Воротников': шапка=2300.00, по строкам=0.00
2026-04-28 17:45:37 | WARNING | root | Несовпадение 'наш долг' у клиента 'Баранова Юлия Николаевна ИП - Воротников': шапка=2555.10, по строкам=0.00
2026-04-28 17:45:37 | WARNING | root | Несовпадение 'наш долг' у клиента 'Скороходова А. Р. ИП - Волчок (Бердск г, Морская ул, дом № 18/2)': шапка=2559.00, по строкам=0.00
2026-04-28 17:45:37 | WARNING | root | Несовпадение 'наш долг' у клиента 'Савина А.И. ИП - Воротников ГОЛОВНОЙ': шапка=2930.78, по строкам=0.00
2026-04-28 17:45:37 | WARNING | root | Несовпадение 'наш долг' у клиента 'Блинкова Анна Павловна  ИП - Воротников': шапка=8583.00, по строкам=0.00
2026-04-28 17:45:37 | WARNING | root | Несовпадение 'наш долг' у клиента 'Щербакова Марина Викторовна ИП - Волчок': шапка=10120.00, по строкам=0.00
2026-04-28 17:45:37 | WARNING | root | Несовпадение 'наш долг' у клиента 'Воронецкий Е. Ю. ИП - Колягин': шапка=11240.00, по строкам=0.00
2026-04-28 17:45:37 | WARNING | root | Несовпадение 'наш долг' у клиента 'ТФ Дубрава ООО - Волчок (Бердск г, Первомайская ул, дом № 7А, корпус 1)КПП544545001': шапка=14075.43, по строкам=13579.33
2026-04-28 17:45:37 | WARNING | root | Несовпадение 'наш долг' у клиента 'nan': шапка=163829.82, по строкам=0.00
2026-04-28 17:45:37 | INFO | root | Собрано клиентов: 371
2026-04-28 17:45:37 | INFO | __main__ | Отчёт на 28.04.2026 | клиентов: 371
2026-04-28 17:45:37 | INFO | __main__ | 01. nan | сум: 12097669.02 | проср: 11039689.72 | наш долг: 163829.82 | доков: 0
2026-04-28 17:45:37 | INFO | __main__ | 02. ГЕРАНИОЛ ООО - Воротников (НСТ СТроитель, д 3/1а) | сум: 325361.78 | проср: 325361.78 | наш долг: 0.00 | доков: 2
2026-04-28 17:45:37 | INFO | __main__ | 03. ГЕРАНИОЛ ООО - Воротников (Березовая ул, дом № 13) | сум: 301250.16 | проср: 301250.16 | наш долг: 0.00 | доков: 2
2026-04-28 17:45:37 | INFO | __main__ | 04. ГЕРАНИОЛ ООО - Воротников (Березовая ул, дом № 7а) | сум: 300624.40 | проср: 300624.40 | наш долг: 0.00 | доков: 1
2026-04-28 17:45:37 | INFO | __main__ | 05. ГЕРАНИОЛ ООО - Воротников (Журналист тер. СНТ, Межозерная ул, дом № 34) | сум: 292233.96 | проср: 292233.96 | наш долг: 0.00 | доков: 4
2026-04-28 17:45:37 | INFO | __main__ | 06. ГЕРАНИОЛ ООО - Воротников (Благое мкр Солнечная ул, дом № 3) | сум: 278168.76 | проср: 278168.76 | наш долг: 0.00 | доков: 2
2026-04-28 17:45:37 | INFO | __main__ | 07. ГЕРАНИОЛ ООО - Воротников (Дачная ул, дом № 31, корпус 1) | сум: 269669.11 | проср: 269669.11 | наш долг: 0.00 | доков: 2
2026-04-28 17:45:37 | INFO | __main__ | 08. Прокопьев Евгений Викторович ИП - Воротников (Демакова ул, дом № 11) | сум: 266719.50 | проср: 233188.50 | наш долг: 0.00 | доков: 6
2026-04-28 17:45:37 | INFO | __main__ | 09. ГЕРАНИОЛ ООО - Воротников (Римского-Корсакова ул, дом № 28) | сум: 263676.28 | проср: 263676.28 | наш долг: 0.00 | доков: 4
2026-04-28 17:45:37 | INFO | __main__ | 10. ГЕРАНИОЛ ООО - Воротников (Тульская ул, дом № 80) | сум: 250703.58 | проср: 250703.58 | наш долг: 0.00 | доков: 1
2026-04-28 17:45:38 | INFO | aiogram.dispatcher | Start polling
2026-04-28 17:45:38 | INFO | telegram_bot | Daily fetch: next run in 60322 sec (now 2026-04-28 17:45:38, tz Asia/Novosibirsk)
2026-04-28 17:45:38 | INFO | aiogram.dispatcher | Run polling for bot @BeerMarket_testbot id=8304099970 - 'BeerMarket_test🍺'
2026-04-28 17:46:08 | INFO | aiogram.dispatcher | Polling stopped for bot @BeerMarket_testbot id=8304099970 - 'BeerMarket_test🍺'
2026-04-28 17:46:08 | INFO | aiogram.dispatcher | Polling stopped
2026-04-28 19:05:52 | INFO | telegram_bot | Mini App URL configured: https://app.freep0rndeveloper.website/?api_base=https://api.freep0rndeveloper.website/
2026-04-28 19:05:52 | INFO | __main__ | BOT_TOKEN валиден.
2026-04-28 19:05:53 | INFO | root | Нашли заголовки детальной таблицы на строке: 21
2026-04-28 19:05:53 | INFO | root | Скачан и валидирован файл дебиторки: downloads\Дебиторская задолженность по срокам долга - Прокопенко (XLS).xls
2026-04-28 19:05:53 | INFO | __main__ | Файл получен: downloads\Дебиторская задолженность по срокам долга - Прокопенко (XLS).xls
2026-04-28 19:05:55 | INFO | root | Нашли заголовки детальной таблицы на строке: 21
2026-04-28 19:05:55 | WARNING | root | Несовпадение 'наш долг' у клиента 'Полончук Алёна Николаевна ИП Воротников (Игарская ул, дом № 42)': шапка=5400.00, по строкам=0.00
2026-04-28 19:05:55 | WARNING | root | Несовпадение 'наш долг' у клиента '_ГАРМОНИЯ ООО - Токарев (2-й Бронный пер, дом № 28/1)': шапка=552.18, по строкам=0.00
2026-04-28 19:05:55 | WARNING | root | Несовпадение 'наш долг' у клиента 'Есинский А. Е. ИП - Колягин (Озерный п, Солнечный мкр, дом № 333)': шапка=70.38, по строкам=3.00
2026-04-28 19:05:55 | WARNING | root | Несовпадение 'наш долг' у клиента 'Судилкина И.О. ИП - Токарев ГОЛОВНОЙ': шапка=0.04, по строкам=0.00
2026-04-28 19:05:55 | WARNING | root | Несовпадение 'наш долг' у клиента 'Беккер Н. М. ИП - Токарев (Петухова ул, дом № 91)': шапка=0.10, по строкам=0.00
2026-04-28 19:05:55 | WARNING | root | Несовпадение 'наш долг' у клиента 'Паруйрян Эдгар Мишаи ИП - Воротников (Дениса Давыдова ул, дом № 4) (У)': шапка=0.30, по строкам=0.00
2026-04-28 19:05:55 | WARNING | root | Несовпадение 'наш долг' у клиента 'Рузибоева Феруза Нуриллаевна ИП': шапка=0.64, по строкам=0.00
2026-04-28 19:05:55 | WARNING | root | Несовпадение 'наш долг' у клиента 'Зороян Захар Артурович ИП - Волчок(Бердск г, 2-я Заводская ул, дом № 11/2, корпус 1)': шапка=10.33, по строкам=0.00
2026-04-28 19:05:55 | WARNING | root | Несовпадение 'наш долг' у клиента 'Цыганкова Ирина Николаевна ИП - Колягин (Мочище дп, Обская ул, дом № 24) (У)': шапка=50.00, по строкам=0.00
2026-04-28 19:05:55 | WARNING | root | Несовпадение 'наш долг' у клиента 'Пронькина Марина Викторовна ИП - Колягин': шапка=60.00, по строкам=0.00
2026-04-28 19:05:55 | WARNING | root | Несовпадение 'наш долг' у клиента 'Балакшина О. А.  ИП - Токарев (Ленинское с, Школьная ул, дом № 3)': шапка=240.00, по строкам=0.00
2026-04-28 19:05:55 | WARNING | root | Несовпадение 'наш долг' у клиента 'Текутьев Николай Сергеевич ИП- Воротников (Шоссейная, 2)': шапка=676.00, по строкам=0.00
2026-04-28 19:05:55 | WARNING | root | Несовпадение 'наш долг' у клиента 'Маджента ООО - Воротников ГОЛОВНОЙ': шапка=761.80, по строкам=0.00
2026-04-28 19:05:55 | WARNING | root | Несовпадение 'наш долг' у клиента 'Петрова Вероника Сергеевна ИП - Воротников': шапка=2300.00, по строкам=0.00
2026-04-28 19:05:55 | WARNING | root | Несовпадение 'наш долг' у клиента 'Баранова Юлия Николаевна ИП - Воротников': шапка=2555.10, по строкам=0.00
2026-04-28 19:05:55 | WARNING | root | Несовпадение 'наш долг' у клиента 'Скороходова А. Р. ИП - Волчок (Бердск г, Морская ул, дом № 18/2)': шапка=2559.00, по строкам=0.00
2026-04-28 19:05:55 | WARNING | root | Несовпадение 'наш долг' у клиента 'Савина А.И. ИП - Воротников ГОЛОВНОЙ': шапка=2930.78, по строкам=0.00
2026-04-28 19:05:55 | WARNING | root | Несовпадение 'наш долг' у клиента 'Блинкова Анна Павловна  ИП - Воротников': шапка=8583.00, по строкам=0.00
2026-04-28 19:05:55 | WARNING | root | Несовпадение 'наш долг' у клиента 'Щербакова Марина Викторовна ИП - Волчок': шапка=10120.00, по строкам=0.00
2026-04-28 19:05:55 | WARNING | root | Несовпадение 'наш долг' у клиента 'Воронецкий Е. Ю. ИП - Колягин': шапка=11240.00, по строкам=0.00
2026-04-28 19:05:55 | WARNING | root | Несовпадение 'наш долг' у клиента 'ТФ Дубрава ООО - Волчок (Бердск г, Первомайская ул, дом № 7А, корпус 1)КПП544545001': шапка=14075.43, по строкам=13579.33
2026-04-28 19:05:55 | WARNING | root | Несовпадение 'наш долг' у клиента 'nan': шапка=163829.82, по строкам=0.00
2026-04-28 19:05:55 | INFO | root | Собрано клиентов: 371
2026-04-28 19:05:55 | INFO | __main__ | Отчёт на 28.04.2026 | клиентов: 371
2026-04-28 19:05:55 | INFO | __main__ | 01. nan | сум: 12097669.02 | проср: 11039689.72 | наш долг: 163829.82 | доков: 0
2026-04-28 19:05:55 | INFO | __main__ | 02. ГЕРАНИОЛ ООО - Воротников (НСТ СТроитель, д 3/1а) | сум: 325361.78 | проср: 325361.78 | наш долг: 0.00 | доков: 2
2026-04-28 19:05:55 | INFO | __main__ | 03. ГЕРАНИОЛ ООО - Воротников (Березовая ул, дом № 13) | сум: 301250.16 | проср: 301250.16 | наш долг: 0.00 | доков: 2
2026-04-28 19:05:55 | INFO | __main__ | 04. ГЕРАНИОЛ ООО - Воротников (Березовая ул, дом № 7а) | сум: 300624.40 | проср: 300624.40 | наш долг: 0.00 | доков: 1
2026-04-28 19:05:55 | INFO | __main__ | 05. ГЕРАНИОЛ ООО - Воротников (Журналист тер. СНТ, Межозерная ул, дом № 34) | сум: 292233.96 | проср: 292233.96 | наш долг: 0.00 | доков: 4
2026-04-28 19:05:55 | INFO | __main__ | 06. ГЕРАНИОЛ ООО - Воротников (Благое мкр Солнечная ул, дом № 3) | сум: 278168.76 | проср: 278168.76 | наш долг: 0.00 | доков: 2
2026-04-28 19:05:55 | INFO | __main__ | 07. ГЕРАНИОЛ ООО - Воротников (Дачная ул, дом № 31, корпус 1) | сум: 269669.11 | проср: 269669.11 | наш долг: 0.00 | доков: 2
2026-04-28 19:05:55 | INFO | __main__ | 08. Прокопьев Евгений Викторович ИП - Воротников (Демакова ул, дом № 11) | сум: 266719.50 | проср: 233188.50 | наш долг: 0.00 | доков: 6
2026-04-28 19:05:55 | INFO | __main__ | 09. ГЕРАНИОЛ ООО - Воротников (Римского-Корсакова ул, дом № 28) | сум: 263676.28 | проср: 263676.28 | наш долг: 0.00 | доков: 4
2026-04-28 19:05:55 | INFO | __main__ | 10. ГЕРАНИОЛ ООО - Воротников (Тульская ул, дом № 80) | сум: 250703.58 | проср: 250703.58 | наш долг: 0.00 | доков: 1
2026-04-28 19:05:55 | INFO | aiogram.dispatcher | Start polling
2026-04-28 19:05:55 | INFO | telegram_bot | Daily fetch: next run in 55504 sec (now 2026-04-28 19:05:55, tz Asia/Novosibirsk)
2026-04-28 19:05:55 | INFO | aiogram.dispatcher | Run polling for bot @BeerMarket_testbot id=8304099970 - 'BeerMarket_test🍺'
2026-04-28 19:06:04 | INFO | audit | {'ts': '2026-04-28T12:06:04Z', 't': 'msg', 'ok': True, 'ms': 353, 'req': 'c6881a4e', 'bot': 8304099970, 'uid': 237087423, 'user': 'Freep_o_0_rn', 'name': 'Freep_o_0_rn', 'role': 'admin', 'chat': 237087423, 'chat_type': 'private', 'msg_id': 5116, 'kind': <ContentType.TEXT: 'text'>, 'text': '▶️ Старт', 'caption_len': 0, 'entities': 0, 'state': None}
2026-04-28 19:06:04 | INFO | aiogram.event | Update id=104059216 is handled. Duration 358 ms by bot id=8304099970
2026-04-28 19:06:07 | INFO | audit | {'ts': '2026-04-28T12:06:07Z', 't': 'msg', 'ok': True, 'ms': 267, 'req': 'e0ae24ea', 'bot': 8304099970, 'uid': 237087423, 'user': 'Freep_o_0_rn', 'name': 'Freep_o_0_rn', 'role': 'admin', 'chat': 237087423, 'chat_type': 'private', 'msg_id': 5118, 'kind': <ContentType.TEXT: 'text'>, 'text': '🔄 Обновить (19:05)', 'caption_len': 0, 'entities': 0, 'state': None}
2026-04-28 19:06:07 | INFO | aiogram.event | Update id=104059217 is handled. Duration 265 ms by bot id=8304099970
2026-04-28 19:06:11 | INFO | root | Нашли заголовки детальной таблицы на строке: 21
2026-04-28 19:06:11 | INFO | root | Скачан и валидирован файл дебиторки: downloads\Дебиторская задолженность по срокам долга - Прокопенко (XLS).xls
2026-04-28 19:06:12 | INFO | audit | {'ts': '2026-04-28T12:06:12Z', 't': 'cb', 'ok': True, 'ms': 1759, 'req': 'b8159465', 'bot': 8304099970, 'uid': 237087423, 'user': 'Freep_o_0_rn', 'name': 'Freep_o_0_rn', 'role': 'admin', 'chat': 237087423, 'cb_id': '1018282728119027778', 'msg_id': 5119, 'data': 'upd:debt', 'state': None}
2026-04-28 19:06:12 | INFO | aiogram.event | Update id=104059218 is handled. Duration 1780 ms by bot id=8304099970
2026-04-28 19:06:14 | INFO | audit | {'ts': '2026-04-28T12:06:14Z', 't': 'msg', 'ok': True, 'ms': 114, 'req': '9a2396fd', 'bot': 8304099970, 'uid': 237087423, 'user': 'Freep_o_0_rn', 'name': 'Freep_o_0_rn', 'role': 'admin', 'chat': 237087423, 'chat_type': 'private', 'msg_id': 5121, 'kind': <ContentType.TEXT: 'text'>, 'text': '🔄 Обновить (19:06)', 'caption_len': 0, 'entities': 0, 'state': None}
2026-04-28 19:06:14 | INFO | aiogram.event | Update id=104059219 is handled. Duration 125 ms by bot id=8304099970
2026-04-28 19:06:17 | INFO | root | Скачан файл: downloads\Ведомость по переданной возвратной таре клиент - Прокопенко (XLS).xls
2026-04-28 19:06:17 | INFO | apscheduler.scheduler | Adding job tentatively -- it will be properly scheduled when the scheduler starts
2026-04-28 19:06:17 | INFO | apscheduler.scheduler | Adding job tentatively -- it will be properly scheduled when the scheduler starts
2026-04-28 19:06:17 | INFO | apscheduler.scheduler | Adding job tentatively -- it will be properly scheduled when the scheduler starts
2026-04-28 19:06:17 | INFO | tara_parser | Автообновление тары: старт, trigger=manual_api_run
2026-04-28 19:06:17 | INFO | tara_parser | Найден самый свежий отчет: E:\Work\BeerMarkenBot\BeerMarketMiniAppBot v0.99.2\pythonProject\downloads\Ведомость по переданной возвратной таре клиент - Прокопенко (XLS).xls
2026-04-28 19:06:17 | INFO | tara_parser | Обнаружен новый или измененный файл: E:\Work\BeerMarkenBot\BeerMarketMiniAppBot v0.99.2\pythonProject\downloads\Ведомость по переданной возвратной таре клиент - Прокопенко (XLS).xls
2026-04-28 19:06:17 | INFO | tara_parser | Старт разбора файла: E:\Work\BeerMarkenBot\BeerMarketMiniAppBot v0.99.2\pythonProject\downloads\Ведомость по переданной возвратной таре клиент - Прокопенко (XLS).xls
2026-04-28 19:06:17 | INFO | tara_parser | Файл правил: E:\Work\BeerMarkenBot\BeerMarketMiniAppBot v0.99.2\pythonProject\services\tara_service\tara_rules.json
2026-04-28 19:06:17 | INFO | tara_parser | Прочитано строк: 2977
2026-04-28 19:06:17 | INFO | tara_parser | Пропуск строки-шапки: row=2 text=ОТЧЕТ ПО ВОЗВРАТНОЙ ТАРЕ КЛИЕНТ
2026-04-28 19:06:17 | INFO | tara_parser | Пропуск служебной строки: row=4 text=Параметры:
2026-04-28 19:06:17 | INFO | tara_parser | Пропуск строки-шапки: row=5 text=Отбор:
2026-04-28 19:06:17 | INFO | tara_parser | Пропуск строки-шапки: row=7 text=Клиент
2026-04-28 19:06:17 | INFO | tara_parser | Пропуск строки-шапки: row=8 text=Номенклатура
2026-04-28 19:06:17 | INFO | tara_parser | Пропуск служебной строки: row=9 text=Регистратор
2026-04-28 19:06:17 | INFO | tara_parser | Найден клиент: row=10 client=_Альбион-2002 ООО - Токарев (Заречная ул, дом № 21) total=-1
2026-04-28 19:06:17 | INFO | tara_parser | Добавлена номенклатура: client_row=10 item_row=11 item=Замок тип G total=-1
2026-04-28 19:06:17 | INFO | tara_parser | Найден клиент: row=12 client=_Графадацкая О. С. ИП - Щербатов (Воскресная ул, дом № 54) ЗАКРЫТ! total=1
2026-04-28 19:06:17 | INFO | tara_parser | Добавлена номенклатура: client_row=12 item_row=13 item=Холодильник UBC Icestream ECO " 5 флагов" № 13350001257036 total=1
2026-04-28 19:06:17 | INFO | tara_parser | Найден клиент: row=14 client=_Прайм ООО Токарев (Титова ул, дом № 11) КПП 540445003 total=3
2026-04-28 19:06:17 | INFO | tara_parser | Добавлена номенклатура: client_row=14 item_row=15 item=Бочка 50л тип S total=1
2026-04-28 19:06:17 | INFO | tara_parser | Добавлена номенклатура: client_row=14 item_row=16 item=Бочка 50л тип А Высокая total=2
2026-04-28 19:06:17 | INFO | tara_parser | Найден клиент: row=17 client=_Рустамова Елена Анатольевна ИП - Токарев (Гоголя ул, дом № 204/1) total=5
2026-04-28 19:06:17 | INFO | tara_parser | Добавлена номенклатура: client_row=17 item_row=18 item=Бочка 30л ПМ Эфес (DRAFT НЕРЖ RU) total=1
2026-04-28 19:06:17 | INFO | tara_parser | Добавлена номенклатура: client_row=17 item_row=19 item=Бочка 30л тип S Остмарк total=1
2026-04-28 19:06:17 | INFO | tara_parser | Добавлена номенклатура: client_row=17 item_row=20 item=Бочка 50л тип S total=3
2026-04-28 19:06:17 | INFO | tara_parser | Найден клиент: row=21 client=_Рязанова Юлия Петровна ИП - Токарев total=-1
2026-04-28 19:06:17 | INFO | tara_parser | Добавлена номенклатура: client_row=21 item_row=22 item=Бочка 30л BLK total=-1
2026-04-28 19:06:17 | INFO | tara_parser | Найден клиент: row=23 client=_Судилкин О.А. ИП - Токарев (Комсомольская, д.31/2) (У и Б) total=11
2026-04-28 19:06:17 | INFO | tara_parser | Добавлена номенклатура: client_row=23 item_row=24 item=Замок тип S total=9
2026-04-28 19:06:17 | INFO | tara_parser | Добавлена номенклатура: client_row=23 item_row=25 item=Замок тип А total=3
2026-04-28 19:06:17 | INFO | tara_parser | Добавлена номенклатура: client_row=23 item_row=26 item=Редуктор на 1 выход total=-1
2026-04-28 19:06:17 | INFO | tara_parser | Найден клиент: row=27 client=_Судилкин О.А. ИП - Токарев (Обь г, с северной стороны ул.Ломоносова) (У и Б) total=19
2026-04-28 19:06:17 | INFO | tara_parser | Добавлена номенклатура: client_row=27 item_row=28 item=Замок тип S total=6
2026-04-28 19:06:17 | INFO | tara_parser | Добавлена номенклатура: client_row=27 item_row=29 item=Замок тип А total=3
2026-04-28 19:06:17 | INFO | tara_parser | Добавлена номенклатура: client_row=27 item_row=30 item=Пеногаситель Пегас Evolution total=9
2026-04-28 19:06:17 | INFO | tara_parser | Добавлена номенклатура: client_row=27 item_row=31 item=Редуктор на 1 выход total=1
2026-04-28 19:06:17 | INFO | tara_parser | Найден клиент: row=32 client=_Судилкин О.А. ИП - Токарев(Объединения ул, дом № 59) (У и Б) total=10
2026-04-28 19:06:17 | INFO | tara_parser | Добавлена номенклатура: client_row=32 item_row=33 item=Замок тип S total=2
2026-04-28 19:06:17 | INFO | tara_parser | Добавлена номенклатура: client_row=32 item_row=34 item=Замок тип А total=3
2026-04-28 19:06:17 | INFO | tara_parser | Добавлена номенклатура: client_row=32 item_row=35 item=Пеногаситель Пегас Evolution total=5
2026-04-28 19:06:17 | INFO | tara_parser | Найден клиент: row=36 client=_ТРИО ООО - Токарев (Плахотного ул, дом № 19) total=5
2026-04-28 19:06:17 | INFO | tara_parser | Добавлена номенклатура: client_row=36 item_row=37 item=Бочка 50л тип S total=3
2026-04-28 19:06:17 | INFO | tara_parser | Добавлена номенклатура: client_row=36 item_row=38 item=Бочка 50л тип А total=2
2026-04-28 19:06:17 | INFO | tara_parser | Найден клиент: row=39 client=_Шевченко Елена Олеговна ИП - Ганиев (Верх-Тула с, Советская ул, дом № 49б) total=1
2026-04-28 19:06:17 | INFO | tara_parser | Добавлена номенклатура: client_row=39 item_row=40 item=Бочка 50л тип S total=1
2026-04-28 19:06:17 | INFO | tara_parser | Найден клиент: row=41 client=Абдурахмонова Дилором Фаррухжоновна ИП - Воротников (Лесосечная ул, дом № 8, корпус 2) total=14
2026-04-28 19:06:17 | INFO | tara_parser | Добавлена номенклатура: client_row=41 item_row=42 item=Бочка 50л S RU total=19
2026-04-28 19:06:17 | INFO | tara_parser | Добавлена номенклатура: client_row=41 item_row=43 item=Бочка 50л тип S total=-12
2026-04-28 19:06:17 | INFO | tara_parser | Добавлена номенклатура: client_row=41 item_row=44 item=Замок тип S total=2
2026-04-28 19:06:17 | INFO | tara_parser | Добавлена номенклатура: client_row=41 item_row=45 item=Замок тип А total=2
2026-04-28 19:06:17 | INFO | tara_parser | Добавлена номенклатура: client_row=41 item_row=46 item=Охладитель Тайфун 90 на 4 пр. №47231 total=1
2026-04-28 19:06:17 | INFO | tara_parser | Добавлена номенклатура: client_row=41 item_row=47 item=Пеногаситель Пегас Drive DUO total=2
2026-04-28 19:06:17 | INFO | tara_parser | Найден клиент: row=48 client=АВГУСТ ООО - Воротников (Магистральная ул, дом № 1В) total=9
2026-04-28 19:06:17 | INFO | tara_parser | Добавлена номенклатура: client_row=48 item_row=49 item=Бочка 30л BLK total=2
2026-04-28 19:06:17 | INFO | tara_parser | Добавлена номенклатура: client_row=48 item_row=50 item=Бочка 50л S RU total=1
2026-04-28 19:06:17 | INFO | tara_parser | Добавлена номенклатура: client_row=48 item_row=51 item=Замок тип G total=1
2026-04-28 19:06:17 | INFO | tara_parser | Добавлена номенклатура: client_row=48 item_row=52 item=Замок тип S total=2
2026-04-28 19:06:17 | INFO | tara_parser | Добавлена номенклатура: client_row=48 item_row=53 item=Замок тип А total=1
2026-04-28 19:06:17 | INFO | tara_parser | Добавлена номенклатура: client_row=48 item_row=54 item=Пеногаситель Пегас Drive DUO total=2
2026-04-28 19:06:17 | INFO | tara_parser | Найден клиент: row=55 client=Акимова А.М. ИП - Волчок (Бердск г, Ленина ул, дом № 33) total=1
2026-04-28 19:06:17 | INFO | tara_parser | Добавлена номенклатура: client_row=55 item_row=56 item=Шкаф холодильный Балтика 0701994104-1460 total=1
2026-04-28 19:06:17 | INFO | tara_parser | Найден клиент: row=57 client=Алконом ООО - Воротников (Петухова ул, дом № 22/1, офис 1) total=14
2026-04-28 19:06:17 | INFO | tara_parser | Добавлена номенклатура: client_row=57 item_row=58 item=Баллон 25 кг. (Азот) total=1
2026-04-28 19:06:17 | INFO | tara_parser | Добавлена номенклатура: client_row=57 item_row=59 item=Бочка 30л BLK total=2
2026-04-28 19:06:17 | INFO | tara_parser | Добавлена номенклатура: client_row=57 item_row=60 item=Замок тип G total=2
2026-04-28 19:06:17 | INFO | tara_parser | Добавлена номенклатура: client_row=57 item_row=61 item=Замок тип S total=2
2026-04-28 19:06:17 | INFO | tara_parser | Добавлена номенклатура: client_row=57 item_row=62 item=Замок тип А total=1
2026-04-28 19:06:17 | INFO | tara_parser | Добавлена номенклатура: client_row=57 item_row=63 item=Кран Гиннесс total=1
2026-04-28 19:06:17 | INFO | tara_parser | Добавлена номенклатура: client_row=57 item_row=64 item=Пеногаситель Пегас Drive DUO total=3
2026-04-28 19:06:17 | INFO | tara_parser | Добавлена номенклатура: client_row=57 item_row=65 item=Редуктор на 1 выход total=2
2026-04-28 19:06:17 | INFO | tara_parser | Найден клиент: row=66 client=Алтухова Людмила Александровна ИП - Колягин(Флотская ул, дом № 19а) total=6
2026-04-28 19:06:17 | INFO | tara_parser | Добавлена номенклатура: client_row=66 item_row=67 item=Бочка 50л тип S total=3
2026-04-28 19:06:17 | INFO | tara_parser | Добавлена номенклатура: client_row=66 item_row=68 item=Замок тип S total=1
2026-04-28 19:06:17 | INFO | tara_parser | Добавлена номенклатура: client_row=66 item_row=69 item=Замок тип А total=1
2026-04-28 19:06:17 | INFO | tara_parser | Добавлена номенклатура: client_row=66 item_row=70 item=Пеногаситель Пегас Drive DUO total=1
2026-04-28 19:06:17 | INFO | tara_parser | Найден клиент: row=71 client=Андреич ООО - Волчок (Бердск г, К.Маркса ул, дом № 21) total=4
2026-04-28 19:06:17 | INFO | tara_parser | Добавлена номенклатура: client_row=71 item_row=72 item=Бочка 50л тип S total=4
2026-04-28 19:06:17 | INFO | tara_parser | Найден клиент: row=73 client=Андреич ООО - Воротников (Героев Труда,18/1) total=14
2026-04-28 19:06:17 | INFO | tara_parser | Добавлена номенклатура: client_row=73 item_row=74 item=Бочка 50л S RU total=5
2026-04-28 19:06:17 | INFO | tara_parser | Добавлена номенклатура: client_row=73 item_row=75 item=Бочка 50л тип S total=4
2026-04-28 19:06:17 | INFO | tara_parser | Пропуск служебной строки: row=76 text=Реализация товаров и услуг Бе00-017580 от 28.04.2026 0:00:00
2026-04-28 19:06:17 | INFO | tara_parser | Добавлена номенклатура: client_row=73 item_row=77 item=Внутренний Световой знак Три Медведя Х total=1
2026-04-28 19:06:17 | INFO | tara_parser | Добавлена номенклатура: client_row=73 item_row=78 item=Замок тип G total=1
2026-04-28 19:06:17 | INFO | tara_parser | Добавлена номенклатура: client_row=73 item_row=79 item=Замок тип S total=1
2026-04-28 19:06:17 | INFO | tara_parser | Добавлена номенклатура: client_row=73 item_row=80 item=Замок тип А total=1
2026-04-28 19:06:17 | INFO | tara_parser | Добавлена номенклатура: client_row=73 item_row=81 item=Пеногаситель Пегас Drive DUO total=1
2026-04-28 19:06:17 | INFO | tara_parser | Найден клиент: row=82 client=Андреич ООО - Воротников (Демакова,3) (У и Б) КПП540845002 total=12
2026-04-28 19:06:17 | INFO | tara_parser | Добавлена номенклатура: client_row=82 item_row=83 item=Бочка 20л Сиб. Корона, Левенбрау, Стелла,Бад, Черниговское,Старопрамен(SANKEY НЕРЖ RU) total=1
2026-04-28 19:06:17 | INFO | tara_parser | Добавлена номенклатура: client_row=82 item_row=84 item=Бочка 30л тип А Златый Базант/Три Медведя/Остмарк total=2
2026-04-28 19:06:17 | INFO | tara_parser | Добавлена номенклатура: client_row=82 item_row=85 item=Бочка 50л S RU total=14
2026-04-28 19:06:17 | INFO | tara_parser | Добавлена номенклатура: client_row=82 item_row=86 item=Бочка 50л тип S total=-12
2026-04-28 19:06:17 | INFO | tara_parser | Добавлена номенклатура: client_row=82 item_row=87 item=Замок тип S total=3
2026-04-28 19:06:17 | INFO | tara_parser | Добавлена номенклатура: client_row=82 item_row=88 item=Замок тип А (БМ) total=1
2026-04-28 19:06:17 | INFO | tara_parser | Добавлена номенклатура: client_row=82 item_row=89 item=Пеногаситель WINTAP на 2 потока total=1
2026-04-28 19:06:17 | INFO | tara_parser | Добавлена номенклатура: client_row=82 item_row=90 item=Пеногаситель Пегас Drive DUO total=2
2026-04-28 19:06:17 | INFO | tara_parser | Найден клиент: row=91 client=Аникина Е.И ИП - Ганиев (Королева ул, дом № 10) total=7
2026-04-28 19:06:17 | INFO | tara_parser | Добавлена номенклатура: client_row=91 item_row=92 item=Бочка 30л BLK(потери) total=1
2026-04-28 19:06:17 | INFO | tara_parser | Добавлена номенклатура: client_row=91 item_row=93 item=Бочка 30л САБ Миллер (SANKEY НЕРЖ RU) total=1
2026-04-28 19:06:17 | INFO | tara_parser | Добавлена номенклатура: client_row=91 item_row=94 item=Бочка 30л тип S Остмарк total=3
2026-04-28 19:06:17 | INFO | tara_parser | Добавлена номенклатура: client_row=91 item_row=95 item=Бочка 30л тип А Златый Базант/Три Медведя/Остмарк total=-2
2026-04-28 19:06:17 | INFO | tara_parser | Добавлена номенклатура: client_row=91 item_row=96 item=Бочка 50л тип S total=2
2026-04-28 19:06:17 | INFO | tara_parser | Добавлена номенклатура: client_row=91 item_row=97 item=Бочка 50л тип А total=5
2026-04-28 19:06:17 | INFO | tara_parser | Добавлена номенклатура: client_row=91 item_row=98 item=Бочка 50л тип А Высокая total=-3
2026-04-28 19:06:17 | INFO | tara_parser | Найден клиент: row=99 client=Анохина Татьяна Николаевна ИП - Колягин (Фрунзе ул, дом № 49/3) total=19
2026-04-28 19:06:17 | INFO | tara_parser | Добавлена номенклатура: client_row=99 item_row=100 item=Бочка 30л BLK total=3
2026-04-28 19:06:17 | INFO | tara_parser | Добавлена номенклатура: client_row=99 item_row=101 item=Бочка 50л тип S total=3
2026-04-28 19:06:17 | INFO | tara_parser | Добавлена номенклатура: client_row=99 item_row=102 item=Замок тип G total=3
2026-04-28 19:06:17 | INFO | tara_parser | Добавлена номенклатура: client_row=99 item_row=103 item=Замок тип S total=4
2026-04-28 19:06:17 | INFO | tara_parser | Добавлена номенклатура: client_row=99 item_row=104 item=Замок тип А total=1
2026-04-28 19:06:17 | INFO | tara_parser | Добавлена номенклатура: client_row=99 item_row=105 item=Пеногаситель Пегас I Tap total=2
2026-04-28 19:06:17 | INFO | tara_parser | Добавлена номенклатура: client_row=99 item_row=106 item=Пеногаситель Пегас I Tap 2 total=2
2026-04-28 19:06:17 | INFO | tara_parser | Добавлена номенклатура: client_row=99 item_row=107 item=Пеногаситель Пегас Evolution total=1
2026-04-28 19:06:17 | INFO | tara_parser | Найден клиент: row=108 client=Араз ООО - Волчок (Одоевского ул, дом № 1/9) total=1
2026-04-28 19:06:17 | INFO | tara_parser | Добавлена номенклатура: client_row=108 item_row=109 item=Замок тип S total=1
2026-04-28 19:06:17 | INFO | tara_parser | Найден клиент: row=110 client=АРКАДА ООО - Воротников (Карла Маркса пр-кт, дом № 37/2) total=7
2026-04-28 19:06:17 | INFO | tara_parser | Добавлена номенклатура: client_row=110 item_row=111 item=Бочка 50л тип S total=4
2026-04-28 19:06:17 | INFO | tara_parser | Добавлена номенклатура: client_row=110 item_row=112 item=Замок тип S total=1
2026-04-28 19:06:17 | INFO | tara_parser | Добавлена номенклатура: client_row=110 item_row=113 item=Замок тип А total=1
2026-04-28 19:06:17 | INFO | tara_parser | Добавлена номенклатура: client_row=110 item_row=114 item=Пеногаситель Пегас Drive DUO total=1
2026-04-28 19:06:17 | INFO | tara_parser | Найден клиент: row=115 client=АРРАКИС ООО - Колягин (Гурьевская ул, дом № 64/1) total=32
2026-04-28 19:06:17 | INFO | tara_parser | Добавлена номенклатура: client_row=115 item_row=116 item=Бочка 30л BLK total=2
2026-04-28 19:06:17 | INFO | tara_parser | Добавлена номенклатура: client_row=115 item_row=117 item=Бочка 30л тип А Златый Базант/Три Медведя/Остмарк total=18
2026-04-28 19:06:17 | INFO | tara_parser | Добавлена номенклатура: client_row=115 item_row=118 item=Бочка 50л тип S total=4
2026-04-28 19:06:17 | INFO | tara_parser | Добавлена номенклатура: client_row=115 item_row=119 item=Замок тип G total=1
2026-04-28 19:06:17 | INFO | tara_parser | Добавлена номенклатура: client_row=115 item_row=120 item=Замок тип S total=1
2026-04-28 19:06:17 | INFO | tara_parser | Добавлена номенклатура: client_row=115 item_row=121 item=Замок тип А total=3
2026-04-28 19:06:17 | INFO | tara_parser | Добавлена номенклатура: client_row=115 item_row=122 item=Пеногаситель WINTAP на 2 потока total=3
2026-04-28 19:06:17 | INFO | tara_parser | Найден клиент: row=123 client=АРРАКИС ООО - Колягин (Пархоменко ул, дом № 15) total=22
2026-04-28 19:06:17 | INFO | tara_parser | Добавлена номенклатура: client_row=123 item_row=124 item=Бочка 30л BLK total=2
2026-04-28 19:06:17 | INFO | tara_parser | Добавлена номенклатура: client_row=123 item_row=125 item=Бочка 30л тип А Златый Базант/Три Медведя/Остмарк total=8
2026-04-28 19:06:17 | INFO | tara_parser | Добавлена номенклатура: client_row=123 item_row=126 item=Бочка 50л тип S total=5
2026-04-28 19:06:17 | INFO | tara_parser | Добавлена номенклатура: client_row=123 item_row=127 item=Бочка 50л тип А total=-2
2026-04-28 19:06:17 | INFO | tara_parser | Добавлена номенклатура: client_row=123 item_row=128 item=Замок тип G total=1
2026-04-28 19:06:17 | INFO | tara_parser | Добавлена номенклатура: client_row=123 item_row=129 item=Замок тип S total=1
2026-04-28 19:06:17 | INFO | tara_parser | Добавлена номенклатура: client_row=123 item_row=130 item=Замок тип А total=4
2026-04-28 19:06:17 | INFO | tara_parser | Добавлена номенклатура: client_row=123 item_row=131 item=Пеногаситель WINTAP на 2 потока total=3
2026-04-28 19:06:17 | INFO | tara_parser | Найден клиент: row=132 client=Аскерова Елена Анатольевна ИП (Бердск г, Красная Сибирь ул, дом № 97) (У и Б) total=7
2026-04-28 19:06:17 | INFO | tara_parser | Добавлена номенклатура: client_row=132 item_row=133 item=Бочка 50л S RU total=2
2026-04-28 19:06:17 | INFO | tara_parser | Добавлена номенклатура: client_row=132 item_row=134 item=Бочка 50л тип S total=1
2026-04-28 19:06:17 | INFO | tara_parser | Добавлена номенклатура: client_row=132 item_row=135 item=Витрина холодильная Бочкари №09912 (наш) total=1
2026-04-28 19:06:17 | INFO | tara_parser | Добавлена номенклатура: client_row=132 item_row=136 item=Замок тип S total=2
2026-04-28 19:06:17 | INFO | tara_parser | Добавлена номенклатура: client_row=132 item_row=137 item=Пеногаситель Пегас Drive DUO total=1
2026-04-28 19:06:17 | INFO | tara_parser | Найден клиент: row=138 client=АСТ ООО - Воротников (Катковский п, Героев России ул, дом № 1) total=1
2026-04-28 19:06:17 | INFO | tara_parser | Добавлена номенклатура: client_row=138 item_row=139 item=Шкаф холодильный Балтика 0701991004-266 total=1
2026-04-28 19:06:17 | INFO | tara_parser | Найден клиент: row=140 client=Афонина Катерина Юрьевна ИП - Колягин (У) (Аэропорт,51) total=2
2026-04-28 19:06:17 | INFO | tara_parser | Добавлена номенклатура: client_row=140 item_row=141 item=Замок тип S total=1
2026-04-28 19:06:17 | INFO | tara_parser | Добавлена номенклатура: client_row=140 item_row=142 item=Пеногаситель Пегас total=1
2026-04-28 19:06:17 | INFO | tara_parser | Найден клиент: row=143 client=Афонина Катерина Юрьевна ИП - Колягин (У) (Громова ул, дом № 7) total=1
2026-04-28 19:06:17 | INFO | tara_parser | Добавлена номенклатура: client_row=143 item_row=144 item=Замок тип S total=1
2026-04-28 19:06:17 | INFO | tara_parser | Найден клиент: row=145 client=Афонина Катерина Юрьевна ИП - Колягин (У) (Забалуева ул, дом № 5а) total=1
2026-04-28 19:06:17 | INFO | tara_parser | Добавлена номенклатура: client_row=145 item_row=146 item=Замок тип S total=1
2026-04-28 19:06:17 | INFO | tara_parser | Найден клиент без явного итога: row=147 client=Афонина Катерина Юрьевна ИП - Колягин (У) (Оловозаводская ул, дом № 4а)
2026-04-28 19:06:17 | INFO | tara_parser | Добавлена номенклатура: client_row=147 item_row=148 item=Пеногаситель Пегас Ecotap total=-1
2026-04-28 19:06:17 | INFO | tara_parser | Добавлена номенклатура: client_row=147 item_row=149 item=Пеногаситель Пегас Ecotap Next total=1
2026-04-28 19:06:17 | INFO | tara_parser | Найден клиент: row=150 client=Афонина Катерина Юрьевна ИП - Колягин (У) (Петухова ул, дом № 14/2) total=2
2026-04-28 19:06:17 | INFO | tara_parser | Добавлена номенклатура: client_row=150 item_row=151 item=Замок тип S total=1
2026-04-28 19:06:17 | INFO | tara_parser | Добавлена номенклатура: client_row=150 item_row=152 item=Пеногаситель Пегас Ecotap Next total=1
2026-04-28 19:06:17 | INFO | tara_parser | Найден клиент: row=153 client=Афонина Наталья Валерьевна ИП - Воротников (СНТ Жилстроевец ул Строительная, дом № 112) total=14
2026-04-28 19:06:17 | INFO | tara_parser | Добавлена номенклатура: client_row=153 item_row=154 item=Замок тип А total=7
2026-04-28 19:06:17 | INFO | tara_parser | Добавлена номенклатура: client_row=153 item_row=155 item=Охладитель Тайфун 90 на 2 пр. №43000 total=1
2026-04-28 19:06:17 | INFO | tara_parser | Добавлена номенклатура: client_row=153 item_row=156 item=Охладитель Тайфун 90 на 4 пр. №52231 total=1
2026-04-28 19:06:17 | INFO | tara_parser | Добавлена номенклатура: client_row=153 item_row=157 item=Пеногаситель WINTAP на 2 потока total=3
2026-04-28 19:06:17 | INFO | tara_parser | Добавлена номенклатура: client_row=153 item_row=158 item=Редуктор на 1 выход total=2
2026-04-28 19:06:17 | INFO | tara_parser | Найден клиент: row=159 client=Бабаков И. А. ИП - Щербатов (Криводановка с, Садовая ул, дом № 12а) total=17
2026-04-28 19:06:17 | INFO | tara_parser | Добавлена номенклатура: client_row=159 item_row=160 item=Бочка 30л тип А Златый Базант/Три Медведя/Остмарк total=4
2026-04-28 19:06:17 | INFO | tara_parser | Добавлена номенклатура: client_row=159 item_row=161 item=Бочка 50л тип S total=7
2026-04-28 19:06:17 | INFO | tara_parser | Добавлена номенклатура: client_row=159 item_row=162 item=Замок тип S total=2
2026-04-28 19:06:17 | INFO | tara_parser | Добавлена номенклатура: client_row=159 item_row=163 item=Замок тип А total=2
2026-04-28 19:06:17 | INFO | tara_parser | Добавлена номенклатура: client_row=159 item_row=164 item=Пеногаситель Пегас Drive DUO total=1
2026-04-28 19:06:17 | INFO | tara_parser | Добавлена номенклатура: client_row=159 item_row=165 item=Пеногаситель Пегас U-Classic DUO total=1
2026-04-28 19:06:17 | INFO | tara_parser | Найден клиент: row=166 client=Бабаков И. А. ИП - Щербатов (Криводановка с, Садовая ул, дом № 27Б) total=17
2026-04-28 19:06:17 | INFO | tara_parser | Добавлена номенклатура: client_row=166 item_row=167 item=Бочка 30л тип А Златый Базант/Три Медведя/Остмарк total=1
2026-04-28 19:06:17 | INFO | tara_parser | Добавлена номенклатура: client_row=166 item_row=168 item=Бочка 50л тип S total=11
2026-04-28 19:06:17 | INFO | tara_parser | Добавлена номенклатура: client_row=166 item_row=169 item=Замок тип S total=1
2026-04-28 19:06:17 | INFO | tara_parser | Добавлена номенклатура: client_row=166 item_row=170 item=Замок тип А total=2
2026-04-28 19:06:17 | INFO | tara_parser | Добавлена номенклатура: client_row=166 item_row=171 item=Пеногаситель Пегас Drive total=1
2026-04-28 19:06:17 | INFO | tara_parser | Добавлена номенклатура: client_row=166 item_row=172 item=Пеногаситель Пегас Drive DUO total=1
2026-04-28 19:06:17 | INFO | tara_parser | Найден клиент: row=173 client=Байшакурова Наталья Валерьевна ИП - Щербатов (документы ЭДО)(Народная ул, дом № 10/1, помещение 5а total=9
2026-04-28 19:06:17 | INFO | tara_parser | Добавлена номенклатура: client_row=173 item_row=174 item=Баллон 25 кг. (Углекислота) total=1
2026-04-28 19:06:17 | INFO | tara_parser | Добавлена номенклатура: client_row=173 item_row=175 item=Бочка 50л S RU total=12
2026-04-28 19:06:17 | INFO | tara_parser | Добавлена номенклатура: client_row=173 item_row=176 item=Бочка 50л тип S total=-7
2026-04-28 19:06:17 | INFO | tara_parser | Добавлена номенклатура: client_row=173 item_row=177 item=Замок тип S total=2
2026-04-28 19:06:17 | INFO | tara_parser | Добавлена номенклатура: client_row=173 item_row=178 item=Пеногаситель Пегас Drive DUO total=1
2026-04-28 19:06:17 | INFO | tara_parser | Найден клиент: row=179 client=Барабанов Ян Антонович ИП - Ганиев (Чик рп, Комсомольская ул, дом № 17) total=28
2026-04-28 19:06:17 | INFO | tara_parser | Добавлена номенклатура: client_row=179 item_row=180 item=Бочка 30л BLK total=1
2026-04-28 19:06:17 | INFO | tara_parser | Добавлена номенклатура: client_row=179 item_row=181 item=Бочка 30л тип А Златый Базант/Три Медведя/Остмарк total=5
2026-04-28 19:06:17 | INFO | tara_parser | Добавлена номенклатура: client_row=179 item_row=182 item=Бочка 50л S RU total=1
2026-04-28 19:06:17 | INFO | tara_parser | Добавлена номенклатура: client_row=179 item_row=183 item=Бочка 50л тип S total=5
2026-04-28 19:06:17 | INFO | tara_parser | Добавлена номенклатура: client_row=179 item_row=184 item=Замок тип D total=1
2026-04-28 19:06:17 | INFO | tara_parser | Добавлена номенклатура: client_row=179 item_row=185 item=Замок тип G total=1
2026-04-28 19:06:17 | INFO | tara_parser | Добавлена номенклатура: client_row=179 item_row=186 item=Замок тип S total=2
2026-04-28 19:06:17 | INFO | tara_parser | Добавлена номенклатура: client_row=179 item_row=187 item=Замок тип А total=6
2026-04-28 19:06:17 | INFO | tara_parser | Добавлена номенклатура: client_row=179 item_row=188 item=Пеногаситель Пегас Drive DUO total=4
2026-04-28 19:06:17 | INFO | tara_parser | Добавлена номенклатура: client_row=179 item_row=189 item=пеногаситель пегас Win tap total=1
2026-04-28 19:06:17 | INFO | tara_parser | Добавлена номенклатура: client_row=179 item_row=190 item=Редуктор СО2 на 2 (эдем) total=1
2026-04-28 19:06:17 | INFO | tara_parser | Найден клиент: row=191 client=Баранова Екатерина Михайловна ИП - Волчок total=2
2026-04-28 19:06:17 | INFO | tara_parser | Добавлена номенклатура: client_row=191 item_row=192 item=Бочка 50л S RU total=2
2026-04-28 19:06:17 | INFO | tara_parser | Найден клиент: row=193 client=Бардин В.Н. ИП- Щербатов (Фабричная,47) total=12
2026-04-28 19:06:17 | INFO | tara_parser | Добавлена номенклатура: client_row=193 item_row=194 item=Баллон 25 кг. (Углекислота) total=2
2026-04-28 19:06:17 | INFO | tara_parser | Добавлена номенклатура: client_row=193 item_row=195 item=Башня 2 кр. (золото) total=1
2026-04-28 19:06:17 | INFO | tara_parser | Добавлена номенклатура: client_row=193 item_row=196 item=Бочка 50л тип А Высокая total=3
2026-04-28 19:06:17 | INFO | tara_parser | Добавлена номенклатура: client_row=193 item_row=197 item=Замок тип А total=2
2026-04-28 19:06:17 | INFO | tara_parser | Добавлена номенклатура: client_row=193 item_row=198 item=Охладитель Тайфун 90 на 2 пр. №42399 total=1
2026-04-28 19:06:17 | INFO | tara_parser | Добавлена номенклатура: client_row=193 item_row=199 item=Пеногаситель Пегас total=2
2026-04-28 19:06:17 | INFO | tara_parser | Добавлена номенклатура: client_row=193 item_row=200 item=Редуктор на 1 выход total=1
2026-04-28 19:06:17 | INFO | tara_parser | Найден клиент: row=201 client=Башкаев Г.Н. ИП - Ганиев (Спирино с, Ленина ул, дом № 177) total=10
2026-04-28 19:06:17 | INFO | tara_parser | Добавлена номенклатура: client_row=201 item_row=202 item=Замок тип S total=1
2026-04-28 19:06:17 | INFO | tara_parser | Добавлена номенклатура: client_row=201 item_row=203 item=Замок тип А total=3
2026-04-28 19:06:17 | INFO | tara_parser | Добавлена номенклатура: client_row=201 item_row=204 item=Охладитель "Тайфун 90"47197 Эдем total=1
2026-04-28 19:06:17 | INFO | tara_parser | Добавлена номенклатура: client_row=201 item_row=205 item=Пеногаситель Пегас total=4
2026-04-28 19:06:17 | INFO | tara_parser | Добавлена номенклатура: client_row=201 item_row=206 item=Редуктор СО2 на 1 выход(Эдем) total=1
2026-04-28 19:06:17 | INFO | tara_parser | Найден клиент: row=207 client=Башкаев Г.Н. ИП - Ганиев (Спирино с, Ленина ул, дом № 70/1) total=10
2026-04-28 19:06:17 | INFO | tara_parser | Добавлена номенклатура: client_row=207 item_row=208 item=Замок тип S total=1
2026-04-28 19:06:17 | INFO | tara_parser | Добавлена номенклатура: client_row=207 item_row=209 item=Замок тип А total=3
2026-04-28 19:06:17 | INFO | tara_parser | Добавлена номенклатура: client_row=207 item_row=210 item=Охладитель "Тайфун 90" Эдем total=1
2026-04-28 19:06:17 | INFO | tara_parser | Добавлена номенклатура: client_row=207 item_row=211 item=Пеногаситель Пегас total=4
2026-04-28 19:06:17 | INFO | tara_parser | Добавлена номенклатура: client_row=207 item_row=212 item=Редуктор СО2 на 1 выход(Эдем) total=1
2026-04-28 19:06:17 | INFO | tara_parser | Найден клиент: row=213 client=Башкатова С.П. ИП - Волчок (Бердск г, Микрорайон ул, дом № 25б) total=15
2026-04-28 19:06:17 | INFO | tara_parser | Добавлена номенклатура: client_row=213 item_row=214 item=Бочка 30л тип А Златый Базант/Три Медведя/Остмарк total=2
2026-04-28 19:06:17 | INFO | tara_parser | Добавлена номенклатура: client_row=213 item_row=215 item=Бочка 50л S RU total=5
2026-04-28 19:06:17 | INFO | tara_parser | Добавлена номенклатура: client_row=213 item_row=216 item=Бочка 50л тип S total=-3
2026-04-28 19:06:17 | INFO | tara_parser | Добавлена номенклатура: client_row=213 item_row=217 item=Бочка 50л тип А total=2
2026-04-28 19:06:17 | INFO | tara_parser | Добавлена номенклатура: client_row=213 item_row=218 item=Замок тип S total=2
2026-04-28 19:06:17 | INFO | tara_parser | Добавлена номенклатура: client_row=213 item_row=219 item=Замок тип А total=2
2026-04-28 19:06:17 | INFO | tara_parser | Добавлена номенклатура: client_row=213 item_row=220 item=Пеногаситель Пегас Drive total=4
2026-04-28 19:06:17 | INFO | tara_parser | Добавлена номенклатура: client_row=213 item_row=221 item=Редуктор на 1 выход total=1
2026-04-28 19:06:17 | INFO | tara_parser | Найден клиент: row=222 client=Бедарева Елизавета Евгеньевна ИП - Колягин total=5
2026-04-28 19:06:17 | INFO | tara_parser | Добавлена номенклатура: client_row=222 item_row=223 item=Бочка 30л тип А Златый Базант/Три Медведя/Остмарк total=2
2026-04-28 19:06:17 | INFO | tara_parser | Пропуск служебной строки: row=224 text=Реализация товаров и услуг Бе00-017614 от 28.04.2026 0:00:00
2026-04-28 19:06:17 | INFO | tara_parser | Добавлена номенклатура: client_row=222 item_row=225 item=Бочка 50л тип S total=3
2026-04-28 19:06:17 | INFO | tara_parser | Пропуск служебной строки: row=226 text=Реализация товаров и услуг Бе00-017614 от 28.04.2026 0:00:00
2026-04-28 19:06:17 | INFO | tara_parser | Найден клиент: row=227 client=Беккер Н. М. ИП - Токарев (Петухова ул, дом № 91) total=1
2026-04-28 19:06:17 | INFO | tara_parser | Добавлена номенклатура: client_row=227 item_row=228 item=Замок тип А total=1
2026-04-28 19:06:17 | INFO | tara_parser | Найден клиент: row=229 client=Белова Юлия Юрьевна ИП - Колягин (У) (Кубовинский с/с, Звёздное тер СНТ ул Широкая, дом № 45) total=10
2026-04-28 19:06:17 | INFO | tara_parser | Добавлена номенклатура: client_row=229 item_row=230 item=Замок тип S total=1
2026-04-28 19:06:17 | INFO | tara_parser | Добавлена номенклатура: client_row=229 item_row=231 item=Замок тип А total=4
2026-04-28 19:06:17 | INFO | tara_parser | Добавлена номенклатура: client_row=229 item_row=232 item=Охладитель Тайфун 90 на 2 пр. №42291 total=1
2026-04-28 19:06:17 | INFO | tara_parser | Добавлена номенклатура: client_row=229 item_row=233 item=Пеногаситель WINTAP на 2 потока total=1
2026-04-28 19:06:17 | INFO | tara_parser | Добавлена номенклатура: client_row=229 item_row=234 item=Пеногаситель Пегас Evolution total=2
2026-04-28 19:06:17 | INFO | tara_parser | Добавлена номенклатура: client_row=229 item_row=235 item=Редуктор на 1 выход total=1
2026-04-28 19:06:17 | INFO | tara_parser | Найден клиент: row=236 client=Белошейкина Наталья Валерьевна ИП - Колягин (Большевистская ул, дом № 48) total=7
2026-04-28 19:06:17 | INFO | tara_parser | Добавлена номенклатура: client_row=236 item_row=237 item=Бочка 30л BLK total=-2
2026-04-28 19:06:17 | INFO | tara_parser | Добавлена номенклатура: client_row=236 item_row=238 item=Бочка 30л ПМ Эфес (DRAFT НЕРЖ RU) total=-1
2026-04-28 19:06:17 | INFO | tara_parser | Добавлена номенклатура: client_row=236 item_row=239 item=Бочка 30л тип А Златый Базант/Три Медведя/Остмарк total=1
2026-04-28 19:06:17 | INFO | tara_parser | Добавлена номенклатура: client_row=236 item_row=240 item=Замок тип G total=4
2026-04-28 19:06:17 | INFO | tara_parser | Добавлена номенклатура: client_row=236 item_row=241 item=Замок тип S total=1
2026-04-28 19:06:17 | INFO | tara_parser | Добавлена номенклатура: client_row=236 item_row=242 item=Пеногаситель Пегас Drive total=4
2026-04-28 19:06:17 | INFO | tara_parser | Найден клиент: row=243 client=Белошейкина Наталья Валерьевна ИП - Колягин (Владимировская ул, дом № 3) total=8
2026-04-28 19:06:17 | INFO | tara_parser | Добавлена номенклатура: client_row=243 item_row=244 item=Бочка 30л BLK total=2
2026-04-28 19:06:17 | INFO | tara_parser | Добавлена номенклатура: client_row=243 item_row=245 item=Бочка 30л ПМ Эфес (DRAFT НЕРЖ RU) total=1
2026-04-28 19:06:17 | INFO | tara_parser | Добавлена номенклатура: client_row=243 item_row=246 item=Бочка 30л тип А Златый Базант/Три Медведя/Остмарк total=2
2026-04-28 19:06:17 | INFO | tara_parser | Добавлена номенклатура: client_row=243 item_row=247 item=Замок тип D total=1
2026-04-28 19:06:17 | INFO | tara_parser | Добавлена номенклатура: client_row=243 item_row=248 item=Замок тип G total=2
2026-04-28 19:06:17 | INFO | tara_parser | Найден клиент: row=249 client=Белошейкина Наталья Валерьевна ИП - Колягин (Народная ул, дом № 1) total=10
2026-04-28 19:06:17 | INFO | tara_parser | Добавлена номенклатура: client_row=249 item_row=250 item=Бочка 30л BLK total=2
2026-04-28 19:06:17 | INFO | tara_parser | Добавлена номенклатура: client_row=249 item_row=251 item=Бочка 30л тип А Златый Базант/Три Медведя/Остмарк total=2
2026-04-28 19:06:17 | INFO | tara_parser | Добавлена номенклатура: client_row=249 item_row=252 item=Бочка 50л тип А Высокая total=1
2026-04-28 19:06:17 | INFO | tara_parser | Добавлена номенклатура: client_row=249 item_row=253 item=Замок тип D total=1
2026-04-28 19:06:17 | INFO | tara_parser | Добавлена номенклатура: client_row=249 item_row=254 item=Замок тип G total=3
2026-04-28 19:06:17 | INFO | tara_parser | Добавлена номенклатура: client_row=249 item_row=255 item=Замок тип S total=1
2026-04-28 19:06:17 | INFO | tara_parser | Найден клиент: row=256 client=Бенимецкая М.В. ИП - Волчок (Бердск г, Первомайская ул, дом № 121) total=15
2026-04-28 19:06:17 | INFO | tara_parser | Добавлена номенклатура: client_row=256 item_row=257 item=Бочка 30л BLK total=1
2026-04-28 19:06:17 | INFO | tara_parser | Добавлена номенклатура: client_row=256 item_row=258 item=Бочка 50л тип S total=4
2026-04-28 19:06:17 | INFO | tara_parser | Пропуск служебной строки: row=259 text=Реализация товаров и услуг Бе00-017558 от 28.04.2026 0:00:00
2026-04-28 19:06:17 | INFO | tara_parser | Добавлена номенклатура: client_row=256 item_row=260 item=Замок тип G total=3
2026-04-28 19:06:17 | INFO | tara_parser | Добавлена номенклатура: client_row=256 item_row=261 item=Замок тип S total=2
2026-04-28 19:06:17 | INFO | tara_parser | Добавлена номенклатура: client_row=256 item_row=262 item=Замок тип А total=1
2026-04-28 19:06:17 | INFO | tara_parser | Добавлена номенклатура: client_row=256 item_row=263 item=Пеногаситель Пегас Drive DUO total=4
2026-04-28 19:06:17 | INFO | tara_parser | Найден клиент: row=264 client=Бенимецкая М.В. ИП - Волчок (Новолуговое с, Шоссейная ул, дом № 50) total=26
2026-04-28 19:06:17 | INFO | tara_parser | Добавлена номенклатура: client_row=264 item_row=265 item=Бочка 30л BLK total=1
2026-04-28 19:06:17 | INFO | tara_parser | Пропуск служебной строки: row=266 text=Реализация товаров и услуг Бе00-017618 от 28.04.2026 0:00:00
2026-04-28 19:06:17 | INFO | tara_parser | Добавлена номенклатура: client_row=264 item_row=267 item=Бочка 30л Хейнекен (Златый Базант тип S) total=4
2026-04-28 19:06:17 | INFO | tara_parser | Пропуск служебной строки: row=268 text=Реализация товаров и услуг Бе00-017618 от 28.04.2026 0:00:00
2026-04-28 19:06:17 | INFO | tara_parser | Добавлена номенклатура: client_row=264 item_row=269 item=Бочка 50л тип S total=12
2026-04-28 19:06:17 | INFO | tara_parser | Пропуск служебной строки: row=270 text=Реализация товаров и услуг Бе00-017618 от 28.04.2026 0:00:00
2026-04-28 19:06:17 | INFO | tara_parser | Добавлена номенклатура: client_row=264 item_row=271 item=Замок тип G total=2
2026-04-28 19:06:17 | INFO | tara_parser | Добавлена номенклатура: client_row=264 item_row=272 item=Замок тип S total=3
2026-04-28 19:06:17 | INFO | tara_parser | Добавлена номенклатура: client_row=264 item_row=273 item=Замок тип А total=1
2026-04-28 19:06:17 | INFO | tara_parser | Добавлена номенклатура: client_row=264 item_row=274 item=Пеногаситель Пегас Drive DUO total=3
2026-04-28 19:06:17 | INFO | tara_parser | Найден клиент: row=275 client=Бенимецкая М.В. ИП - Воротников (Экваторная ул, дом № 2б) total=-1
2026-04-28 19:06:17 | INFO | tara_parser | Добавлена номенклатура: client_row=275 item_row=276 item=Бочка 30л BLK total=1
2026-04-28 19:06:17 | INFO | tara_parser | Добавлена номенклатура: client_row=275 item_row=277 item=Бочка 30л САБ Миллер (SANKEY НЕРЖ RU) total=-1
2026-04-28 19:06:17 | INFO | tara_parser | Добавлена номенклатура: client_row=275 item_row=278 item=Бочка 30л тип А Златый Базант/Три Медведя/Остмарк total=-1
2026-04-28 19:06:17 | INFO | tara_parser | Найден клиент: row=279 client=Бервинов П. А. ИП - Щербатов (Обь г, О.Кошевого ул, дом № 118) total=1
2026-04-28 19:06:17 | INFO | tara_parser | Добавлена номенклатура: client_row=279 item_row=280 item=Шкаф холодильный Балтика 0701994092-6473 total=1
2026-04-28 19:06:17 | INFO | tara_parser | Найден клиент: row=281 client=БЕРДСК СИТИ ООО - Волчок (Бердск г, Островского ул, дом № 114, корпус 1) total=1
2026-04-28 19:06:17 | INFO | tara_parser | Добавлена номенклатура: client_row=281 item_row=282 item=Замок тип S total=1
2026-04-28 19:06:17 | INFO | tara_parser | Найден клиент: row=283 client=Бережнова Ольга Андреевна ИП - Щербатов (Объединения ул, дом № 15, корпус 1) total=2
2026-04-28 19:06:17 | INFO | tara_parser | Добавлена номенклатура: client_row=283 item_row=284 item=Замок тип S total=1
2026-04-28 19:06:17 | INFO | tara_parser | Добавлена номенклатура: client_row=283 item_row=285 item=Пеногаситель WINTAP на 2 потока total=1
2026-04-28 19:06:17 | INFO | tara_parser | Найден клиент: row=286 client=БИВЕРИ ООО - Воротников (Тюленина ул, дом № 22, офис 9) total=4
2026-04-28 19:06:17 | INFO | tara_parser | Добавлена номенклатура: client_row=286 item_row=287 item=Замок тип А total=4
2026-04-28 19:06:17 | INFO | tara_parser | Найден клиент: row=288 client=Билон-Сервис ООО - Щербатов (Зорге ул, дом № 10) total=5
2026-04-28 19:06:17 | INFO | tara_parser | Добавлена номенклатура: client_row=288 item_row=289 item=Бочка 30л тип А Златый Базант/Три Медведя/Остмарк total=1
2026-04-28 19:06:17 | INFO | tara_parser | Добавлена номенклатура: client_row=288 item_row=290 item=Бочка 50л тип S total=1
2026-04-28 19:06:17 | INFO | tara_parser | Добавлена номенклатура: client_row=288 item_row=291 item=Замок тип S total=1
2026-04-28 19:06:17 | INFO | tara_parser | Добавлена номенклатура: client_row=288 item_row=292 item=Замок тип А total=1
2026-04-28 19:06:17 | INFO | tara_parser | Добавлена номенклатура: client_row=288 item_row=293 item=Пеногаситель Пегас Drive DUO total=1
2026-04-28 19:06:17 | INFO | tara_parser | Найден клиент: row=294 client=БИРЁЗА ООО - Волчок (Искитим г, Советская ул, дом № 239) total=3
2026-04-28 19:06:17 | INFO | tara_parser | Добавлена номенклатура: client_row=294 item_row=295 item=Бочка 50л тип S total=3
2026-04-28 19:06:17 | INFO | tara_parser | Найден клиент: row=296 client=БИРШОП ООО - Волчок (Одоевского ул, дом № 1/10) total=9
2026-04-28 19:06:17 | INFO | tara_parser | Добавлена номенклатура: client_row=296 item_row=297 item=Бочка 30л ПМ Эфес (DRAFT НЕРЖ RU) total=2
2026-04-28 19:06:17 | INFO | tara_parser | Добавлена номенклатура: client_row=296 item_row=298 item=Бочка 50л S RU total=10
2026-04-28 19:06:17 | INFO | tara_parser | Пропуск служебной строки: row=299 text=Реализация товаров и услуг Бе00-017473 от 28.04.2026 0:00:00
2026-04-28 19:06:17 | INFO | tara_parser | Добавлена номенклатура: client_row=296 item_row=300 item=Бочка 50л тип S total=-3
2026-04-28 19:06:17 | INFO | tara_parser | Пропуск служебной строки: row=301 text=Реализация товаров и услуг Бе00-017473 от 28.04.2026 0:00:00
2026-04-28 19:06:17 | INFO | tara_parser | Найден клиент: row=302 client=БИТРЕЙД ООО - Воротников(10-й Порт-Артурский пер, дом № 75) total=13
2026-04-28 19:06:17 | INFO | tara_parser | Добавлена номенклатура: client_row=302 item_row=303 item=Замок тип G total=2
2026-04-28 19:06:17 | INFO | tara_parser | Добавлена номенклатура: client_row=302 item_row=304 item=Замок тип S total=1
2026-04-28 19:06:17 | INFO | tara_parser | Добавлена номенклатура: client_row=302 item_row=305 item=Замок тип А total=5
2026-04-28 19:06:17 | INFO | tara_parser | Добавлена номенклатура: client_row=302 item_row=306 item=Пеногаситель Пегас Drive DUO total=3
2026-04-28 19:06:17 | INFO | tara_parser | Добавлена номенклатура: client_row=302 item_row=307 item=Редуктор на 1 выход total=2
2026-04-28 19:06:17 | INFO | tara_parser | Найден клиент: row=308 client=Блинкова Анна Павловна ИП - Воротников (Владимировская ул, дом № 22а) total=-27
2026-04-28 19:06:17 | INFO | tara_parser | Добавлена номенклатура: client_row=308 item_row=309 item=Бочка 50л тип А Высокая total=-27
2026-04-28 19:06:17 | INFO | tara_parser | Найден клиент без явного итога: row=310 client=Блинкова Анна Павловна ИП - Воротников (Костычева ул, дом № 74/1 блок 4, помещение 17)
2026-04-28 19:06:17 | INFO | tara_parser | Добавлена номенклатура: client_row=310 item_row=311 item=Бочка 30л тип А Златый Базант/Три Медведя/Остмарк total=-1
2026-04-28 19:06:17 | INFO | tara_parser | Добавлена номенклатура: client_row=310 item_row=312 item=Замок тип S total=1
2026-04-28 19:06:17 | INFO | tara_parser | Найден клиент: row=313 client=Блинкова Анна Павловна ИП - Воротников (Широкая ул, дом № 26) total=25
2026-04-28 19:06:17 | INFO | tara_parser | Добавлена номенклатура: client_row=313 item_row=314 item=Бочка 50л тип А Высокая total=25
2026-04-28 19:06:17 | INFO | tara_parser | Найден клиент: row=315 client=Блум ООО - Воротников (Кропоткина ул, дом № 288) (бывшая Ёмкость ООО) total=20
2026-04-28 19:06:17 | INFO | tara_parser | Добавлена номенклатура: client_row=315 item_row=316 item=Бочка 50л тип S total=2
2026-04-28 19:06:17 | INFO | tara_parser | Добавлена номенклатура: client_row=315 item_row=317 item=Замок тип G total=4
2026-04-28 19:06:17 | INFO | tara_parser | Добавлена номенклатура: client_row=315 item_row=318 item=Замок тип S total=1
2026-04-28 19:06:17 | INFO | tara_parser | Добавлена номенклатура: client_row=315 item_row=319 item=Замок тип А total=6
2026-04-28 19:06:17 | INFO | tara_parser | Добавлена номенклатура: client_row=315 item_row=320 item=Кран Гиннесс total=1
2026-04-28 19:06:17 | INFO | tara_parser | Добавлена номенклатура: client_row=315 item_row=321 item=Пеногаситель Пегас Drive DUO total=5
2026-04-28 19:06:17 | INFO | tara_parser | Добавлена номенклатура: client_row=315 item_row=322 item=Редуктор на 1 выход total=1
2026-04-28 19:06:17 | INFO | tara_parser | Найден клиент: row=323 client=Бобков Максим Сергеевич ИП - Щербатов total=2
2026-04-28 19:06:17 | INFO | tara_parser | Добавлена номенклатура: client_row=323 item_row=324 item=Бочка 50л тип S total=1
2026-04-28 19:06:17 | INFO | tara_parser | Добавлена номенклатура: client_row=323 item_row=325 item=Замок тип S total=1
2026-04-28 19:06:17 | INFO | tara_parser | Найден клиент: row=326 client=Боровское сельское потребительское общество- (Береговое с, Светлый пер, дом № 8) КПП 543332003 total=13
2026-04-28 19:06:17 | INFO | tara_parser | Добавлена номенклатура: client_row=326 item_row=327 item=Баллон 25 кг. (Углекислота) total=-1
2026-04-28 19:06:17 | INFO | tara_parser | Добавлена номенклатура: client_row=326 item_row=328 item=Бочка 30л тип А Златый Базант/Три Медведя/Остмарк total=1
2026-04-28 19:06:17 | INFO | tara_parser | Добавлена номенклатура: client_row=326 item_row=329 item=Бочка 50л S RU total=14
2026-04-28 19:06:17 | INFO | tara_parser | Добавлена номенклатура: client_row=326 item_row=330 item=Бочка 50л тип S total=-9
2026-04-28 19:06:17 | INFO | tara_parser | Добавлена номенклатура: client_row=326 item_row=331 item=Замок тип S total=1
2026-04-28 19:06:17 | INFO | tara_parser | Добавлена номенклатура: client_row=326 item_row=332 item=Замок тип А total=4
2026-04-28 19:06:17 | INFO | tara_parser | Добавлена номенклатура: client_row=326 item_row=333 item=Пеногаситель WINTAP на 2 потока total=2
2026-04-28 19:06:17 | INFO | tara_parser | Добавлена номенклатура: client_row=326 item_row=334 item=Пеногаситель Пегас total=1
2026-04-28 19:06:17 | INFO | tara_parser | Найден клиент без явного итога: row=335 client=Боровское сельское потребительское общество-Ганиев (Ленина ул, дом № 31) КПП 543332001
2026-04-28 19:06:17 | INFO | tara_parser | Добавлена номенклатура: client_row=335 item_row=336 item=Пеногаситель Пегас total=-1
2026-04-28 19:06:17 | INFO | tara_parser | Добавлена номенклатура: client_row=335 item_row=337 item=Пеногаситель Пегас Ecotap total=1
2026-04-28 19:06:17 | INFO | tara_parser | Найден клиент: row=338 client=Ботте Д.Л. ИП - Волчок (Бердск г, Вокзальная ул, дом № 52) total=-2
2026-04-28 19:06:17 | INFO | tara_parser | Добавлена номенклатура: client_row=338 item_row=339 item=Бочка 50л тип S total=-3
2026-04-28 19:06:17 | INFO | tara_parser | Добавлена номенклатура: client_row=338 item_row=340 item=Замок тип S total=1
2026-04-28 19:06:17 | INFO | tara_parser | Найден клиент: row=341 client=Ботте Д.Л. ИП - Волчок (Бердск г, Рогачева ул, дом № 4а) total=3
2026-04-28 19:06:17 | INFO | tara_parser | Добавлена номенклатура: client_row=341 item_row=342 item=Бочка 50л тип S total=2
2026-04-28 19:06:17 | INFO | tara_parser | Добавлена номенклатура: client_row=341 item_row=343 item=Замок тип S total=1
2026-04-28 19:06:17 | INFO | tara_parser | Найден клиент: row=344 client=Ботте Л.В. ИП - Волчок (Бердск г, Вокзальная ул, дом № 52) total=2
2026-04-28 19:06:17 | INFO | tara_parser | Добавлена номенклатура: client_row=344 item_row=345 item=Бочка 50л тип S total=2
2026-04-28 19:06:17 | INFO | tara_parser | Найден клиент: row=346 client=Ботте Л.В. ИП - Волчок (Бердск г, Морская ул, дом № 18/2) total=2
2026-04-28 19:06:17 | INFO | tara_parser | Добавлена номенклатура: client_row=346 item_row=347 item=Бочка 50л тип S total=1
2026-04-28 19:06:17 | INFO | tara_parser | Добавлена номенклатура: client_row=346 item_row=348 item=Замок тип S total=1
2026-04-28 19:06:17 | INFO | tara_parser | Найден клиент: row=349 client=Бочарова И. В. ИП ( СНТ Мелиоратор тер, дом № 7) total=10
2026-04-28 19:06:17 | INFO | tara_parser | Добавлена номенклатура: client_row=349 item_row=350 item=Замок тип S total=-1
2026-04-28 19:06:17 | INFO | tara_parser | Добавлена номенклатура: client_row=349 item_row=351 item=Замок тип А total=5
2026-04-28 19:06:17 | INFO | tara_parser | Добавлена номенклатура: client_row=349 item_row=352 item=Охладитель Тайфун 90 на 4 пр. №87576 total=1
2026-04-28 19:06:17 | INFO | tara_parser | Добавлена номенклатура: client_row=349 item_row=353 item=Пеногаситель Пегас Drive total=4
2026-04-28 19:06:17 | INFO | tara_parser | Добавлена номенклатура: client_row=349 item_row=354 item=Редуктор на 1 выход total=1
2026-04-28 19:06:17 | INFO | tara_parser | Найден клиент без явного итога: row=355 client=Бочарова И. В. ИП (ст.Геодезическая) Воротников
2026-04-28 19:06:17 | INFO | tara_parser | Добавлена номенклатура: client_row=355 item_row=356 item=Замок тип S total=-1
2026-04-28 19:06:17 | INFO | tara_parser | Добавлена номенклатура: client_row=355 item_row=357 item=Замок тип А total=1
2026-04-28 19:06:17 | INFO | tara_parser | Найден клиент: row=358 client=Брыкова Ольга Викторовна ИП-Колягин (Толмачёво,Новая,74) total=6
2026-04-28 19:06:17 | INFO | tara_parser | Добавлена номенклатура: client_row=358 item_row=359 item=Замок тип S total=1
2026-04-28 19:06:17 | INFO | tara_parser | Добавлена номенклатура: client_row=358 item_row=360 item=Замок тип А total=1
2026-04-28 19:06:17 | INFO | tara_parser | Добавлена номенклатура: client_row=358 item_row=361 item=Охладитель "Тайфун 75" №215177 Эдем total=1
2026-04-28 19:06:17 | INFO | tara_parser | Добавлена номенклатура: client_row=358 item_row=362 item=Пеногаситель Пегас (Эдем) total=2
2026-04-28 19:06:17 | INFO | tara_parser | Добавлена номенклатура: client_row=358 item_row=363 item=Переключатель потоков(Эдем) total=1
2026-04-28 19:06:17 | INFO | tara_parser | Найден клиент: row=364 client=Буньков Александр Владимирович ИП - Щербатов (25 лет Октября ул, дом № 9) total=2
2026-04-28 19:06:17 | INFO | tara_parser | Добавлена номенклатура: client_row=364 item_row=365 item=Бочка 50л тип А total=1
2026-04-28 19:06:17 | INFO | tara_parser | Добавлена номенклатура: client_row=364 item_row=366 item=Замок тип S total=1
2026-04-28 19:06:17 | INFO | tara_parser | Найден клиент: row=367 client=Буньков Александр Владимирович ИП - Щербатов (Советская ул, дом № 58) total=3
2026-04-28 19:06:17 | INFO | tara_parser | Добавлена номенклатура: client_row=367 item_row=368 item=Бочка 50л тип S total=3
2026-04-28 19:06:17 | INFO | tara_parser | Найден клиент: row=369 client=Бунькова И. А. ИП - Воротников (Кедр снт Малиновая ул, дом № 1) (У) total=1
2026-04-28 19:06:17 | INFO | tara_parser | Добавлена номенклатура: client_row=369 item_row=370 item=Витрина холодильная "Амстел" RU № 14027704609 total=1
2026-04-28 19:06:17 | INFO | tara_parser | Найден клиент: row=371 client=БУРГЕР РУС ООО - Колягин (Александра Чистякова ул, дом № 12) total=14
2026-04-28 19:06:17 | INFO | tara_parser | Добавлена номенклатура: client_row=371 item_row=372 item=Баллон 25 кг. (Углекислота) total=1
2026-04-28 19:06:17 | INFO | tara_parser | Добавлена номенклатура: client_row=371 item_row=373 item=Башня 1 кр. (золото) total=1
2026-04-28 19:06:17 | INFO | tara_parser | Добавлена номенклатура: client_row=371 item_row=374 item=Бочка 30л BLK total=6
2026-04-28 19:06:17 | INFO | tara_parser | Пропуск служебной строки: row=375 text=Реализация товаров и услуг Бе00-017706 от 28.04.2026 0:00:00
2026-04-28 19:06:17 | INFO | tara_parser | Добавлена номенклатура: client_row=371 item_row=376 item=Замок тип G total=1
2026-04-28 19:06:17 | INFO | tara_parser | Добавлена номенклатура: client_row=371 item_row=377 item=Каплесборник total=1
2026-04-28 19:06:17 | INFO | tara_parser | Добавлена номенклатура: client_row=371 item_row=378 item=Кран с компенсатором (золото) total=1
2026-04-28 19:06:17 | INFO | tara_parser | Добавлена номенклатура: client_row=371 item_row=379 item=Медальон (золото) total=1
2026-04-28 19:06:17 | INFO | tara_parser | Добавлена номенклатура: client_row=371 item_row=380 item=Охладитель №070400419-4309 total=1
2026-04-28 19:06:17 | INFO | tara_parser | Добавлена номенклатура: client_row=371 item_row=381 item=Редуктор на 1 выход total=1
2026-04-28 19:06:17 | INFO | tara_parser | Найден клиент: row=382 client=БУРГЕР РУС ООО - Колягин (Большевистская ул, дом № 137) total=11
2026-04-28 19:06:17 | INFO | tara_parser | Добавлена номенклатура: client_row=382 item_row=383 item=Башня металлическая Кобра 2 кр total=1
2026-04-28 19:06:17 | INFO | tara_parser | Добавлена номенклатура: client_row=382 item_row=384 item=Бочка 30л BLK total=5
2026-04-28 19:06:17 | INFO | tara_parser | Добавлена номенклатура: client_row=382 item_row=385 item=Замок тип G total=2
2026-04-28 19:06:17 | INFO | tara_parser | Добавлена номенклатура: client_row=382 item_row=386 item=Каплесборник total=1
2026-04-28 19:06:17 | INFO | tara_parser | Добавлена номенклатура: client_row=382 item_row=387 item=Охладитель №070400419-3324 total=1
2026-04-28 19:06:17 | INFO | tara_parser | Добавлена номенклатура: client_row=382 item_row=388 item=Редуктор на 1 выход total=1
2026-04-28 19:06:17 | INFO | tara_parser | Найден клиент: row=389 client=БУРГЕР РУС ООО - Колягин (Ватутина ул, дом № 107) total=12
2026-04-28 19:06:17 | INFO | tara_parser | Добавлена номенклатура: client_row=389 item_row=390 item=Баллон 25 кг. (Углекислота) total=1
2026-04-28 19:06:17 | INFO | tara_parser | Добавлена номенклатура: client_row=389 item_row=391 item=Башня металлическая Кобра 2 кр total=1
2026-04-28 19:06:17 | INFO | tara_parser | Добавлена номенклатура: client_row=389 item_row=392 item=Бочка 30л BLK total=5
2026-04-28 19:06:17 | INFO | tara_parser | Добавлена номенклатура: client_row=389 item_row=393 item=Замок тип G total=2
2026-04-28 19:06:17 | INFO | tara_parser | Добавлена номенклатура: client_row=389 item_row=394 item=Каплесборник total=1
2026-04-28 19:06:17 | INFO | tara_parser | Добавлена номенклатура: client_row=389 item_row=395 item=Охладитель №070400423-398 total=1
2026-04-28 19:06:17 | INFO | tara_parser | Добавлена номенклатура: client_row=389 item_row=396 item=Редуктор на 1 выход total=1
2026-04-28 19:06:17 | INFO | tara_parser | Найден клиент: row=397 client=БУРГЕР РУС ООО - Колягин (Военная ул, дом № 5) total=12
2026-04-28 19:06:17 | INFO | tara_parser | Добавлена номенклатура: client_row=397 item_row=398 item=Башня Балтика-7 2кр №0701994078-196 total=1
2026-04-28 19:06:17 | INFO | tara_parser | Добавлена номенклатура: client_row=397 item_row=399 item=Бочка 30л BLK total=6
2026-04-28 19:06:17 | INFO | tara_parser | Добавлена номенклатура: client_row=397 item_row=400 item=Замок тип G total=2
2026-04-28 19:06:17 | INFO | tara_parser | Добавлена номенклатура: client_row=397 item_row=401 item=Каплесборник total=1
2026-04-28 19:06:17 | INFO | tara_parser | Добавлена номенклатура: client_row=397 item_row=402 item=Охладитель №070400424-796 total=1
2026-04-28 19:06:17 | INFO | tara_parser | Добавлена номенклатура: client_row=397 item_row=403 item=Редуктор на 1 выход total=1
2026-04-28 19:06:17 | INFO | tara_parser | Найден клиент: row=404 client=БУРГЕР РУС ООО - Колягин (Геодезическая ул, дом № 13) total=12
2026-04-28 19:06:17 | INFO | tara_parser | Добавлена номенклатура: client_row=404 item_row=405 item=Баллон 25 кг. (Углекислота) total=2
2026-04-28 19:06:17 | INFO | tara_parser | Добавлена номенклатура: client_row=404 item_row=406 item=Башня Балтика-7 2кр №0701994078-196 total=1
2026-04-28 19:06:17 | INFO | tara_parser | Добавлена номенклатура: client_row=404 item_row=407 item=Бочка 30л BLK total=5
2026-04-28 19:06:17 | INFO | tara_parser | Добавлена номенклатура: client_row=404 item_row=408 item=Замок тип G total=2
2026-04-28 19:06:17 | INFO | tara_parser | Добавлена номенклатура: client_row=404 item_row=409 item=Охладитель №070400365-0540 (21017) total=1
2026-04-28 19:06:17 | INFO | tara_parser | Добавлена номенклатура: client_row=404 item_row=410 item=Редуктор на 1 выход total=1
2026-04-28 19:06:17 | INFO | tara_parser | Найден клиент: row=411 client=БУРГЕР РУС ООО - Колягин (Гоголя ул, дом № 13) total=10
2026-04-28 19:06:17 | INFO | tara_parser | Добавлена номенклатура: client_row=411 item_row=412 item=Баллон 25 кг. (Углекислота) total=1
2026-04-28 19:06:17 | INFO | tara_parser | Добавлена номенклатура: client_row=411 item_row=413 item=Башня металлическая Кобра 2 кр total=1
2026-04-28 19:06:17 | INFO | tara_parser | Добавлена номенклатура: client_row=411 item_row=414 item=Бочка 30л BLK total=5
2026-04-28 19:06:17 | INFO | tara_parser | Добавлена номенклатура: client_row=411 item_row=415 item=Замок тип G total=2
2026-04-28 19:06:17 | INFO | tara_parser | Добавлена номенклатура: client_row=411 item_row=416 item=Каплесборник total=1
2026-04-28 19:06:17 | INFO | tara_parser | Найден клиент: row=417 client=БУРГЕР РУС ООО - Колягин (им. Карла Маркса пл, дом № 7) total=9
2026-04-28 19:06:17 | INFO | tara_parser | Добавлена номенклатура: client_row=417 item_row=418 item=Баллон 25 кг. (Углекислота) total=2
2026-04-28 19:06:17 | INFO | tara_parser | Добавлена номенклатура: client_row=417 item_row=419 item=Башня Балтика алюминиум total=1
2026-04-28 19:06:17 | INFO | tara_parser | Добавлена номенклатура: client_row=417 item_row=420 item=Бочка 30л BLK total=1
2026-04-28 19:06:17 | INFO | tara_parser | Добавлена номенклатура: client_row=417 item_row=421 item=Замок тип G total=2
2026-04-28 19:06:17 | INFO | tara_parser | Добавлена номенклатура: client_row=417 item_row=422 item=Каплесборник total=1
2026-04-28 19:06:17 | INFO | tara_parser | Добавлена номенклатура: client_row=417 item_row=423 item=Охладитель №070400423-644 total=1
2026-04-28 19:06:17 | INFO | tara_parser | Добавлена номенклатура: client_row=417 item_row=424 item=Редуктор на 1 выход total=1
2026-04-28 19:06:17 | INFO | tara_parser | Найден клиент: row=425 client=БУРГЕР РУС ООО - Колягин (Кемерово г, Кузнецкий пр-кт, дом № 33А) total=1
2026-04-28 19:06:17 | INFO | tara_parser | Добавлена номенклатура: client_row=425 item_row=426 item=Бочка 30л BLK total=1
2026-04-28 19:06:17 | INFO | tara_parser | Найден клиент: row=427 client=БУРГЕР РУС ООО - Колягин (Кемерово г, Октябрьский пр-кт, дом № 34) total=-3
2026-04-28 19:06:17 | INFO | tara_parser | Добавлена номенклатура: client_row=427 item_row=428 item=Бочка 30л BLK total=-3
2026-04-28 19:06:17 | INFO | tara_parser | Найден клиент: row=429 client=БУРГЕР РУС ООО - Колягин (Кемерово г, Шахтеров пр-кт, дом № 54) total=2
2026-04-28 19:06:17 | INFO | tara_parser | Добавлена номенклатура: client_row=429 item_row=430 item=Бочка 30л BLK total=2
2026-04-28 19:06:17 | INFO | tara_parser | Найден клиент: row=431 client=БУРГЕР РУС ООО - Колягин (Красный пр-кт, дом № 101) total=15
2026-04-28 19:06:17 | INFO | tara_parser | Добавлена номенклатура: client_row=431 item_row=432 item=Баллон 25 кг. (Углекислота) total=1
2026-04-28 19:06:17 | INFO | tara_parser | Добавлена номенклатура: client_row=431 item_row=433 item=Башня металлическая Кобра 2 кр total=1
2026-04-28 19:06:17 | INFO | tara_parser | Добавлена номенклатура: client_row=431 item_row=434 item=Бочка 30л BLK total=8
2026-04-28 19:06:17 | INFO | tara_parser | Добавлена номенклатура: client_row=431 item_row=435 item=Замок тип G total=2
2026-04-28 19:06:17 | INFO | tara_parser | Добавлена номенклатура: client_row=431 item_row=436 item=Каплесборник total=1
2026-04-28 19:06:17 | INFO | tara_parser | Добавлена номенклатура: client_row=431 item_row=437 item=Охладитель №070400419-3638 total=1
2026-04-28 19:06:17 | INFO | tara_parser | Добавлена номенклатура: client_row=431 item_row=438 item=Редуктор на 1 выход total=1
2026-04-28 19:06:17 | INFO | tara_parser | Найден клиент: row=439 client=БУРГЕР РУС ООО - Колягин (Красный пр-кт, дом № 17) total=20
2026-04-28 19:06:17 | INFO | tara_parser | Добавлена номенклатура: client_row=439 item_row=440 item=Баллон 25 кг. (Углекислота) total=1
2026-04-28 19:06:17 | INFO | tara_parser | Добавлена номенклатура: client_row=439 item_row=441 item=Башня металлическая Кобра 2 кр total=1
2026-04-28 19:06:17 | INFO | tara_parser | Добавлена номенклатура: client_row=439 item_row=442 item=Бочка 30л BLK total=13
2026-04-28 19:06:17 | INFO | tara_parser | Добавлена номенклатура: client_row=439 item_row=443 item=Замок тип G total=2
2026-04-28 19:06:17 | INFO | tara_parser | Добавлена номенклатура: client_row=439 item_row=444 item=Каплесборник total=1
2026-04-28 19:06:17 | INFO | tara_parser | Добавлена номенклатура: client_row=439 item_row=445 item=Охладитель №070400423-665 total=1
2026-04-28 19:06:17 | INFO | tara_parser | Добавлена номенклатура: client_row=439 item_row=446 item=Редуктор на 1 выход total=1
2026-04-28 19:06:17 | INFO | tara_parser | Найден клиент: row=447 client=БУРГЕР РУС ООО - Колягин (Красный пр-кт, дом № 186/1) total=10
2026-04-28 19:06:17 | INFO | tara_parser | Добавлена номенклатура: client_row=447 item_row=448 item=Баллон 25 кг. (Углекислота) total=1
2026-04-28 19:06:17 | INFO | tara_parser | Добавлена номенклатура: client_row=447 item_row=449 item=Башня 1 кр. (хром) total=1
2026-04-28 19:06:17 | INFO | tara_parser | Добавлена номенклатура: client_row=447 item_row=450 item=Бочка 30л BLK total=2
2026-04-28 19:06:17 | INFO | tara_parser | Пропуск служебной строки: row=451 text=Реализация товаров и услуг Бе00-017475 от 28.04.2026 0:00:00
2026-04-28 19:06:17 | INFO | tara_parser | Добавлена номенклатура: client_row=447 item_row=452 item=Замок тип G total=1
2026-04-28 19:06:17 | INFO | tara_parser | Добавлена номенклатура: client_row=447 item_row=453 item=Каплесборник total=1
2026-04-28 19:06:17 | INFO | tara_parser | Добавлена номенклатура: client_row=447 item_row=454 item=Кран с компенсатором (хром) total=1
2026-04-28 19:06:17 | INFO | tara_parser | Добавлена номенклатура: client_row=447 item_row=455 item=Медальон (хром) total=1
2026-04-28 19:06:17 | INFO | tara_parser | Добавлена номенклатура: client_row=447 item_row=456 item=Охладитель Тайфун 90 на 2 пр. №57493 total=1
2026-04-28 19:06:17 | INFO | tara_parser | Добавлена номенклатура: client_row=447 item_row=457 item=Редуктор на 1 выход total=1
2026-04-28 19:06:17 | INFO | tara_parser | Найден клиент: row=458 client=БУРГЕР РУС ООО - Колягин (Кутателадзе ул, дом № 4) total=12
2026-04-28 19:06:17 | INFO | tara_parser | Добавлена номенклатура: client_row=458 item_row=459 item=Баллон 25 кг. (Углекислота) total=1
2026-04-28 19:06:17 | INFO | tara_parser | Добавлена номенклатура: client_row=458 item_row=460 item=Башня металлическая Кобра 2 кр total=1
2026-04-28 19:06:17 | INFO | tara_parser | Добавлена номенклатура: client_row=458 item_row=461 item=Бочка 30л BLK total=5
2026-04-28 19:06:17 | INFO | tara_parser | Добавлена номенклатура: client_row=458 item_row=462 item=Замок тип G total=2
2026-04-28 19:06:17 | INFO | tara_parser | Добавлена номенклатура: client_row=458 item_row=463 item=Каплесборник total=1
2026-04-28 19:06:17 | INFO | tara_parser | Добавлена номенклатура: client_row=458 item_row=464 item=Охладитель №070400390-822 total=1
2026-04-28 19:06:17 | INFO | tara_parser | Добавлена номенклатура: client_row=458 item_row=465 item=Редуктор на 1 выход total=1
2026-04-28 19:06:17 | INFO | tara_parser | Найден клиент: row=466 client=БУРГЕР РУС ООО - Колягин (Ленина ул, дом № 84) total=12
2026-04-28 19:06:17 | INFO | tara_parser | Добавлена номенклатура: client_row=466 item_row=467 item=Баллон 25 кг. (Углекислота) total=1
2026-04-28 19:06:17 | INFO | tara_parser | Добавлена номенклатура: client_row=466 item_row=468 item=Башня Балтика-7 2кр №0701994078-196 total=1
2026-04-28 19:06:17 | INFO | tara_parser | Добавлена номенклатура: client_row=466 item_row=469 item=Бочка 30л BLK total=4
2026-04-28 19:06:17 | INFO | tara_parser | Пропуск служебной строки: row=470 text=Реализация товаров и услуг Бе00-017609 от 28.04.2026 0:00:00
2026-04-28 19:06:17 | INFO | tara_parser | Добавлена номенклатура: client_row=466 item_row=471 item=Замок тип G total=2
2026-04-28 19:06:17 | INFO | tara_parser | Добавлена номенклатура: client_row=466 item_row=472 item=Каплесборник total=2
2026-04-28 19:06:17 | INFO | tara_parser | Добавлена номенклатура: client_row=466 item_row=473 item=Охладитель №070400365-3381 total=1
2026-04-28 19:06:17 | INFO | tara_parser | Добавлена номенклатура: client_row=466 item_row=474 item=Редуктор на 1 выход total=1
2026-04-28 19:06:17 | INFO | tara_parser | Найден клиент: row=475 client=БУРГЕР РУС ООО - Колягин (Новокузнецк г, Кирова ул, дом № 55) total=10
2026-04-28 19:06:17 | INFO | tara_parser | Добавлена номенклатура: client_row=475 item_row=476 item=Бочка 30л BLK total=10
2026-04-28 19:06:17 | INFO | tara_parser | Найден клиент: row=477 client=БУРГЕР РУС ООО - Колягин (Новокузнецк г, Курако просп, дом № 47Б) total=4
2026-04-28 19:06:17 | INFO | tara_parser | Добавлена номенклатура: client_row=477 item_row=478 item=Бочка 30л BLK total=4
2026-04-28 19:06:17 | INFO | tara_parser | Найден клиент: row=479 client=БУРГЕР РУС ООО - Колягин (Новокузнецк г, ул Доз, дом № 10А) total=5
2026-04-28 19:06:17 | INFO | tara_parser | Добавлена номенклатура: client_row=479 item_row=480 item=Бочка 30л BLK total=5
2026-04-28 19:06:17 | INFO | tara_parser | Найден клиент: row=481 client=БУРГЕР РУС ООО - Колягин (Покрышкина ул, дом № 6) total=16
2026-04-28 19:06:17 | INFO | tara_parser | Добавлена номенклатура: client_row=481 item_row=482 item=Баллон 25 кг. (Углекислота) total=1
2026-04-28 19:06:17 | INFO | tara_parser | Добавлена номенклатура: client_row=481 item_row=483 item=Башня Балтика-7 2кр №0701994078-196 total=1
2026-04-28 19:06:17 | INFO | tara_parser | Добавлена номенклатура: client_row=481 item_row=484 item=Бочка 30л BLK total=9
2026-04-28 19:06:17 | INFO | tara_parser | Добавлена номенклатура: client_row=481 item_row=485 item=Замок тип G total=2
2026-04-28 19:06:17 | INFO | tara_parser | Добавлена номенклатура: client_row=481 item_row=486 item=Каплесборник total=1
2026-04-28 19:06:17 | INFO | tara_parser | Добавлена номенклатура: client_row=481 item_row=487 item=Охладитель №070400423-447 total=1
2026-04-28 19:06:17 | INFO | tara_parser | Добавлена номенклатура: client_row=481 item_row=488 item=Редуктор на 1 выход total=1
2026-04-28 19:06:17 | INFO | tara_parser | Найден клиент: row=489 client=БУРГЕР РУС ООО - Колягин (Троллейная ул, дом № 130А) total=12
2026-04-28 19:06:17 | INFO | tara_parser | Добавлена номенклатура: client_row=489 item_row=490 item=Баллон 25 кг. (Углекислота) total=1
2026-04-28 19:06:17 | INFO | tara_parser | Добавлена номенклатура: client_row=489 item_row=491 item=Башня металлическая Кобра 2 кр total=1
2026-04-28 19:06:17 | INFO | tara_parser | Добавлена номенклатура: client_row=489 item_row=492 item=Бочка 30л BLK total=5
2026-04-28 19:06:17 | INFO | tara_parser | Добавлена номенклатура: client_row=489 item_row=493 item=Замок тип G total=2
2026-04-28 19:06:17 | INFO | tara_parser | Добавлена номенклатура: client_row=489 item_row=494 item=Каплесборник total=1
2026-04-28 19:06:17 | INFO | tara_parser | Добавлена номенклатура: client_row=489 item_row=495 item=Охладитель №070400365-0098 total=1
2026-04-28 19:06:17 | INFO | tara_parser | Добавлена номенклатура: client_row=489 item_row=496 item=Редуктор на 1 выход total=1
2026-04-28 19:06:17 | INFO | tara_parser | Найден клиент: row=497 client=БУРГЕР РУС ООО - Колягин (Фрунзе ул, дом № 238) total=12
2026-04-28 19:06:17 | INFO | tara_parser | Добавлена номенклатура: client_row=497 item_row=498 item=Баллон 25 кг. (Углекислота) total=2
2026-04-28 19:06:17 | INFO | tara_parser | Добавлена номенклатура: client_row=497 item_row=499 item=Башня металлическая Кобра 2 кр total=1
2026-04-28 19:06:17 | INFO | tara_parser | Добавлена номенклатура: client_row=497 item_row=500 item=Бочка 30л BLK total=4
2026-04-28 19:06:17 | INFO | tara_parser | Добавлена номенклатура: client_row=497 item_row=501 item=Замок тип G total=2
2026-04-28 19:06:17 | INFO | tara_parser | Добавлена номенклатура: client_row=497 item_row=502 item=Каплесборник total=1
2026-04-28 19:06:17 | INFO | tara_parser | Добавлена номенклатура: client_row=497 item_row=503 item=Охладитель №070400419-4507 total=1
2026-04-28 19:06:17 | INFO | tara_parser | Добавлена номенклатура: client_row=497 item_row=504 item=Редуктор на 1 выход total=1
2026-04-28 19:06:17 | INFO | tara_parser | Найден клиент: row=505 client=Быкова Елена Александровна ИП - Вороников total=27
2026-04-28 19:06:17 | INFO | tara_parser | Добавлена номенклатура: client_row=505 item_row=506 item=Бочка 30л САБ Миллер (SANKEY НЕРЖ RU) total=2
2026-04-28 19:06:17 | INFO | tara_parser | Пропуск служебной строки: row=507 text=Реализация товаров и услуг Бе00-017720 от 28.04.2026 0:00:00
2026-04-28 19:06:17 | INFO | tara_parser | Добавлена номенклатура: client_row=505 item_row=508 item=Бочка 30л тип А Златый Базант/Три Медведя/Остмарк total=3
2026-04-28 19:06:17 | INFO | tara_parser | Пропуск служебной строки: row=509 text=Реализация товаров и услуг Бе00-017720 от 28.04.2026 0:00:00
2026-04-28 19:06:17 | INFO | tara_parser | Добавлена номенклатура: client_row=505 item_row=510 item=Бочка 50л S RU total=3
2026-04-28 19:06:17 | INFO | tara_parser | Добавлена номенклатура: client_row=505 item_row=511 item=Бочка 50л тип S total=1
2026-04-28 19:06:17 | INFO | tara_parser | Пропуск служебной строки: row=512 text=Реализация товаров и услуг Бе00-017720 от 28.04.2026 0:00:00
2026-04-28 19:06:17 | INFO | tara_parser | Добавлена номенклатура: client_row=505 item_row=513 item=Бочка 50л тип А total=1
2026-04-28 19:06:17 | INFO | tara_parser | Пропуск служебной строки: row=514 text=Реализация товаров и услуг Бе00-017720 от 28.04.2026 0:00:00
2026-04-28 19:06:17 | INFO | tara_parser | Добавлена номенклатура: client_row=505 item_row=515 item=Бочка 50л тип А Высокая total=1
2026-04-28 19:06:17 | INFO | tara_parser | Добавлена номенклатура: client_row=505 item_row=516 item=Замок тип S total=3
2026-04-28 19:06:17 | INFO | tara_parser | Добавлена номенклатура: client_row=505 item_row=517 item=Замок тип А total=6
2026-04-28 19:06:17 | INFO | tara_parser | Добавлена номенклатура: client_row=505 item_row=518 item=Пеногаситель Пегас Drive total=7
2026-04-28 19:06:17 | INFO | tara_parser | Добавлена номенклатура: client_row=505 item_row=519 item=Редуктор на 1 выход total=1
2026-04-28 19:06:17 | INFO | tara_parser | Найден клиент: row=520 client=Быховец Светлана Валерьевна ИП - Токарев (Ленинское с, Ленина ул, дом № 54) total=15
2026-04-28 19:06:17 | INFO | tara_parser | Добавлена номенклатура: client_row=520 item_row=521 item=Бочка 30л САБ Миллер (SANKEY НЕРЖ RU) total=2
2026-04-28 19:06:17 | INFO | tara_parser | Добавлена номенклатура: client_row=520 item_row=522 item=Бочка 30л тип А Златый Базант/Три Медведя/Остмарк total=3
2026-04-28 19:06:17 | INFO | tara_parser | Пропуск служебной строки: row=523 text=Реализация товаров и услуг Бе00-017691 от 28.04.2026 0:00:00
2026-04-28 19:06:17 | INFO | tara_parser | Добавлена номенклатура: client_row=520 item_row=524 item=Бочка 50л тип S total=4
2026-04-28 19:06:17 | INFO | tara_parser | Пропуск служебной строки: row=525 text=Реализация товаров и услуг Бе00-017691 от 28.04.2026 0:00:00
2026-04-28 19:06:17 | INFO | tara_parser | Добавлена номенклатура: client_row=520 item_row=526 item=Замок тип S total=1
2026-04-28 19:06:17 | INFO | tara_parser | Добавлена номенклатура: client_row=520 item_row=527 item=Замок тип А total=2
2026-04-28 19:06:17 | INFO | tara_parser | Добавлена номенклатура: client_row=520 item_row=528 item=Пеногаситель WINTAP на 2 потока total=2
2026-04-28 19:06:17 | INFO | tara_parser | Добавлена номенклатура: client_row=520 item_row=529 item=Редуктор на 1 выход total=1
2026-04-28 19:06:17 | INFO | tara_parser | Найден клиент: row=530 client=Вакунова Юлия Валерьевна ИП - Воротников (2-я Национальная ул, дом № 5) total=4
2026-04-28 19:06:17 | INFO | tara_parser | Добавлена номенклатура: client_row=530 item_row=531 item=Бочка 50л тип S total=3
2026-04-28 19:06:17 | INFO | tara_parser | Добавлена номенклатура: client_row=530 item_row=532 item=Замок тип S total=1
2026-04-28 19:06:17 | INFO | tara_parser | Найден клиент: row=533 client=Вакунова Юлия Валерьевна ИП - Воротников (Бориса Богаткова ул, дом № 171а) total=1
2026-04-28 19:06:17 | INFO | tara_parser | Добавлена номенклатура: client_row=533 item_row=534 item=Замок тип S total=1
2026-04-28 19:06:17 | INFO | tara_parser | Найден клиент: row=535 client=Вакунова Юлия Валерьевна ИП - Воротников (Петухова ул, дом № 105) total=1
2026-04-28 19:06:17 | INFO | tara_parser | Добавлена номенклатура: client_row=535 item_row=536 item=Замок тип S total=1
2026-04-28 19:06:17 | INFO | tara_parser | Найден клиент: row=537 client=Василевская Н, В. ИП - Волчок (Березовая ул, дом № 15а) total=6
2026-04-28 19:06:17 | INFO | tara_parser | Добавлена номенклатура: client_row=537 item_row=538 item=Бочка 30л BLK total=1
2026-04-28 19:06:17 | INFO | tara_parser | Добавлена номенклатура: client_row=537 item_row=539 item=Бочка 30л тип А Златый Базант/Три Медведя/Остмарк total=4
2026-04-28 19:06:17 | INFO | tara_parser | Добавлена номенклатура: client_row=537 item_row=540 item=Бочка 50л тип S total=1
2026-04-28 19:06:17 | INFO | tara_parser | Найден клиент: row=541 client=Василенко Анастасия Викторовна ИП - Волчок(Бердск г, Дзержинского ул, дом № 24) total=15
2026-04-28 19:06:17 | INFO | tara_parser | Добавлена номенклатура: client_row=541 item_row=542 item=Бочка 20л Сиб. Корона, Левенбрау, Стелла,Бад, Черниговское,Старопрамен(SANKEY НЕРЖ RU) total=2
2026-04-28 19:06:17 | INFO | tara_parser | Добавлена номенклатура: client_row=541 item_row=543 item=Бочка 30л ПМ Эфес (DRAFT НЕРЖ RU) total=1
2026-04-28 19:06:17 | INFO | tara_parser | Добавлена номенклатура: client_row=541 item_row=544 item=Бочка 30л тип А Златый Базант/Три Медведя/Остмарк total=2
2026-04-28 19:06:17 | INFO | tara_parser | Добавлена номенклатура: client_row=541 item_row=545 item=Бочка 50л S RU total=5
2026-04-28 19:06:17 | INFO | tara_parser | Пропуск служебной строки: row=546 text=Реализация товаров и услуг Бе00-017532 от 28.04.2026 0:00:00
2026-04-28 19:06:17 | INFO | tara_parser | Добавлена номенклатура: client_row=541 item_row=547 item=Бочка 50л тип S total=-1
2026-04-28 19:06:17 | INFO | tara_parser | Добавлена номенклатура: client_row=541 item_row=548 item=Бочка 50л тип А total=1
2026-04-28 19:06:17 | INFO | tara_parser | Пропуск служебной строки: row=549 text=Реализация товаров и услуг Бе00-017532 от 28.04.2026 0:00:00
2026-04-28 19:06:17 | INFO | tara_parser | Добавлена номенклатура: client_row=541 item_row=550 item=Замок тип D total=1
2026-04-28 19:06:17 | INFO | tara_parser | Добавлена номенклатура: client_row=541 item_row=551 item=Замок тип G total=1
2026-04-28 19:06:17 | INFO | tara_parser | Добавлена номенклатура: client_row=541 item_row=552 item=Замок тип S total=3
2026-04-28 19:06:17 | INFO | tara_parser | Найден клиент: row=553 client=Васильев Алексей Сергеевич ИП - Волчок (ТЛПХ Любавино тер) total=3
2026-04-28 19:06:17 | INFO | tara_parser | Добавлена номенклатура: client_row=553 item_row=554 item=Замок тип S total=1
2026-04-28 19:06:17 | INFO | tara_parser | Добавлена номенклатура: client_row=553 item_row=555 item=Замок тип А total=1
2026-04-28 19:06:17 | INFO | tara_parser | Добавлена номенклатура: client_row=553 item_row=556 item=Пеногаситель WINTAP на 2 потока total=1
2026-04-28 19:06:17 | INFO | tara_parser | Найден клиент: row=557 client=Васильев Ю. Ю. ИП - Щербатов (Плановая ул, дом № 50) total=4
2026-04-28 19:06:17 | INFO | tara_parser | Добавлена номенклатура: client_row=557 item_row=558 item=Замок тип G total=2
2026-04-28 19:06:17 | INFO | tara_parser | Добавлена номенклатура: client_row=557 item_row=559 item=Замок тип S total=1
2026-04-28 19:06:17 | INFO | tara_parser | Добавлена номенклатура: client_row=557 item_row=560 item=Пеногаситель WINTAP на 2 потока total=1
2026-04-28 19:06:17 | INFO | tara_parser | Найден клиент: row=561 client=Векшарёва Асия Мунировна ИП - Щербатов (Криводановка с, Садовая ул, дом № 15а) total=11
2026-04-28 19:06:17 | INFO | tara_parser | Добавлена номенклатура: client_row=561 item_row=562 item=Бочка 50л тип S total=4
2026-04-28 19:06:17 | INFO | tara_parser | Добавлена номенклатура: client_row=561 item_row=563 item=Замок тип S total=1
2026-04-28 19:06:17 | INFO | tara_parser | Добавлена номенклатура: client_row=561 item_row=564 item=Замок тип А total=3
2026-04-28 19:06:17 | INFO | tara_parser | Добавлена номенклатура: client_row=561 item_row=565 item=Пеногаситель пегас WinTap Twin 2 потока(металл) total=2
2026-04-28 19:06:17 | INFO | tara_parser | Добавлена номенклатура: client_row=561 item_row=566 item=Шкаф холодильный Super 8 R-290(Эдем) total=1
2026-04-28 19:06:17 | INFO | tara_parser | Найден клиент: row=567 client=ВИКТОР ООО - Щербатов (Станционная ул, дом № 59/1, корпус 2) total=15
2026-04-28 19:06:17 | INFO | tara_parser | Добавлена номенклатура: client_row=567 item_row=568 item=Башня 2 кр. (золото) total=1
2026-04-28 19:06:17 | INFO | tara_parser | Добавлена номенклатура: client_row=567 item_row=569 item=Бочка 50л S RU total=7
2026-04-28 19:06:17 | INFO | tara_parser | Пропуск служебной строки: row=570 text=Реализация товаров и услуг Бе00-017704 от 28.04.2026 0:00:00
2026-04-28 19:06:17 | INFO | tara_parser | Добавлена номенклатура: client_row=567 item_row=571 item=Бочка 50л тип S total=-3
2026-04-28 19:06:17 | INFO | tara_parser | Пропуск служебной строки: row=572 text=Реализация товаров и услуг Бе00-017704 от 28.04.2026 0:00:00
2026-04-28 19:06:17 | INFO | tara_parser | Добавлена номенклатура: client_row=567 item_row=573 item=Бочка 50л тип А total=1
2026-04-28 19:06:17 | INFO | tara_parser | Добавлена номенклатура: client_row=567 item_row=574 item=Бочка 50л тип А Высокая total=3
2026-04-28 19:06:17 | INFO | tara_parser | Добавлена номенклатура: client_row=567 item_row=575 item=Замок тип S total=2
2026-04-28 19:06:17 | INFO | tara_parser | Добавлена номенклатура: client_row=567 item_row=576 item=Замок тип А total=1
2026-04-28 19:06:17 | INFO | tara_parser | Добавлена номенклатура: client_row=567 item_row=577 item=Охладитель Тайфун 90 на 2 пр. №42307 total=1
2026-04-28 19:06:17 | INFO | tara_parser | Добавлена номенклатура: client_row=567 item_row=578 item=Пеногаситель Пегас Evolution total=2
2026-04-28 19:06:17 | INFO | tara_parser | Найден клиент: row=579 client=Винокурова А. С. ИП - Щербатов (У) (Новосибирский р-н, Катковский п, Сибирская ул, дом № 11 total=9
2026-04-28 19:06:17 | INFO | tara_parser | Добавлена номенклатура: client_row=579 item_row=580 item=Бочка 50л тип S total=2
2026-04-28 19:06:17 | INFO | tara_parser | Добавлена номенклатура: client_row=579 item_row=581 item=Замок тип А total=3
2026-04-28 19:06:17 | INFO | tara_parser | Добавлена номенклатура: client_row=579 item_row=582 item=Охладитель Тайфун 90 на 4 пр. №47218 total=1
2026-04-28 19:06:17 | INFO | tara_parser | Добавлена номенклатура: client_row=579 item_row=583 item=Пеногаситель Пегас total=3
2026-04-28 19:06:17 | INFO | tara_parser | Найден клиент: row=584 client=ВИРА ООО - Колягин total=3
2026-04-28 19:06:17 | INFO | tara_parser | Добавлена номенклатура: client_row=584 item_row=585 item=Бочка 30л тип А Златый Базант/Три Медведя/Остмарк total=1
2026-04-28 19:06:17 | INFO | tara_parser | Добавлена номенклатура: client_row=584 item_row=586 item=Бочка 50л тип S total=2
2026-04-28 19:06:17 | INFO | tara_parser | Добавлена номенклатура: client_row=584 item_row=587 item=Бочка 50л тип А total=-3
2026-04-28 19:06:17 | INFO | tara_parser | Добавлена номенклатура: client_row=584 item_row=588 item=Бочка 50л тип А Высокая total=3
2026-04-28 19:06:17 | INFO | tara_parser | Найден клиент: row=589 client=ВИСА ООО - Щербатов (Гоголя ул, дом № 15) total=3
2026-04-28 19:06:17 | INFO | tara_parser | Добавлена номенклатура: client_row=589 item_row=590 item=Шкаф холодильный Балтика 0701994104-0103 total=1
2026-04-28 19:06:17 | INFO | tara_parser | Добавлена номенклатура: client_row=589 item_row=591 item=Шкаф холодильный Балтика 0701994104-1124 total=1
2026-04-28 19:06:17 | INFO | tara_parser | Добавлена номенклатура: client_row=589 item_row=592 item=Шкаф холодильный Балтика 0701994104-1142 total=1
2026-04-28 19:06:17 | INFO | tara_parser | Найден клиент: row=593 client=ВИСА ООО - Щербатов (Красных Зорь ул, дом № 1/2) total=1
2026-04-28 19:06:17 | INFO | tara_parser | Добавлена номенклатура: client_row=593 item_row=594 item=Шкаф холодильный Балтика 0701994044716 total=1
2026-04-28 19:06:17 | INFO | tara_parser | Найден клиент: row=595 client=ВИСА ООО - Щербатов (Кропоткина ул, дом № 271) total=3
2026-04-28 19:06:17 | INFO | tara_parser | Добавлена номенклатура: client_row=595 item_row=596 item=Шкаф холодильный Балтика 0701994104-1312 total=1
2026-04-28 19:06:17 | INFO | tara_parser | Добавлена номенклатура: client_row=595 item_row=597 item=Шкаф холодильный Балтика 0701994034-137 total=1
2026-04-28 19:06:17 | INFO | tara_parser | Добавлена номенклатура: client_row=595 item_row=598 item=Шкаф холодильный Балтика 0701994044-923 total=1
2026-04-28 19:06:17 | INFO | tara_parser | Найден клиент: row=599 client=ВКУС ООО - Воротников (Карла Маркса пр-кт, дом № 5) total=11
2026-04-28 19:06:17 | INFO | tara_parser | Добавлена номенклатура: client_row=599 item_row=600 item=Бочка 50л S RU total=3
2026-04-28 19:06:17 | INFO | tara_parser | Добавлена номенклатура: client_row=599 item_row=601 item=Бочка 50л тип S total=-1
2026-04-28 19:06:17 | INFO | tara_parser | Добавлена номенклатура: client_row=599 item_row=602 item=Замок тип S total=2
2026-04-28 19:06:17 | INFO | tara_parser | Добавлена номенклатура: client_row=599 item_row=603 item=Замок тип А total=4
2026-04-28 19:06:17 | INFO | tara_parser | Добавлена номенклатура: client_row=599 item_row=604 item=Пеногаситель Пегас Drive DUO total=1
2026-04-28 19:06:17 | INFO | tara_parser | Добавлена номенклатура: client_row=599 item_row=605 item=Пеногаситель Пегас U-Classic DUO total=2
2026-04-28 19:06:17 | INFO | tara_parser | Найден клиент: row=606 client=Волков Дмитрий Петрович ИП - Ганиев (Белобородово д, Лесная ул, дом № 2а) total=2
2026-04-28 19:06:17 | INFO | tara_parser | Добавлена номенклатура: client_row=606 item_row=607 item=Витрина холодильная Бочкари №09906 (наш) total=1
2026-04-28 19:06:17 | INFO | tara_parser | Добавлена номенклатура: client_row=606 item_row=608 item=Холодильник S8 №4561707054 total=1
2026-04-28 19:06:17 | INFO | tara_parser | Найден клиент: row=609 client=Волкова Н.П. ИП - Колягин (Станиславского ул, дом № 29) total=19
2026-04-28 19:06:17 | INFO | tara_parser | Добавлена номенклатура: client_row=609 item_row=610 item=Бочка 50л тип S total=9
2026-04-28 19:06:17 | INFO | tara_parser | Добавлена номенклатура: client_row=609 item_row=611 item=Замок тип S total=1
2026-04-28 19:06:17 | INFO | tara_parser | Добавлена номенклатура: client_row=609 item_row=612 item=Замок тип А total=6
2026-04-28 19:06:17 | INFO | tara_parser | Добавлена номенклатура: client_row=609 item_row=613 item=Пеногаситель Пегас Ecotwin пластик 2потока total=3
2026-04-28 19:06:17 | INFO | tara_parser | Найден клиент: row=614 client=Воронецкий Е. Ю. ИП - Колягин (Варшавская ул, дом № 15) total=18
2026-04-28 19:06:17 | INFO | tara_parser | Добавлена номенклатура: client_row=614 item_row=615 item=Бочка 30л тип А Златый Базант/Три Медведя/Остмарк total=2
2026-04-28 19:06:17 | INFO | tara_parser | Добавлена номенклатура: client_row=614 item_row=616 item=Бочка 50л тип S total=7
2026-04-28 19:06:17 | INFO | tara_parser | Пропуск служебной строки: row=617 text=Реализация товаров и услуг Бе00-017708 от 28.04.2026 0:00:00
2026-04-28 19:06:17 | INFO | tara_parser | Добавлена номенклатура: client_row=614 item_row=618 item=Бочка 50л тип А total=1
2026-04-28 19:06:17 | INFO | tara_parser | Пропуск служебной строки: row=619 text=Реализация товаров и услуг Бе00-017708 от 28.04.2026 0:00:00
2026-04-28 19:06:17 | INFO | tara_parser | Добавлена номенклатура: client_row=614 item_row=620 item=Замок тип S total=2
2026-04-28 19:06:17 | INFO | tara_parser | Добавлена номенклатура: client_row=614 item_row=621 item=Замок тип А total=3
2026-04-28 19:06:17 | INFO | tara_parser | Добавлена номенклатура: client_row=614 item_row=622 item=Пеногаситель WINTAP на 2 потока total=2
2026-04-28 19:06:17 | INFO | tara_parser | Добавлена номенклатура: client_row=614 item_row=623 item=Пеногаситель Пегас Drive DUO total=1
2026-04-28 19:06:17 | INFO | tara_parser | Найден клиент: row=624 client=Воронецкий Е. Ю. ИП - Колягин (Степная ул, дом № 55) total=5
2026-04-28 19:06:17 | INFO | tara_parser | Добавлена номенклатура: client_row=624 item_row=625 item=Бочка 30л BLK total=2
2026-04-28 19:06:17 | INFO | tara_parser | Добавлена номенклатура: client_row=624 item_row=626 item=Бочка 30л тип А Златый Базант/Три Медведя/Остмарк total=1
2026-04-28 19:06:17 | INFO | tara_parser | Добавлена номенклатура: client_row=624 item_row=627 item=Бочка 50л тип S total=5
2026-04-28 19:06:17 | INFO | tara_parser | Добавлена номенклатура: client_row=624 item_row=628 item=Пеногаситель Пегас Evolution DUO total=-3
2026-04-28 19:06:17 | INFO | tara_parser | Найден клиент: row=629 client=Воронецкий Е. Ю. ИП - Колягин (Титова ул, дом № 232В) total=13
2026-04-28 19:06:17 | INFO | tara_parser | Добавлена номенклатура: client_row=629 item_row=630 item=Бочка 30л тип А Златый Базант/Три Медведя/Остмарк total=7
2026-04-28 19:06:17 | INFO | tara_parser | Добавлена номенклатура: client_row=629 item_row=631 item=Бочка 50л тип S total=3
2026-04-28 19:06:17 | INFO | tara_parser | Пропуск служебной строки: row=632 text=Реализация товаров и услуг Бе00-017707 от 28.04.2026 0:00:00
2026-04-28 19:06:17 | INFO | tara_parser | Добавлена номенклатура: client_row=629 item_row=633 item=Замок тип S total=1
2026-04-28 19:06:17 | INFO | tara_parser | Добавлена номенклатура: client_row=629 item_row=634 item=Замок тип А total=1
2026-04-28 19:06:17 | INFO | tara_parser | Добавлена номенклатура: client_row=629 item_row=635 item=Пеногаситель Пегас Drive DUO total=1
2026-04-28 19:06:17 | INFO | tara_parser | Найден клиент: row=636 client=Воронин Сергей Геннадьевич ИП - Волчок (ликвид) (Старое ш, дом № 74а) total=3
2026-04-28 19:06:17 | INFO | tara_parser | Добавлена номенклатура: client_row=636 item_row=637 item=Замок тип S total=2
2026-04-28 19:06:17 | INFO | tara_parser | Добавлена номенклатура: client_row=636 item_row=638 item=Пеногаситель WINTAP на 2 потока total=1
2026-04-28 19:06:17 | INFO | tara_parser | Найден клиент: row=639 client=Вотина Наталья Александровна ИП - Волчок total=1
2026-04-28 19:06:17 | INFO | tara_parser | Добавлена номенклатура: client_row=639 item_row=640 item=Замок тип S total=1
2026-04-28 19:06:17 | INFO | tara_parser | Найден клиент: row=641 client=ВТ ЛОГИСТИК ООО - Волчок total=1
2026-04-28 19:06:17 | INFO | tara_parser | Добавлена номенклатура: client_row=641 item_row=642 item=Замок тип А total=1
2026-04-28 19:06:17 | INFO | tara_parser | Найден клиент: row=643 client=Вязовецкая Елена Геннадьевна ИП - Волчок total=9
2026-04-28 19:06:17 | INFO | tara_parser | Добавлена номенклатура: client_row=643 item_row=644 item=Бочка 30л тип А Златый Базант/Три Медведя/Остмарк total=3
2026-04-28 19:06:17 | INFO | tara_parser | Добавлена номенклатура: client_row=643 item_row=645 item=Бочка 50л тип S total=3
2026-04-28 19:06:17 | INFO | tara_parser | Добавлена номенклатура: client_row=643 item_row=646 item=Замок тип S total=1
2026-04-28 19:06:17 | INFO | tara_parser | Добавлена номенклатура: client_row=643 item_row=647 item=Замок тип А total=1
2026-04-28 19:06:17 | INFO | tara_parser | Добавлена номенклатура: client_row=643 item_row=648 item=Пеногаситель WINTAP на 2 потока total=1
2026-04-28 19:06:17 | INFO | tara_parser | Найден клиент: row=649 client=Вязовецкий Сергей Николаевич ИП - Волчок (Бердск г, Центральная ул, дом № 2а) total=4
2026-04-28 19:06:17 | INFO | tara_parser | Добавлена номенклатура: client_row=649 item_row=650 item=Бочка 50л тип S total=3
2026-04-28 19:06:17 | INFO | tara_parser | Добавлена номенклатура: client_row=649 item_row=651 item=Замок тип S total=1
2026-04-28 19:06:17 | INFO | tara_parser | Найден клиент: row=652 client=Галдин Олег Александрович ИП - Волчок(Бердск г, К.Маркса ул, дом № 70) total=1
2026-04-28 19:06:17 | INFO | tara_parser | Добавлена номенклатура: client_row=652 item_row=653 item=Замок тип S total=1
2026-04-28 19:06:17 | INFO | tara_parser | Найден клиент: row=654 client=ГАЛЕРЕЯ НАПИТКОВ ООО - Воротников (Красный пр-кт, дом № 22) total=11
2026-04-28 19:06:17 | INFO | tara_parser | Добавлена номенклатура: client_row=654 item_row=655 item=Бочка 20л Сиб. Корона, Левенбрау, Стелла,Бад, Черниговское,Старопрамен(SANKEY НЕРЖ RU) total=1
2026-04-28 19:06:17 | INFO | tara_parser | Добавлена номенклатура: client_row=654 item_row=656 item=Бочка 30л BLK total=1
2026-04-28 19:06:17 | INFO | tara_parser | Добавлена номенклатура: client_row=654 item_row=657 item=Бочка 50л тип S total=1
2026-04-28 19:06:17 | INFO | tara_parser | Добавлена номенклатура: client_row=654 item_row=658 item=Замок тип G total=1
2026-04-28 19:06:17 | INFO | tara_parser | Добавлена номенклатура: client_row=654 item_row=659 item=Замок тип S total=3
2026-04-28 19:06:17 | INFO | tara_parser | Добавлена номенклатура: client_row=654 item_row=660 item=Замок тип А total=4
2026-04-28 19:06:17 | INFO | tara_parser | Найден клиент: row=661 client=ГАЛЕРЕЯ НАПИТКОВ ООО - Воротников (Красный пр-кт, дом № 44) total=38
2026-04-28 19:06:17 | INFO | tara_parser | Добавлена номенклатура: client_row=661 item_row=662 item=Бочка 20л Сиб. Корона, Левенбрау, Стелла,Бад, Черниговское,Старопрамен(SANKEY НЕРЖ RU) total=5
2026-04-28 19:06:17 | INFO | tara_parser | Добавлена номенклатура: client_row=661 item_row=663 item=Бочка 30л BLK total=2
2026-04-28 19:06:17 | INFO | tara_parser | Добавлена номенклатура: client_row=661 item_row=664 item=Бочка 30л САБ Миллер (SANKEY НЕРЖ RU) total=1
2026-04-28 19:06:17 | INFO | tara_parser | Добавлена номенклатура: client_row=661 item_row=665 item=Бочка 30л тип А Златый Базант/Три Медведя/Остмарк total=10
2026-04-28 19:06:17 | INFO | tara_parser | Добавлена номенклатура: client_row=661 item_row=666 item=Бочка 50л тип S total=1
2026-04-28 19:06:17 | INFO | tara_parser | Добавлена номенклатура: client_row=661 item_row=667 item=Замок тип G total=1
2026-04-28 19:06:17 | INFO | tara_parser | Добавлена номенклатура: client_row=661 item_row=668 item=Замок тип S total=5
2026-04-28 19:06:17 | INFO | tara_parser | Добавлена номенклатура: client_row=661 item_row=669 item=Замок тип А total=6
2026-04-28 19:06:17 | INFO | tara_parser | Добавлена номенклатура: client_row=661 item_row=670 item=Пеногаситель Пегас Drive DUO total=6
2026-04-28 19:06:17 | INFO | tara_parser | Добавлена номенклатура: client_row=661 item_row=671 item=Редуктор на 1 выход total=1
2026-04-28 19:06:17 | INFO | tara_parser | Найден клиент: row=672 client=Галкина А. Н. ИП - Колягин (Гаранина ул, дом № 29) total=22
2026-04-28 19:06:17 | INFO | tara_parser | Добавлена номенклатура: client_row=672 item_row=673 item=Бочка 30л BLK total=2
2026-04-28 19:06:17 | INFO | tara_parser | Добавлена номенклатура: client_row=672 item_row=674 item=Бочка 30л тип А Златый Базант/Три Медведя/Остмарк total=9
2026-04-28 19:06:17 | INFO | tara_parser | Пропуск служебной строки: row=675 text=Реализация товаров и услуг Бе00-017689 от 28.04.2026 0:00:00
2026-04-28 19:06:17 | INFO | tara_parser | Добавлена номенклатура: client_row=672 item_row=676 item=Бочка 50л S RU total=2
2026-04-28 19:06:17 | INFO | tara_parser | Добавлена номенклатура: client_row=672 item_row=677 item=Бочка 50л тип S total=4
2026-04-28 19:06:17 | INFO | tara_parser | Пропуск служебной строки: row=678 text=Реализация товаров и услуг Бе00-017689 от 28.04.2026 0:00:00
2026-04-28 19:06:17 | INFO | tara_parser | Добавлена номенклатура: client_row=672 item_row=679 item=Замок тип G total=1
2026-04-28 19:06:17 | INFO | tara_parser | Добавлена номенклатура: client_row=672 item_row=680 item=Замок тип S total=1
2026-04-28 19:06:17 | INFO | tara_parser | Добавлена номенклатура: client_row=672 item_row=681 item=Замок тип А total=1
2026-04-28 19:06:17 | INFO | tara_parser | Добавлена номенклатура: client_row=672 item_row=682 item=Пеногаситель Пегас Drive total=1
2026-04-28 19:06:17 | INFO | tara_parser | Добавлена номенклатура: client_row=672 item_row=683 item=Пеногаситель Пегас Drive DUO total=1
2026-04-28 19:06:17 | INFO | tara_parser | Найден клиент: row=684 client=Галкина А. Н. ИП - Колягин (Красина ул, дом № 51) total=19
2026-04-28 19:06:17 | INFO | tara_parser | Добавлена номенклатура: client_row=684 item_row=685 item=Бочка 30л тип А Златый Базант/Три Медведя/Остмарк total=4
2026-04-28 19:06:17 | INFO | tara_parser | Добавлена номенклатура: client_row=684 item_row=686 item=Бочка 50л тип S total=6
2026-04-28 19:06:17 | INFO | tara_parser | Добавлена номенклатура: client_row=684 item_row=687 item=Замок тип G total=1
2026-04-28 19:06:17 | INFO | tara_parser | Добавлена номенклатура: client_row=684 item_row=688 item=Замок тип S total=1
2026-04-28 19:06:17 | INFO | tara_parser | Добавлена номенклатура: client_row=684 item_row=689 item=Замок тип А total=2
2026-04-28 19:06:17 | INFO | tara_parser | Добавлена номенклатура: client_row=684 item_row=690 item=Пеногаситель Пегас Drive total=4
2026-04-28 19:06:17 | INFO | tara_parser | Добавлена номенклатура: client_row=684 item_row=691 item=Холодильник 2020 " 5 флагов" № 1640219097 total=1
2026-04-28 19:06:17 | INFO | tara_parser | Найден клиент: row=692 client=Галкина А. Н. ИП - Колягин (Лескова ул, дом № 252/1) total=21
2026-04-28 19:06:17 | INFO | tara_parser | Добавлена номенклатура: client_row=692 item_row=693 item=Бочка 30л ПМ Эфес (DRAFT НЕРЖ RU) total=4
2026-04-28 19:06:17 | INFO | tara_parser | Пропуск служебной строки: row=694 text=Реализация товаров и услуг Бе00-017690 от 28.04.2026 0:00:00
2026-04-28 19:06:17 | INFO | tara_parser | Добавлена номенклатура: client_row=692 item_row=695 item=Бочка 30л тип А Златый Базант/Три Медведя/Остмарк total=2
2026-04-28 19:06:17 | INFO | tara_parser | Добавлена номенклатура: client_row=692 item_row=696 item=Бочка 50л S RU total=3
2026-04-28 19:06:17 | INFO | tara_parser | Пропуск служебной строки: row=697 text=Реализация товаров и услуг Бе00-017690 от 28.04.2026 0:00:00
2026-04-28 19:06:17 | INFO | tara_parser | Добавлена номенклатура: client_row=692 item_row=698 item=Бочка 50л тип S total=5
2026-04-28 19:06:17 | INFO | tara_parser | Пропуск служебной строки: row=699 text=Реализация товаров и услуг Бе00-017690 от 28.04.2026 0:00:00
2026-04-28 19:06:17 | INFO | tara_parser | Добавлена номенклатура: client_row=692 item_row=700 item=Замок тип G total=1
2026-04-28 19:06:17 | INFO | tara_parser | Добавлена номенклатура: client_row=692 item_row=701 item=Замок тип S total=2
2026-04-28 19:06:17 | INFO | tara_parser | Добавлена номенклатура: client_row=692 item_row=702 item=Замок тип А total=2
2026-04-28 19:06:17 | INFO | tara_parser | Добавлена номенклатура: client_row=692 item_row=703 item=Пеногаситель Пегас Drive total=2
2026-04-28 19:06:17 | INFO | tara_parser | Найден клиент: row=704 client=Галкина А. Н. ИП - Колягин (Рельсовая ул, дом № 29а) total=3
2026-04-28 19:06:17 | INFO | tara_parser | Добавлена номенклатура: client_row=704 item_row=705 item=Замок тип S total=1
2026-04-28 19:06:17 | INFO | tara_parser | Добавлена номенклатура: client_row=704 item_row=706 item=Замок тип А total=1
2026-04-28 19:06:17 | INFO | tara_parser | Добавлена номенклатура: client_row=704 item_row=707 item=Пеногаситель WINTAP на 2 потока total=-1
2026-04-28 19:06:17 | INFO | tara_parser | Добавлена номенклатура: client_row=704 item_row=708 item=Пеногаситель Пегас Ecotap total=2
2026-04-28 19:06:17 | INFO | tara_parser | Найден клиент: row=709 client=ГАНЗ ООО - Щербатов (Марусино с, Горького ул, дом № 38) total=4
2026-04-28 19:06:17 | INFO | tara_parser | Добавлена номенклатура: client_row=709 item_row=710 item=Бочка 30л тип А Златый Базант/Три Медведя/Остмарк total=4
2026-04-28 19:06:17 | INFO | tara_parser | Найден клиент: row=711 client=Ганн Елена Александровна ИП - Токарев total=9
2026-04-28 19:06:17 | INFO | tara_parser | Добавлена номенклатура: client_row=711 item_row=712 item=Бочка 50л тип S total=6
2026-04-28 19:06:17 | INFO | tara_parser | Добавлена номенклатура: client_row=711 item_row=713 item=Замок тип S total=1
2026-04-28 19:06:17 | INFO | tara_parser | Добавлена номенклатура: client_row=711 item_row=714 item=Замок тип А total=1
2026-04-28 19:06:17 | INFO | tara_parser | Добавлена номенклатура: client_row=711 item_row=715 item=Пеногаситель Пегас total=1
2026-04-28 19:06:17 | INFO | tara_parser | Найден клиент: row=716 client=Гаспарян Лусинэ Георгевна ИП - Ганиев (Ярково с, Советская ул, дом № 3с) total=8
2026-04-28 19:06:17 | INFO | tara_parser | Добавлена номенклатура: client_row=716 item_row=717 item=Бочка 30л тип А Златый Базант/Три Медведя/Остмарк total=4
2026-04-28 19:06:17 | INFO | tara_parser | Добавлена номенклатура: client_row=716 item_row=718 item=Бочка 50л тип S total=3
2026-04-28 19:06:17 | INFO | tara_parser | Добавлена номенклатура: client_row=716 item_row=719 item=Замок тип S total=1
2026-04-28 19:06:17 | INFO | tara_parser | Найден клиент: row=720 client=Геер Анастасия Петровна ИП - Ганиев(Боровое с, Мира ул, дом № 43а) total=12
2026-04-28 19:06:17 | INFO | tara_parser | Добавлена номенклатура: client_row=720 item_row=721 item=Баллон 25 кг. (Углекислота) total=2
2026-04-28 19:06:17 | INFO | tara_parser | Добавлена номенклатура: client_row=720 item_row=722 item=Замок тип А total=4
2026-04-28 19:06:17 | INFO | tara_parser | Добавлена номенклатура: client_row=720 item_row=723 item=Охладитель Тайфун 90М ( Эдем) №61050 total=1
2026-04-28 19:06:17 | INFO | tara_parser | Добавлена номенклатура: client_row=720 item_row=724 item=Пеногаситель Пегас 1 поток(Эдем) total=4
2026-04-28 19:06:17 | INFO | tara_parser | Добавлена номенклатура: client_row=720 item_row=725 item=Редуктор СО2 на 1 выход(Эдем) total=1
2026-04-28 19:06:17 | INFO | tara_parser | Найден клиент: row=726 client=Геливер Сергей Владимирович ИП - Ганиев total=11
2026-04-28 19:06:17 | INFO | tara_parser | Добавлена номенклатура: client_row=726 item_row=727 item=Бочка 30л тип А Златый Базант/Три Медведя/Остмарк total=2
2026-04-28 19:06:17 | INFO | tara_parser | Добавлена номенклатура: client_row=726 item_row=728 item=Бочка 50л тип S total=1
2026-04-28 19:06:17 | INFO | tara_parser | Добавлена номенклатура: client_row=726 item_row=729 item=Бочка 50л тип А Высокая total=2
2026-04-28 19:06:17 | INFO | tara_parser | Добавлена номенклатура: client_row=726 item_row=730 item=Замок тип S total=1
2026-04-28 19:06:17 | INFO | tara_parser | Добавлена номенклатура: client_row=726 item_row=731 item=Замок тип А total=3
2026-04-28 19:06:17 | INFO | tara_parser | Добавлена номенклатура: client_row=726 item_row=732 item=Пеногаситель Пегас Drive DUO total=2
2026-04-28 19:06:17 | INFO | tara_parser | Найден клиент: row=733 client=Гензе Иван Давыдович ИП - Воротников total=26
2026-04-28 19:06:17 | INFO | tara_parser | Добавлена номенклатура: client_row=733 item_row=734 item=Бочка 30л ПМ Эфес (DRAFT НЕРЖ RU) total=4
2026-04-28 19:06:17 | INFO | tara_parser | Пропуск служебной строки: row=735 text=Реализация товаров и услуг Бе00-017533 от 28.04.2026 0:00:00
2026-04-28 19:06:17 | INFO | tara_parser | Добавлена номенклатура: client_row=733 item_row=736 item=Бочка 50л тип S total=13
2026-04-28 19:06:17 | INFO | tara_parser | Пропуск служебной строки: row=737 text=Реализация товаров и услуг Бе00-017533 от 28.04.2026 0:00:00
2026-04-28 19:06:17 | INFO | tara_parser | Добавлена номенклатура: client_row=733 item_row=738 item=Замок тип D total=1
2026-04-28 19:06:17 | INFO | tara_parser | Добавлена номенклатура: client_row=733 item_row=739 item=Замок тип S total=2
2026-04-28 19:06:17 | INFO | tara_parser | Добавлена номенклатура: client_row=733 item_row=740 item=Замок тип А total=1
2026-04-28 19:06:17 | INFO | tara_parser | Добавлена номенклатура: client_row=733 item_row=741 item=Пеногаситель Пегас Drive total=4
2026-04-28 19:06:17 | INFO | tara_parser | Добавлена номенклатура: client_row=733 item_row=742 item=Редуктор на 1 выход total=1
2026-04-28 19:06:17 | INFO | tara_parser | Найден клиент: row=743 client=Герасименко А. А. ИП - Токарев (Петухова ул, дом № 91) total=1
2026-04-28 19:06:17 | INFO | tara_parser | Добавлена номенклатура: client_row=743 item_row=744 item=Замок тип G total=1
2026-04-28 19:06:17 | INFO | tara_parser | Найден клиент: row=745 client=Гончаров Е. В. ИП - Щербатов (Обь г, Октябрьская ул, дом № 8) total=6
2026-04-28 19:06:17 | INFO | tara_parser | Добавлена номенклатура: client_row=745 item_row=746 item=Бочка 50л тип А Высокая total=1
2026-04-28 19:06:17 | INFO | tara_parser | Добавлена номенклатура: client_row=745 item_row=747 item=Замок тип S total=1
2026-04-28 19:06:17 | INFO | tara_parser | Добавлена номенклатура: client_row=745 item_row=748 item=Замок тип А total=3
2026-04-28 19:06:17 | INFO | tara_parser | Добавлена номенклатура: client_row=745 item_row=749 item=Шкаф холодильный Балтика 0701994057-352 total=1
2026-04-28 19:06:17 | INFO | tara_parser | Найден клиент: row=750 client=Гончарова Алёна Валерьевна ИП - Щербатов total=3
2026-04-28 19:06:17 | INFO | tara_parser | Добавлена номенклатура: client_row=750 item_row=751 item=Бочка 30л тип А Златый Базант/Три Медведя/Остмарк total=1
2026-04-28 19:06:17 | INFO | tara_parser | Добавлена номенклатура: client_row=750 item_row=752 item=Бочка 50л тип S total=1
2026-04-28 19:06:17 | INFO | tara_parser | Добавлена номенклатура: client_row=750 item_row=753 item=Бочка 50л тип А Высокая total=1
2026-04-28 19:06:17 | INFO | tara_parser | Найден клиент: row=754 client=Горбунова Анастасия Сергеевна ИП - Ганиев (Прокудский с/с, НСТ Ясень, участок № 216а) total=10
2026-04-28 19:06:17 | INFO | tara_parser | Добавлена номенклатура: client_row=754 item_row=755 item=Бочка 50л тип S total=3
2026-04-28 19:06:17 | INFO | tara_parser | Добавлена номенклатура: client_row=754 item_row=756 item=Замок тип S total=1
2026-04-28 19:06:17 | INFO | tara_parser | Добавлена номенклатура: client_row=754 item_row=757 item=Замок тип А total=3
2026-04-28 19:06:17 | INFO | tara_parser | Добавлена номенклатура: client_row=754 item_row=758 item=Пеногаситель Пегас Drive DUO total=2
2026-04-28 19:06:17 | INFO | tara_parser | Добавлена номенклатура: client_row=754 item_row=759 item=Шкаф холодильный Балтика 0701994092-2926 total=1
2026-04-28 19:06:17 | INFO | tara_parser | Найден клиент: row=760 client=Город ООО - Воротников (Краснообск рп, дом № 244/2 1 этаж) total=17
2026-04-28 19:06:17 | INFO | tara_parser | Добавлена номенклатура: client_row=760 item_row=761 item=Бочка 30л тип А Златый Базант/Три Медведя/Остмарк total=1
2026-04-28 19:06:17 | INFO | tara_parser | Добавлена номенклатура: client_row=760 item_row=762 item=Бочка 50л S RU total=6
2026-04-28 19:06:17 | INFO | tara_parser | Добавлена номенклатура: client_row=760 item_row=763 item=Замок тип S total=2
2026-04-28 19:06:17 | INFO | tara_parser | Добавлена номенклатура: client_row=760 item_row=764 item=Замок тип А total=3
2026-04-28 19:06:17 | INFO | tara_parser | Добавлена номенклатура: client_row=760 item_row=765 item=Пеногаситель Пегас Drive DUO total=2
2026-04-28 19:06:17 | INFO | tara_parser | Добавлена номенклатура: client_row=760 item_row=766 item=Редуктор на 1 выход total=1
2026-04-28 19:06:17 | INFO | tara_parser | Добавлена номенклатура: client_row=760 item_row=767 item=Световой знак Три Медведя (панель) total=1
2026-04-28 19:06:17 | INFO | tara_parser | Добавлена номенклатура: client_row=760 item_row=768 item=Шкаф холодильный НАШ 0701253000-305 (РПС 2023) списан total=1
2026-04-28 19:06:17 | INFO | tara_parser | Найден клиент: row=769 client=Город ООО - Воротников (Лыкова ул, дом № 2, корпус а) (У и Б) total=27
2026-04-28 19:06:17 | INFO | tara_parser | Добавлена номенклатура: client_row=769 item_row=770 item=Бочка 30л тип А Златый Базант/Три Медведя/Остмарк total=8
2026-04-28 19:06:17 | INFO | tara_parser | Добавлена номенклатура: client_row=769 item_row=771 item=Бочка 50л S RU total=3
2026-04-28 19:06:17 | INFO | tara_parser | Добавлена номенклатура: client_row=769 item_row=772 item=Бочка 50л тип А Высокая total=8
2026-04-28 19:06:17 | INFO | tara_parser | Добавлена номенклатура: client_row=769 item_row=773 item=Замок тип S total=1
2026-04-28 19:06:17 | INFO | tara_parser | Добавлена номенклатура: client_row=769 item_row=774 item=Замок тип А total=3
2026-04-28 19:06:17 | INFO | tara_parser | Добавлена номенклатура: client_row=769 item_row=775 item=Пеногаситель Пегас Drive DUO total=2
2026-04-28 19:06:17 | INFO | tara_parser | Добавлена номенклатура: client_row=769 item_row=776 item=Шкаф холодильный Балтика 0701242004-954 total=1
2026-04-28 19:06:17 | INFO | tara_parser | Добавлена номенклатура: client_row=769 item_row=777 item=Шкаф холодильный Балтика 0701291006-100 total=1
2026-04-28 19:06:17 | INFO | tara_parser | Найден клиент: row=778 client=Гранкина Маргарита Александровна ИП - Токарев (Новосибирск г, Молодости ул, дом № 21д) total=7
2026-04-28 19:06:17 | INFO | tara_parser | Добавлена номенклатура: client_row=778 item_row=779 item=Бочка 50л S RU total=16
2026-04-28 19:06:17 | INFO | tara_parser | Добавлена номенклатура: client_row=778 item_row=780 item=Бочка 50л тип S total=-11
2026-04-28 19:06:17 | INFO | tara_parser | Добавлена номенклатура: client_row=778 item_row=781 item=Бочка 50л тип А Высокая total=-1
2026-04-28 19:06:17 | INFO | tara_parser | Добавлена номенклатура: client_row=778 item_row=782 item=Замок тип S total=1
2026-04-28 19:06:17 | INFO | tara_parser | Добавлена номенклатура: client_row=778 item_row=783 item=Замок тип А total=1
2026-04-28 19:06:17 | INFO | tara_parser | Добавлена номенклатура: client_row=778 item_row=784 item=Пеногаситель Пегас Drive DUO total=1
2026-04-28 19:06:17 | INFO | tara_parser | Найден клиент: row=785 client=Графадацкая О. С. ИП - Щербатов (Рубежная ул, дом № 32) total=5
2026-04-28 19:06:17 | INFO | tara_parser | Добавлена номенклатура: client_row=785 item_row=786 item=Бочка 50л тип S total=2
2026-04-28 19:06:17 | INFO | tara_parser | Добавлена номенклатура: client_row=785 item_row=787 item=Замок тип S total=1
2026-04-28 19:06:17 | INFO | tara_parser | Добавлена номенклатура: client_row=785 item_row=788 item=Замок тип А total=1
2026-04-28 19:06:17 | INFO | tara_parser | Добавлена номенклатура: client_row=785 item_row=789 item=Пеногаситель Пегас Drive DUO total=1
2026-04-28 19:06:17 | INFO | tara_parser | Найден клиент: row=790 client=Грибанова Мария Анатольевна -Волчок (Линево рп, Листвянская ул, дом № 37, корпус 1) total=8
2026-04-28 19:06:17 | INFO | tara_parser | Добавлена номенклатура: client_row=790 item_row=791 item=Баллон 25 кг. (Углекислота) total=1
2026-04-28 19:06:17 | INFO | tara_parser | Добавлена номенклатура: client_row=790 item_row=792 item=Бочка 50л S RU total=2
2026-04-28 19:06:17 | INFO | tara_parser | Добавлена номенклатура: client_row=790 item_row=793 item=Бочка 50л тип S total=-2
2026-04-28 19:06:17 | INFO | tara_parser | Добавлена номенклатура: client_row=790 item_row=794 item=Бочка 50л тип А total=1
2026-04-28 19:06:17 | INFO | tara_parser | Добавлена номенклатура: client_row=790 item_row=795 item=Бочка 50л тип А Высокая total=-2
2026-04-28 19:06:17 | INFO | tara_parser | Добавлена номенклатура: client_row=790 item_row=796 item=Замок тип S total=1
2026-04-28 19:06:17 | INFO | tara_parser | Добавлена номенклатура: client_row=790 item_row=797 item=Замок тип А total=3
2026-04-28 19:06:17 | INFO | tara_parser | Добавлена номенклатура: client_row=790 item_row=798 item=Охладитель Тайфун 90 на 2 пр. №26117 total=1
2026-04-28 19:06:17 | INFO | tara_parser | Добавлена номенклатура: client_row=790 item_row=799 item=Пеногаситель Пегас Drive DUO total=2
2026-04-28 19:06:17 | INFO | tara_parser | Добавлена номенклатура: client_row=790 item_row=800 item=Редуктор на 1 выход total=1
2026-04-28 19:06:17 | INFO | tara_parser | Найден клиент: row=801 client=Грин В.В ИП - Волчок(Искитимский р-н, Бердь д, Линейная ул, дом № 8б) total=2
2026-04-28 19:06:17 | INFO | tara_parser | Добавлена номенклатура: client_row=801 item_row=802 item=Замок тип А total=1
2026-04-28 19:06:17 | INFO | tara_parser | Добавлена номенклатура: client_row=801 item_row=803 item=Пеногаситель Пегас Ecotap total=1
2026-04-28 19:06:17 | INFO | tara_parser | Найден клиент: row=804 client=Гринько Степан Евгеньевич ИП - Колягин (Красный Яр п, СНТ Озерный) total=4
2026-04-28 19:06:17 | INFO | tara_parser | Добавлена номенклатура: client_row=804 item_row=805 item=Замок тип S total=1
2026-04-28 19:06:17 | INFO | tara_parser | Добавлена номенклатура: client_row=804 item_row=806 item=Замок тип А total=1
2026-04-28 19:06:17 | INFO | tara_parser | Добавлена номенклатура: client_row=804 item_row=807 item=Охладитель Тайфун 90 на 2 пр. №25199 total=1
2026-04-28 19:06:17 | INFO | tara_parser | Добавлена номенклатура: client_row=804 item_row=808 item=Пеногаситель WINTAP на 2 потока total=1
2026-04-28 19:06:17 | INFO | tara_parser | Найден клиент: row=809 client=Гринько Степан Евгеньевич ИП - Колягин (Красный Яр п, СНТ Электрон) total=5
2026-04-28 19:06:17 | INFO | tara_parser | Добавлена номенклатура: client_row=809 item_row=810 item=Замок тип G total=1
2026-04-28 19:06:17 | INFO | tara_parser | Добавлена номенклатура: client_row=809 item_row=811 item=Замок тип S total=1
2026-04-28 19:06:17 | INFO | tara_parser | Добавлена номенклатура: client_row=809 item_row=812 item=Замок тип А total=1
2026-04-28 19:06:17 | INFO | tara_parser | Добавлена номенклатура: client_row=809 item_row=813 item=Охладитель Тайфун 90 на 4 пр. №54879 total=1
2026-04-28 19:06:17 | INFO | tara_parser | Добавлена номенклатура: client_row=809 item_row=814 item=Пеногаситель WINTAP на 2 потока total=1
2026-04-28 19:06:17 | INFO | tara_parser | Найден клиент: row=815 client=Грызункова Оксана Сергеевна ИП - Щербатов (бывшая Волобуева) (Забалуева ул, дом № 90) total=8
2026-04-28 19:06:17 | INFO | tara_parser | Добавлена номенклатура: client_row=815 item_row=816 item=Бочка 30л BLK total=1
2026-04-28 19:06:17 | INFO | tara_parser | Добавлена номенклатура: client_row=815 item_row=817 item=Бочка 50л тип S total=4
2026-04-28 19:06:17 | INFO | tara_parser | Добавлена номенклатура: client_row=815 item_row=818 item=Замок тип G total=1
2026-04-28 19:06:17 | INFO | tara_parser | Добавлена номенклатура: client_row=815 item_row=819 item=Замок тип S total=1
2026-04-28 19:06:17 | INFO | tara_parser | Добавлена номенклатура: client_row=815 item_row=820 item=Пеногаситель WINTAP на 2 потока total=1
2026-04-28 19:06:17 | INFO | tara_parser | Найден клиент: row=821 client=Губанова Е.А ИП - Щербатов (20 Партсъезда ул, дом № 8) total=2
2026-04-28 19:06:17 | INFO | tara_parser | Добавлена номенклатура: client_row=821 item_row=822 item=Бочка 50л тип S total=2
2026-04-28 19:06:17 | INFO | tara_parser | Найден клиент без явного итога: row=823 client=Губанова Е.А ИП - Щербатов (Ватутина ул, дом № 41/1)
2026-04-28 19:06:17 | INFO | tara_parser | Добавлена номенклатура: client_row=823 item_row=824 item=Бочка 50л тип S total=2
2026-04-28 19:06:17 | INFO | tara_parser | Добавлена номенклатура: client_row=823 item_row=825 item=Бочка 50л тип А Высокая total=-2
2026-04-28 19:06:17 | INFO | tara_parser | Найден клиент: row=826 client=Губанова Е.А ИП - Щербатов (Оловозаводская ул, дом № 4) total=-2
2026-04-28 19:06:17 | INFO | tara_parser | Добавлена номенклатура: client_row=826 item_row=827 item=Бочка 50л тип S total=-2
2026-04-28 19:06:17 | INFO | tara_parser | Найден клиент без явного итога: row=828 client=Губанова Е.А ИП - Щербатов (Чемская ул, дом № 12а)
2026-04-28 19:06:17 | INFO | tara_parser | Добавлена номенклатура: client_row=828 item_row=829 item=Бочка 50л тип S total=1
2026-04-28 19:06:17 | INFO | tara_parser | Добавлена номенклатура: client_row=828 item_row=830 item=Бочка 50л тип А Высокая total=-1
2026-04-28 19:06:17 | INFO | tara_parser | Найден клиент: row=831 client=Гуров Евгений Николаевич ИП - Волчок (Бердск г, Краснофлотский пер, дом № 1) total=4
2026-04-28 19:06:17 | INFO | tara_parser | Добавлена номенклатура: client_row=831 item_row=832 item=Бочка 50л S RU total=2
2026-04-28 19:06:17 | INFO | tara_parser | Добавлена номенклатура: client_row=831 item_row=833 item=Замок тип S total=2
2026-04-28 19:06:17 | INFO | tara_parser | Найден клиент: row=834 client=Даврунов Сайризвон Курбонович ИП Ганиев(Ордынский р-н, Плотниково д, Пионерская ул, дом № 6) total=11
2026-04-28 19:06:17 | INFO | tara_parser | Добавлена номенклатура: client_row=834 item_row=835 item=Бочка 50л тип А Высокая total=1
2026-04-28 19:06:17 | INFO | tara_parser | Добавлена номенклатура: client_row=834 item_row=836 item=Замок тип А total=4
2026-04-28 19:06:17 | INFO | tara_parser | Добавлена номенклатура: client_row=834 item_row=837 item=Охладитель Тайфун 90М ( Эдем) total=1
2026-04-28 19:06:17 | INFO | tara_parser | Добавлена номенклатура: client_row=834 item_row=838 item=Пеногаситель Пегас (Эдем) total=4
2026-04-28 19:06:17 | INFO | tara_parser | Добавлена номенклатура: client_row=834 item_row=839 item=Редуктор СО2 на 1 выход(Эдем) total=1
2026-04-28 19:06:17 | INFO | tara_parser | Найден клиент: row=840 client=Деменко Ольга Васильевна ИП - Воротников (Дуси Ковальчук ул, дом № 91) total=20
2026-04-28 19:06:17 | INFO | tara_parser | Добавлена номенклатура: client_row=840 item_row=841 item=Бочка 30л BLK total=3
2026-04-28 19:06:17 | INFO | tara_parser | Добавлена номенклатура: client_row=840 item_row=842 item=Бочка 30л Хейнекен (Златый Базант тип S) total=1
2026-04-28 19:06:17 | INFO | tara_parser | Добавлена номенклатура: client_row=840 item_row=843 item=Бочка 50л тип S total=4
2026-04-28 19:06:17 | INFO | tara_parser | Добавлена номенклатура: client_row=840 item_row=844 item=Бочка 50л тип А Высокая total=2
2026-04-28 19:06:17 | INFO | tara_parser | Добавлена номенклатура: client_row=840 item_row=845 item=Замок тип G total=1
2026-04-28 19:06:17 | INFO | tara_parser | Добавлена номенклатура: client_row=840 item_row=846 item=Замок тип S total=1
2026-04-28 19:06:17 | INFO | tara_parser | Добавлена номенклатура: client_row=840 item_row=847 item=Замок тип А total=3
2026-04-28 19:06:17 | INFO | tara_parser | Добавлена номенклатура: client_row=840 item_row=848 item=Пеногаситель Пегас Evolution total=5
2026-04-28 19:06:17 | INFO | tara_parser | Найден клиент: row=849 client=Деменко Ольга Васильевна ИП - Воротников (Краснообск рп, 6 мкр, дом № 1) total=21
2026-04-28 19:06:17 | INFO | tara_parser | Добавлена номенклатура: client_row=849 item_row=850 item=Бочка 50л тип S total=7
2026-04-28 19:06:17 | INFO | tara_parser | Пропуск служебной строки: row=851 text=Реализация товаров и услуг Бе00-017536 от 28.04.2026 0:00:00
2026-04-28 19:06:17 | INFO | tara_parser | Добавлена номенклатура: client_row=849 item_row=852 item=Замок тип G total=2
2026-04-28 19:06:17 | INFO | tara_parser | Добавлена номенклатура: client_row=849 item_row=853 item=Замок тип S total=5
2026-04-28 19:06:17 | INFO | tara_parser | Добавлена номенклатура: client_row=849 item_row=854 item=Пеногаситель Пегас Drive total=7
2026-04-28 19:06:17 | INFO | tara_parser | Найден клиент: row=855 client=Демидов К.В. ИП - Щербатов (Большая ул, дом № 137/1) total=2
2026-04-28 19:06:17 | INFO | tara_parser | Добавлена номенклатура: client_row=855 item_row=856 item=Бочка 30л ПМ Эфес (DRAFT НЕРЖ RU) total=1
2026-04-28 19:06:17 | INFO | tara_parser | Добавлена номенклатура: client_row=855 item_row=857 item=Шкаф холодильный Балтика 0701994108-4469 total=1
2026-04-28 19:06:17 | INFO | tara_parser | Найден клиент: row=858 client=Демирханова Софья Николаевна ИП - Колягин (У)(Солидарности ул, дом № 15) total=3
2026-04-28 19:06:17 | INFO | tara_parser | Добавлена номенклатура: client_row=858 item_row=859 item=Замок тип S total=1
2026-04-28 19:06:17 | INFO | tara_parser | Добавлена номенклатура: client_row=858 item_row=860 item=Замок тип А total=1
2026-04-28 19:06:17 | INFO | tara_parser | Добавлена номенклатура: client_row=858 item_row=861 item=Пеногаситель Пегас I Tap 2 total=1
2026-04-28 19:06:17 | INFO | tara_parser | Найден клиент: row=862 client=Деуленко И.Ю. ИП Волчок (Звездная ул, дом № 5) total=35
2026-04-28 19:06:17 | INFO | tara_parser | Добавлена номенклатура: client_row=862 item_row=863 item=Бочка 30л ПМ Эфес (DRAFT НЕРЖ RU) total=3
2026-04-28 19:06:17 | INFO | tara_parser | Пропуск служебной строки: row=864 text=Реализация товаров и услуг Бе00-017589 от 28.04.2026 0:00:00
2026-04-28 19:06:17 | INFO | tara_parser | Добавлена номенклатура: client_row=862 item_row=865 item=Бочка 30л тип А Златый Базант/Три Медведя/Остмарк total=4
2026-04-28 19:06:17 | INFO | tara_parser | Пропуск служебной строки: row=866 text=Реализация товаров и услуг Бе00-017589 от 28.04.2026 0:00:00
2026-04-28 19:06:17 | INFO | tara_parser | Добавлена номенклатура: client_row=862 item_row=867 item=Бочка 50л S RU total=46
2026-04-28 19:06:17 | INFO | tara_parser | Пропуск служебной строки: row=868 text=Реализация товаров и услуг Бе00-017589 от 28.04.2026 0:00:00
2026-04-28 19:06:17 | INFO | tara_parser | Добавлена номенклатура: client_row=862 item_row=869 item=Бочка 50л тип S total=-32
2026-04-28 19:06:17 | INFO | tara_parser | Пропуск служебной строки: row=870 text=Реализация товаров и услуг Бе00-017589 от 28.04.2026 0:00:00
2026-04-28 19:06:17 | INFO | tara_parser | Добавлена номенклатура: client_row=862 item_row=871 item=Бочка 50л тип А total=3
2026-04-28 19:06:17 | INFO | tara_parser | Пропуск служебной строки: row=872 text=Реализация товаров и услуг Бе00-017589 от 28.04.2026 0:00:00
2026-04-28 19:06:17 | INFO | tara_parser | Добавлена номенклатура: client_row=862 item_row=873 item=Замок тип D total=1
2026-04-28 19:06:17 | INFO | tara_parser | Добавлена номенклатура: client_row=862 item_row=874 item=Замок тип S total=2
2026-04-28 19:06:17 | INFO | tara_parser | Добавлена номенклатура: client_row=862 item_row=875 item=Замок тип А total=3
2026-04-28 19:06:17 | INFO | tara_parser | Добавлена номенклатура: client_row=862 item_row=876 item=Охладитель Тайфун 160 на 5 пр. №205032105 Эф total=1
2026-04-28 19:06:17 | INFO | tara_parser | Добавлена номенклатура: client_row=862 item_row=877 item=Пеногаситель WINTAP на 2 потока total=3
2026-04-28 19:06:17 | INFO | tara_parser | Добавлена номенклатура: client_row=862 item_row=878 item=Редуктор на 1 выход total=1
2026-04-28 19:06:17 | INFO | tara_parser | Найден клиент: row=879 client=Деханд Виктор Иосифович ИП - Ганиев (Новопичугово с, Советская ул, дом № 5а) total=9
2026-04-28 19:06:17 | INFO | tara_parser | Добавлена номенклатура: client_row=879 item_row=880 item=Бочка 30л тип А Златый Базант/Три Медведя/Остмарк total=3
2026-04-28 19:06:17 | INFO | tara_parser | Добавлена номенклатура: client_row=879 item_row=881 item=Бочка 50л тип S total=2
2026-04-28 19:06:17 | INFO | tara_parser | Добавлена номенклатура: client_row=879 item_row=882 item=Замок тип S total=1
2026-04-28 19:06:17 | INFO | tara_parser | Добавлена номенклатура: client_row=879 item_row=883 item=Замок тип А total=1
2026-04-28 19:06:17 | INFO | tara_parser | Добавлена номенклатура: client_row=879 item_row=884 item=Пеногаситель пегас WinTap 2 поток (металл) total=1
2026-04-28 19:06:17 | INFO | tara_parser | Добавлена номенклатура: client_row=879 item_row=885 item=Пеногаситель Пегас Drive DUO total=1
2026-04-28 19:06:17 | INFO | tara_parser | Найден клиент: row=886 client=Дмитриева Елена Георгиевна ИП - Колягин (дп Мочище, ул. Шоссейная, д. 20) total=8
2026-04-28 19:06:17 | INFO | tara_parser | Добавлена номенклатура: client_row=886 item_row=887 item=Бочка 50л тип S total=4
2026-04-28 19:06:17 | INFO | tara_parser | Добавлена номенклатура: client_row=886 item_row=888 item=Витрина холодильная "Хейнекен" №15017509717 total=1
2026-04-28 19:06:17 | INFO | tara_parser | Добавлена номенклатура: client_row=886 item_row=889 item=Замок тип S total=1
2026-04-28 19:06:17 | INFO | tara_parser | Добавлена номенклатура: client_row=886 item_row=890 item=Охладитель Тайфун 90 на 4 пр. №48556 total=1
2026-04-28 19:06:17 | INFO | tara_parser | Добавлена номенклатура: client_row=886 item_row=891 item=Пеногаситель Пегас total=1
2026-04-28 19:06:17 | INFO | tara_parser | Найден клиент: row=892 client=Донковцева Елена Владимировна ИП - Ганиев (Красный Яр с, Советская ул, дом № 34/1) total=15
2026-04-28 19:06:17 | INFO | tara_parser | Добавлена номенклатура: client_row=892 item_row=893 item=Бочка 30л тип А Златый Базант/Три Медведя/Остмарк total=2
2026-04-28 19:06:17 | INFO | tara_parser | Добавлена номенклатура: client_row=892 item_row=894 item=Бочка 50л тип S total=5
2026-04-28 19:06:17 | INFO | tara_parser | Добавлена номенклатура: client_row=892 item_row=895 item=Замок тип S total=1
2026-04-28 19:06:17 | INFO | tara_parser | Добавлена номенклатура: client_row=892 item_row=896 item=Замок тип А total=1
2026-04-28 19:06:17 | INFO | tara_parser | Добавлена номенклатура: client_row=892 item_row=897 item=Каплесборник(Эдем) total=1
2026-04-28 19:06:17 | INFO | tara_parser | Добавлена номенклатура: client_row=892 item_row=898 item=Охладитель Тайфун ( Эдем) №72236 total=1
2026-04-28 19:06:17 | INFO | tara_parser | Добавлена номенклатура: client_row=892 item_row=899 item=Пеногаситель Пегас Ecotap total=1
2026-04-28 19:06:17 | INFO | tara_parser | Добавлена номенклатура: client_row=892 item_row=900 item=Пеногаситель Пегас Ecotap(Эдем) total=1
2026-04-28 19:06:17 | INFO | tara_parser | Добавлена номенклатура: client_row=892 item_row=901 item=Редуктор СО2 (Эдем) total=1
2026-04-28 19:06:17 | INFO | tara_parser | Добавлена номенклатура: client_row=892 item_row=902 item=Стойка ДI0Т(Эдем) total=1
2026-04-28 19:06:17 | INFO | tara_parser | Найден клиент: row=903 client=Драгун С.Н ИП - Токарев (Забалуева ул, дом № 74/1) total=33
2026-04-28 19:06:17 | INFO | tara_parser | Добавлена номенклатура: client_row=903 item_row=904 item=Бочка 30л тип А Златый Базант/Три Медведя/Остмарк total=1
2026-04-28 19:06:17 | INFO | tara_parser | Добавлена номенклатура: client_row=903 item_row=905 item=Бочка 50л тип S total=15
2026-04-28 19:06:17 | INFO | tara_parser | Добавлена номенклатура: client_row=903 item_row=906 item=Замок тип S total=5
2026-04-28 19:06:17 | INFO | tara_parser | Добавлена номенклатура: client_row=903 item_row=907 item=Замок тип А total=2
2026-04-28 19:06:17 | INFO | tara_parser | Добавлена номенклатура: client_row=903 item_row=908 item=Пеногаситель Пегас total=5
2026-04-28 19:06:17 | INFO | tara_parser | Добавлена номенклатура: client_row=903 item_row=909 item=Пеногаситель Пегас Evolution total=3
2026-04-28 19:06:17 | INFO | tara_parser | Добавлена номенклатура: client_row=903 item_row=910 item=Редуктор на 1 выход total=2
2026-04-28 19:06:17 | INFO | tara_parser | Найден клиент: row=911 client=Дроздова М.Н. ИП - Воротников (Ионосферная ул, дом № 1, корпус 5) total=11
2026-04-28 19:06:17 | INFO | tara_parser | Добавлена номенклатура: client_row=911 item_row=912 item=Бочка 50л тип S total=5
2026-04-28 19:06:17 | INFO | tara_parser | Пропуск служебной строки: row=913 text=Реализация товаров и услуг Бе00-017539 от 28.04.2026 0:00:00
2026-04-28 19:06:17 | INFO | tara_parser | Добавлена номенклатура: client_row=911 item_row=914 item=Бочка 50л тип А Высокая total=2
2026-04-28 19:06:17 | INFO | tara_parser | Добавлена номенклатура: client_row=911 item_row=915 item=Замок тип S total=1
2026-04-28 19:06:17 | INFO | tara_parser | Добавлена номенклатура: client_row=911 item_row=916 item=Замок тип А (БМ) total=1
2026-04-28 19:06:17 | INFO | tara_parser | Добавлена номенклатура: client_row=911 item_row=917 item=Охладитель Тайфун 90 на 2 пр. №25911 total=1
2026-04-28 19:06:17 | INFO | tara_parser | Добавлена номенклатура: client_row=911 item_row=918 item=Пеногаситель WINTAP на 2 потока total=1
2026-04-28 19:06:17 | INFO | tara_parser | Найден клиент: row=919 client=Дулякова Гульнара Диловаровна ИП - Воротников (Героев Труда ул, дом № 11) total=19
2026-04-28 19:06:17 | INFO | tara_parser | Добавлена номенклатура: client_row=919 item_row=920 item=Бочка 20л Сиб. Корона, Левенбрау, Стелла,Бад, Черниговское,Старопрамен(SANKEY НЕРЖ RU) total=1
2026-04-28 19:06:17 | INFO | tara_parser | Добавлена номенклатура: client_row=919 item_row=921 item=Бочка 30л тип А Златый Базант/Три Медведя/Остмарк total=1
2026-04-28 19:06:17 | INFO | tara_parser | Пропуск служебной строки: row=922 text=Реализация товаров и услуг Бе00-017575 от 28.04.2026 0:00:00
2026-04-28 19:06:17 | INFO | tara_parser | Добавлена номенклатура: client_row=919 item_row=923 item=Бочка 50л S RU total=13
2026-04-28 19:06:17 | INFO | tara_parser | Пропуск служебной строки: row=924 text=Реализация товаров и услуг Бе00-017575 от 28.04.2026 0:00:00
2026-04-28 19:06:17 | INFO | tara_parser | Добавлена номенклатура: client_row=919 item_row=925 item=Бочка 50л тип S total=-7
2026-04-28 19:06:17 | INFO | tara_parser | Пропуск служебной строки: row=926 text=Реализация товаров и услуг Бе00-017575 от 28.04.2026 0:00:00
2026-04-28 19:06:17 | INFO | tara_parser | Добавлена номенклатура: client_row=919 item_row=927 item=Замок тип S total=3
2026-04-28 19:06:17 | INFO | tara_parser | Добавлена номенклатура: client_row=919 item_row=928 item=Замок тип А total=5
2026-04-28 19:06:17 | INFO | tara_parser | Добавлена номенклатура: client_row=919 item_row=929 item=Пеногаситель Пегас Drive DUO total=3
2026-04-28 19:06:17 | INFO | tara_parser | Найден клиент: row=930 client=Душенина О.А. ИП - Воротников (Лесосечная ул, дом № 2/2) total=17
2026-04-28 19:06:17 | INFO | tara_parser | Добавлена номенклатура: client_row=930 item_row=931 item=Бочка 30л тип А Златый Базант/Три Медведя/Остмарк total=4
2026-04-28 19:06:17 | INFO | tara_parser | Добавлена номенклатура: client_row=930 item_row=932 item=Бочка 50л S RU total=11
2026-04-28 19:06:17 | INFO | tara_parser | Добавлена номенклатура: client_row=930 item_row=933 item=Бочка 50л тип S total=-7
2026-04-28 19:06:17 | INFO | tara_parser | Добавлена номенклатура: client_row=930 item_row=934 item=Замок тип G total=1
2026-04-28 19:06:17 | INFO | tara_parser | Добавлена номенклатура: client_row=930 item_row=935 item=Замок тип S total=1
2026-04-28 19:06:17 | INFO | tara_parser | Добавлена номенклатура: client_row=930 item_row=936 item=Замок тип А total=3
2026-04-28 19:06:17 | INFO | tara_parser | Добавлена номенклатура: client_row=930 item_row=937 item=Пеногаситель Пегас Drive DUO total=2
2026-04-28 19:06:17 | INFO | tara_parser | Добавлена номенклатура: client_row=930 item_row=938 item=Шкаф холодильный Балтика 0701994031323 total=1
2026-04-28 19:06:17 | INFO | tara_parser | Добавлена номенклатура: client_row=930 item_row=939 item=Шкаф холодильный Балтика 0701994092-6477 total=1
2026-04-28 19:06:17 | INFO | tara_parser | Найден клиент: row=940 client=Елисеева Анжелика Вячеславовна ИП - Токарев (Петухова ул, дом № 122/3) total=48
2026-04-28 19:06:17 | INFO | tara_parser | Добавлена номенклатура: client_row=940 item_row=941 item=Бочка 30л тип А Златый Базант/Три Медведя/Остмарк total=16
2026-04-28 19:06:17 | INFO | tara_parser | Добавлена номенклатура: client_row=940 item_row=942 item=Бочка 30л Хейнекен (Златый Базант тип S) total=1
2026-04-28 19:06:17 | INFO | tara_parser | Добавлена номенклатура: client_row=940 item_row=943 item=Бочка 50л тип S total=14
2026-04-28 19:06:17 | INFO | tara_parser | Добавлена номенклатура: client_row=940 item_row=944 item=Замок тип S total=6
2026-04-28 19:06:17 | INFO | tara_parser | Добавлена номенклатура: client_row=940 item_row=945 item=Замок тип А total=3
2026-04-28 19:06:17 | INFO | tara_parser | Добавлена номенклатура: client_row=940 item_row=946 item=Пеногаситель Пегас total=1
2026-04-28 19:06:17 | INFO | tara_parser | Добавлена номенклатура: client_row=940 item_row=947 item=Пеногаситель Пегас Evolution DUO total=4
2026-04-28 19:06:17 | INFO | tara_parser | Добавлена номенклатура: client_row=940 item_row=948 item=Пеногаситель Пегас NEO-Classic total=2
2026-04-28 19:06:17 | INFO | tara_parser | Добавлена номенклатура: client_row=940 item_row=949 item=Редуктор СО2 на 1 выход(Эдем) total=1
2026-04-28 19:06:17 | INFO | tara_parser | Найден клиент: row=950 client=Ельшин И.С. ИП - Ганиев (Чик рп, Потапова ул, дом № 1) total=13
2026-04-28 19:06:17 | INFO | tara_parser | Добавлена номенклатура: client_row=950 item_row=951 item=Бочка 30л тип А Златый Базант/Три Медведя/Остмарк total=8
2026-04-28 19:06:17 | INFO | tara_parser | Добавлена номенклатура: client_row=950 item_row=952 item=Бочка 50л S RU total=1
2026-04-28 19:06:17 | INFO | tara_parser | Добавлена номенклатура: client_row=950 item_row=953 item=Бочка 50л тип S total=-1
2026-04-28 19:06:17 | INFO | tara_parser | Добавлена номенклатура: client_row=950 item_row=954 item=Бочка 50л тип А total=2
2026-04-28 19:06:17 | INFO | tara_parser | Добавлена номенклатура: client_row=950 item_row=955 item=Бочка 50л тип А Высокая total=3
2026-04-28 19:06:17 | INFO | tara_parser | Найден клиент: row=956 client=ЁМКОСТЬ ЮГ ООО - Воротников (Бориса Богаткова ул, дом № 201/1) total=19
2026-04-28 19:06:17 | INFO | tara_parser | Добавлена номенклатура: client_row=956 item_row=957 item=Бочка 30л тип А Златый Базант/Три Медведя/Остмарк total=6
2026-04-28 19:06:17 | INFO | tara_parser | Добавлена номенклатура: client_row=956 item_row=958 item=Бочка 50л тип S total=3
2026-04-28 19:06:17 | INFO | tara_parser | Добавлена номенклатура: client_row=956 item_row=959 item=Бочка 50л тип А total=1
2026-04-28 19:06:17 | INFO | tara_parser | Добавлена номенклатура: client_row=956 item_row=960 item=Замок тип G total=2
2026-04-28 19:06:17 | INFO | tara_parser | Добавлена номенклатура: client_row=956 item_row=961 item=Замок тип S total=1
2026-04-28 19:06:17 | INFO | tara_parser | Добавлена номенклатура: client_row=956 item_row=962 item=Замок тип А total=3
2026-04-28 19:06:17 | INFO | tara_parser | Добавлена номенклатура: client_row=956 item_row=963 item=Пеногаситель Пегас Drive DUO total=3
2026-04-28 19:06:17 | INFO | tara_parser | Найден клиент: row=964 client=ЁМКОСТЬ-СЕРВИС ООО - Воротников (Некрасова ул, дом № 44) total=30
2026-04-28 19:06:17 | INFO | tara_parser | Добавлена номенклатура: client_row=964 item_row=965 item=Бочка 30л BLK total=2
2026-04-28 19:06:17 | INFO | tara_parser | Добавлена номенклатура: client_row=964 item_row=966 item=Бочка 30л тип А Златый Базант/Три Медведя/Остмарк total=10
2026-04-28 19:06:17 | INFO | tara_parser | Добавлена номенклатура: client_row=964 item_row=967 item=Бочка 50л тип S total=5
2026-04-28 19:06:17 | INFO | tara_parser | Добавлена номенклатура: client_row=964 item_row=968 item=Бочка 50л тип А total=1
2026-04-28 19:06:17 | INFO | tara_parser | Добавлена номенклатура: client_row=964 item_row=969 item=Замок тип G total=1
2026-04-28 19:06:17 | INFO | tara_parser | Добавлена номенклатура: client_row=964 item_row=970 item=Замок тип S total=1
2026-04-28 19:06:17 | INFO | tara_parser | Добавлена номенклатура: client_row=964 item_row=971 item=Замок тип А total=6
2026-04-28 19:06:17 | INFO | tara_parser | Добавлена номенклатура: client_row=964 item_row=972 item=Пеногаситель Пегас Drive DUO total=4
2026-04-28 19:06:17 | INFO | tara_parser | Найден клиент: row=973 client=Емцова Екатерина Юрьевна ИП - Щербатов total=6
2026-04-28 19:06:17 | INFO | tara_parser | Добавлена номенклатура: client_row=973 item_row=974 item=Бочка 30л BLK total=1
2026-04-28 19:06:17 | INFO | tara_parser | Добавлена номенклатура: client_row=973 item_row=975 item=Бочка 50л тип S total=1
2026-04-28 19:06:17 | INFO | tara_parser | Добавлена номенклатура: client_row=973 item_row=976 item=Витрина холодильная "Крушовице" №4561718615 total=1
2026-04-28 19:06:17 | INFO | tara_parser | Добавлена номенклатура: client_row=973 item_row=977 item=Замок тип G total=1
2026-04-28 19:06:17 | INFO | tara_parser | Добавлена номенклатура: client_row=973 item_row=978 item=Замок тип S total=1
2026-04-28 19:06:17 | INFO | tara_parser | Добавлена номенклатура: client_row=973 item_row=979 item=Пеногаситель Пегас Drive DUO total=1
2026-04-28 19:06:17 | INFO | tara_parser | Найден клиент: row=980 client=Еремеев Виктор Юрьевич ИП - Ганиев total=14
2026-04-28 19:06:17 | INFO | tara_parser | Добавлена номенклатура: client_row=980 item_row=981 item=Баллон 25 кг. (Углекислота) total=2
2026-04-28 19:06:17 | INFO | tara_parser | Добавлена номенклатура: client_row=980 item_row=982 item=Бочка 50л тип А Высокая total=2
2026-04-28 19:06:17 | INFO | tara_parser | Добавлена номенклатура: client_row=980 item_row=983 item=Замок тип А total=4
2026-04-28 19:06:17 | INFO | tara_parser | Добавлена номенклатура: client_row=980 item_row=984 item=Охладитель "Тайфун 90"81497 Эдем total=1
2026-04-28 19:06:17 | INFO | tara_parser | Добавлена номенклатура: client_row=980 item_row=985 item=Пеногаситель Пегас Ecotap total=4
2026-04-28 19:06:17 | INFO | tara_parser | Добавлена номенклатура: client_row=980 item_row=986 item=Редуктор на 1 выход total=1
2026-04-28 19:06:17 | INFO | tara_parser | Найден клиент: row=987 client=Ермоленко А.В. ИП - Щербатов (Космическая ул, дом № 21, корпус 2) total=3
2026-04-28 19:06:17 | INFO | tara_parser | Добавлена номенклатура: client_row=987 item_row=988 item=Бочка 50л тип S total=2
2026-04-28 19:06:17 | INFO | tara_parser | Добавлена номенклатура: client_row=987 item_row=989 item=Замок тип S total=1
2026-04-28 19:06:17 | INFO | tara_parser | Найден клиент: row=990 client=Ермоленко А.В. ИП - Щербатов (Петухова ул, дом № 14Б) total=7
2026-04-28 19:06:17 | INFO | tara_parser | Добавлена номенклатура: client_row=990 item_row=991 item=Бочка 30л тип А Златый Базант/Три Медведя/Остмарк total=4
2026-04-28 19:06:17 | INFO | tara_parser | Добавлена номенклатура: client_row=990 item_row=992 item=Бочка 50л тип S total=3
2026-04-28 19:06:17 | INFO | tara_parser | Найден клиент: row=993 client=Ермоленко А.В. ИП - Щербатов (Юный Ленинец п, Юбилейная ул, дом № 62) total=8
2026-04-28 19:06:17 | INFO | tara_parser | Добавлена номенклатура: client_row=993 item_row=994 item=Бочка 30л тип А Златый Базант/Три Медведя/Остмарк total=1
2026-04-28 19:06:17 | INFO | tara_parser | Добавлена номенклатура: client_row=993 item_row=995 item=Бочка 50л тип S total=4
2026-04-28 19:06:17 | INFO | tara_parser | Добавлена номенклатура: client_row=993 item_row=996 item=Замок тип S total=1
2026-04-28 19:06:17 | INFO | tara_parser | Добавлена номенклатура: client_row=993 item_row=997 item=Замок тип А total=1
2026-04-28 19:06:17 | INFO | tara_parser | Добавлена номенклатура: client_row=993 item_row=998 item=Пеногаситель Пегас Drive DUO total=1
2026-04-28 19:06:17 | INFO | tara_parser | Найден клиент: row=999 client=Ерохина Оксана Викторовна ИП - Колягин total=16
2026-04-28 19:06:17 | INFO | tara_parser | Добавлена номенклатура: client_row=999 item_row=1000 item=Бочка 30л тип А Златый Базант/Три Медведя/Остмарк total=3
2026-04-28 19:06:17 | INFO | tara_parser | Пропуск служебной строки: row=1001 text=Реализация товаров и услуг Бе00-017624 от 28.04.2026 0:00:00
2026-04-28 19:06:17 | INFO | tara_parser | Добавлена номенклатура: client_row=999 item_row=1002 item=Бочка 50л S RU total=27
2026-04-28 19:06:17 | INFO | tara_parser | Пропуск служебной строки: row=1003 text=Реализация товаров и услуг Бе00-017624 от 28.04.2026 0:00:00
2026-04-28 19:06:17 | INFO | tara_parser | Добавлена номенклатура: client_row=999 item_row=1004 item=Бочка 50л тип S total=-23
2026-04-28 19:06:17 | INFO | tara_parser | Пропуск служебной строки: row=1005 text=Реализация товаров и услуг Бе00-017624 от 28.04.2026 0:00:00
2026-04-28 19:06:17 | INFO | tara_parser | Добавлена номенклатура: client_row=999 item_row=1006 item=Бочка 50л тип А total=1
2026-04-28 19:06:17 | INFO | tara_parser | Пропуск служебной строки: row=1007 text=Реализация товаров и услуг Бе00-017624 от 28.04.2026 0:00:00
2026-04-28 19:06:17 | INFO | tara_parser | Добавлена номенклатура: client_row=999 item_row=1008 item=Замок тип G total=1
2026-04-28 19:06:17 | INFO | tara_parser | Добавлена номенклатура: client_row=999 item_row=1009 item=Замок тип S total=2
2026-04-28 19:06:17 | INFO | tara_parser | Добавлена номенклатура: client_row=999 item_row=1010 item=Замок тип А total=3
2026-04-28 19:06:17 | INFO | tara_parser | Добавлена номенклатура: client_row=999 item_row=1011 item=Пеногаситель Пегас Drive DUO total=2
2026-04-28 19:06:17 | INFO | tara_parser | Найден клиент: row=1012 client=Есинский А. Е. ИП - Колягин (Озерный п, Солнечный мкр, дом № 333) total=25
2026-04-28 19:06:17 | INFO | tara_parser | Добавлена номенклатура: client_row=1012 item_row=1013 item=Бочка 30л BLK total=-1
2026-04-28 19:06:17 | INFO | tara_parser | Добавлена номенклатура: client_row=1012 item_row=1014 item=Бочка 30л тип А Златый Базант/Три Медведя/Остмарк total=7
2026-04-28 19:06:17 | INFO | tara_parser | Добавлена номенклатура: client_row=1012 item_row=1015 item=Бочка 30л Хейнекен (Златый Базант тип S) total=1
2026-04-28 19:06:17 | INFO | tara_parser | Добавлена номенклатура: client_row=1012 item_row=1016 item=Бочка 50л тип S total=3
2026-04-28 19:06:17 | INFO | tara_parser | Добавлена номенклатура: client_row=1012 item_row=1017 item=Замок тип G total=2
2026-04-28 19:06:17 | INFO | tara_parser | Добавлена номенклатура: client_row=1012 item_row=1018 item=Замок тип S total=4
2026-04-28 19:06:17 | INFO | tara_parser | Добавлена номенклатура: client_row=1012 item_row=1019 item=Замок тип А total=3
2026-04-28 19:06:17 | INFO | tara_parser | Добавлена номенклатура: client_row=1012 item_row=1020 item=Пеногаситель Пегас Drive DUO total=5
2026-04-28 19:06:17 | INFO | tara_parser | Добавлена номенклатура: client_row=1012 item_row=1021 item=Редуктор на 1 выход total=1
2026-04-28 19:06:17 | INFO | tara_parser | Найден клиент: row=1022 client=Есинский А. Е. ИП - Колягин (Светлановская ул, дом № 52/1) total=30
2026-04-28 19:06:17 | INFO | tara_parser | Добавлена номенклатура: client_row=1022 item_row=1023 item=Бочка 30л BLK total=1
2026-04-28 19:06:17 | INFO | tara_parser | Добавлена номенклатура: client_row=1022 item_row=1024 item=Бочка 30л тип А Златый Базант/Три Медведя/Остмарк total=7
2026-04-28 19:06:17 | INFO | tara_parser | Добавлена номенклатура: client_row=1022 item_row=1025 item=Бочка 30л Хейнекен (Златый Базант тип S) total=1
2026-04-28 19:06:17 | INFO | tara_parser | Добавлена номенклатура: client_row=1022 item_row=1026 item=Бочка 50л тип S total=4
2026-04-28 19:06:17 | INFO | tara_parser | Добавлена номенклатура: client_row=1022 item_row=1027 item=Замок тип G total=1
2026-04-28 19:06:17 | INFO | tara_parser | Добавлена номенклатура: client_row=1022 item_row=1028 item=Замок тип S total=3
2026-04-28 19:06:17 | INFO | tara_parser | Добавлена номенклатура: client_row=1022 item_row=1029 item=Замок тип А total=6
2026-04-28 19:06:17 | INFO | tara_parser | Добавлена номенклатура: client_row=1022 item_row=1030 item=Пеногаситель Пегас Drive DUO total=5
2026-04-28 19:06:17 | INFO | tara_parser | Добавлена номенклатура: client_row=1022 item_row=1031 item=Редуктор на 1 выход total=1
2026-04-28 19:06:17 | INFO | tara_parser | Добавлена номенклатура: client_row=1022 item_row=1032 item=Холодильник 2020 " 5 флагов" № 1640219099 total=1
2026-04-28 19:06:17 | INFO | tara_parser | Найден клиент без явного итога: row=1033 client=Жеронкин В. В. ИП - Щербатов (Криводановка с, Малороссийская ул, дом № 69а)
2026-04-28 19:06:17 | INFO | tara_parser | Добавлена номенклатура: client_row=1033 item_row=1034 item=Бочка 30л ПМ Эфес (DRAFT НЕРЖ RU) total=-1
2026-04-28 19:06:17 | INFO | tara_parser | Добавлена номенклатура: client_row=1033 item_row=1035 item=Бочка 30л тип А Златый Базант/Три Медведя/Остмарк total=1
2026-04-28 19:06:17 | INFO | tara_parser | Найден клиент: row=1036 client=Жиляков Алексей Александрович ИП - Щербатов (Красный пр-кт, дом № 87) total=8
2026-04-28 19:06:17 | INFO | tara_parser | Добавлена номенклатура: client_row=1036 item_row=1037 item=Баллон 25 кг. (Углекислота) total=1
2026-04-28 19:06:17 | INFO | tara_parser | Добавлена номенклатура: client_row=1036 item_row=1038 item=Бочка 50л тип S total=3
2026-04-28 19:06:17 | INFO | tara_parser | Добавлена номенклатура: client_row=1036 item_row=1039 item=Замок тип S total=1
2026-04-28 19:06:17 | INFO | tara_parser | Добавлена номенклатура: client_row=1036 item_row=1040 item=Замок тип А total=1
2026-04-28 19:06:17 | INFO | tara_parser | Добавлена номенклатура: client_row=1036 item_row=1041 item=Пеногаситель на 2 сорта РУН-2 total=1
2026-04-28 19:06:17 | INFO | tara_parser | Добавлена номенклатура: client_row=1036 item_row=1042 item=Световой знак Три Медведя (панель) total=1
2026-04-28 19:06:17 | INFO | tara_parser | Найден клиент: row=1043 client=Жуков Е.Н ИП - Волчок (Бердск г, Кирова ул, дом № 13а) (ликвид) total=4
2026-04-28 19:06:17 | INFO | tara_parser | Добавлена номенклатура: client_row=1043 item_row=1044 item=Бочка 50л тип S total=-2
2026-04-28 19:06:17 | INFO | tara_parser | Добавлена номенклатура: client_row=1043 item_row=1045 item=Замок тип S total=1
2026-04-28 19:06:17 | INFO | tara_parser | Добавлена номенклатура: client_row=1043 item_row=1046 item=Замок тип А total=2
2026-04-28 19:06:17 | INFO | tara_parser | Добавлена номенклатура: client_row=1043 item_row=1047 item=Пеногаситель Пегас Drive total=3
2026-04-28 19:06:17 | INFO | tara_parser | Найден клиент: row=1048 client=Жукова Светлана Андреевна ИП - Волчок total=6
2026-04-28 19:06:17 | INFO | tara_parser | Добавлена номенклатура: client_row=1048 item_row=1049 item=Бочка 50л тип S total=7
2026-04-28 19:06:17 | INFO | tara_parser | Добавлена номенклатура: client_row=1048 item_row=1050 item=Бочка 50л тип А Высокая total=-1
2026-04-28 19:06:17 | INFO | tara_parser | Найден клиент: row=1051 client=Заикин Дмитрий Иванович ИП - Волчок (Старое ш, дом № 74а) total=5
2026-04-28 19:06:17 | INFO | tara_parser | Добавлена номенклатура: client_row=1051 item_row=1052 item=Бочка 30л тип А Златый Базант/Три Медведя/Остмарк total=3
2026-04-28 19:06:17 | INFO | tara_parser | Добавлена номенклатура: client_row=1051 item_row=1053 item=Бочка 50л тип S total=2
2026-04-28 19:06:17 | INFO | tara_parser | Найден клиент: row=1054 client=Замотаев Вячеслав Сергеевич ИП - Воротников (Каинская Заимка п, Боровая ул, дом № 7/1) total=16
2026-04-28 19:06:17 | INFO | tara_parser | Добавлена номенклатура: client_row=1054 item_row=1055 item=Баллон 25 кг. (Углекислота) total=1
2026-04-28 19:06:17 | INFO | tara_parser | Добавлена номенклатура: client_row=1054 item_row=1056 item=Бочка 30л тип А Златый Базант/Три Медведя/Остмарк total=1
2026-04-28 19:06:17 | INFO | tara_parser | Добавлена номенклатура: client_row=1054 item_row=1057 item=Бочка 50л тип S total=1
2026-04-28 19:06:17 | INFO | tara_parser | Добавлена номенклатура: client_row=1054 item_row=1058 item=Бочка 50л тип А total=-1
2026-04-28 19:06:17 | INFO | tara_parser | Добавлена номенклатура: client_row=1054 item_row=1059 item=Бочка 50л тип А Высокая total=2
2026-04-28 19:06:17 | INFO | tara_parser | Добавлена номенклатура: client_row=1054 item_row=1060 item=Замок тип S total=1
2026-04-28 19:06:17 | INFO | tara_parser | Добавлена номенклатура: client_row=1054 item_row=1061 item=Замок тип А total=5
2026-04-28 19:06:17 | INFO | tara_parser | Добавлена номенклатура: client_row=1054 item_row=1062 item=Охладитель Тайфун 90 на 2 пр. №58159 total=1
2026-04-28 19:06:17 | INFO | tara_parser | Добавлена номенклатура: client_row=1054 item_row=1063 item=Пеногаситель Пегас Evolution total=2
2026-04-28 19:06:17 | INFO | tara_parser | Добавлена номенклатура: client_row=1054 item_row=1064 item=Пеногаситель Пегас Evolution DUO total=2
2026-04-28 19:06:17 | INFO | tara_parser | Добавлена номенклатура: client_row=1054 item_row=1065 item=Редуктор на 1 выход total=1
2026-04-28 19:06:17 | INFO | tara_parser | Найден клиент: row=1066 client=Захарова Марина Викторовна ИП - Ганиев (Ордынское рп, Революции пр-кт, дом № 68) total=9
2026-04-28 19:06:17 | INFO | tara_parser | Добавлена номенклатура: client_row=1066 item_row=1067 item=Бочка 50л тип А Высокая total=2
2026-04-28 19:06:17 | INFO | tara_parser | Добавлена номенклатура: client_row=1066 item_row=1068 item=Замок тип А total=3
2026-04-28 19:06:17 | INFO | tara_parser | Добавлена номенклатура: client_row=1066 item_row=1069 item=Охладитель "Тайфун 90"77407 Эдем total=1
2026-04-28 19:06:17 | INFO | tara_parser | Добавлена номенклатура: client_row=1066 item_row=1070 item=Пеногаситель Пегас Classic эдем total=3
2026-04-28 19:06:17 | INFO | tara_parser | Найден клиент: row=1071 client=Захарова Юлия Александровна ИП - Ганиев( Ордынское рп, Ленина пр-кт, дом № 20) total=10
2026-04-28 19:06:17 | INFO | tara_parser | Добавлена номенклатура: client_row=1071 item_row=1072 item=Бочка 30л тип А Златый Базант/Три Медведя/Остмарк total=6
2026-04-28 19:06:17 | INFO | tara_parser | Добавлена номенклатура: client_row=1071 item_row=1073 item=Замок тип А total=2
2026-04-28 19:06:17 | INFO | tara_parser | Добавлена номенклатура: client_row=1071 item_row=1074 item=Пеногаситель пегас WinTap люкс 1 поток (металл) total=2
2026-04-28 19:06:17 | INFO | tara_parser | Найден клиент: row=1075 client=Здорнов Александр Михайлович ИП - Щербатов(Зорге ул, дом № 183, корпус 2) total=5
2026-04-28 19:06:17 | INFO | tara_parser | Добавлена номенклатура: client_row=1075 item_row=1076 item=Бочка 50л S RU total=1
2026-04-28 19:06:17 | INFO | tara_parser | Добавлена номенклатура: client_row=1075 item_row=1077 item=Замок тип S total=2
2026-04-28 19:06:17 | INFO | tara_parser | Добавлена номенклатура: client_row=1075 item_row=1078 item=Замок тип А total=1
2026-04-28 19:06:17 | INFO | tara_parser | Добавлена номенклатура: client_row=1075 item_row=1079 item=Пеногаситель Пегас Drive DUO total=1
2026-04-28 19:06:17 | INFO | tara_parser | Найден клиент: row=1080 client=Зенков Р.Е. ИП - Волчок (Бердск г, Ленина ул, дом № 23А) total=1
2026-04-28 19:06:17 | INFO | tara_parser | Добавлена номенклатура: client_row=1080 item_row=1081 item=Шкаф холодильный Балтика 0701994104-0954 total=1
2026-04-28 19:06:17 | INFO | tara_parser | Найден клиент: row=1082 client=Зенков Р.Е. ИП - Волчок (Искитим г, Индустриальный мкр, дом № 17а) total=1
2026-04-28 19:06:17 | INFO | tara_parser | Добавлена номенклатура: client_row=1082 item_row=1083 item=Шкаф холодильный Балтика 0701994095-0311 total=1
2026-04-28 19:06:17 | INFO | tara_parser | Найден клиент: row=1084 client=Зороян Захар Артурович ИП - Волчок(Бердск г, 2-я Заводская ул, дом № 11/2, корпус 1) total=6
2026-04-28 19:06:17 | INFO | tara_parser | Добавлена номенклатура: client_row=1084 item_row=1085 item=Бочка 50л S RU total=5
2026-04-28 19:06:17 | INFO | tara_parser | Добавлена номенклатура: client_row=1084 item_row=1086 item=Бочка 50л тип S total=-3
2026-04-28 19:06:17 | INFO | tara_parser | Добавлена номенклатура: client_row=1084 item_row=1087 item=Замок тип А total=2
2026-04-28 19:06:17 | INFO | tara_parser | Добавлена номенклатура: client_row=1084 item_row=1088 item=Пеногаситель Пегас Drive DUO total=1
2026-04-28 19:06:17 | INFO | tara_parser | Добавлена номенклатура: client_row=1084 item_row=1089 item=Шкаф холодильный Балтика 0701994092-3927 total=1
2026-04-28 19:06:17 | INFO | tara_parser | Найден клиент: row=1090 client=Иванов Сергей Юрьевич ИП - Волчок (Бердск г, Рогачева ул, дом № 10) total=5
2026-04-28 19:06:17 | INFO | tara_parser | Добавлена номенклатура: client_row=1090 item_row=1091 item=Бочка 50л тип S total=1
2026-04-28 19:06:17 | INFO | tara_parser | Добавлена номенклатура: client_row=1090 item_row=1092 item=Бочка 50л тип А total=1
2026-04-28 19:06:17 | INFO | tara_parser | Добавлена номенклатура: client_row=1090 item_row=1093 item=Замок тип S total=1
2026-04-28 19:06:17 | INFO | tara_parser | Добавлена номенклатура: client_row=1090 item_row=1094 item=Замок тип А total=1
2026-04-28 19:06:17 | INFO | tara_parser | Добавлена номенклатура: client_row=1090 item_row=1095 item=Пеногаситель WINTAP на 2 потока total=1
2026-04-28 19:06:17 | INFO | tara_parser | Найден клиент: row=1096 client=Иванцов Вадим Альбертович ИП - Ганиев total=4
2026-04-28 19:06:17 | INFO | tara_parser | Добавлена номенклатура: client_row=1096 item_row=1097 item=Бочка 50л тип А Высокая total=4
2026-04-28 19:06:17 | INFO | tara_parser | Найден клиент: row=1098 client=Идиатуллин Р.А. ИП - Щербатов (Дуси Ковальчук ул, дом № 266/2) total=4
2026-04-28 19:06:17 | INFO | tara_parser | Добавлена номенклатура: client_row=1098 item_row=1099 item=Бочка 50л тип S total=2
2026-04-28 19:06:17 | INFO | tara_parser | Добавлена номенклатура: client_row=1098 item_row=1100 item=Замок тип S total=1
2026-04-28 19:06:17 | INFO | tara_parser | Добавлена номенклатура: client_row=1098 item_row=1101 item=Пеногаситель Пегас Drive total=1
2026-04-28 19:06:17 | INFO | tara_parser | Найден клиент: row=1102 client=Исаченко Лариса Артуровна ИП - Волчок(Бердск г, М.Горького ул, дом № 4) total=11
2026-04-28 19:06:17 | INFO | tara_parser | Добавлена номенклатура: client_row=1102 item_row=1103 item=Бочка 30л тип А Златый Базант/Три Медведя/Остмарк total=1
2026-04-28 19:06:17 | INFO | tara_parser | Добавлена номенклатура: client_row=1102 item_row=1104 item=Бочка 50л тип S total=5
2026-04-28 19:06:17 | INFO | tara_parser | Пропуск служебной строки: row=1105 text=Реализация товаров и услуг Бе00-017547 от 28.04.2026 0:00:00
2026-04-28 19:06:17 | INFO | tara_parser | Добавлена номенклатура: client_row=1102 item_row=1106 item=Бочка 50л тип А total=1
2026-04-28 19:06:17 | INFO | tara_parser | Пропуск служебной строки: row=1107 text=Реализация товаров и услуг Бе00-017547 от 28.04.2026 0:00:00
2026-04-28 19:06:17 | INFO | tara_parser | Добавлена номенклатура: client_row=1102 item_row=1108 item=Бочка 50л тип А Высокая total=1
2026-04-28 19:06:17 | INFO | tara_parser | Добавлена номенклатура: client_row=1102 item_row=1109 item=Замок тип S total=1
2026-04-28 19:06:17 | INFO | tara_parser | Добавлена номенклатура: client_row=1102 item_row=1110 item=Замок тип А total=1
2026-04-28 19:06:17 | INFO | tara_parser | Добавлена номенклатура: client_row=1102 item_row=1111 item=Пеногаситель WINTAP на 2 потока total=1
2026-04-28 19:06:17 | INFO | tara_parser | Найден клиент: row=1112 client=Истомин Роман Алексеевич ИП - Щербатов (Мира ул, дом № 16) total=7
2026-04-28 19:06:17 | INFO | tara_parser | Добавлена номенклатура: client_row=1112 item_row=1113 item=Бочка 50л тип А Высокая total=1
2026-04-28 19:06:17 | INFO | tara_parser | Добавлена номенклатура: client_row=1112 item_row=1114 item=Замок тип S total=1
2026-04-28 19:06:17 | INFO | tara_parser | Добавлена номенклатура: client_row=1112 item_row=1115 item=Замок тип А total=3
2026-04-28 19:06:17 | INFO | tara_parser | Добавлена номенклатура: client_row=1112 item_row=1116 item=Охладитель "Каставр 75" Эдем total=1
2026-04-28 19:06:17 | INFO | tara_parser | Добавлена номенклатура: client_row=1112 item_row=1117 item=Холодильник Евробир (5 флагов) №13350001257055 total=1
2026-04-28 19:06:17 | INFO | tara_parser | Найден клиент: row=1118 client=Истомин Роман Алексеевич ИП - Щербатов (Петухова ул, дом № 99/2) total=1
2026-04-28 19:06:17 | INFO | tara_parser | Добавлена номенклатура: client_row=1118 item_row=1119 item=Бочка 50л тип А Высокая total=1
2026-04-28 19:06:17 | INFO | tara_parser | Найден клиент: row=1120 client=Казакова Олеся Леонидовна ИП - Колягин (Тульская ул, дом № 90/2) total=7
2026-04-28 19:06:17 | INFO | tara_parser | Добавлена номенклатура: client_row=1120 item_row=1121 item=Бочка 50л тип S total=1
2026-04-28 19:06:17 | INFO | tara_parser | Добавлена номенклатура: client_row=1120 item_row=1122 item=Бочка 50л тип А total=1
2026-04-28 19:06:17 | INFO | tara_parser | Добавлена номенклатура: client_row=1120 item_row=1123 item=Бочка 50л тип А Высокая total=5
2026-04-28 19:06:17 | INFO | tara_parser | Найден клиент: row=1124 client=Калугина Вера Сергеевна ИП (Щербатов) (Чигорина ул, дом № 65/1) total=12
2026-04-28 19:06:17 | INFO | tara_parser | Добавлена номенклатура: client_row=1124 item_row=1125 item=Бочка 30л тип А Златый Базант/Три Медведя/Остмарк total=5
2026-04-28 19:06:17 | INFO | tara_parser | Добавлена номенклатура: client_row=1124 item_row=1126 item=Бочка 50л тип S total=3
2026-04-28 19:06:17 | INFO | tara_parser | Добавлена номенклатура: client_row=1124 item_row=1127 item=Бочка 50л тип А total=1
2026-04-28 19:06:17 | INFO | tara_parser | Добавлена номенклатура: client_row=1124 item_row=1128 item=Замок тип S total=1
2026-04-28 19:06:17 | INFO | tara_parser | Добавлена номенклатура: client_row=1124 item_row=1129 item=Замок тип А total=1
2026-04-28 19:06:17 | INFO | tara_parser | Добавлена номенклатура: client_row=1124 item_row=1130 item=Пеногаситель Пегас Drive DUO total=1
2026-04-28 19:06:17 | INFO | tara_parser | Найден клиент: row=1131 client=Карабаева Алёна Ивановна ИП - Волчок (Бердск г, Лунная ул, дом № 11а) (Бывшая Куренбина) total=10
2026-04-28 19:06:17 | INFO | tara_parser | Добавлена номенклатура: client_row=1131 item_row=1132 item=Бочка 50л S RU total=12
2026-04-28 19:06:17 | INFO | tara_parser | Пропуск служебной строки: row=1133 text=Реализация товаров и услуг Бе00-017498 от 28.04.2026 0:00:00
2026-04-28 19:06:17 | INFO | tara_parser | Добавлена номенклатура: client_row=1131 item_row=1134 item=Бочка 50л тип S total=-6
2026-04-28 19:06:17 | INFO | tara_parser | Пропуск служебной строки: row=1135 text=Реализация товаров и услуг Бе00-017498 от 28.04.2026 0:00:00
2026-04-28 19:06:17 | INFO | tara_parser | Добавлена номенклатура: client_row=1131 item_row=1136 item=Замок тип S total=2
2026-04-28 19:06:17 | INFO | tara_parser | Добавлена номенклатура: client_row=1131 item_row=1137 item=Пеногаситель Пегас Drive total=2
2026-04-28 19:06:17 | INFO | tara_parser | Найден клиент: row=1138 client=Карабаева Алёна Ивановна ИП - Волчок (Бердск г, Рогачева ул, дом № 22а) (Бывшая Куренбина) total=12
2026-04-28 19:06:17 | INFO | tara_parser | Добавлена номенклатура: client_row=1138 item_row=1139 item=Бочка 30л тип А Златый Базант/Три Медведя/Остмарк total=2
2026-04-28 19:06:17 | INFO | tara_parser | Добавлена номенклатура: client_row=1138 item_row=1140 item=Бочка 50л S RU total=23
2026-04-28 19:06:17 | INFO | tara_parser | Пропуск служебной строки: row=1141 text=Реализация товаров и услуг Бе00-017499 от 28.04.2026 0:00:00
2026-04-28 19:06:17 | INFO | tara_parser | Добавлена номенклатура: client_row=1138 item_row=1142 item=Бочка 50л тип S total=-17
2026-04-28 19:06:17 | INFO | tara_parser | Пропуск служебной строки: row=1143 text=Реализация товаров и услуг Бе00-017499 от 28.04.2026 0:00:00
2026-04-28 19:06:17 | INFO | tara_parser | Добавлена номенклатура: client_row=1138 item_row=1144 item=Замок тип S total=1
2026-04-28 19:06:17 | INFO | tara_parser | Добавлена номенклатура: client_row=1138 item_row=1145 item=Замок тип А total=1
2026-04-28 19:06:17 | INFO | tara_parser | Добавлена номенклатура: client_row=1138 item_row=1146 item=Пеногаситель Пегас Drive total=2
2026-04-28 19:06:17 | INFO | tara_parser | Найден клиент: row=1147 client=Караваева Татьяна Сергеевна ИП - Ганиев(Ярково с, Советская ул, дом № 52) total=8
2026-04-28 19:06:17 | INFO | tara_parser | Добавлена номенклатура: client_row=1147 item_row=1148 item=Бочка 50л тип S total=1
2026-04-28 19:06:17 | INFO | tara_parser | Добавлена номенклатура: client_row=1147 item_row=1149 item=Замок тип S total=2
2026-04-28 19:06:17 | INFO | tara_parser | Добавлена номенклатура: client_row=1147 item_row=1150 item=Замок тип А total=4
2026-04-28 19:06:17 | INFO | tara_parser | Добавлена номенклатура: client_row=1147 item_row=1151 item=Пеногаситель Пегас Drive DUO total=1
2026-04-28 19:06:17 | INFO | tara_parser | Найден клиент: row=1152 client=Карасов Игорь Евстафьевич ИП - Волчок (НТС Мечта-2 тер.) total=3
2026-04-28 19:06:17 | INFO | tara_parser | Добавлена номенклатура: client_row=1152 item_row=1153 item=Замок тип S total=1
2026-04-28 19:06:17 | INFO | tara_parser | Добавлена номенклатура: client_row=1152 item_row=1154 item=Замок тип А total=1
2026-04-28 19:06:17 | INFO | tara_parser | Добавлена номенклатура: client_row=1152 item_row=1155 item=Пеногаситель WINTAP на 2 потока total=1
2026-04-28 19:06:17 | INFO | tara_parser | Найден клиент: row=1156 client=Карасов Игорь Евстафьевич ИП - Волчок (НТС Родник-2 Лесная ул, участок № 143) total=6
2026-04-28 19:06:17 | INFO | tara_parser | Добавлена номенклатура: client_row=1156 item_row=1157 item=Замок тип S total=1
2026-04-28 19:06:17 | INFO | tara_parser | Добавлена номенклатура: client_row=1156 item_row=1158 item=Замок тип А total=3
2026-04-28 19:06:17 | INFO | tara_parser | Добавлена номенклатура: client_row=1156 item_row=1159 item=Пеногаситель WINTAP на 2 потока total=2
2026-04-28 19:06:17 | INFO | tara_parser | Найден клиент: row=1160 client=Карасов Игорь Евстафьевич ИП - Волчок (СНТ Запрудный, Садовая ул, участок № 262) total=7
2026-04-28 19:06:17 | INFO | tara_parser | Добавлена номенклатура: client_row=1160 item_row=1161 item=Замок тип S total=2
2026-04-28 19:06:17 | INFO | tara_parser | Добавлена номенклатура: client_row=1160 item_row=1162 item=Замок тип А total=2
2026-04-28 19:06:17 | INFO | tara_parser | Добавлена номенклатура: client_row=1160 item_row=1163 item=Пеногаситель WINTAP на 2 потока total=2
2026-04-28 19:06:17 | INFO | tara_parser | Добавлена номенклатура: client_row=1160 item_row=1164 item=Редуктор на 1 выход total=1
2026-04-28 19:06:17 | INFO | tara_parser | Найден клиент: row=1165 client=Карицкая Ирина Михайловна ИП - Колягин(Ипподромская ул, дом № 54) total=3
2026-04-28 19:06:17 | INFO | tara_parser | Добавлена номенклатура: client_row=1165 item_row=1166 item=Замок тип G total=2
2026-04-28 19:06:17 | INFO | tara_parser | Добавлена номенклатура: client_row=1165 item_row=1167 item=Пеногаситель WINTAP на 2 потока total=1
2026-04-28 19:06:17 | INFO | tara_parser | Найден клиент: row=1168 client=Карлина Е.В. ИП - Воротников (Кудряшовский с/с, СНТ Дзержинец ул Центральная, дом № 1а) total=14
2026-04-28 19:06:17 | INFO | tara_parser | Добавлена номенклатура: client_row=1168 item_row=1169 item=Баллон 25 кг. (Углекислота) total=1
2026-04-28 19:06:17 | INFO | tara_parser | Добавлена номенклатура: client_row=1168 item_row=1170 item=Бочка 30л тип А Златый Базант/Три Медведя/Остмарк total=1
2026-04-28 19:06:17 | INFO | tara_parser | Добавлена номенклатура: client_row=1168 item_row=1171 item=Бочка 50л тип S total=2
2026-04-28 19:06:17 | INFO | tara_parser | Добавлена номенклатура: client_row=1168 item_row=1172 item=Бочка 50л тип А total=1
2026-04-28 19:06:17 | INFO | tara_parser | Добавлена номенклатура: client_row=1168 item_row=1173 item=Замок тип S total=1
2026-04-28 19:06:17 | INFO | tara_parser | Добавлена номенклатура: client_row=1168 item_row=1174 item=Замок тип А total=5
2026-04-28 19:06:17 | INFO | tara_parser | Добавлена номенклатура: client_row=1168 item_row=1175 item=Пеногаситель Пегас Evolution DUO total=3
2026-04-28 19:06:17 | INFO | tara_parser | Найден клиент: row=1176 client=Карманова Кристина Игоревна ИП - Щербатов (Болотное г, Коммунистическая ул, дом № 67) total=13
2026-04-28 19:06:17 | INFO | tara_parser | Добавлена номенклатура: client_row=1176 item_row=1177 item=Бочка 30л тип А Златый Базант/Три Медведя/Остмарк total=4
2026-04-28 19:06:17 | INFO | tara_parser | Добавлена номенклатура: client_row=1176 item_row=1178 item=Бочка 50л тип S total=4
2026-04-28 19:06:17 | INFO | tara_parser | Добавлена номенклатура: client_row=1176 item_row=1179 item=Замок тип S total=2
2026-04-28 19:06:17 | INFO | tara_parser | Добавлена номенклатура: client_row=1176 item_row=1180 item=Замок тип А total=1
2026-04-28 19:06:17 | INFO | tara_parser | Добавлена номенклатура: client_row=1176 item_row=1181 item=Пеногаситель пегас WinTap 2 поток (металл) total=2
2026-04-28 19:06:17 | INFO | tara_parser | Найден клиент: row=1182 client=Карякин Евгений Викторович ИП - Колягин (Красный Яр п, дом № 22, корпус 3) total=5
2026-04-28 19:06:17 | INFO | tara_parser | Добавлена номенклатура: client_row=1182 item_row=1183 item=Бочка 50л тип S total=3
2026-04-28 19:06:17 | INFO | tara_parser | Добавлена номенклатура: client_row=1182 item_row=1184 item=Замок тип S total=1
2026-04-28 19:06:17 | INFO | tara_parser | Добавлена номенклатура: client_row=1182 item_row=1185 item=Пеногаситель Пегас U-Classic DUO total=1
2026-04-28 19:06:17 | INFO | tara_parser | Найден клиент: row=1186 client=Карякина Е. А. ИП - Колягин (Дунаевского ул, дом № 14) total=7
2026-04-28 19:06:17 | INFO | tara_parser | Добавлена номенклатура: client_row=1186 item_row=1187 item=Бочка 50л тип S total=2
2026-04-28 19:06:17 | INFO | tara_parser | Добавлена номенклатура: client_row=1186 item_row=1188 item=Бочка 50л тип А total=1
2026-04-28 19:06:17 | INFO | tara_parser | Добавлена номенклатура: client_row=1186 item_row=1189 item=Замок тип S total=2
2026-04-28 19:06:17 | INFO | tara_parser | Добавлена номенклатура: client_row=1186 item_row=1190 item=Замок тип А total=1
2026-04-28 19:06:17 | INFO | tara_parser | Добавлена номенклатура: client_row=1186 item_row=1191 item=Пеногаситель WINTAP на 2 потока total=1
2026-04-28 19:06:17 | INFO | tara_parser | Найден клиент: row=1192 client=Катаев Р.Н. ИП - Ганиев (Чернаково п, Ильича ул, дом № 38) (от Эдема для снятия оборудования) total=1
2026-04-28 19:06:17 | INFO | tara_parser | Добавлена номенклатура: client_row=1192 item_row=1193 item=Замок тип S total=1
2026-04-28 19:06:17 | INFO | tara_parser | Найден клиент: row=1194 client=Квадра ООО - Волчок (Известковая 4-я ул, дом № 1, корпус а) КПП544645001 total=2
2026-04-28 19:06:17 | INFO | tara_parser | Добавлена номенклатура: client_row=1194 item_row=1195 item=Замок тип S total=1
2026-04-28 19:06:17 | INFO | tara_parser | Добавлена номенклатура: client_row=1194 item_row=1196 item=Пеногаситель WINTAP на 1 поток total=1
2026-04-28 19:06:17 | INFO | tara_parser | Найден клиент: row=1197 client=Квинт А.Ю. ИП - Колягин (Лейтенанта Амосова ул, дом № 67а) (У) total=4
2026-04-28 19:06:17 | INFO | tara_parser | Добавлена номенклатура: client_row=1197 item_row=1198 item=Бочка 50л тип А total=1
2026-04-28 19:06:17 | INFO | tara_parser | Добавлена номенклатура: client_row=1197 item_row=1199 item=Замок тип А total=2
2026-04-28 19:06:17 | INFO | tara_parser | Добавлена номенклатура: client_row=1197 item_row=1200 item=Пеногаситель WINTAP на 2 потока total=1
2026-04-28 19:06:17 | INFO | tara_parser | Найден клиент: row=1201 client=Кекин Ф.Д. ИП - Щербатов (Марусино с, Благое мкр, Мечты ул, дом № 2) total=11
2026-04-28 19:06:17 | INFO | tara_parser | Добавлена номенклатура: client_row=1201 item_row=1202 item=Бочка 30л тип А Златый Базант/Три Медведя/Остмарк total=7
2026-04-28 19:06:17 | INFO | tara_parser | Добавлена номенклатура: client_row=1201 item_row=1203 item=Бочка 50л S RU total=58
2026-04-28 19:06:17 | INFO | tara_parser | Добавлена номенклатура: client_row=1201 item_row=1204 item=Бочка 50л тип S total=-56
2026-04-28 19:06:17 | INFO | tara_parser | Добавлена номенклатура: client_row=1201 item_row=1205 item=Замок тип S total=2
2026-04-28 19:06:17 | INFO | tara_parser | Найден клиент: row=1206 client=Кельман Михаил Александрович ИП - Колягин(Жуковского ул, дом № 76) total=3
2026-04-28 19:06:17 | INFO | tara_parser | Добавлена номенклатура: client_row=1206 item_row=1207 item=Замок тип S total=1
2026-04-28 19:06:17 | INFO | tara_parser | Добавлена номенклатура: client_row=1206 item_row=1208 item=Замок тип А total=1
2026-04-28 19:06:17 | INFO | tara_parser | Добавлена номенклатура: client_row=1206 item_row=1209 item=Пеногаситель WINTAP на 2 потока total=1
2026-04-28 19:06:17 | INFO | tara_parser | Найден клиент: row=1210 client=КЕТИ ООО - Ганиев (Верх-Тула с, Учительская ул, дом № 78/1) total=8
2026-04-28 19:06:17 | INFO | tara_parser | Добавлена номенклатура: client_row=1210 item_row=1211 item=Бочка 50л тип S total=1
2026-04-28 19:06:17 | INFO | tara_parser | Добавлена номенклатура: client_row=1210 item_row=1212 item=Бочка 50л тип А Высокая total=1
2026-04-28 19:06:17 | INFO | tara_parser | Добавлена номенклатура: client_row=1210 item_row=1213 item=Замок тип S total=1
2026-04-28 19:06:17 | INFO | tara_parser | Добавлена номенклатура: client_row=1210 item_row=1214 item=Замок тип А total=3
2026-04-28 19:06:17 | INFO | tara_parser | Добавлена номенклатура: client_row=1210 item_row=1215 item=Пеногаситель пегас WinTap Twin 2 потока(металл) total=2
2026-04-28 19:06:17 | INFO | tara_parser | Найден клиент: row=1216 client=Киося Светлана Николаевна ИП - Волчок(Искитим г, Советская ул, дом № 360) total=16
2026-04-28 19:06:17 | INFO | tara_parser | Добавлена номенклатура: client_row=1216 item_row=1217 item=Башня 2 кр (хром) total=1
2026-04-28 19:06:17 | INFO | tara_parser | Добавлена номенклатура: client_row=1216 item_row=1218 item=Бочка 30л тип А Златый Базант/Три Медведя/Остмарк total=6
2026-04-28 19:06:17 | INFO | tara_parser | Добавлена номенклатура: client_row=1216 item_row=1219 item=Замок тип А total=2
2026-04-28 19:06:17 | INFO | tara_parser | Добавлена номенклатура: client_row=1216 item_row=1220 item=Каплесборник total=1
2026-04-28 19:06:17 | INFO | tara_parser | Добавлена номенклатура: client_row=1216 item_row=1221 item=Кран с компенсатором (хром) total=2
2026-04-28 19:06:17 | INFO | tara_parser | Добавлена номенклатура: client_row=1216 item_row=1222 item=Медальон (хром) total=2
2026-04-28 19:06:17 | INFO | tara_parser | Добавлена номенклатура: client_row=1216 item_row=1223 item=Охладитель Тайфун 90 на 2 пр. №25912 total=1
2026-04-28 19:06:17 | INFO | tara_parser | Добавлена номенклатура: client_row=1216 item_row=1224 item=Редуктор на 1 выход total=1
2026-04-28 19:06:17 | INFO | tara_parser | Найден клиент: row=1225 client=Кирпиченко А. Ф. ИП - (Криводановка, м-он 11б) total=14
2026-04-28 19:06:17 | INFO | tara_parser | Добавлена номенклатура: client_row=1225 item_row=1226 item=Бочка 50л тип S total=6
2026-04-28 19:06:17 | INFO | tara_parser | Добавлена номенклатура: client_row=1225 item_row=1227 item=Бочка 50л тип А Высокая total=3
2026-04-28 19:06:17 | INFO | tara_parser | Добавлена номенклатура: client_row=1225 item_row=1228 item=Замок тип А total=2
2026-04-28 19:06:17 | INFO | tara_parser | Добавлена номенклатура: client_row=1225 item_row=1229 item=Пеногаситель Пегас total=2
2026-04-28 19:06:17 | INFO | tara_parser | Добавлена номенклатура: client_row=1225 item_row=1230 item=Редуктор на 1 выход total=1
2026-04-28 19:06:17 | INFO | tara_parser | Найден клиент: row=1231 client=Кирпиченко А. Ф. ИП - (Криводановка, м-он 5) total=10
2026-04-28 19:06:17 | INFO | tara_parser | Добавлена номенклатура: client_row=1231 item_row=1232 item=Бочка 50л тип S total=5
2026-04-28 19:06:17 | INFO | tara_parser | Добавлена номенклатура: client_row=1231 item_row=1233 item=Замок тип А total=2
2026-04-28 19:06:17 | INFO | tara_parser | Добавлена номенклатура: client_row=1231 item_row=1234 item=Пеногаситель Пегас total=2
2026-04-28 19:06:17 | INFO | tara_parser | Добавлена номенклатура: client_row=1231 item_row=1235 item=Редуктор на 1 выход total=1
2026-04-28 19:06:17 | INFO | tara_parser | Найден клиент: row=1236 client=Кирпиченко А. Ф. ИП - Щербатов total=6
2026-04-28 19:06:17 | INFO | tara_parser | Добавлена номенклатура: client_row=1236 item_row=1237 item=Замок тип S total=1
2026-04-28 19:06:17 | INFO | tara_parser | Добавлена номенклатура: client_row=1236 item_row=1238 item=Замок тип А total=2
2026-04-28 19:06:17 | INFO | tara_parser | Добавлена номенклатура: client_row=1236 item_row=1239 item=Пеногаситель Пегас Ecotap total=3
2026-04-28 19:06:17 | INFO | tara_parser | Найден клиент: row=1240 client=Кирпиченко Алексей Анатольевич ИП - Щербатов (Криводановка с, Микрорайон тер, дом № 11б) (ликвид) total=4
2026-04-28 19:06:17 | INFO | tara_parser | Добавлена номенклатура: client_row=1240 item_row=1241 item=Бочка 50л тип S total=4
2026-04-28 19:06:17 | INFO | tara_parser | Найден клиент: row=1242 client=Кирпиченко Алёна Фёдоровна ИП , Криводановка с, Микрорайон тер, дом № 11, корпус б total=-7
2026-04-28 19:06:17 | INFO | tara_parser | Добавлена номенклатура: client_row=1242 item_row=1243 item=Бочка 50л тип S total=-7
2026-04-28 19:06:17 | INFO | tara_parser | Найден клиент: row=1244 client=Кирьянов Е.А. ИП - Колягин (Горский мкр, дом № 82) total=14
2026-04-28 19:06:17 | INFO | tara_parser | Добавлена номенклатура: client_row=1244 item_row=1245 item=Бочка 30л BLK total=3
2026-04-28 19:06:17 | INFO | tara_parser | Добавлена номенклатура: client_row=1244 item_row=1246 item=Бочка 30л тип А Златый Базант/Три Медведя/Остмарк total=-1
2026-04-28 19:06:17 | INFO | tara_parser | Добавлена номенклатура: client_row=1244 item_row=1247 item=Бочка 50л тип S total=6
2026-04-28 19:06:17 | INFO | tara_parser | Добавлена номенклатура: client_row=1244 item_row=1248 item=Замок тип G total=1
2026-04-28 19:06:17 | INFO | tara_parser | Добавлена номенклатура: client_row=1244 item_row=1249 item=Замок тип S total=2
2026-04-28 19:06:17 | INFO | tara_parser | Добавлена номенклатура: client_row=1244 item_row=1250 item=Замок тип А total=1
2026-04-28 19:06:17 | INFO | tara_parser | Добавлена номенклатура: client_row=1244 item_row=1251 item=Пеногаситель WINTAP на 2 потока total=1
2026-04-28 19:06:17 | INFO | tara_parser | Добавлена номенклатура: client_row=1244 item_row=1252 item=Пеногаситель Пегас Drive DUO total=1
2026-04-28 19:06:17 | INFO | tara_parser | Найден клиент: row=1253 client=Киселькова Елена Ильинична ИП - Щербатов (У)(Станционная ул, дом № 28/3) total=19
2026-04-28 19:06:17 | INFO | tara_parser | Добавлена номенклатура: client_row=1253 item_row=1254 item=Бочка 50л тип А Высокая total=7
2026-04-28 19:06:17 | INFO | tara_parser | Добавлена номенклатура: client_row=1253 item_row=1255 item=Замок тип А total=8
2026-04-28 19:06:17 | INFO | tara_parser | Добавлена номенклатура: client_row=1253 item_row=1256 item=Пеногаситель Пегас Drive DUO total=3
2026-04-28 19:06:17 | INFO | tara_parser | Добавлена номенклатура: client_row=1253 item_row=1257 item=Пеногаситель Пегас U-Classic DUO total=1
2026-04-28 19:06:17 | INFO | tara_parser | Найден клиент: row=1258 client=Ковальчук Ольга Юрьевна ИП - Воротников (Кудряшовский с/с, СНТ Медтехника ул Степная, дом № 30) total=3
2026-04-28 19:06:17 | INFO | tara_parser | Добавлена номенклатура: client_row=1258 item_row=1259 item=Бочка 30л ПМ Эфес (DRAFT НЕРЖ RU) total=-1
2026-04-28 19:06:17 | INFO | tara_parser | Добавлена номенклатура: client_row=1258 item_row=1260 item=Бочка 30л САБ Миллер (SANKEY НЕРЖ RU) total=1
2026-04-28 19:06:17 | INFO | tara_parser | Добавлена номенклатура: client_row=1258 item_row=1261 item=Замок тип D total=1
2026-04-28 19:06:17 | INFO | tara_parser | Добавлена номенклатура: client_row=1258 item_row=1262 item=Замок тип S total=2
2026-04-28 19:06:17 | INFO | tara_parser | Найден клиент: row=1263 client=Кожемякин Александр Сергеевич ИП - Колягин total=4
2026-04-28 19:06:17 | INFO | tara_parser | Добавлена номенклатура: client_row=1263 item_row=1264 item=Бочка 50л тип S total=3
2026-04-28 19:06:17 | INFO | tara_parser | Добавлена номенклатура: client_row=1263 item_row=1265 item=Пеногаситель Пегас Drive DUO total=1
2026-04-28 19:06:17 | INFO | tara_parser | Найден клиент: row=1266 client=Кожина Лилия Витальевна ИП - Волчок total=31
2026-04-28 19:06:17 | INFO | tara_parser | Добавлена номенклатура: client_row=1266 item_row=1267 item=Бочка 30л тип А Златый Базант/Три Медведя/Остмарк total=11
2026-04-28 19:06:17 | INFO | tara_parser | Пропуск служебной строки: row=1268 text=Реализация товаров и услуг Бе00-017529 от 28.04.2026 0:00:00
2026-04-28 19:06:17 | INFO | tara_parser | Добавлена номенклатура: client_row=1266 item_row=1269 item=Бочка 50л S RU total=2
2026-04-28 19:06:17 | INFO | tara_parser | Добавлена номенклатура: client_row=1266 item_row=1270 item=Бочка 50л тип S total=5
2026-04-28 19:06:17 | INFO | tara_parser | Пропуск служебной строки: row=1271 text=Реализация товаров и услуг Бе00-017529 от 28.04.2026 0:00:00
2026-04-28 19:06:17 | INFO | tara_parser | Добавлена номенклатура: client_row=1266 item_row=1272 item=Бочка 50л тип А total=5
2026-04-28 19:06:17 | INFO | tara_parser | Пропуск служебной строки: row=1273 text=Реализация товаров и услуг Бе00-017529 от 28.04.2026 0:00:00
2026-04-28 19:06:17 | INFO | tara_parser | Добавлена номенклатура: client_row=1266 item_row=1274 item=Замок тип S total=2
2026-04-28 19:06:17 | INFO | tara_parser | Добавлена номенклатура: client_row=1266 item_row=1275 item=Замок тип А total=1
2026-04-28 19:06:17 | INFO | tara_parser | Добавлена номенклатура: client_row=1266 item_row=1276 item=Охладитель Тайфун 90 на 2 пр. №58064 total=1
2026-04-28 19:06:17 | INFO | tara_parser | Добавлена номенклатура: client_row=1266 item_row=1277 item=Пеногаситель Пегас total=3
2026-04-28 19:06:17 | INFO | tara_parser | Добавлена номенклатура: client_row=1266 item_row=1278 item=Редуктор на 1 выход total=1
2026-04-28 19:06:17 | INFO | tara_parser | Найден клиент: row=1279 client=Колядина Алеся Григорьевна ИП - Колягин (Красина ул, дом № 62) total=14
2026-04-28 19:06:17 | INFO | tara_parser | Добавлена номенклатура: client_row=1279 item_row=1280 item=Бочка 50л тип S total=4
2026-04-28 19:06:17 | INFO | tara_parser | Добавлена номенклатура: client_row=1279 item_row=1281 item=Замок тип G total=1
2026-04-28 19:06:17 | INFO | tara_parser | Добавлена номенклатура: client_row=1279 item_row=1282 item=Замок тип S total=1
2026-04-28 19:06:17 | INFO | tara_parser | Добавлена номенклатура: client_row=1279 item_row=1283 item=Замок тип А total=3
2026-04-28 19:06:17 | INFO | tara_parser | Добавлена номенклатура: client_row=1279 item_row=1284 item=Пеногаситель Пегас Drive DUO total=4
2026-04-28 19:06:17 | INFO | tara_parser | Добавлена номенклатура: client_row=1279 item_row=1285 item=Шкаф холодильный Балтика 0701991003-626 total=1
2026-04-28 19:06:17 | INFO | tara_parser | Найден клиент: row=1286 client=КОНДОР ООО - Волчок (Бердск г, Первомайская ул, дом № 121) total=3
2026-04-28 19:06:17 | INFO | tara_parser | Добавлена номенклатура: client_row=1286 item_row=1287 item=Бочка 30л тип А Златый Базант/Три Медведя/Остмарк total=1
2026-04-28 19:06:17 | INFO | tara_parser | Добавлена номенклатура: client_row=1286 item_row=1288 item=Бочка 50л S RU total=2
2026-04-28 19:06:17 | INFO | tara_parser | Найден клиент: row=1289 client=КОНДОР ООО - Воротников (Экваторная ул, дом № 2б) total=14
2026-04-28 19:06:17 | INFO | tara_parser | Добавлена номенклатура: client_row=1289 item_row=1290 item=Бочка 30л тип А Златый Базант/Три Медведя/Остмарк total=1
2026-04-28 19:06:17 | INFO | tara_parser | Добавлена номенклатура: client_row=1289 item_row=1291 item=Бочка 30л Хейнекен (Златый Базант тип S) total=1
2026-04-28 19:06:17 | INFO | tara_parser | Добавлена номенклатура: client_row=1289 item_row=1292 item=Бочка 50л тип S total=5
2026-04-28 19:06:17 | INFO | tara_parser | Добавлена номенклатура: client_row=1289 item_row=1293 item=Замок тип G total=1
2026-04-28 19:06:17 | INFO | tara_parser | Добавлена номенклатура: client_row=1289 item_row=1294 item=Замок тип S total=-1
2026-04-28 19:06:17 | INFO | tara_parser | Добавлена номенклатура: client_row=1289 item_row=1295 item=Замок тип А total=3
2026-04-28 19:06:17 | INFO | tara_parser | Добавлена номенклатура: client_row=1289 item_row=1296 item=Пеногаситель Пегас Drive DUO total=4
2026-04-28 19:06:17 | INFO | tara_parser | Найден клиент: row=1297 client=Конозенко С. Н. ИП - Волчок (Бердск г, Микрорайон ул, дом № 45а) total=9
2026-04-28 19:06:17 | INFO | tara_parser | Добавлена номенклатура: client_row=1297 item_row=1298 item=Бочка 50л тип S total=9
2026-04-28 19:06:17 | INFO | tara_parser | Найден клиент: row=1299 client=Конозенко С. Н. ИП - Волчок (Бердск г, Советская ул, дом № 83а) total=7
2026-04-28 19:06:17 | INFO | tara_parser | Добавлена номенклатура: client_row=1299 item_row=1300 item=Бочка 50л тип S total=5
2026-04-28 19:06:17 | INFO | tara_parser | Добавлена номенклатура: client_row=1299 item_row=1301 item=Замок тип S total=1
2026-04-28 19:06:17 | INFO | tara_parser | Добавлена номенклатура: client_row=1299 item_row=1302 item=Пеногаситель Пегас Ecotap total=1
2026-04-28 19:06:17 | INFO | tara_parser | Найден клиент: row=1303 client=Конозенко Светлана Сергеевна ИП - Волчок (Бердск г, Герцена ул, дом № 8) total=6
2026-04-28 19:06:17 | INFO | tara_parser | Добавлена номенклатура: client_row=1303 item_row=1304 item=Бочка 50л тип S total=3
2026-04-28 19:06:17 | INFO | tara_parser | Добавлена номенклатура: client_row=1303 item_row=1305 item=Замок тип S total=1
2026-04-28 19:06:17 | INFO | tara_parser | Добавлена номенклатура: client_row=1303 item_row=1306 item=Замок тип А total=1
2026-04-28 19:06:17 | INFO | tara_parser | Добавлена номенклатура: client_row=1303 item_row=1307 item=Пеногаситель Пегас Drive total=1
2026-04-28 19:06:17 | INFO | tara_parser | Найден клиент: row=1308 client=Конозенко Светлана Сергеевна ИП - Волчок (Бердск г, Пролетарская ул, дом № 39) total=6
2026-04-28 19:06:17 | INFO | tara_parser | Добавлена номенклатура: client_row=1308 item_row=1309 item=Бочка 50л тип S total=4
2026-04-28 19:06:17 | INFO | tara_parser | Добавлена номенклатура: client_row=1308 item_row=1310 item=Замок тип S total=1
2026-04-28 19:06:17 | INFO | tara_parser | Добавлена номенклатура: client_row=1308 item_row=1311 item=Пеногаситель Пегас Ecotap total=1
2026-04-28 19:06:17 | INFO | tara_parser | Найден клиент: row=1312 client=Конозенко Светлана Сергеевна ИП - Волчок (Микрорайон ул, дом № 45а) total=3
2026-04-28 19:06:17 | INFO | tara_parser | Добавлена номенклатура: client_row=1312 item_row=1313 item=Замок тип S total=1
2026-04-28 19:06:17 | INFO | tara_parser | Добавлена номенклатура: client_row=1312 item_row=1314 item=Замок тип А total=1
2026-04-28 19:06:17 | INFO | tara_parser | Добавлена номенклатура: client_row=1312 item_row=1315 item=Пеногаситель Пегас Drive DUO total=1
2026-04-28 19:06:17 | INFO | tara_parser | Найден клиент: row=1316 client=Кононов Николай Александрович ИП - Волчок (Бердск г, Первомайская ул, дом № 7а/1) total=2
2026-04-28 19:06:17 | INFO | tara_parser | Добавлена номенклатура: client_row=1316 item_row=1317 item=Бочка 50л тип S total=2
2026-04-28 19:06:17 | INFO | tara_parser | Найден клиент: row=1318 client=Кононова Юлия Александровна ИП - Ганиев (Коченево рп, Промышленная ул, дом № 4) total=1
2026-04-28 19:06:17 | INFO | tara_parser | Добавлена номенклатура: client_row=1318 item_row=1319 item=Замок тип S total=1
2026-04-28 19:06:17 | INFO | tara_parser | Найден клиент: row=1320 client=Корнев Михаил Александрович ИП - Волчок (Твардовского ул, дом № 22/6) (У) total=5
2026-04-28 19:06:17 | INFO | tara_parser | Добавлена номенклатура: client_row=1320 item_row=1321 item=Бочка 50л тип S total=1
2026-04-28 19:06:17 | INFO | tara_parser | Добавлена номенклатура: client_row=1320 item_row=1322 item=Замок тип S total=1
2026-04-28 19:06:17 | INFO | tara_parser | Добавлена номенклатура: client_row=1320 item_row=1323 item=Замок тип А total=1
2026-04-28 19:06:17 | INFO | tara_parser | Добавлена номенклатура: client_row=1320 item_row=1324 item=Пеногаситель WINTAP на 2 потока total=1
2026-04-28 19:06:17 | INFO | tara_parser | Добавлена номенклатура: client_row=1320 item_row=1325 item=Редуктор на 1 выход total=1
2026-04-28 19:06:17 | INFO | tara_parser | Найден клиент: row=1326 client=Корнева Ольга Аркадьевна ИП - Волчок total=5
2026-04-28 19:06:17 | INFO | tara_parser | Добавлена номенклатура: client_row=1326 item_row=1327 item=Бочка 30л тип А Златый Базант/Три Медведя/Остмарк total=2
2026-04-28 19:06:17 | INFO | tara_parser | Пропуск служебной строки: row=1328 text=Реализация товаров и услуг Бе00-017588 от 28.04.2026 0:00:00
2026-04-28 19:06:17 | INFO | tara_parser | Добавлена номенклатура: client_row=1326 item_row=1329 item=Бочка 50л S RU total=8
2026-04-28 19:06:17 | INFO | tara_parser | Пропуск служебной строки: row=1330 text=Реализация товаров и услуг Бе00-017588 от 28.04.2026 0:00:00
2026-04-28 19:06:17 | INFO | tara_parser | Добавлена номенклатура: client_row=1326 item_row=1331 item=Бочка 50л тип S total=-5
2026-04-28 19:06:17 | INFO | tara_parser | Найден клиент: row=1332 client=Косинцева Наталья Владимировна ИП - Щербатов(Станиславского ул, дом № 40) total=11
2026-04-28 19:06:17 | INFO | tara_parser | Добавлена номенклатура: client_row=1332 item_row=1333 item=Бочка 50л тип А Высокая total=4
2026-04-28 19:06:17 | INFO | tara_parser | Добавлена номенклатура: client_row=1332 item_row=1334 item=Замок тип S total=1
2026-04-28 19:06:17 | INFO | tara_parser | Добавлена номенклатура: client_row=1332 item_row=1335 item=Замок тип А total=4
2026-04-28 19:06:17 | INFO | tara_parser | Добавлена номенклатура: client_row=1332 item_row=1336 item=Пеногаситель Пегас Drive DUO total=2
2026-04-28 19:06:17 | INFO | tara_parser | Найден клиент: row=1337 client=Костенко Н.Д (Воротников, Кирова, 36)(У) total=25
2026-04-28 19:06:17 | INFO | tara_parser | Добавлена номенклатура: client_row=1337 item_row=1338 item=Баллон 25 кг. (Углекислота) total=1
2026-04-28 19:06:17 | INFO | tara_parser | Добавлена номенклатура: client_row=1337 item_row=1339 item=Бочка 50л тип А total=1
2026-04-28 19:06:17 | INFO | tara_parser | Добавлена номенклатура: client_row=1337 item_row=1340 item=Бочка 50л тип А Высокая total=3
2026-04-28 19:06:17 | INFO | tara_parser | Добавлена номенклатура: client_row=1337 item_row=1341 item=Замок тип S total=1
2026-04-28 19:06:17 | INFO | tara_parser | Добавлена номенклатура: client_row=1337 item_row=1342 item=Замок тип А total=7
2026-04-28 19:06:17 | INFO | tara_parser | Добавлена номенклатура: client_row=1337 item_row=1343 item=Охладитель Тайфун 90 на 4 пр. №34530 total=1
2026-04-28 19:06:17 | INFO | tara_parser | Добавлена номенклатура: client_row=1337 item_row=1344 item=Охладитель Тайфун 90 на 4 пр. №51149 total=1
2026-04-28 19:06:17 | INFO | tara_parser | Добавлена номенклатура: client_row=1337 item_row=1345 item=Пеногаситель Пегас total=4
2026-04-28 19:06:17 | INFO | tara_parser | Добавлена номенклатура: client_row=1337 item_row=1346 item=Пеногаситель Пегас Ecotap total=4
2026-04-28 19:06:17 | INFO | tara_parser | Добавлена номенклатура: client_row=1337 item_row=1347 item=Редуктор на 1 выход total=2
2026-04-28 19:06:17 | INFO | tara_parser | Найден клиент: row=1348 client=Косыгин Дмитрий Олегович ИП - Щербатов total=1
2026-04-28 19:06:17 | INFO | tara_parser | Добавлена номенклатура: client_row=1348 item_row=1349 item=Шкаф холодильный Балтика 0701991013-041 total=1
2026-04-28 19:06:17 | INFO | tara_parser | Найден клиент: row=1350 client=Котикова Н.О. ИП - Токарев (Софийская ул, дом № 12/3) total=22
2026-04-28 19:06:17 | INFO | tara_parser | Добавлена номенклатура: client_row=1350 item_row=1351 item=Бочка 30л Крушовице тип А total=-1
2026-04-28 19:06:17 | INFO | tara_parser | Добавлена номенклатура: client_row=1350 item_row=1352 item=Бочка 30л Хейнекен (Златый Базант тип S) total=10
2026-04-28 19:06:17 | INFO | tara_parser | Добавлена номенклатура: client_row=1350 item_row=1353 item=Бочка 30л Хофброй тип S total=-1
2026-04-28 19:06:17 | INFO | tara_parser | Добавлена номенклатура: client_row=1350 item_row=1354 item=Бочка 50л тип S total=6
2026-04-28 19:06:17 | INFO | tara_parser | Добавлена номенклатура: client_row=1350 item_row=1355 item=Замок тип S total=3
2026-04-28 19:06:17 | INFO | tara_parser | Добавлена номенклатура: client_row=1350 item_row=1356 item=Замок тип А total=1
2026-04-28 19:06:17 | INFO | tara_parser | Добавлена номенклатура: client_row=1350 item_row=1357 item=Пеногаситель Пегас total=3
2026-04-28 19:06:17 | INFO | tara_parser | Добавлена номенклатура: client_row=1350 item_row=1358 item=Редуктор на 1 выход total=1
2026-04-28 19:06:17 | INFO | tara_parser | Найден клиент: row=1359 client=Кочетов Тимофей Константинович ИП - Токарев (Динамовцев ул, дом № 1) total=2
2026-04-28 19:06:17 | INFO | tara_parser | Добавлена номенклатура: client_row=1359 item_row=1360 item=Замок тип А total=1
2026-04-28 19:06:17 | INFO | tara_parser | Добавлена номенклатура: client_row=1359 item_row=1361 item=Пеногаситель Пегас EcoJet total=1
2026-04-28 19:06:17 | INFO | tara_parser | Найден клиент без явного итога: row=1362 client=Кочкина Эльвира Викторовна ИП - Щербатов(Добролюбова ул, дом № 162/1)
2026-04-28 19:06:17 | INFO | tara_parser | Добавлена номенклатура: client_row=1362 item_row=1363 item=Бочка 50л тип S total=1
2026-04-28 19:06:17 | INFO | tara_parser | Добавлена номенклатура: client_row=1362 item_row=1364 item=Бочка 50л тип А Высокая total=-1
2026-04-28 19:06:17 | INFO | tara_parser | Найден клиент: row=1365 client=Кошелева Нэлля Раисовна ИП (Воротников) total=25
2026-04-28 19:06:17 | INFO | tara_parser | Добавлена номенклатура: client_row=1365 item_row=1366 item=Бочка 50л тип А total=26
2026-04-28 19:06:17 | INFO | tara_parser | Добавлена номенклатура: client_row=1365 item_row=1367 item=Бочка 50л тип А Высокая total=-1
2026-04-28 19:06:17 | INFO | tara_parser | Найден клиент: row=1368 client=Кравченко О. В. ИП - Воротников (Большевистская ул, дом № 132) total=11
2026-04-28 19:06:17 | INFO | tara_parser | Добавлена номенклатура: client_row=1368 item_row=1369 item=Баллон 25 кг. (Азот) total=1
2026-04-28 19:06:17 | INFO | tara_parser | Добавлена номенклатура: client_row=1368 item_row=1370 item=Бочка 30л Хейнекен (Златый Базант тип S) total=1
2026-04-28 19:06:17 | INFO | tara_parser | Добавлена номенклатура: client_row=1368 item_row=1371 item=Замок тип G total=1
2026-04-28 19:06:17 | INFO | tara_parser | Добавлена номенклатура: client_row=1368 item_row=1372 item=Замок тип S total=3
2026-04-28 19:06:17 | INFO | tara_parser | Добавлена номенклатура: client_row=1368 item_row=1373 item=Пеногаситель Пегас Ecotap total=3
2026-04-28 19:06:17 | INFO | tara_parser | Добавлена номенклатура: client_row=1368 item_row=1374 item=Редуктор на 1 выход total=1
2026-04-28 19:06:17 | INFO | tara_parser | Добавлена номенклатура: client_row=1368 item_row=1375 item=Холодильник 2020 " 5 флагов" № 1640219098 total=1
2026-04-28 19:06:17 | INFO | tara_parser | Найден клиент: row=1376 client=Красильникова Ю.С ИП - Ганиев(Ордынский р-н, Спирино с, Ленина ул, дом № 101) total=5
2026-04-28 19:06:17 | INFO | tara_parser | Добавлена номенклатура: client_row=1376 item_row=1377 item=Бочка 30л тип А Златый Базант/Три Медведя/Остмарк total=1
2026-04-28 19:06:17 | INFO | tara_parser | Добавлена номенклатура: client_row=1376 item_row=1378 item=Бочка 50л тип S total=2
2026-04-28 19:06:17 | INFO | tara_parser | Добавлена номенклатура: client_row=1376 item_row=1379 item=Витрина холодильная "Златый Базант" № 077470513 total=-1
2026-04-28 19:06:17 | INFO | tara_parser | Добавлена номенклатура: client_row=1376 item_row=1380 item=Замок тип S total=1
2026-04-28 19:06:17 | INFO | tara_parser | Добавлена номенклатура: client_row=1376 item_row=1381 item=Замок тип А total=1
2026-04-28 19:06:17 | INFO | tara_parser | Добавлена номенклатура: client_row=1376 item_row=1382 item=Пеногаситель WINTAP на 2 потока total=1
2026-04-28 19:06:17 | INFO | tara_parser | Найден клиент: row=1383 client=Краус Инга Александровна ИП - Ганиев (Красный Яр с, Ленина ул, дом № 33) total=12
2026-04-28 19:06:17 | INFO | tara_parser | Добавлена номенклатура: client_row=1383 item_row=1384 item=Замок тип А total=6
2026-04-28 19:06:17 | INFO | tara_parser | Добавлена номенклатура: client_row=1383 item_row=1385 item=Пеногаситель Пегас Ecotap total=6
2026-04-28 19:06:17 | INFO | tara_parser | Найден клиент: row=1386 client=КРИВОДАНОВСКОЕ СЕЛЬПО - Щербатов (Кудряшовский дп, Береговая ул, дом № 30а) total=5
2026-04-28 19:06:17 | INFO | tara_parser | Добавлена номенклатура: client_row=1386 item_row=1387 item=Бочка 30л тип А Златый Базант/Три Медведя/Остмарк total=1
2026-04-28 19:06:17 | INFO | tara_parser | Добавлена номенклатура: client_row=1386 item_row=1388 item=Бочка 50л тип S total=1
2026-04-28 19:06:17 | INFO | tara_parser | Добавлена номенклатура: client_row=1386 item_row=1389 item=Замок тип S total=1
2026-04-28 19:06:17 | INFO | tara_parser | Добавлена номенклатура: client_row=1386 item_row=1390 item=Замок тип А total=1
2026-04-28 19:06:17 | INFO | tara_parser | Добавлена номенклатура: client_row=1386 item_row=1391 item=Пеногаситель Пегас Drive DUO total=1
2026-04-28 19:06:17 | INFO | tara_parser | Найден клиент: row=1392 client=КРИСТАЛЛ ООО - Воротников total=3
2026-04-28 19:06:17 | INFO | tara_parser | Добавлена номенклатура: client_row=1392 item_row=1393 item=Бочка 50л тип S total=3
2026-04-28 19:06:17 | INFO | tara_parser | Найден клиент: row=1394 client=Кристалл ООО-Колягин (Флотская 17а) total=-1
2026-04-28 19:06:17 | INFO | tara_parser | Добавлена номенклатура: client_row=1394 item_row=1395 item=Каплесборник total=-1
2026-04-28 19:06:17 | INFO | tara_parser | Найден клиент: row=1396 client=Крюков Михаил Юрьевич ИП - Колягин total=12
2026-04-28 19:06:17 | INFO | tara_parser | Добавлена номенклатура: client_row=1396 item_row=1397 item=Бочка 30л тип А Златый Базант/Три Медведя/Остмарк total=4
2026-04-28 19:06:17 | INFO | tara_parser | Добавлена номенклатура: client_row=1396 item_row=1398 item=Бочка 50л тип S total=4
2026-04-28 19:06:17 | INFO | tara_parser | Пропуск служебной строки: row=1399 text=Реализация товаров и услуг Бе00-017612 от 28.04.2026 0:00:00
2026-04-28 19:06:17 | INFO | tara_parser | Добавлена номенклатура: client_row=1396 item_row=1400 item=Бочка 50л тип А total=1
2026-04-28 19:06:17 | INFO | tara_parser | Добавлена номенклатура: client_row=1396 item_row=1401 item=Замок тип S total=1
2026-04-28 19:06:17 | INFO | tara_parser | Добавлена номенклатура: client_row=1396 item_row=1402 item=Замок тип А total=1
2026-04-28 19:06:17 | INFO | tara_parser | Добавлена номенклатура: client_row=1396 item_row=1403 item=Пеногаситель Пегас Drive DUO total=1
2026-04-28 19:06:17 | INFO | tara_parser | Найден клиент: row=1404 client=Ктоян Артур Камоевич ИП - Щербатов (Коченевский р-н, НСТ Недра тер., Транспортная ул, дом № 186а) total=3
2026-04-28 19:06:17 | INFO | tara_parser | Добавлена номенклатура: client_row=1404 item_row=1405 item=Бочка 50л тип S total=2
2026-04-28 19:06:17 | INFO | tara_parser | Добавлена номенклатура: client_row=1404 item_row=1406 item=Замок тип А total=1
2026-04-28 19:06:17 | INFO | tara_parser | Найден клиент: row=1407 client=Кубовинское сельпо - Колягин (Степной,Центральная,1) total=1
2026-04-28 19:06:17 | INFO | tara_parser | Добавлена номенклатура: client_row=1407 item_row=1408 item=Бочка 30л ПМ Эфес (DRAFT НЕРЖ RU) total=-1
2026-04-28 19:06:17 | INFO | tara_parser | Добавлена номенклатура: client_row=1407 item_row=1409 item=Бочка 50л тип S total=1
2026-04-28 19:06:17 | INFO | tara_parser | Добавлена номенклатура: client_row=1407 item_row=1410 item=Внутренний Световой знак Три Медведя Х total=1
2026-04-28 19:06:17 | INFO | tara_parser | Найден клиент: row=1411 client=Кузвесов В. А. ИП - Ганиев (Ярково с, Подгорбунского ул, дом № 6в) total=8
2026-04-28 19:06:17 | INFO | tara_parser | Добавлена номенклатура: client_row=1411 item_row=1412 item=Бочка 50л тип S total=1
2026-04-28 19:06:17 | INFO | tara_parser | Добавлена номенклатура: client_row=1411 item_row=1413 item=Бочка 50л тип А Высокая total=1
2026-04-28 19:06:17 | INFO | tara_parser | Добавлена номенклатура: client_row=1411 item_row=1414 item=Замок тип А total=4
2026-04-28 19:06:17 | INFO | tara_parser | Добавлена номенклатура: client_row=1411 item_row=1415 item=Пеногаситель пегас WinTap 2 поток (металл) total=2
2026-04-28 19:06:17 | INFO | tara_parser | Найден клиент: row=1416 client=Кузвесов В. А. ИП - Ганиев (Ярково с, Светлая ул, дом № 1Б) total=17
2026-04-28 19:06:17 | INFO | tara_parser | Добавлена номенклатура: client_row=1416 item_row=1417 item=Бочка 30л тип А Златый Базант/Три Медведя/Остмарк total=3
2026-04-28 19:06:17 | INFO | tara_parser | Добавлена номенклатура: client_row=1416 item_row=1418 item=Бочка 50л S RU total=1
2026-04-28 19:06:17 | INFO | tara_parser | Добавлена номенклатура: client_row=1416 item_row=1419 item=Бочка 50л тип S total=2
2026-04-28 19:06:17 | INFO | tara_parser | Добавлена номенклатура: client_row=1416 item_row=1420 item=Замок тип S total=1
2026-04-28 19:06:17 | INFO | tara_parser | Добавлена номенклатура: client_row=1416 item_row=1421 item=Замок тип А total=4
2026-04-28 19:06:17 | INFO | tara_parser | Добавлена номенклатура: client_row=1416 item_row=1422 item=Пеногаситель Пегас Drive DUO total=1
2026-04-28 19:06:17 | INFO | tara_parser | Добавлена номенклатура: client_row=1416 item_row=1423 item=Пеногаситель Пегас Ecotap total=4
2026-04-28 19:06:17 | INFO | tara_parser | Добавлена номенклатура: client_row=1416 item_row=1424 item=Редуктор СО2 на 2 (эдем) total=1
2026-04-28 19:06:17 | INFO | tara_parser | Найден клиент: row=1425 client=Кузьмин Сергей Юрьевич ИП - Щербатов total=13
2026-04-28 19:06:17 | INFO | tara_parser | Добавлена номенклатура: client_row=1425 item_row=1426 item=Бочка 50л тип А Высокая total=3
2026-04-28 19:06:17 | INFO | tara_parser | Добавлена номенклатура: client_row=1425 item_row=1427 item=Замок тип А total=4
2026-04-28 19:06:17 | INFO | tara_parser | Добавлена номенклатура: client_row=1425 item_row=1428 item=Охладитель "Тайфун 90" Эдем total=1
2026-04-28 19:06:17 | INFO | tara_parser | Добавлена номенклатура: client_row=1425 item_row=1429 item=Пеногаситель Пегас Ecotap total=4
2026-04-28 19:06:17 | INFO | tara_parser | Добавлена номенклатура: client_row=1425 item_row=1430 item=Редуктор СО2 на 1 выход(Эдем) total=1
2026-04-28 19:06:17 | INFO | tara_parser | Найден клиент: row=1431 client=Кузьминых Татьяна Андреевна ИП - Колягин total=9
2026-04-28 19:06:17 | INFO | tara_parser | Добавлена номенклатура: client_row=1431 item_row=1432 item=Бочка 50л тип S total=3
2026-04-28 19:06:17 | INFO | tara_parser | Добавлена номенклатура: client_row=1431 item_row=1433 item=Замок тип S total=1
2026-04-28 19:06:17 | INFO | tara_parser | Добавлена номенклатура: client_row=1431 item_row=1434 item=Замок тип А total=2
2026-04-28 19:06:17 | INFO | tara_parser | Добавлена номенклатура: client_row=1431 item_row=1435 item=Пеногаситель Пегас Drive total=3
2026-04-28 19:06:17 | INFO | tara_parser | Найден клиент: row=1436 client=Кулакова М.Ю. ИП - Токарев (Связистов ул, дом № 129) total=28
2026-04-28 19:06:17 | INFO | tara_parser | Добавлена номенклатура: client_row=1436 item_row=1437 item=Бочка 30л GIB Rakovnik (Черновар, Пражечка, Бакалар, Либенвайс, Вудбридж, Аркоброй,Гротверг) тип S total=1
2026-04-28 19:06:17 | INFO | tara_parser | Добавлена номенклатура: client_row=1436 item_row=1438 item=Бочка 30л Крушовице тип А total=-1
2026-04-28 19:06:17 | INFO | tara_parser | Добавлена номенклатура: client_row=1436 item_row=1439 item=Бочка 30л Пауланер тип А total=1
2026-04-28 19:06:17 | INFO | tara_parser | Добавлена номенклатура: client_row=1436 item_row=1440 item=Бочка 30л тип А Златый Базант/Три Медведя/Остмарк total=3
2026-04-28 19:06:17 | INFO | tara_parser | Добавлена номенклатура: client_row=1436 item_row=1441 item=Бочка 50л тип S total=9
2026-04-28 19:06:17 | INFO | tara_parser | Добавлена номенклатура: client_row=1436 item_row=1442 item=Замок тип G total=1
2026-04-28 19:06:17 | INFO | tara_parser | Добавлена номенклатура: client_row=1436 item_row=1443 item=Замок тип S total=4
2026-04-28 19:06:17 | INFO | tara_parser | Добавлена номенклатура: client_row=1436 item_row=1444 item=Замок тип А total=2
2026-04-28 19:06:17 | INFO | tara_parser | Добавлена номенклатура: client_row=1436 item_row=1445 item=Пеногаситель Пегас NEO-Classic total=6
2026-04-28 19:06:17 | INFO | tara_parser | Добавлена номенклатура: client_row=1436 item_row=1446 item=Редуктор на 1 выход total=2
2026-04-28 19:06:17 | INFO | tara_parser | Найден клиент: row=1447 client=Кулёмина Н.В. ИП - Щербатов (Садовая,33) total=10
2026-04-28 19:06:17 | INFO | tara_parser | Добавлена номенклатура: client_row=1447 item_row=1448 item=Бочка 50л тип S total=5
2026-04-28 19:06:17 | INFO | tara_parser | Добавлена номенклатура: client_row=1447 item_row=1449 item=Замок тип S total=1
2026-04-28 19:06:17 | INFO | tara_parser | Добавлена номенклатура: client_row=1447 item_row=1450 item=Замок тип А total=1
2026-04-28 19:06:17 | INFO | tara_parser | Добавлена номенклатура: client_row=1447 item_row=1451 item=Пеногаситель Пегас total=2
2026-04-28 19:06:17 | INFO | tara_parser | Добавлена номенклатура: client_row=1447 item_row=1452 item=Редуктор на 1 выход total=1
2026-04-28 19:06:17 | INFO | tara_parser | Найден клиент: row=1453 client=Кулёмина Н.В. ИП - Щербатов (Советская 48а) total=13
2026-04-28 19:06:17 | INFO | tara_parser | Добавлена номенклатура: client_row=1453 item_row=1454 item=Баллон 25 кг. (Углекислота) total=2
2026-04-28 19:06:17 | INFO | tara_parser | Добавлена номенклатура: client_row=1453 item_row=1455 item=Бочка 50л тип А Высокая total=2
2026-04-28 19:06:17 | INFO | tara_parser | Добавлена номенклатура: client_row=1453 item_row=1456 item=Замок тип А total=3
2026-04-28 19:06:17 | INFO | tara_parser | Добавлена номенклатура: client_row=1453 item_row=1457 item=Охладитель Тайфун 90 на 4 пр. №48447 total=1
2026-04-28 19:06:17 | INFO | tara_parser | Добавлена номенклатура: client_row=1453 item_row=1458 item=Пеногаситель Пегас total=4
2026-04-28 19:06:17 | INFO | tara_parser | Добавлена номенклатура: client_row=1453 item_row=1459 item=Редуктор на 1 выход total=1
2026-04-28 19:06:17 | INFO | tara_parser | Найден клиент: row=1460 client=Кульпина Т. Н. ИП - Воротников (25 лет Октября ул, дом № 5) total=18
2026-04-28 19:06:17 | INFO | tara_parser | Добавлена номенклатура: client_row=1460 item_row=1461 item=Бочка 30л BLK total=1
2026-04-28 19:06:17 | INFO | tara_parser | Добавлена номенклатура: client_row=1460 item_row=1462 item=Бочка 30л тип А Златый Базант/Три Медведя/Остмарк total=4
2026-04-28 19:06:17 | INFO | tara_parser | Пропуск служебной строки: row=1463 text=Реализация товаров и услуг Бе00-017799 от 28.04.2026 9:41:48
2026-04-28 19:06:17 | INFO | tara_parser | Добавлена номенклатура: client_row=1460 item_row=1464 item=Бочка 50л тип S total=6
2026-04-28 19:06:17 | INFO | tara_parser | Пропуск служебной строки: row=1465 text=Реализация товаров и услуг Бе00-017799 от 28.04.2026 9:41:48
2026-04-28 19:06:17 | INFO | tara_parser | Добавлена номенклатура: client_row=1460 item_row=1466 item=Бочка 50л тип А total=1
2026-04-28 19:06:17 | INFO | tara_parser | Пропуск служебной строки: row=1467 text=Реализация товаров и услуг Бе00-017799 от 28.04.2026 9:41:48
2026-04-28 19:06:17 | INFO | tara_parser | Добавлена номенклатура: client_row=1460 item_row=1468 item=Замок тип S total=1
2026-04-28 19:06:17 | INFO | tara_parser | Добавлена номенклатура: client_row=1460 item_row=1469 item=Замок тип А total=3
2026-04-28 19:06:17 | INFO | tara_parser | Добавлена номенклатура: client_row=1460 item_row=1470 item=Пеногаситель Пегас Drive DUO total=2
2026-04-28 19:06:17 | INFO | tara_parser | Найден клиент: row=1471 client=Кульпина Т. Н. ИП - Воротников (Немировича-Данченко ул, дом № 122) total=15
2026-04-28 19:06:17 | INFO | tara_parser | Добавлена номенклатура: client_row=1471 item_row=1472 item=Бочка 30л BLK total=1
2026-04-28 19:06:17 | INFO | tara_parser | Добавлена номенклатура: client_row=1471 item_row=1473 item=Бочка 30л тип А Златый Базант/Три Медведя/Остмарк total=5
2026-04-28 19:06:17 | INFO | tara_parser | Добавлена номенклатура: client_row=1471 item_row=1474 item=Бочка 50л тип S total=3
2026-04-28 19:06:17 | INFO | tara_parser | Добавлена номенклатура: client_row=1471 item_row=1475 item=Замок тип G total=1
2026-04-28 19:06:17 | INFO | tara_parser | Добавлена номенклатура: client_row=1471 item_row=1476 item=Замок тип S total=1
2026-04-28 19:06:17 | INFO | tara_parser | Добавлена номенклатура: client_row=1471 item_row=1477 item=Замок тип А total=1
2026-04-28 19:06:17 | INFO | tara_parser | Добавлена номенклатура: client_row=1471 item_row=1478 item=Пеногаситель Пегас U-Classic total=3
2026-04-28 19:06:17 | INFO | tara_parser | Найден клиент: row=1479 client=Кустов Артём Дмитриевич ИП - Колягин total=6
2026-04-28 19:06:17 | INFO | tara_parser | Добавлена номенклатура: client_row=1479 item_row=1480 item=Бочка 50л S RU total=4
2026-04-28 19:06:17 | INFO | tara_parser | Добавлена номенклатура: client_row=1479 item_row=1481 item=Бочка 50л тип S total=-1
2026-04-28 19:06:17 | INFO | tara_parser | Добавлена номенклатура: client_row=1479 item_row=1482 item=Замок тип S total=1
2026-04-28 19:06:17 | INFO | tara_parser | Добавлена номенклатура: client_row=1479 item_row=1483 item=Замок тип А total=1
2026-04-28 19:06:17 | INFO | tara_parser | Добавлена номенклатура: client_row=1479 item_row=1484 item=Пеногаситель Пегас U-Classic DUO total=1
2026-04-28 19:06:17 | INFO | tara_parser | Найден клиент: row=1485 client=Ладурова Е.А. ИП - Токарев (У и Б) (Ударная ул, дом № 27/2) total=11
2026-04-28 19:06:17 | INFO | tara_parser | Добавлена номенклатура: client_row=1485 item_row=1486 item=Бочка 30л Хейнекен (Златый Базант тип S) total=1
2026-04-28 19:06:17 | INFO | tara_parser | Добавлена номенклатура: client_row=1485 item_row=1487 item=Бочка 50л тип S total=2
2026-04-28 19:06:17 | INFO | tara_parser | Добавлена номенклатура: client_row=1485 item_row=1488 item=Замок тип S total=2
2026-04-28 19:06:17 | INFO | tara_parser | Добавлена номенклатура: client_row=1485 item_row=1489 item=Замок тип А total=2
2026-04-28 19:06:17 | INFO | tara_parser | Добавлена номенклатура: client_row=1485 item_row=1490 item=Охладитель Тайфун 90 на 2 пр. №42282 total=1
2026-04-28 19:06:17 | INFO | tara_parser | Добавлена номенклатура: client_row=1485 item_row=1491 item=Пеногаситель WINTAP на 2 потока total=1
2026-04-28 19:06:17 | INFO | tara_parser | Добавлена номенклатура: client_row=1485 item_row=1492 item=Пеногаситель пегас WinTap 2 поток (металл) total=1
2026-04-28 19:06:17 | INFO | tara_parser | Добавлена номенклатура: client_row=1485 item_row=1493 item=Холодильник ICE STREAM ECO " 5 флагов" № 0407066720611353142988914024 total=1
2026-04-28 19:06:17 | INFO | tara_parser | Найден клиент: row=1494 client=Лапистов Евгений Викторович ИП - Ганиев total=1
2026-04-28 19:06:17 | INFO | tara_parser | Добавлена номенклатура: client_row=1494 item_row=1495 item=Холодильник Ice Stream Dynamic № 180175024376 total=1
2026-04-28 19:06:17 | INFO | tara_parser | Найден клиент: row=1496 client=Левшук Дмитрий Александрович ИП - Ганиев total=35
2026-04-28 19:06:17 | INFO | tara_parser | Добавлена номенклатура: client_row=1496 item_row=1497 item=Баллон 25 кг. (Углекислота) total=1
2026-04-28 19:06:17 | INFO | tara_parser | Добавлена номенклатура: client_row=1496 item_row=1498 item=Башня Europa 4 кр. хром total=1
2026-04-28 19:06:17 | INFO | tara_parser | Добавлена номенклатура: client_row=1496 item_row=1499 item=Бочка 30л BLK total=3
2026-04-28 19:06:17 | INFO | tara_parser | Добавлена номенклатура: client_row=1496 item_row=1500 item=Бочка 30л тип А Златый Базант/Три Медведя/Остмарк total=8
2026-04-28 19:06:17 | INFO | tara_parser | Добавлена номенклатура: client_row=1496 item_row=1501 item=Замок тип G total=2
2026-04-28 19:06:17 | INFO | tara_parser | Добавлена номенклатура: client_row=1496 item_row=1502 item=Замок тип А total=8
2026-04-28 19:06:17 | INFO | tara_parser | Добавлена номенклатура: client_row=1496 item_row=1503 item=Каплесборник total=2
2026-04-28 19:06:17 | INFO | tara_parser | Добавлена номенклатура: client_row=1496 item_row=1504 item=Кран с компенсатором (хром) total=6
2026-04-28 19:06:17 | INFO | tara_parser | Добавлена номенклатура: client_row=1496 item_row=1505 item=Охладитель "Тайфун 90" Green № 03073 total=1
2026-04-28 19:06:17 | INFO | tara_parser | Добавлена номенклатура: client_row=1496 item_row=1506 item=Редуктор на 1 выход total=2
2026-04-28 19:06:17 | INFO | tara_parser | Добавлена номенклатура: client_row=1496 item_row=1507 item=Холодильник Ice Stream Dynamic № 180175022184 total=1
2026-04-28 19:06:17 | INFO | tara_parser | Найден клиент: row=1508 client=Легкая Роза Александровна ИП - Ганиев (с/о Клен) (У) total=6
2026-04-28 19:06:17 | INFO | tara_parser | Добавлена номенклатура: client_row=1508 item_row=1509 item=Замок тип S total=1
2026-04-28 19:06:17 | INFO | tara_parser | Добавлена номенклатура: client_row=1508 item_row=1510 item=Замок тип А total=1
2026-04-28 19:06:17 | INFO | tara_parser | Добавлена номенклатура: client_row=1508 item_row=1511 item=Пеногаситель Пегас Drive total=3
2026-04-28 19:06:17 | INFO | tara_parser | Добавлена номенклатура: client_row=1508 item_row=1512 item=Редуктор на 1 выход total=1
2026-04-28 19:06:17 | INFO | tara_parser | Найден клиент: row=1513 client=Легкая Роза Александровна ИП - Ганиев(У)Ленинское с, СНТ Опора ул Садовая, дом № 84, участок 206 total=10
2026-04-28 19:06:17 | INFO | tara_parser | Добавлена номенклатура: client_row=1513 item_row=1514 item=Башня 2 кр. (золото) total=2
2026-04-28 19:06:17 | INFO | tara_parser | Добавлена номенклатура: client_row=1513 item_row=1515 item=Бочка 50л тип А Высокая total=-2
2026-04-28 19:06:17 | INFO | tara_parser | Добавлена номенклатура: client_row=1513 item_row=1516 item=Замок тип S total=1
2026-04-28 19:06:17 | INFO | tara_parser | Добавлена номенклатура: client_row=1513 item_row=1517 item=Замок тип А total=3
2026-04-28 19:06:17 | INFO | tara_parser | Добавлена номенклатура: client_row=1513 item_row=1518 item=Охладитель Тайфун 75 на 2 пр. №21169 total=1
2026-04-28 19:06:17 | INFO | tara_parser | Добавлена номенклатура: client_row=1513 item_row=1519 item=Пеногаситель Пегас Ecotap total=4
2026-04-28 19:06:17 | INFO | tara_parser | Добавлена номенклатура: client_row=1513 item_row=1520 item=Редуктор на 1 выход total=1
2026-04-28 19:06:17 | INFO | tara_parser | Найден клиент: row=1521 client=Леладзе Леван Варламович ИП - Волчок(Линево рп, Листвянская ул, дом № 17) total=6
2026-04-28 19:06:17 | INFO | tara_parser | Добавлена номенклатура: client_row=1521 item_row=1522 item=Замок тип S total=1
2026-04-28 19:06:17 | INFO | tara_parser | Добавлена номенклатура: client_row=1521 item_row=1523 item=Замок тип А total=3
2026-04-28 19:06:17 | INFO | tara_parser | Добавлена номенклатура: client_row=1521 item_row=1524 item=Пеногаситель WINTAP на 2 потока total=2
2026-04-28 19:06:17 | INFO | tara_parser | Найден клиент: row=1525 client=ЛЕТО ООО - Волчок (Садовод тер. СНТ, дом № 285) total=4
2026-04-28 19:06:17 | INFO | tara_parser | Добавлена номенклатура: client_row=1525 item_row=1526 item=Бочка 50л тип S total=2
2026-04-28 19:06:17 | INFO | tara_parser | Добавлена номенклатура: client_row=1525 item_row=1527 item=Замок тип S total=1
2026-04-28 19:06:17 | INFO | tara_parser | Добавлена номенклатура: client_row=1525 item_row=1528 item=Пеногаситель WINTAP на 1 поток total=1
2026-04-28 19:06:17 | INFO | tara_parser | Найден клиент: row=1529 client=Липатников Владислав Вячеславович ИП - Щербатов(Кропоткина ул, дом № 132) total=5
2026-04-28 19:06:17 | INFO | tara_parser | Добавлена номенклатура: client_row=1529 item_row=1530 item=Бочка 50л тип S total=2
2026-04-28 19:06:17 | INFO | tara_parser | Добавлена номенклатура: client_row=1529 item_row=1531 item=Замок тип G total=1
2026-04-28 19:06:17 | INFO | tara_parser | Добавлена номенклатура: client_row=1529 item_row=1532 item=Замок тип S total=1
2026-04-28 19:06:17 | INFO | tara_parser | Добавлена номенклатура: client_row=1529 item_row=1533 item=Пеногаситель WINTAP на 2 потока total=1
2026-04-28 19:06:17 | INFO | tara_parser | Найден клиент: row=1534 client=Липпа Мария Дмитриевна ИП -Воротников (Пролетарская ул, дом № 48/1) total=16
2026-04-28 19:06:17 | INFO | tara_parser | Добавлена номенклатура: client_row=1534 item_row=1535 item=Бочка 30л Лефевр тип А (Бланш,Флорефф) total=-1
2026-04-28 19:06:17 | INFO | tara_parser | Добавлена номенклатура: client_row=1534 item_row=1536 item=Замок тип G total=1
2026-04-28 19:06:17 | INFO | tara_parser | Добавлена номенклатура: client_row=1534 item_row=1537 item=Замок тип S total=6
2026-04-28 19:06:17 | INFO | tara_parser | Добавлена номенклатура: client_row=1534 item_row=1538 item=Замок тип А total=3
2026-04-28 19:06:17 | INFO | tara_parser | Добавлена номенклатура: client_row=1534 item_row=1539 item=Пеногаситель WINTAP на 2 потока total=5
2026-04-28 19:06:17 | INFO | tara_parser | Добавлена номенклатура: client_row=1534 item_row=1540 item=Редуктор на 1 выход total=2
2026-04-28 19:06:17 | INFO | tara_parser | Найден клиент: row=1541 client=Лисюко Денис Вячеславович ИП - Волчок (Бердск г, Микрорайон ул, дом № 34) total=9
2026-04-28 19:06:17 | INFO | tara_parser | Добавлена номенклатура: client_row=1541 item_row=1542 item=Бочка 50л S RU total=15
2026-04-28 19:06:17 | INFO | tara_parser | Добавлена номенклатура: client_row=1541 item_row=1543 item=Бочка 50л тип S total=-10
2026-04-28 19:06:17 | INFO | tara_parser | Пропуск служебной строки: row=1544 text=Реализация товаров и услуг Бе00-017542 от 28.04.2026 0:00:00
2026-04-28 19:06:17 | INFO | tara_parser | Добавлена номенклатура: client_row=1541 item_row=1545 item=Замок тип S total=2
2026-04-28 19:06:17 | INFO | tara_parser | Добавлена номенклатура: client_row=1541 item_row=1546 item=Пеногаситель Пегас Evolution total=1
2026-04-28 19:06:17 | INFO | tara_parser | Добавлена номенклатура: client_row=1541 item_row=1547 item=Редуктор на 1 выход total=1
2026-04-28 19:06:17 | INFO | tara_parser | Найден клиент: row=1548 client=Лисюко Денис Вячеславович ИП - Волчок (Бердск, Лелюха,7) total=7
2026-04-28 19:06:17 | INFO | tara_parser | Добавлена номенклатура: client_row=1548 item_row=1549 item=Бочка 50л тип S total=4
2026-04-28 19:06:17 | INFO | tara_parser | Добавлена номенклатура: client_row=1548 item_row=1550 item=Замок тип S total=1
2026-04-28 19:06:17 | INFO | tara_parser | Добавлена номенклатура: client_row=1548 item_row=1551 item=Замок тип А total=1
2026-04-28 19:06:17 | INFO | tara_parser | Добавлена номенклатура: client_row=1548 item_row=1552 item=Пеногаситель Пегас Evolution DUO total=1
2026-04-28 19:06:17 | INFO | tara_parser | Найден клиент: row=1553 client=Лищенко К.А. ИП - Волчок (Центральная ул, дом № 248а) total=7
2026-04-28 19:06:17 | INFO | tara_parser | Добавлена номенклатура: client_row=1553 item_row=1554 item=Бочка 50л тип S total=6
2026-04-28 19:06:17 | INFO | tara_parser | Пропуск служебной строки: row=1555 text=Реализация товаров и услуг Бе00-017531 от 28.04.2026 0:00:00
2026-04-28 19:06:17 | INFO | tara_parser | Добавлена номенклатура: client_row=1553 item_row=1556 item=Замок тип S total=1
2026-04-28 19:06:17 | INFO | tara_parser | Найден клиент без явного итога: row=1557 client=Ловыгина Полина Владиславовна ИП - Щербатов
2026-04-28 19:06:17 | INFO | tara_parser | Добавлена номенклатура: client_row=1557 item_row=1558 item=Бочка 30л САБ Миллер (SANKEY НЕРЖ RU) total=-1
2026-04-28 19:06:17 | INFO | tara_parser | Добавлена номенклатура: client_row=1557 item_row=1559 item=Бочка 30л тип А Златый Базант/Три Медведя/Остмарк total=1
2026-04-28 19:06:17 | INFO | tara_parser | Найден клиент: row=1560 client=Лосев М.С. - Токарев (Бердск г, Вокзальная ул, дом № 26А) total=5
2026-04-28 19:06:17 | INFO | tara_parser | Добавлена номенклатура: client_row=1560 item_row=1561 item=Бочка 50л тип S total=3
2026-04-28 19:06:17 | INFO | tara_parser | Добавлена номенклатура: client_row=1560 item_row=1562 item=Замок тип S total=2
2026-04-28 19:06:17 | INFO | tara_parser | Найден клиент: row=1563 client=Лосев М.С. - Токарев (Вокзальная магистраль ул, дом № 1) total=2
2026-04-28 19:06:17 | INFO | tara_parser | Добавлена номенклатура: client_row=1563 item_row=1564 item=Замок тип S total=1
2026-04-28 19:06:17 | INFO | tara_parser | Добавлена номенклатура: client_row=1563 item_row=1565 item=Пеногаситель Пегас I Tap total=1
2026-04-28 19:06:17 | INFO | tara_parser | Найден клиент: row=1566 client=Лосев М.С. - Токарев (Громова ул, дом № 13) total=2
2026-04-28 19:06:17 | INFO | tara_parser | Добавлена номенклатура: client_row=1566 item_row=1567 item=Замок тип S total=1
2026-04-28 19:06:17 | INFO | tara_parser | Добавлена номенклатура: client_row=1566 item_row=1568 item=Пеногаситель Пегас Drive total=1
2026-04-28 19:06:17 | INFO | tara_parser | Найден клиент: row=1569 client=Лосев М.С. - Токарев (Дзержинского пр-кт, дом № 33) total=2
2026-04-28 19:06:17 | INFO | tara_parser | Добавлена номенклатура: client_row=1569 item_row=1570 item=Замок тип S total=2
2026-04-28 19:06:17 | INFO | tara_parser | Найден клиент: row=1571 client=Лосев М.С. - Токарев (Дмитрия Донского ул, дом № 30) total=2
2026-04-28 19:06:17 | INFO | tara_parser | Добавлена номенклатура: client_row=1571 item_row=1572 item=Бочка 50л тип S total=2
2026-04-28 19:06:17 | INFO | tara_parser | Найден клиент: row=1573 client=Лосев М.С. - Токарев (Дуси Ковальчук ул, дом № 12) total=6
2026-04-28 19:06:17 | INFO | tara_parser | Добавлена номенклатура: client_row=1573 item_row=1574 item=Бочка 50л тип S total=2
2026-04-28 19:06:17 | INFO | tara_parser | Добавлена номенклатура: client_row=1573 item_row=1575 item=Замок тип S total=2
2026-04-28 19:06:17 | INFO | tara_parser | Добавлена номенклатура: client_row=1573 item_row=1576 item=Замок тип А total=1
2026-04-28 19:06:17 | INFO | tara_parser | Добавлена номенклатура: client_row=1573 item_row=1577 item=Пеногаситель Пегас I Tap 2 total=1
2026-04-28 19:06:17 | INFO | tara_parser | Найден клиент: row=1578 client=Лосев М.С. - Токарев (Забалуева ул, дом № 84/1) total=3
2026-04-28 19:06:17 | INFO | tara_parser | Добавлена номенклатура: client_row=1578 item_row=1579 item=Бочка 50л тип S total=2
2026-04-28 19:06:17 | INFO | tara_parser | Добавлена номенклатура: client_row=1578 item_row=1580 item=Замок тип S total=1
2026-04-28 19:06:17 | INFO | tara_parser | Найден клиент: row=1581 client=Лосев М.С. - Токарев (Залесского ул, дом № 8/1) total=6
2026-04-28 19:06:17 | INFO | tara_parser | Добавлена номенклатура: client_row=1581 item_row=1582 item=Бочка 50л тип S total=1
2026-04-28 19:06:17 | INFO | tara_parser | Добавлена номенклатура: client_row=1581 item_row=1583 item=Замок тип S total=2
2026-04-28 19:06:17 | INFO | tara_parser | Добавлена номенклатура: client_row=1581 item_row=1584 item=Замок тип А total=1
2026-04-28 19:06:17 | INFO | tara_parser | Добавлена номенклатура: client_row=1581 item_row=1585 item=Пеногаситель Пегас I Tap total=2
2026-04-28 19:06:17 | INFO | tara_parser | Найден клиент: row=1586 client=Лосев М.С. - Токарев (Кольцово рп, Никольский пр-кт, дом № 8) total=20
2026-04-28 19:06:17 | INFO | tara_parser | Добавлена номенклатура: client_row=1586 item_row=1587 item=Бочка 50л тип S total=6
2026-04-28 19:06:17 | INFO | tara_parser | Пропуск служебной строки: row=1588 text=Реализация товаров и услуг Бе00-017619 от 28.04.2026 0:00:00
2026-04-28 19:06:17 | INFO | tara_parser | Добавлена номенклатура: client_row=1586 item_row=1589 item=Замок тип G total=3
2026-04-28 19:06:17 | INFO | tara_parser | Добавлена номенклатура: client_row=1586 item_row=1590 item=Замок тип S total=3
2026-04-28 19:06:17 | INFO | tara_parser | Добавлена номенклатура: client_row=1586 item_row=1591 item=Замок тип А total=2
2026-04-28 19:06:17 | INFO | tara_parser | Добавлена номенклатура: client_row=1586 item_row=1592 item=Пеногаситель Пегас Evolution total=5
2026-04-28 19:06:17 | INFO | tara_parser | Добавлена номенклатура: client_row=1586 item_row=1593 item=Редуктор на 1 выход total=1
2026-04-28 19:06:17 | INFO | tara_parser | Найден клиент: row=1594 client=Лосев М.С. - Токарев (Кочубея ул, дом № 7/1) total=1
2026-04-28 19:06:17 | INFO | tara_parser | Добавлена номенклатура: client_row=1594 item_row=1595 item=Пеногаситель Пегас I Tap total=1
2026-04-28 19:06:17 | INFO | tara_parser | Найден клиент: row=1596 client=Лосев М.С. - Токарев (Кубовая ул, дом № 103/2) total=10
2026-04-28 19:06:17 | INFO | tara_parser | Добавлена номенклатура: client_row=1596 item_row=1597 item=Бочка 30л GIB Rakovnik (Черновар, Пражечка, Бакалар, Либенвайс, Вудбридж, Аркоброй,Гротверг) тип S total=1
2026-04-28 19:06:17 | INFO | tara_parser | Добавлена номенклатура: client_row=1596 item_row=1598 item=Замок тип G total=2
2026-04-28 19:06:17 | INFO | tara_parser | Добавлена номенклатура: client_row=1596 item_row=1599 item=Замок тип S total=2
2026-04-28 19:06:17 | INFO | tara_parser | Добавлена номенклатура: client_row=1596 item_row=1600 item=Пеногаситель Пегас Drive total=4
2026-04-28 19:06:17 | INFO | tara_parser | Добавлена номенклатура: client_row=1596 item_row=1601 item=Редуктор на 1 выход total=1
2026-04-28 19:06:17 | INFO | tara_parser | Найден клиент: row=1602 client=Лосев М.С. - Токарев (Новосибирская ул, дом № 28) total=5
2026-04-28 19:06:17 | INFO | tara_parser | Добавлена номенклатура: client_row=1602 item_row=1603 item=Бочка 50л тип S total=3
2026-04-28 19:06:17 | INFO | tara_parser | Добавлена номенклатура: client_row=1602 item_row=1604 item=Замок тип S total=2
2026-04-28 19:06:17 | INFO | tara_parser | Найден клиент: row=1605 client=Лосев М.С. - Токарев (Обь г, Ломоносова ул, дом № 48) total=4
2026-04-28 19:06:17 | INFO | tara_parser | Добавлена номенклатура: client_row=1605 item_row=1606 item=Бочка 50л тип S total=4
2026-04-28 19:06:17 | INFO | tara_parser | Найден клиент: row=1607 client=Лосев М.С. - Токарев (Озерный п, Промышленная ул, дом № 10/3) total=2
2026-04-28 19:06:17 | INFO | tara_parser | Добавлена номенклатура: client_row=1607 item_row=1608 item=Бочка 30л GIB Rakovnik (Черновар, Пражечка, Бакалар, Либенвайс, Вудбридж, Аркоброй,Гротверг) тип S total=1
2026-04-28 19:06:17 | INFO | tara_parser | Добавлена номенклатура: client_row=1607 item_row=1609 item=Бочка 50л тип S total=1
2026-04-28 19:06:17 | INFO | tara_parser | Найден клиент: row=1610 client=Лосев М.С. - Токарев (Петухова ул, дом № 14/1) total=6
2026-04-28 19:06:17 | INFO | tara_parser | Добавлена номенклатура: client_row=1610 item_row=1611 item=Бочка 50л тип S total=3
2026-04-28 19:06:17 | INFO | tara_parser | Добавлена номенклатура: client_row=1610 item_row=1612 item=Замок тип S total=2
2026-04-28 19:06:17 | INFO | tara_parser | Добавлена номенклатура: client_row=1610 item_row=1613 item=Пеногаситель Пегас I Tap total=1
2026-04-28 19:06:17 | INFO | tara_parser | Найден клиент: row=1614 client=Лосев М.С. - Токарев (Петухова ул, дом № 76) total=6
2026-04-28 19:06:17 | INFO | tara_parser | Добавлена номенклатура: client_row=1614 item_row=1615 item=Бочка 50л тип S total=3
2026-04-28 19:06:17 | INFO | tara_parser | Пропуск служебной строки: row=1616 text=Реализация товаров и услуг Бе00-017623 от 28.04.2026 0:00:00
2026-04-28 19:06:17 | INFO | tara_parser | Добавлена номенклатура: client_row=1614 item_row=1617 item=Замок тип S total=3
2026-04-28 19:06:17 | INFO | tara_parser | Найден клиент: row=1618 client=Лосев М.С. - Токарев (Станиславского ул, дом № 17) total=4
2026-04-28 19:06:17 | INFO | tara_parser | Добавлена номенклатура: client_row=1618 item_row=1619 item=Бочка 50л тип S total=4
2026-04-28 19:06:17 | INFO | tara_parser | Найден клиент: row=1620 client=Лосев М.С. - Токарев (Ударная ул, дом № 29/1) total=-1
2026-04-28 19:06:17 | INFO | tara_parser | Добавлена номенклатура: client_row=1620 item_row=1621 item=Бочка 50л тип S total=-1
2026-04-28 19:06:17 | INFO | tara_parser | Найден клиент: row=1622 client=Лукьяненко И.А. ИП - Колягин (Гребенщикова ул, дом № 7) total=11
2026-04-28 19:06:17 | INFO | tara_parser | Добавлена номенклатура: client_row=1622 item_row=1623 item=Бочка 30л ПМ Эфес (DRAFT НЕРЖ RU) total=-1
2026-04-28 19:06:17 | INFO | tara_parser | Добавлена номенклатура: client_row=1622 item_row=1624 item=Бочка 30л САБ Миллер (SANKEY НЕРЖ RU) total=5
2026-04-28 19:06:17 | INFO | tara_parser | Добавлена номенклатура: client_row=1622 item_row=1625 item=Бочка 50л тип S total=4
2026-04-28 19:06:17 | INFO | tara_parser | Добавлена номенклатура: client_row=1622 item_row=1626 item=Замок тип S total=2
2026-04-28 19:06:17 | INFO | tara_parser | Добавлена номенклатура: client_row=1622 item_row=1627 item=Пеногаситель WINTAP на 2 потока total=1
2026-04-28 19:06:17 | INFO | tara_parser | Найден клиент: row=1628 client=Лукьяненко И.А. ИП - Колягин (Красный Яр п, дом № 22) total=-2
2026-04-28 19:06:17 | INFO | tara_parser | Добавлена номенклатура: client_row=1628 item_row=1629 item=Бочка 50л тип S total=-2
2026-04-28 19:06:17 | INFO | tara_parser | Добавлена номенклатура: client_row=1628 item_row=1630 item=Бочка 50л тип А total=1
2026-04-28 19:06:17 | INFO | tara_parser | Добавлена номенклатура: client_row=1628 item_row=1631 item=Бочка 50л тип А Высокая total=-1
2026-04-28 19:06:17 | INFO | tara_parser | Найден клиент: row=1632 client=Лукьяненко И.И. ИП - Колягин (Макаренко ул, дом № 52) total=6
2026-04-28 19:06:17 | INFO | tara_parser | Добавлена номенклатура: client_row=1632 item_row=1633 item=Бочка 50л тип S total=3
2026-04-28 19:06:17 | INFO | tara_parser | Добавлена номенклатура: client_row=1632 item_row=1634 item=Замок тип S total=1
2026-04-28 19:06:18 | INFO | tara_parser | Добавлена номенклатура: client_row=1632 item_row=1635 item=Замок тип А total=1
2026-04-28 19:06:18 | INFO | tara_parser | Добавлена номенклатура: client_row=1632 item_row=1636 item=Пеногаситель Пегас Evolution DUO total=1
2026-04-28 19:06:18 | INFO | tara_parser | Найден клиент: row=1637 client=Лыткин Евгений Александрович ИП - Воротников (Золотая осень СНТ, (У) НЕ ГРУЗИТЬ!! total=-1
2026-04-28 19:06:18 | INFO | tara_parser | Добавлена номенклатура: client_row=1637 item_row=1638 item=Бочка 30л САБ Миллер (SANKEY НЕРЖ RU) total=-1
2026-04-28 19:06:18 | INFO | tara_parser | Найден клиент: row=1639 client=Ляшенко Екатерина Владимировна ИП - Щербатов(Менделеева ул, дом № 18) total=8
2026-04-28 19:06:18 | INFO | tara_parser | Добавлена номенклатура: client_row=1639 item_row=1640 item=Бочка 50л тип S total=3
2026-04-28 19:06:18 | INFO | tara_parser | Добавлена номенклатура: client_row=1639 item_row=1641 item=Замок тип G total=1
2026-04-28 19:06:18 | INFO | tara_parser | Добавлена номенклатура: client_row=1639 item_row=1642 item=Замок тип S total=1
2026-04-28 19:06:18 | INFO | tara_parser | Добавлена номенклатура: client_row=1639 item_row=1643 item=Замок тип А total=1
2026-04-28 19:06:18 | INFO | tara_parser | Добавлена номенклатура: client_row=1639 item_row=1644 item=Пеногаситель Пегас U-Classic DUO total=1
2026-04-28 19:06:18 | INFO | tara_parser | Добавлена номенклатура: client_row=1639 item_row=1645 item=Шкаф холодильный Балтика 0701994092-6475 total=1
2026-04-28 19:06:18 | INFO | tara_parser | Найден клиент: row=1646 client=Лящук Андрей Михайлович ИП - Волчок (Твардовского ул, 22/1) (У иБ) total=8
2026-04-28 19:06:18 | INFO | tara_parser | Добавлена номенклатура: client_row=1646 item_row=1647 item=Бочка 30л тип А Златый Базант/Три Медведя/Остмарк total=1
2026-04-28 19:06:18 | INFO | tara_parser | Добавлена номенклатура: client_row=1646 item_row=1648 item=Бочка 50л S RU total=5
2026-04-28 19:06:18 | INFO | tara_parser | Добавлена номенклатура: client_row=1646 item_row=1649 item=Бочка 50л тип S total=-2
2026-04-28 19:06:18 | INFO | tara_parser | Добавлена номенклатура: client_row=1646 item_row=1650 item=Замок тип S total=2
2026-04-28 19:06:18 | INFO | tara_parser | Добавлена номенклатура: client_row=1646 item_row=1651 item=Замок тип А total=1
2026-04-28 19:06:18 | INFO | tara_parser | Добавлена номенклатура: client_row=1646 item_row=1652 item=Пеногаситель Пегас Drive DUO total=1
2026-04-28 19:06:18 | INFO | tara_parser | Найден клиент: row=1653 client=МАГНУМ-НСК ООО - Воротников (Челюскинцев ул, дом № 48/1) total=1
2026-04-28 19:06:18 | INFO | tara_parser | Добавлена номенклатура: client_row=1653 item_row=1654 item=Замок тип G total=1
2026-04-28 19:06:18 | INFO | tara_parser | Найден клиент: row=1655 client=Маджента ООО - Воротников (Есенина ул, дом № 12/4) (бывшая Ёмкость №3 ООО) total=18
2026-04-28 19:06:18 | INFO | tara_parser | Добавлена номенклатура: client_row=1655 item_row=1656 item=Замок тип G total=4
2026-04-28 19:06:18 | INFO | tara_parser | Добавлена номенклатура: client_row=1655 item_row=1657 item=Замок тип S total=1
2026-04-28 19:06:18 | INFO | tara_parser | Добавлена номенклатура: client_row=1655 item_row=1658 item=Замок тип А total=6
2026-04-28 19:06:18 | INFO | tara_parser | Добавлена номенклатура: client_row=1655 item_row=1659 item=Кран Гиннесс total=1
2026-04-28 19:06:18 | INFO | tara_parser | Добавлена номенклатура: client_row=1655 item_row=1660 item=Пеногаситель Пегас Drive DUO total=5
2026-04-28 19:06:18 | INFO | tara_parser | Добавлена номенклатура: client_row=1655 item_row=1661 item=Редуктор на 1 выход total=1
2026-04-28 19:06:18 | INFO | tara_parser | Найден клиент: row=1662 client=Мазурина А.А. ИП - Токарев (Обь г, Ломоносова ул, дом № 48) total=9
2026-04-28 19:06:18 | INFO | tara_parser | Добавлена номенклатура: client_row=1662 item_row=1663 item=Бочка 30л BLK total=1
2026-04-28 19:06:18 | INFO | tara_parser | Добавлена номенклатура: client_row=1662 item_row=1664 item=Бочка 30л GIB Rakovnik (Черновар, Пражечка, Бакалар, Либенвайс, Вудбридж, Аркоброй,Гротверг) тип S total=6
2026-04-28 19:06:18 | INFO | tara_parser | Добавлена номенклатура: client_row=1662 item_row=1665 item=Бочка 30л Крушовице тип А total=-1
2026-04-28 19:06:18 | INFO | tara_parser | Добавлена номенклатура: client_row=1662 item_row=1666 item=Бочка 30л САБ Миллер (SANKEY НЕРЖ RU) total=-3
2026-04-28 19:06:18 | INFO | tara_parser | Добавлена номенклатура: client_row=1662 item_row=1667 item=Бочка 30л тип А Златый Базант/Три Медведя/Остмарк total=-3
2026-04-28 19:06:18 | INFO | tara_parser | Добавлена номенклатура: client_row=1662 item_row=1668 item=Бочка 30л Хейнекен (Златый Базант тип S) total=2
2026-04-28 19:06:18 | INFO | tara_parser | Добавлена номенклатура: client_row=1662 item_row=1669 item=Замок тип G total=1
2026-04-28 19:06:18 | INFO | tara_parser | Добавлена номенклатура: client_row=1662 item_row=1670 item=Замок тип S total=2
2026-04-28 19:06:18 | INFO | tara_parser | Добавлена номенклатура: client_row=1662 item_row=1671 item=Замок тип А total=1
2026-04-28 19:06:18 | INFO | tara_parser | Добавлена номенклатура: client_row=1662 item_row=1672 item=Пеногаситель Пегас total=1
2026-04-28 19:06:18 | INFO | tara_parser | Добавлена номенклатура: client_row=1662 item_row=1673 item=Пеногаситель Пегас Evolution total=2
2026-04-28 19:06:18 | INFO | tara_parser | Найден клиент: row=1674 client=Макарова О. В. ИП - Токарев (Мясниковой ул, дом № 16) total=20
2026-04-28 19:06:18 | INFO | tara_parser | Добавлена номенклатура: client_row=1674 item_row=1675 item=Бочка 30л тип А Златый Базант/Три Медведя/Остмарк total=1
2026-04-28 19:06:18 | INFO | tara_parser | Добавлена номенклатура: client_row=1674 item_row=1676 item=Бочка 30л Хейнекен (Златый Базант тип S) total=1
2026-04-28 19:06:18 | INFO | tara_parser | Добавлена номенклатура: client_row=1674 item_row=1677 item=Бочка 50л тип S total=5
2026-04-28 19:06:18 | INFO | tara_parser | Добавлена номенклатура: client_row=1674 item_row=1678 item=Замок тип G total=1
2026-04-28 19:06:18 | INFO | tara_parser | Добавлена номенклатура: client_row=1674 item_row=1679 item=Замок тип S total=5
2026-04-28 19:06:18 | INFO | tara_parser | Добавлена номенклатура: client_row=1674 item_row=1680 item=Замок тип А total=1
2026-04-28 19:06:18 | INFO | tara_parser | Добавлена номенклатура: client_row=1674 item_row=1681 item=Пеногаситель Пегас total=2
2026-04-28 19:06:18 | INFO | tara_parser | Добавлена номенклатура: client_row=1674 item_row=1682 item=Пеногаситель Пегас U-Classic total=4
2026-04-28 19:06:18 | INFO | tara_parser | Найден клиент: row=1683 client=Маклаков Александр Алексеевич ИП - Ганиев (Крупской п, Школьная ул, дом № 23) total=9
2026-04-28 19:06:18 | INFO | tara_parser | Добавлена номенклатура: client_row=1683 item_row=1684 item=Бочка 30л САБ Миллер (SANKEY НЕРЖ RU) total=1
2026-04-28 19:06:18 | INFO | tara_parser | Добавлена номенклатура: client_row=1683 item_row=1685 item=Бочка 50л тип S total=8
2026-04-28 19:06:18 | INFO | tara_parser | Найден клиент: row=1686 client=Маклаков Алексей Александрович ИП - Ганиев (Верх-Тула с, Советская ул, дом № 1/3) total=3
2026-04-28 19:06:18 | INFO | tara_parser | Добавлена номенклатура: client_row=1686 item_row=1687 item=Бочка 50л тип S total=2
2026-04-28 19:06:18 | INFO | tara_parser | Добавлена номенклатура: client_row=1686 item_row=1688 item=Замок тип S total=1
2026-04-28 19:06:18 | INFO | tara_parser | Найден клиент: row=1689 client=Мальцева Д. С. ИП - Волчок (Одоевского ул, дом № 1/10) (бывшая Жданова) total=2
2026-04-28 19:06:18 | INFO | tara_parser | Добавлена номенклатура: client_row=1689 item_row=1690 item=Замок тип S total=2
2026-04-28 19:06:18 | INFO | tara_parser | Найден клиент: row=1691 client=Маляров Сергей Викторович ИП - Волчок (Заречная ул, дом № 19) total=1
2026-04-28 19:06:18 | INFO | tara_parser | Добавлена номенклатура: client_row=1691 item_row=1692 item=Замок тип S total=1
2026-04-28 19:06:18 | INFO | tara_parser | Найден клиент: row=1693 client=Мамедов Адиль Сардар Оглы ИП - Токарев (Дуси Ковальчук ул, дом № 2/1) total=22
2026-04-28 19:06:18 | INFO | tara_parser | Добавлена номенклатура: client_row=1693 item_row=1694 item=Бочка 30л BLK total=1
2026-04-28 19:06:18 | INFO | tara_parser | Добавлена номенклатура: client_row=1693 item_row=1695 item=Бочка 30л САБ Миллер (SANKEY НЕРЖ RU) total=2
2026-04-28 19:06:18 | INFO | tara_parser | Добавлена номенклатура: client_row=1693 item_row=1696 item=Бочка 30л тип А Златый Базант/Три Медведя/Остмарк total=7
2026-04-28 19:06:18 | INFO | tara_parser | Добавлена номенклатура: client_row=1693 item_row=1697 item=Замок тип D total=1
2026-04-28 19:06:18 | INFO | tara_parser | Добавлена номенклатура: client_row=1693 item_row=1698 item=Замок тип G total=3
2026-04-28 19:06:18 | INFO | tara_parser | Добавлена номенклатура: client_row=1693 item_row=1699 item=Замок тип S total=3
2026-04-28 19:06:18 | INFO | tara_parser | Добавлена номенклатура: client_row=1693 item_row=1700 item=Замок тип А total=1
2026-04-28 19:06:18 | INFO | tara_parser | Добавлена номенклатура: client_row=1693 item_row=1701 item=Пеногаситель Пегас U-Classic DUO total=4
2026-04-28 19:06:18 | INFO | tara_parser | Найден клиент: row=1702 client=Мамедов Адиль Сардар Оглы ИП - Токарев (Нарымская ул, дом № 21) total=37
2026-04-28 19:06:18 | INFO | tara_parser | Добавлена номенклатура: client_row=1702 item_row=1703 item=Бочка 20л Сиб. Корона, Левенбрау, Стелла,Бад, Черниговское,Старопрамен(SANKEY НЕРЖ RU) total=3
2026-04-28 19:06:18 | INFO | tara_parser | Добавлена номенклатура: client_row=1702 item_row=1704 item=Бочка 30л BLK total=5
2026-04-28 19:06:18 | INFO | tara_parser | Добавлена номенклатура: client_row=1702 item_row=1705 item=Бочка 30л САБ Миллер (SANKEY НЕРЖ RU) total=2
2026-04-28 19:06:18 | INFO | tara_parser | Добавлена номенклатура: client_row=1702 item_row=1706 item=Бочка 30л тип А Златый Базант/Три Медведя/Остмарк total=2
2026-04-28 19:06:18 | INFO | tara_parser | Добавлена номенклатура: client_row=1702 item_row=1707 item=Бочка 50л S RU total=8
2026-04-28 19:06:18 | INFO | tara_parser | Добавлена номенклатура: client_row=1702 item_row=1708 item=Бочка 50л тип S total=3
2026-04-28 19:06:18 | INFO | tara_parser | Добавлена номенклатура: client_row=1702 item_row=1709 item=Бочка 50л тип А Высокая total=-2
2026-04-28 19:06:18 | INFO | tara_parser | Добавлена номенклатура: client_row=1702 item_row=1710 item=Замок тип G total=1
2026-04-28 19:06:18 | INFO | tara_parser | Добавлена номенклатура: client_row=1702 item_row=1711 item=Замок тип S total=5
2026-04-28 19:06:18 | INFO | tara_parser | Добавлена номенклатура: client_row=1702 item_row=1712 item=Замок тип А total=5
2026-04-28 19:06:18 | INFO | tara_parser | Добавлена номенклатура: client_row=1702 item_row=1713 item=Пеногаситель WINTAP на 2 потока total=5
2026-04-28 19:06:18 | INFO | tara_parser | Найден клиент: row=1714 client=Мамедов Алимус Зульфигар оглы ИП - Волчок (СНТ Лилия Бердское ш, дом № 4) total=6
2026-04-28 19:06:18 | INFO | tara_parser | Добавлена номенклатура: client_row=1714 item_row=1715 item=Замок тип А total=3
2026-04-28 19:06:18 | INFO | tara_parser | Добавлена номенклатура: client_row=1714 item_row=1716 item=Пеногаситель Пегас total=1
2026-04-28 19:06:18 | INFO | tara_parser | Добавлена номенклатура: client_row=1714 item_row=1717 item=Пеногаситель Пегас Drive DUO total=1
2026-04-28 19:06:18 | INFO | tara_parser | Добавлена номенклатура: client_row=1714 item_row=1718 item=Редуктор на 1 выход total=1
2026-04-28 19:06:18 | INFO | tara_parser | Найден клиент: row=1719 client=Мамедов Сеймур Сеидмамед Оглы ИП - Колягин (У) total=1
2026-04-28 19:06:18 | INFO | tara_parser | Добавлена номенклатура: client_row=1719 item_row=1720 item=Шкаф холодильный Балтика 0701991000521 total=1
2026-04-28 19:06:18 | INFO | tara_parser | Найден клиент: row=1721 client=МАРКЕТСИТИ ООО - Щербатов (Линейная ул, дом № 28) total=1
2026-04-28 19:06:18 | INFO | tara_parser | Добавлена номенклатура: client_row=1721 item_row=1722 item=Бочка 50л тип S total=1
2026-04-28 19:06:18 | INFO | tara_parser | Найден клиент: row=1723 client=Матвеев Сергей Владимирович ИП - Ганиев(Верх-Тула с, Радужный мкр, дом № 17/1) total=2
2026-04-28 19:06:18 | INFO | tara_parser | Добавлена номенклатура: client_row=1723 item_row=1724 item=Бочка 50л тип S total=1
2026-04-28 19:06:18 | INFO | tara_parser | Добавлена номенклатура: client_row=1723 item_row=1725 item=Замок тип S total=1
2026-04-28 19:06:18 | INFO | tara_parser | Найден клиент: row=1726 client=Матренина Елена Анатольевна - Ганиев(Ордынское рп, Солнечная ул, дом № 71) total=11
2026-04-28 19:06:18 | INFO | tara_parser | Добавлена номенклатура: client_row=1726 item_row=1727 item=Бочка 30л тип А Златый Базант/Три Медведя/Остмарк total=3
2026-04-28 19:06:18 | INFO | tara_parser | Добавлена номенклатура: client_row=1726 item_row=1728 item=Бочка 50л тип S total=3
2026-04-28 19:06:18 | INFO | tara_parser | Добавлена номенклатура: client_row=1726 item_row=1729 item=Замок тип S total=1
2026-04-28 19:06:18 | INFO | tara_parser | Добавлена номенклатура: client_row=1726 item_row=1730 item=Замок тип А total=1
2026-04-28 19:06:18 | INFO | tara_parser | Добавлена номенклатура: client_row=1726 item_row=1731 item=Охладитель "Тайфун 90" Эдем total=1
2026-04-28 19:06:18 | INFO | tara_parser | Добавлена номенклатура: client_row=1726 item_row=1732 item=Пеногаситель Пегас total=1
2026-04-28 19:06:18 | INFO | tara_parser | Добавлена номенклатура: client_row=1726 item_row=1733 item=Пеногаситель пегас WinTap 2 поток (металл) total=1
2026-04-28 19:06:18 | INFO | tara_parser | Найден клиент: row=1734 client=Медведько В.А. ИП - Воротников (Бердск г, Дзержинского ул, дом № 23) total=9
2026-04-28 19:06:18 | INFO | tara_parser | Добавлена номенклатура: client_row=1734 item_row=1735 item=Бочка 50л тип S total=5
2026-04-28 19:06:18 | INFO | tara_parser | Пропуск служебной строки: row=1736 text=Реализация товаров и услуг Бе00-017585 от 28.04.2026 0:00:00
2026-04-28 19:06:18 | INFO | tara_parser | Добавлена номенклатура: client_row=1734 item_row=1737 item=Бочка 50л тип А total=2
2026-04-28 19:06:18 | INFO | tara_parser | Пропуск служебной строки: row=1738 text=Реализация товаров и услуг Бе00-017585 от 28.04.2026 0:00:00
2026-04-28 19:06:18 | INFO | tara_parser | Добавлена номенклатура: client_row=1734 item_row=1739 item=Замок тип S total=1
2026-04-28 19:06:18 | INFO | tara_parser | Добавлена номенклатура: client_row=1734 item_row=1740 item=Пеногаситель Пегас Drive total=1
2026-04-28 19:06:18 | INFO | tara_parser | Найден клиент: row=1741 client=Медведько В.А. ИП - Воротников (Бердское ш, дом № 548) total=9
2026-04-28 19:06:18 | INFO | tara_parser | Добавлена номенклатура: client_row=1741 item_row=1742 item=Бочка 30л тип А Златый Базант/Три Медведя/Остмарк total=1
2026-04-28 19:06:18 | INFO | tara_parser | Добавлена номенклатура: client_row=1741 item_row=1743 item=Бочка 50л тип S total=4
2026-04-28 19:06:18 | INFO | tara_parser | Пропуск служебной строки: row=1744 text=Реализация товаров и услуг Бе00-017586 от 28.04.2026 0:00:00
2026-04-28 19:06:18 | INFO | tara_parser | Добавлена номенклатура: client_row=1741 item_row=1745 item=Бочка 50л тип А total=2
2026-04-28 19:06:18 | INFO | tara_parser | Пропуск служебной строки: row=1746 text=Реализация товаров и услуг Бе00-017586 от 28.04.2026 0:00:00
2026-04-28 19:06:18 | INFO | tara_parser | Добавлена номенклатура: client_row=1741 item_row=1747 item=Замок тип S total=1
2026-04-28 19:06:18 | INFO | tara_parser | Добавлена номенклатура: client_row=1741 item_row=1748 item=Пеногаситель Пегас Drive total=1
2026-04-28 19:06:18 | INFO | tara_parser | Найден клиент: row=1749 client=МЕРКУРИЙ-ТОРГ ООО - Колягин (Новоуральская ул, дом № 30) total=15
2026-04-28 19:06:18 | INFO | tara_parser | Добавлена номенклатура: client_row=1749 item_row=1750 item=Бочка 30л САБ Миллер (SANKEY НЕРЖ RU) total=2
2026-04-28 19:06:18 | INFO | tara_parser | Добавлена номенклатура: client_row=1749 item_row=1751 item=Бочка 50л S RU total=15
2026-04-28 19:06:18 | INFO | tara_parser | Добавлена номенклатура: client_row=1749 item_row=1752 item=Бочка 50л тип S total=-10
2026-04-28 19:06:18 | INFO | tara_parser | Добавлена номенклатура: client_row=1749 item_row=1753 item=Замок тип S total=4
2026-04-28 19:06:18 | INFO | tara_parser | Добавлена номенклатура: client_row=1749 item_row=1754 item=Замок тип А total=2
2026-04-28 19:06:18 | INFO | tara_parser | Добавлена номенклатура: client_row=1749 item_row=1755 item=Пеногаситель WINTAP на 2 потока total=2
2026-04-28 19:06:18 | INFO | tara_parser | Найден клиент: row=1756 client=МЕРКУРИЙ-ТОРГ ООО - Колягин (Солидарности ул, дом № 74) total=4
2026-04-28 19:06:18 | INFO | tara_parser | Добавлена номенклатура: client_row=1756 item_row=1757 item=Бочка 50л S RU total=3
2026-04-28 19:06:18 | INFO | tara_parser | Добавлена номенклатура: client_row=1756 item_row=1758 item=Бочка 50л тип S total=-3
2026-04-28 19:06:18 | INFO | tara_parser | Добавлена номенклатура: client_row=1756 item_row=1759 item=Замок тип S total=2
2026-04-28 19:06:18 | INFO | tara_parser | Добавлена номенклатура: client_row=1756 item_row=1760 item=Замок тип А total=1
2026-04-28 19:06:18 | INFO | tara_parser | Добавлена номенклатура: client_row=1756 item_row=1761 item=Пеногаситель Пегас Drive DUO total=1
2026-04-28 19:06:18 | INFO | tara_parser | Найден клиент: row=1762 client=МЕРКУРИЙ-ТОРГ ООО - Колягин (Солидарности ул, дом № 89) total=11
2026-04-28 19:06:18 | INFO | tara_parser | Добавлена номенклатура: client_row=1762 item_row=1763 item=Бочка 50л S RU total=6
2026-04-28 19:06:18 | INFO | tara_parser | Добавлена номенклатура: client_row=1762 item_row=1764 item=Бочка 50л тип S total=-2
2026-04-28 19:06:18 | INFO | tara_parser | Добавлена номенклатура: client_row=1762 item_row=1765 item=Замок тип D total=1
2026-04-28 19:06:18 | INFO | tara_parser | Добавлена номенклатура: client_row=1762 item_row=1766 item=Замок тип S total=1
2026-04-28 19:06:18 | INFO | tara_parser | Добавлена номенклатура: client_row=1762 item_row=1767 item=Замок тип А total=3
2026-04-28 19:06:18 | INFO | tara_parser | Добавлена номенклатура: client_row=1762 item_row=1768 item=Пеногаситель Пегас Evolution DUO total=2
2026-04-28 19:06:18 | INFO | tara_parser | Найден клиент без явного итога: row=1769 client=МИОЛЬ ООО - Волчок (Стартовая ул, дом № 4/1)
2026-04-28 19:06:18 | INFO | tara_parser | Добавлена номенклатура: client_row=1769 item_row=1770 item=Бочка 30л ПМ Эфес (DRAFT НЕРЖ RU) total=1
2026-04-28 19:06:18 | INFO | tara_parser | Добавлена номенклатура: client_row=1769 item_row=1771 item=Бочка 30л САБ Миллер (SANKEY НЕРЖ RU) total=-2
2026-04-28 19:06:18 | INFO | tara_parser | Добавлена номенклатура: client_row=1769 item_row=1772 item=Бочка 30л тип А Златый Базант/Три Медведя/Остмарк total=1
2026-04-28 19:06:18 | INFO | tara_parser | Найден клиент: row=1773 client=Мир вкуса ООО Волчок (Бердск г, Ясная поляна ул, дом № 16) total=18
2026-04-28 19:06:18 | INFO | tara_parser | Добавлена номенклатура: client_row=1773 item_row=1774 item=Баллон 25 кг. (Углекислота) total=2
2026-04-28 19:06:18 | INFO | tara_parser | Добавлена номенклатура: client_row=1773 item_row=1775 item=Бочка 20л Сиб. Корона, Левенбрау, Стелла,Бад, Черниговское,Старопрамен(SANKEY НЕРЖ RU) total=4
2026-04-28 19:06:18 | INFO | tara_parser | Пропуск служебной строки: row=1776 text=Реализация товаров и услуг Бе00-017472 от 28.04.2026 0:00:00
2026-04-28 19:06:18 | INFO | tara_parser | Добавлена номенклатура: client_row=1773 item_row=1777 item=Бочка 30л тип А Златый Базант/Три Медведя/Остмарк total=4
2026-04-28 19:06:18 | INFO | tara_parser | Пропуск служебной строки: row=1778 text=Реализация товаров и услуг Бе00-017472 от 28.04.2026 0:00:00
2026-04-28 19:06:18 | INFO | tara_parser | Добавлена номенклатура: client_row=1773 item_row=1779 item=Бочка 50л тип S total=1
2026-04-28 19:06:18 | INFO | tara_parser | Добавлена номенклатура: client_row=1773 item_row=1780 item=Бочка 50л тип А Высокая total=2
2026-04-28 19:06:18 | INFO | tara_parser | Добавлена номенклатура: client_row=1773 item_row=1781 item=Замок тип S total=1
2026-04-28 19:06:18 | INFO | tara_parser | Добавлена номенклатура: client_row=1773 item_row=1782 item=Замок тип А total=2
2026-04-28 19:06:18 | INFO | tara_parser | Добавлена номенклатура: client_row=1773 item_row=1783 item=Пеногаситель Пегас Drive DUO total=1
2026-04-28 19:06:18 | INFO | tara_parser | Добавлена номенклатура: client_row=1773 item_row=1784 item=Пеногаситель Пегас Evolution total=1
2026-04-28 19:06:18 | INFO | tara_parser | Найден клиент: row=1785 client=Миренич Виктор Олегович ИП - Щербатов total=4
2026-04-28 19:06:18 | INFO | tara_parser | Добавлена номенклатура: client_row=1785 item_row=1786 item=Бочка 50л тип S total=1
2026-04-28 19:06:18 | INFO | tara_parser | Добавлена номенклатура: client_row=1785 item_row=1787 item=Замок тип S total=1
2026-04-28 19:06:18 | INFO | tara_parser | Добавлена номенклатура: client_row=1785 item_row=1788 item=Замок тип А total=1
2026-04-28 19:06:18 | INFO | tara_parser | Добавлена номенклатура: client_row=1785 item_row=1789 item=Пеногаситель Пегас Drive DUO total=1
2026-04-28 19:06:18 | INFO | tara_parser | Найден клиент: row=1790 client=Миронова Елена Алексеевна ИП - Колягин (У) ( Садовое общество Зори, Кировский район) total=4
2026-04-28 19:06:18 | INFO | tara_parser | Добавлена номенклатура: client_row=1790 item_row=1791 item=Витрина холодильная "Златый Базант" №27444010 total=1
2026-04-28 19:06:18 | INFO | tara_parser | Добавлена номенклатура: client_row=1790 item_row=1792 item=Замок тип S total=1
2026-04-28 19:06:18 | INFO | tara_parser | Добавлена номенклатура: client_row=1790 item_row=1793 item=Замок тип А total=1
2026-04-28 19:06:18 | INFO | tara_parser | Добавлена номенклатура: client_row=1790 item_row=1794 item=Пеногаситель Пегас total=1
2026-04-28 19:06:18 | INFO | tara_parser | Найден клиент: row=1795 client=Мичуринское сельское потребительское общество Токарев (Ишимская,18) КПП 543332006 total=25
2026-04-28 19:06:18 | INFO | tara_parser | Добавлена номенклатура: client_row=1795 item_row=1796 item=Бочка 30л тип А Златый Базант/Три Медведя/Остмарк total=8
2026-04-28 19:06:18 | INFO | tara_parser | Пропуск служебной строки: row=1797 text=Реализация товаров и услуг Бе00-017650 от 28.04.2026 0:00:00
2026-04-28 19:06:18 | INFO | tara_parser | Добавлена номенклатура: client_row=1795 item_row=1798 item=Бочка 50л S RU total=7
2026-04-28 19:06:18 | INFO | tara_parser | Добавлена номенклатура: client_row=1795 item_row=1799 item=Бочка 50л тип S total=4
2026-04-28 19:06:18 | INFO | tara_parser | Пропуск служебной строки: row=1800 text=Реализация товаров и услуг Бе00-017650 от 28.04.2026 0:00:00
2026-04-28 19:06:18 | INFO | tara_parser | Добавлена номенклатура: client_row=1795 item_row=1801 item=Замок тип S total=1
2026-04-28 19:06:18 | INFO | tara_parser | Добавлена номенклатура: client_row=1795 item_row=1802 item=Замок тип А total=3
2026-04-28 19:06:18 | INFO | tara_parser | Добавлена номенклатура: client_row=1795 item_row=1803 item=Пеногаситель WINTAP на 2 потока total=2
2026-04-28 19:06:18 | INFO | tara_parser | Найден клиент: row=1804 client=Мичуринское сельское потребительское общество Токарев (Барханная,11) КПП 543332005 total=14
2026-04-28 19:06:18 | INFO | tara_parser | Добавлена номенклатура: client_row=1804 item_row=1805 item=Бочка 50л тип S total=10
2026-04-28 19:06:18 | INFO | tara_parser | Добавлена номенклатура: client_row=1804 item_row=1806 item=Бочка 50л тип А Высокая total=-2
2026-04-28 19:06:18 | INFO | tara_parser | Добавлена номенклатура: client_row=1804 item_row=1807 item=Замок тип S total=1
2026-04-28 19:06:18 | INFO | tara_parser | Добавлена номенклатура: client_row=1804 item_row=1808 item=Замок тип А total=3
2026-04-28 19:06:18 | INFO | tara_parser | Добавлена номенклатура: client_row=1804 item_row=1809 item=Пеногаситель WINTAP на 2 потока total=2
2026-04-28 19:06:18 | INFO | tara_parser | Найден клиент: row=1810 client=Морозов С.В. ИП - Воротников (Добролюбова ул, дом № 16) total=39
2026-04-28 19:06:18 | INFO | tara_parser | Добавлена номенклатура: client_row=1810 item_row=1811 item=Бочка 30л BLK total=2
2026-04-28 19:06:18 | INFO | tara_parser | Пропуск служебной строки: row=1812 text=Реализация товаров и услуг Бе00-017797 от 28.04.2026 9:40:59
2026-04-28 19:06:18 | INFO | tara_parser | Добавлена номенклатура: client_row=1810 item_row=1813 item=Бочка 30л тип А Златый Базант/Три Медведя/Остмарк total=18
2026-04-28 19:06:18 | INFO | tara_parser | Пропуск служебной строки: row=1814 text=Реализация товаров и услуг Бе00-017797 от 28.04.2026 9:40:59
2026-04-28 19:06:18 | INFO | tara_parser | Добавлена номенклатура: client_row=1810 item_row=1815 item=Бочка 50л тип S total=9
2026-04-28 19:06:18 | INFO | tara_parser | Пропуск служебной строки: row=1816 text=Реализация товаров и услуг Бе00-017797 от 28.04.2026 9:40:59
2026-04-28 19:06:18 | INFO | tara_parser | Добавлена номенклатура: client_row=1810 item_row=1817 item=Замок тип G total=1
2026-04-28 19:06:18 | INFO | tara_parser | Добавлена номенклатура: client_row=1810 item_row=1818 item=Замок тип S total=1
2026-04-28 19:06:18 | INFO | tara_parser | Добавлена номенклатура: client_row=1810 item_row=1819 item=Замок тип А total=4
2026-04-28 19:06:18 | INFO | tara_parser | Добавлена номенклатура: client_row=1810 item_row=1820 item=Пеногаситель Пегас Drive DUO total=3
2026-04-28 19:06:18 | INFO | tara_parser | Добавлена номенклатура: client_row=1810 item_row=1821 item=Редуктор на 1 выход total=1
2026-04-28 19:06:18 | INFO | tara_parser | Найден клиент: row=1822 client=Морозов С.В. ИП - Воротников (Краснообск рп, Северная ул, дом № 5) total=32
2026-04-28 19:06:18 | INFO | tara_parser | Добавлена номенклатура: client_row=1822 item_row=1823 item=Баллон 25 кг. (Углекислота) total=1
2026-04-28 19:06:18 | INFO | tara_parser | Добавлена номенклатура: client_row=1822 item_row=1824 item=Бочка 30л BLK total=2
2026-04-28 19:06:18 | INFO | tara_parser | Добавлена номенклатура: client_row=1822 item_row=1825 item=Бочка 30л тип А Златый Базант/Три Медведя/Остмарк total=4
2026-04-28 19:06:18 | INFO | tara_parser | Добавлена номенклатура: client_row=1822 item_row=1826 item=Бочка 50л тип S total=10
2026-04-28 19:06:18 | INFO | tara_parser | Добавлена номенклатура: client_row=1822 item_row=1827 item=Бочка 50л тип А Высокая total=2
2026-04-28 19:06:18 | INFO | tara_parser | Добавлена номенклатура: client_row=1822 item_row=1828 item=Замок тип G total=1
2026-04-28 19:06:18 | INFO | tara_parser | Добавлена номенклатура: client_row=1822 item_row=1829 item=Замок тип S total=2
2026-04-28 19:06:18 | INFO | tara_parser | Добавлена номенклатура: client_row=1822 item_row=1830 item=Замок тип А total=5
2026-04-28 19:06:18 | INFO | tara_parser | Добавлена номенклатура: client_row=1822 item_row=1831 item=Пеногаситель Пегас Drive DUO total=4
2026-04-28 19:06:18 | INFO | tara_parser | Добавлена номенклатура: client_row=1822 item_row=1832 item=Редуктор на 1 выход total=1
2026-04-28 19:06:18 | INFO | tara_parser | Найден клиент: row=1833 client=Морозов С.В. ИП - Воротников (Олеко Дундича ул, дом № 25) total=26
2026-04-28 19:06:18 | INFO | tara_parser | Добавлена номенклатура: client_row=1833 item_row=1834 item=Баллон 25 кг. (Углекислота) total=1
2026-04-28 19:06:18 | INFO | tara_parser | Добавлена номенклатура: client_row=1833 item_row=1835 item=Бочка 30л BLK total=1
2026-04-28 19:06:18 | INFO | tara_parser | Добавлена номенклатура: client_row=1833 item_row=1836 item=Бочка 30л тип А Златый Базант/Три Медведя/Остмарк total=3
2026-04-28 19:06:18 | INFO | tara_parser | Добавлена номенклатура: client_row=1833 item_row=1837 item=Бочка 50л тип S total=7
2026-04-28 19:06:18 | INFO | tara_parser | Добавлена номенклатура: client_row=1833 item_row=1838 item=Бочка 50л тип А Высокая total=2
2026-04-28 19:06:18 | INFO | tara_parser | Добавлена номенклатура: client_row=1833 item_row=1839 item=Замок тип G total=2
2026-04-28 19:06:18 | INFO | tara_parser | Добавлена номенклатура: client_row=1833 item_row=1840 item=Замок тип S total=2
2026-04-28 19:06:18 | INFO | tara_parser | Добавлена номенклатура: client_row=1833 item_row=1841 item=Замок тип А total=3
2026-04-28 19:06:18 | INFO | tara_parser | Пропуск служебной строки: row=1842 text=Переданное оборудование Бе00-000604 от 28.04.2026 10:57:27
2026-04-28 19:06:18 | INFO | tara_parser | Добавлена номенклатура: client_row=1833 item_row=1843 item=Пеногаситель WINTAP на 2 потока total=1
2026-04-28 19:06:18 | INFO | tara_parser | Добавлена номенклатура: client_row=1833 item_row=1844 item=Пеногаситель Пегас Drive DUO total=1
2026-04-28 19:06:18 | INFO | tara_parser | Добавлена номенклатура: client_row=1833 item_row=1845 item=Пеногаситель Пегас Ecotap total=1
2026-04-28 19:06:18 | INFO | tara_parser | Добавлена номенклатура: client_row=1833 item_row=1846 item=Пеногаситель Пегас Evolution DUO total=1
2026-04-28 19:06:18 | INFO | tara_parser | Добавлена номенклатура: client_row=1833 item_row=1847 item=Редуктор на 1 выход total=1
2026-04-28 19:06:18 | INFO | tara_parser | Найден клиент: row=1848 client=Морозова Оксана Владимировна ИП - Колягин (Новосибирск г, Связистов ул, дом № 153) total=15
2026-04-28 19:06:18 | INFO | tara_parser | Добавлена номенклатура: client_row=1848 item_row=1849 item=Бочка 50л S RU total=40
2026-04-28 19:06:18 | INFO | tara_parser | Добавлена номенклатура: client_row=1848 item_row=1850 item=Бочка 50л тип S total=-31
2026-04-28 19:06:18 | INFO | tara_parser | Добавлена номенклатура: client_row=1848 item_row=1851 item=Замок тип S total=3
2026-04-28 19:06:18 | INFO | tara_parser | Добавлена номенклатура: client_row=1848 item_row=1852 item=Замок тип А total=1
2026-04-28 19:06:18 | INFO | tara_parser | Добавлена номенклатура: client_row=1848 item_row=1853 item=Пеногаситель WINTAP на 2 потока total=1
2026-04-28 19:06:18 | INFO | tara_parser | Добавлена номенклатура: client_row=1848 item_row=1854 item=Пеногаситель Пегас Ecotap total=1
2026-04-28 19:06:18 | INFO | tara_parser | Найден клиент: row=1855 client=Морунова Марина Юрьевна ИП - Волчок (У и Б) total=1
2026-04-28 19:06:18 | INFO | tara_parser | Добавлена номенклатура: client_row=1855 item_row=1856 item=Редуктор на 1 выход total=1
2026-04-28 19:06:18 | INFO | tara_parser | Найден клиент: row=1857 client=Мусохранова Е. Э ИП - Токарев (Александра Чистякова ул, дом № 12) total=33
2026-04-28 19:06:18 | INFO | tara_parser | Добавлена номенклатура: client_row=1857 item_row=1858 item=Бочка 30л BLK total=2
2026-04-28 19:06:18 | INFO | tara_parser | Добавлена номенклатура: client_row=1857 item_row=1859 item=Бочка 30л тип А Златый Базант/Три Медведя/Остмарк total=2
2026-04-28 19:06:18 | INFO | tara_parser | Пропуск служебной строки: row=1860 text=Реализация товаров и услуг Бе00-017657 от 28.04.2026 0:00:00
2026-04-28 19:06:18 | INFO | tara_parser | Добавлена номенклатура: client_row=1857 item_row=1861 item=Бочка 50л тип S total=13
2026-04-28 19:06:18 | INFO | tara_parser | Пропуск служебной строки: row=1862 text=Реализация товаров и услуг Бе00-017657 от 28.04.2026 0:00:00
2026-04-28 19:06:18 | INFO | tara_parser | Добавлена номенклатура: client_row=1857 item_row=1863 item=Замок тип G total=1
2026-04-28 19:06:18 | INFO | tara_parser | Добавлена номенклатура: client_row=1857 item_row=1864 item=Замок тип S total=5
2026-04-28 19:06:18 | INFO | tara_parser | Добавлена номенклатура: client_row=1857 item_row=1865 item=Замок тип А total=2
2026-04-28 19:06:18 | INFO | tara_parser | Добавлена номенклатура: client_row=1857 item_row=1866 item=Пеногаситель Пегас Evolution total=6
2026-04-28 19:06:18 | INFO | tara_parser | Добавлена номенклатура: client_row=1857 item_row=1867 item=Пеногаситель Пегас NEO-Classic total=2
2026-04-28 19:06:18 | INFO | tara_parser | Найден клиент: row=1868 client=Мухарева Е.П. ИП - Волчок (СНТ Лилия) total=7
2026-04-28 19:06:18 | INFO | tara_parser | Добавлена номенклатура: client_row=1868 item_row=1869 item=Бочка 50л S RU total=5
2026-04-28 19:06:18 | INFO | tara_parser | Добавлена номенклатура: client_row=1868 item_row=1870 item=Бочка 50л тип S total=-1
2026-04-28 19:06:18 | INFO | tara_parser | Добавлена номенклатура: client_row=1868 item_row=1871 item=Замок тип S total=2
2026-04-28 19:06:18 | INFO | tara_parser | Добавлена номенклатура: client_row=1868 item_row=1872 item=Пеногаситель Пегас Drive DUO total=1
2026-04-28 19:06:18 | INFO | tara_parser | Найден клиент: row=1873 client=Мухарева Е.П. ИП - Волчок (СТН Импульс) (Зоологическая ул, дом № 54) total=12
2026-04-28 19:06:18 | INFO | tara_parser | Добавлена номенклатура: client_row=1873 item_row=1874 item=Бочка 50л S RU total=4
2026-04-28 19:06:18 | INFO | tara_parser | Пропуск служебной строки: row=1875 text=Реализация товаров и услуг Бе00-017564 от 28.04.2026 0:00:00
2026-04-28 19:06:18 | INFO | tara_parser | Добавлена номенклатура: client_row=1873 item_row=1876 item=Бочка 50л тип S total=5
2026-04-28 19:06:18 | INFO | tara_parser | Пропуск служебной строки: row=1877 text=Реализация товаров и услуг Бе00-017564 от 28.04.2026 0:00:00
2026-04-28 19:06:18 | INFO | tara_parser | Добавлена номенклатура: client_row=1873 item_row=1878 item=Замок тип S total=2
2026-04-28 19:06:18 | INFO | tara_parser | Добавлена номенклатура: client_row=1873 item_row=1879 item=Пеногаситель Пегас Drive DUO total=1
2026-04-28 19:06:18 | INFO | tara_parser | Найден клиент: row=1880 client=Мхикян Сусанна Рафиковна ИП - Токарев total=5
2026-04-28 19:06:18 | INFO | tara_parser | Добавлена номенклатура: client_row=1880 item_row=1881 item=Бочка 50л тип S total=2
2026-04-28 19:06:18 | INFO | tara_parser | Добавлена номенклатура: client_row=1880 item_row=1882 item=Замок тип S total=1
2026-04-28 19:06:18 | INFO | tara_parser | Добавлена номенклатура: client_row=1880 item_row=1883 item=Замок тип А total=1
2026-04-28 19:06:18 | INFO | tara_parser | Добавлена номенклатура: client_row=1880 item_row=1884 item=Пеногаситель Пегас Drive DUO total=1
2026-04-28 19:06:18 | INFO | tara_parser | Найден клиент: row=1885 client=Надеева Е. В. ИП - Волчок (Бердск г, Черемушная ул, дом № 4/1) (бывшая Романченко) total=19
2026-04-28 19:06:18 | INFO | tara_parser | Добавлена номенклатура: client_row=1885 item_row=1886 item=Баллон 25 кг. (Азот) total=1
2026-04-28 19:06:18 | INFO | tara_parser | Добавлена номенклатура: client_row=1885 item_row=1887 item=Бочка 30л BLK total=1
2026-04-28 19:06:18 | INFO | tara_parser | Добавлена номенклатура: client_row=1885 item_row=1888 item=Бочка 30л Хейнекен (Златый Базант тип S) total=2
2026-04-28 19:06:18 | INFO | tara_parser | Добавлена номенклатура: client_row=1885 item_row=1889 item=Замок тип G total=1
2026-04-28 19:06:18 | INFO | tara_parser | Добавлена номенклатура: client_row=1885 item_row=1890 item=Замок тип S total=2
2026-04-28 19:06:18 | INFO | tara_parser | Добавлена номенклатура: client_row=1885 item_row=1891 item=Замок тип А total=5
2026-04-28 19:06:18 | INFO | tara_parser | Добавлена номенклатура: client_row=1885 item_row=1892 item=Пеногаситель Пегас Drive total=1
2026-04-28 19:06:18 | INFO | tara_parser | Добавлена номенклатура: client_row=1885 item_row=1893 item=Пеногаситель Пегас Drive DUO total=2
2026-04-28 19:06:18 | INFO | tara_parser | Добавлена номенклатура: client_row=1885 item_row=1894 item=Пеногаситель Пегас Ecotap total=1
2026-04-28 19:06:18 | INFO | tara_parser | Добавлена номенклатура: client_row=1885 item_row=1895 item=Пеногаситель Пегас U-Classic DUO total=1
2026-04-28 19:06:18 | INFO | tara_parser | Добавлена номенклатура: client_row=1885 item_row=1896 item=Переключатель потоков total=1
2026-04-28 19:06:18 | INFO | tara_parser | Добавлена номенклатура: client_row=1885 item_row=1897 item=Редуктор на 1 выход total=1
2026-04-28 19:06:18 | INFO | tara_parser | Найден клиент: row=1898 client=Намазова Гюльназ Панах Кызы ИП - Щербатов (Красных Зорь ул, дом № 3/1, корпус 1) total=10
2026-04-28 19:06:18 | INFO | tara_parser | Добавлена номенклатура: client_row=1898 item_row=1899 item=Бочка 50л S RU total=18
2026-04-28 19:06:18 | INFO | tara_parser | Добавлена номенклатура: client_row=1898 item_row=1900 item=Бочка 50л тип S total=-12
2026-04-28 19:06:18 | INFO | tara_parser | Добавлена номенклатура: client_row=1898 item_row=1901 item=Замок тип S total=2
2026-04-28 19:06:18 | INFO | tara_parser | Добавлена номенклатура: client_row=1898 item_row=1902 item=Пеногаситель Пегас Ecotap Next total=2
2026-04-28 19:06:18 | INFO | tara_parser | Найден клиент: row=1903 client=Нестин Андрей Юрьевич ИП - Волчок (только б/а) total=1
2026-04-28 19:06:18 | INFO | tara_parser | Добавлена номенклатура: client_row=1903 item_row=1904 item=Шкаф холодильный Балтика 0701994030-597 total=1
2026-04-28 19:06:18 | INFO | tara_parser | Найден клиент: row=1905 client=Неушев И.В. ИП - Токарев (Станиславского ул, дом № 17) total=16
2026-04-28 19:06:18 | INFO | tara_parser | Добавлена номенклатура: client_row=1905 item_row=1906 item=Бочка 30л тип А Златый Базант/Три Медведя/Остмарк total=2
2026-04-28 19:06:18 | INFO | tara_parser | Добавлена номенклатура: client_row=1905 item_row=1907 item=Бочка 30л Хейнекен (Златый Базант тип S) total=1
2026-04-28 19:06:18 | INFO | tara_parser | Добавлена номенклатура: client_row=1905 item_row=1908 item=Бочка 50л тип S total=8
2026-04-28 19:06:18 | INFO | tara_parser | Добавлена номенклатура: client_row=1905 item_row=1909 item=Замок тип S total=2
2026-04-28 19:06:18 | INFO | tara_parser | Добавлена номенклатура: client_row=1905 item_row=1910 item=Замок тип А total=1
2026-04-28 19:06:18 | INFO | tara_parser | Добавлена номенклатура: client_row=1905 item_row=1911 item=Пеногаситель Пегас Evolution total=2
2026-04-28 19:06:18 | INFO | tara_parser | Найден клиент: row=1912 client=Никитин Дмитрий Петрович ИП - Щербатов (Аникина ул, дом № 16) total=15
2026-04-28 19:06:18 | INFO | tara_parser | Добавлена номенклатура: client_row=1912 item_row=1913 item=Бочка 30л тип А Златый Базант/Три Медведя/Остмарк total=1
2026-04-28 19:06:18 | INFO | tara_parser | Добавлена номенклатура: client_row=1912 item_row=1914 item=Бочка 50л тип S total=2
2026-04-28 19:06:18 | INFO | tara_parser | Добавлена номенклатура: client_row=1912 item_row=1915 item=Замок тип S total=1
2026-04-28 19:06:18 | INFO | tara_parser | Добавлена номенклатура: client_row=1912 item_row=1916 item=Замок тип А total=3
2026-04-28 19:06:18 | INFO | tara_parser | Добавлена номенклатура: client_row=1912 item_row=1917 item=Каплесборник total=4
2026-04-28 19:06:18 | INFO | tara_parser | Добавлена номенклатура: client_row=1912 item_row=1918 item=Пеногаситель Пегас Drive DUO total=1
2026-04-28 19:06:18 | INFO | tara_parser | Добавлена номенклатура: client_row=1912 item_row=1919 item=Пеногаситель Пегас Evolution total=2
2026-04-28 19:06:18 | INFO | tara_parser | Добавлена номенклатура: client_row=1912 item_row=1920 item=Холодильник UBC Icestream ECO " 5 флагов" № 13350001257001 total=1
2026-04-28 19:06:18 | INFO | tara_parser | Найден клиент: row=1921 client=Никитина Елена Витальевна ИП (г.Бердск пересечение Рогачева ул и Пролетарская ул.) total=18
2026-04-28 19:06:18 | INFO | tara_parser | Добавлена номенклатура: client_row=1921 item_row=1922 item=Бочка 30л тип А Златый Базант/Три Медведя/Остмарк total=2
2026-04-28 19:06:18 | INFO | tara_parser | Добавлена номенклатура: client_row=1921 item_row=1923 item=Бочка 50л тип S total=6
2026-04-28 19:06:18 | INFO | tara_parser | Пропуск служебной строки: row=1924 text=Реализация товаров и услуг Бе00-017733 от 28.04.2026 0:00:00
2026-04-28 19:06:18 | INFO | tara_parser | Добавлена номенклатура: client_row=1921 item_row=1925 item=Бочка 50л тип А Высокая total=3
2026-04-28 19:06:18 | INFO | tara_parser | Добавлена номенклатура: client_row=1921 item_row=1926 item=Замок тип D total=1
2026-04-28 19:06:18 | INFO | tara_parser | Добавлена номенклатура: client_row=1921 item_row=1927 item=Замок тип S total=1
2026-04-28 19:06:18 | INFO | tara_parser | Добавлена номенклатура: client_row=1921 item_row=1928 item=Замок тип А total=2
2026-04-28 19:06:18 | INFO | tara_parser | Добавлена номенклатура: client_row=1921 item_row=1929 item=Пеногаситель WINTAP на 2 потока total=2
2026-04-28 19:06:18 | INFO | tara_parser | Добавлена номенклатура: client_row=1921 item_row=1930 item=Редуктор на 1 выход total=1
2026-04-28 19:06:18 | INFO | tara_parser | Найден клиент: row=1931 client=Нина ООО - Щербатов total=3
2026-04-28 19:06:18 | INFO | tara_parser | Добавлена номенклатура: client_row=1931 item_row=1932 item=Замок тип S total=1
2026-04-28 19:06:18 | INFO | tara_parser | Добавлена номенклатура: client_row=1931 item_row=1933 item=Замок тип А total=1
2026-04-28 19:06:18 | INFO | tara_parser | Добавлена номенклатура: client_row=1931 item_row=1934 item=Пеногаситель Пегас Drive DUO total=1
2026-04-28 19:06:18 | INFO | tara_parser | Найден клиент: row=1935 client=Новиков Д.А. ИП - Ганиев (Верх-Тула с, Кирова ул, дом № 17/1) total=7
2026-04-28 19:06:18 | INFO | tara_parser | Добавлена номенклатура: client_row=1935 item_row=1936 item=Бочка 50л тип S total=4
2026-04-28 19:06:18 | INFO | tara_parser | Добавлена номенклатура: client_row=1935 item_row=1937 item=Замок тип S total=1
2026-04-28 19:06:18 | INFO | tara_parser | Добавлена номенклатура: client_row=1935 item_row=1938 item=пеногаситель пегас Wintap 1 поток металл total=1
2026-04-28 19:06:18 | INFO | tara_parser | Добавлена номенклатура: client_row=1935 item_row=1939 item=Редуктор СО2 на 2 (эдем) total=1
2026-04-28 19:06:18 | INFO | tara_parser | Найден клиент: row=1940 client=Огурцова Надежда Валерьевна ИП - Щербатов( Селезнева ул, дом № 28, корпус 1) total=11
2026-04-28 19:06:18 | INFO | tara_parser | Добавлена номенклатура: client_row=1940 item_row=1941 item=Бочка 50л тип S total=2
2026-04-28 19:06:18 | INFO | tara_parser | Добавлена номенклатура: client_row=1940 item_row=1942 item=Замок тип S total=1
2026-04-28 19:06:18 | INFO | tara_parser | Добавлена номенклатура: client_row=1940 item_row=1943 item=Замок тип А total=3
2026-04-28 19:06:18 | INFO | tara_parser | Добавлена номенклатура: client_row=1940 item_row=1944 item=Охладитель "Тайфун 90" 2 total=1
2026-04-28 19:06:18 | INFO | tara_parser | Добавлена номенклатура: client_row=1940 item_row=1945 item=Пеногаситель Пегас Drive total=4
2026-04-28 19:06:18 | INFO | tara_parser | Найден клиент: row=1946 client=Олехов Александр Васильевич ИП - Ганиев(Новопичугово с, Школьная ул, дом № 24) total=13
2026-04-28 19:06:18 | INFO | tara_parser | Добавлена номенклатура: client_row=1946 item_row=1947 item=Баллон 25 кг. (Углекислота) total=2
2026-04-28 19:06:18 | INFO | tara_parser | Добавлена номенклатура: client_row=1946 item_row=1948 item=Бочка 30л тип А Златый Базант/Три Медведя/Остмарк total=2
2026-04-28 19:06:18 | INFO | tara_parser | Добавлена номенклатура: client_row=1946 item_row=1949 item=Бочка 50л S RU total=2
2026-04-28 19:06:18 | INFO | tara_parser | Добавлена номенклатура: client_row=1946 item_row=1950 item=Бочка 50л тип S total=-2
2026-04-28 19:06:18 | INFO | tara_parser | Добавлена номенклатура: client_row=1946 item_row=1951 item=Замок тип S total=1
2026-04-28 19:06:18 | INFO | tara_parser | Добавлена номенклатура: client_row=1946 item_row=1952 item=Замок тип А total=5
2026-04-28 19:06:18 | INFO | tara_parser | Добавлена номенклатура: client_row=1946 item_row=1953 item=Пеногаситель Пегас Drive DUO(Эдем) total=3
2026-04-28 19:06:18 | INFO | tara_parser | Найден клиент: row=1954 client=ОЛЬГА ООО - Щербатов (Станционно-Ояшинский рп, Октябрьская ул, дом № 1) total=10
2026-04-28 19:06:18 | INFO | tara_parser | Добавлена номенклатура: client_row=1954 item_row=1955 item=Бочка 50л S RU total=24
2026-04-28 19:06:18 | INFO | tara_parser | Добавлена номенклатура: client_row=1954 item_row=1956 item=Бочка 50л тип S total=-15
2026-04-28 19:06:18 | INFO | tara_parser | Добавлена номенклатура: client_row=1954 item_row=1957 item=Бочка 50л тип А Высокая total=1
2026-04-28 19:06:18 | INFO | tara_parser | Найден клиент: row=1958 client=ОЛЬГА ООО - Щербатов (Ташара с, Декабристов ул, дом № 11б) total=4
2026-04-28 19:06:18 | INFO | tara_parser | Добавлена номенклатура: client_row=1958 item_row=1959 item=Бочка 30л тип А Златый Базант/Три Медведя/Остмарк total=1
2026-04-28 19:06:18 | INFO | tara_parser | Добавлена номенклатура: client_row=1958 item_row=1960 item=Бочка 50л тип S total=3
2026-04-28 19:06:18 | INFO | tara_parser | Найден клиент: row=1961 client=ОЛЬГА ООО - Щербатов (Ташара с, Декабристов ул, дом № 23/1) total=13
2026-04-28 19:06:18 | INFO | tara_parser | Добавлена номенклатура: client_row=1961 item_row=1962 item=Бочка 50л S RU total=1
2026-04-28 19:06:18 | INFO | tara_parser | Добавлена номенклатура: client_row=1961 item_row=1963 item=Бочка 50л тип S total=2
2026-04-28 19:06:18 | INFO | tara_parser | Добавлена номенклатура: client_row=1961 item_row=1964 item=Замок тип S total=3
2026-04-28 19:06:18 | INFO | tara_parser | Добавлена номенклатура: client_row=1961 item_row=1965 item=Замок тип А total=2
2026-04-28 19:06:18 | INFO | tara_parser | Добавлена номенклатура: client_row=1961 item_row=1966 item=Каплесборник total=2
2026-04-28 19:06:18 | INFO | tara_parser | Добавлена номенклатура: client_row=1961 item_row=1967 item=пеногаситель пегас Wintap 1 поток металл total=2
2026-04-28 19:06:18 | INFO | tara_parser | Добавлена номенклатура: client_row=1961 item_row=1968 item=Редуктор СО2 на 1 выход(Эдем) total=1
2026-04-28 19:06:18 | INFO | tara_parser | Найден клиент: row=1969 client=Ончукова Елизавета Ильинична ИП Воротников(Героев Труда ул, дом № 33а) total=12
2026-04-28 19:06:18 | INFO | tara_parser | Добавлена номенклатура: client_row=1969 item_row=1970 item=Бочка 30л тип А Златый Базант/Три Медведя/Остмарк total=1
2026-04-28 19:06:18 | INFO | tara_parser | Добавлена номенклатура: client_row=1969 item_row=1971 item=Бочка 50л тип S total=2
2026-04-28 19:06:18 | INFO | tara_parser | Добавлена номенклатура: client_row=1969 item_row=1972 item=Замок тип S total=2
2026-04-28 19:06:18 | INFO | tara_parser | Добавлена номенклатура: client_row=1969 item_row=1973 item=Замок тип А total=3
2026-04-28 19:06:18 | INFO | tara_parser | Добавлена номенклатура: client_row=1969 item_row=1974 item=Охладитель Тайфун 90 на 2 пр. №43209 total=1
2026-04-28 19:06:18 | INFO | tara_parser | Добавлена номенклатура: client_row=1969 item_row=1975 item=Пеногаситель Пегас Drive DUO total=2
2026-04-28 19:06:18 | INFO | tara_parser | Добавлена номенклатура: client_row=1969 item_row=1976 item=Редуктор на 1 выход total=1
2026-04-28 19:06:18 | INFO | tara_parser | Найден клиент: row=1977 client=Осокина Ирина Валериевна ИП - Щербатов ( Станционно-Ояшинский рп, Западная ул, дом № 1) total=8
2026-04-28 19:06:18 | INFO | tara_parser | Добавлена номенклатура: client_row=1977 item_row=1978 item=Бочка 50л тип А Высокая total=2
2026-04-28 19:06:18 | INFO | tara_parser | Добавлена номенклатура: client_row=1977 item_row=1979 item=Замок тип А total=2
2026-04-28 19:06:18 | INFO | tara_parser | Добавлена номенклатура: client_row=1977 item_row=1980 item=Охладитель Тайфун 90 на 2 пр. №43069 total=1
2026-04-28 19:06:18 | INFO | tara_parser | Добавлена номенклатура: client_row=1977 item_row=1981 item=Пеногаситель Пегас total=2
2026-04-28 19:06:18 | INFO | tara_parser | Добавлена номенклатура: client_row=1977 item_row=1982 item=Редуктор на 1 выход total=1
2026-04-28 19:06:18 | INFO | tara_parser | Найден клиент: row=1983 client=Павлюк Любовь Геннадьевна ИП - Волчок (У) (Бердск г, Речная ул, дом № 38, квартира 7) total=3
2026-04-28 19:06:18 | INFO | tara_parser | Добавлена номенклатура: client_row=1983 item_row=1984 item=Замок тип S total=1
2026-04-28 19:06:18 | INFO | tara_parser | Добавлена номенклатура: client_row=1983 item_row=1985 item=Замок тип А total=1
2026-04-28 19:06:18 | INFO | tara_parser | Добавлена номенклатура: client_row=1983 item_row=1986 item=Пеногаситель Пегас U-Classic DUO total=1
2026-04-28 19:06:18 | INFO | tara_parser | Найден клиент: row=1987 client=Паруйрян Эдгар Мишаи ИП - Воротников (Дениса Давыдова ул, дом № 4) (У) total=6
2026-04-28 19:06:18 | INFO | tara_parser | Добавлена номенклатура: client_row=1987 item_row=1988 item=Баллон 25 кг. (Углекислота) total=1
2026-04-28 19:06:18 | INFO | tara_parser | Добавлена номенклатура: client_row=1987 item_row=1989 item=Бочка 50л тип А Высокая total=3
2026-04-28 19:06:18 | INFO | tara_parser | Добавлена номенклатура: client_row=1987 item_row=1990 item=Замок тип S total=1
2026-04-28 19:06:18 | INFO | tara_parser | Добавлена номенклатура: client_row=1987 item_row=1991 item=Замок тип А total=1
2026-04-28 19:06:18 | INFO | tara_parser | Найден клиент: row=1992 client=Перетолчина С.В. ИП - Ганиев (Верх-Тула с, Советская ул, дом № 95, корпус 1) total=5
2026-04-28 19:06:18 | INFO | tara_parser | Добавлена номенклатура: client_row=1992 item_row=1993 item=Бочка 50л тип S total=3
2026-04-28 19:06:18 | INFO | tara_parser | Добавлена номенклатура: client_row=1992 item_row=1994 item=Бочка 50л тип А Высокая total=2
2026-04-28 19:06:18 | INFO | tara_parser | Найден клиент: row=1995 client=Петрова Галина Викторовна ИП - Воротников (ликвидирован) total=17
2026-04-28 19:06:18 | INFO | tara_parser | Добавлена номенклатура: client_row=1995 item_row=1996 item=Бочка 30л ПМ Эфес (DRAFT НЕРЖ RU) total=-2
2026-04-28 19:06:18 | INFO | tara_parser | Добавлена номенклатура: client_row=1995 item_row=1997 item=Бочка 30л САБ Миллер (SANKEY НЕРЖ RU) total=2
2026-04-28 19:06:18 | INFO | tara_parser | Добавлена номенклатура: client_row=1995 item_row=1998 item=Витрина холодильная №09935 (наш) total=1
2026-04-28 19:06:18 | INFO | tara_parser | Добавлена номенклатура: client_row=1995 item_row=1999 item=Замок тип D total=1
2026-04-28 19:06:18 | INFO | tara_parser | Добавлена номенклатура: client_row=1995 item_row=2000 item=Замок тип S total=1
2026-04-28 19:06:18 | INFO | tara_parser | Добавлена номенклатура: client_row=1995 item_row=2001 item=Замок тип А total=7
2026-04-28 19:06:18 | INFO | tara_parser | Добавлена номенклатура: client_row=1995 item_row=2002 item=Пеногаситель Пегас total=7
2026-04-28 19:06:18 | INFO | tara_parser | Найден клиент: row=2003 client=Пехов Константин Алексеевич ИП - Щербатов total=3
2026-04-28 19:06:18 | INFO | tara_parser | Добавлена номенклатура: client_row=2003 item_row=2004 item=Бочка 30л тип А Златый Базант/Три Медведя/Остмарк total=1
2026-04-28 19:06:18 | INFO | tara_parser | Добавлена номенклатура: client_row=2003 item_row=2005 item=Бочка 50л S RU total=4
2026-04-28 19:06:18 | INFO | tara_parser | Добавлена номенклатура: client_row=2003 item_row=2006 item=Бочка 50л тип S total=-2
2026-04-28 19:06:18 | INFO | tara_parser | Найден клиент: row=2007 client=Поветкин С.В ИП - Колягин (Орловская ул, дом № 20) total=10
2026-04-28 19:06:18 | INFO | tara_parser | Добавлена номенклатура: client_row=2007 item_row=2008 item=Бочка 50л тип А Высокая total=4
2026-04-28 19:06:18 | INFO | tara_parser | Добавлена номенклатура: client_row=2007 item_row=2009 item=Замок тип S total=2
2026-04-28 19:06:18 | INFO | tara_parser | Добавлена номенклатура: client_row=2007 item_row=2010 item=Замок тип А total=2
2026-04-28 19:06:18 | INFO | tara_parser | Добавлена номенклатура: client_row=2007 item_row=2011 item=Пеногаситель WINTAP на 2 потока total=2
2026-04-28 19:06:18 | INFO | tara_parser | Найден клиент: row=2012 client=Подборнов Сергей Григорьевич ИП Колягин total=3
2026-04-28 19:06:18 | INFO | tara_parser | Добавлена номенклатура: client_row=2012 item_row=2013 item=Замок тип S total=2
2026-04-28 19:06:18 | INFO | tara_parser | Добавлена номенклатура: client_row=2012 item_row=2014 item=Редуктор на 1 выход total=1
2026-04-28 19:06:18 | INFO | tara_parser | Найден клиент: row=2015 client=Поздняков Вячеслав Сергеевич ИП - Волчок(Искитимский р-н, Авиатор тер. ТСН, 9-я ул, участок № 59) total=2
2026-04-28 19:06:18 | INFO | tara_parser | Добавлена номенклатура: client_row=2015 item_row=2016 item=Замок тип S total=1
2026-04-28 19:06:18 | INFO | tara_parser | Добавлена номенклатура: client_row=2015 item_row=2017 item=Пеногаситель Пегас total=1
2026-04-28 19:06:18 | INFO | tara_parser | Найден клиент: row=2018 client=Полетаев Артем Михайлович ИП - Волчок (Бердск г, Бердские кварталы территория, дом № 1/1) total=6
2026-04-28 19:06:18 | INFO | tara_parser | Добавлена номенклатура: client_row=2018 item_row=2019 item=Бочка 50л тип S total=3
2026-04-28 19:06:18 | INFO | tara_parser | Добавлена номенклатура: client_row=2018 item_row=2020 item=Замок тип S total=1
2026-04-28 19:06:18 | INFO | tara_parser | Добавлена номенклатура: client_row=2018 item_row=2021 item=Замок тип А total=1
2026-04-28 19:06:18 | INFO | tara_parser | Добавлена номенклатура: client_row=2018 item_row=2022 item=Пеногаситель Пегас U-Classic DUO total=1
2026-04-28 19:06:18 | INFO | tara_parser | Найден клиент: row=2023 client=Полетаев Артем Михайлович ИП - Волчок (Первомайская ул, дом № 133) total=7
2026-04-28 19:06:18 | INFO | tara_parser | Добавлена номенклатура: client_row=2023 item_row=2024 item=Бочка 30л BLK total=2
2026-04-28 19:06:18 | INFO | tara_parser | Добавлена номенклатура: client_row=2023 item_row=2025 item=Бочка 50л тип S total=3
2026-04-28 19:06:18 | INFO | tara_parser | Добавлена номенклатура: client_row=2023 item_row=2026 item=Замок тип G total=1
2026-04-28 19:06:18 | INFO | tara_parser | Добавлена номенклатура: client_row=2023 item_row=2027 item=Замок тип S total=1
2026-04-28 19:06:18 | INFO | tara_parser | Найден клиент: row=2028 client=Полетаев Артем Михайлович ИП - Волчок (Салаирская ул, дом № 1/2, ) total=5
2026-04-28 19:06:18 | INFO | tara_parser | Добавлена номенклатура: client_row=2028 item_row=2029 item=Бочка 50л тип S total=2
2026-04-28 19:06:18 | INFO | tara_parser | Добавлена номенклатура: client_row=2028 item_row=2030 item=Замок тип S total=1
2026-04-28 19:06:18 | INFO | tara_parser | Добавлена номенклатура: client_row=2028 item_row=2031 item=Замок тип А total=1
2026-04-28 19:06:18 | INFO | tara_parser | Добавлена номенклатура: client_row=2028 item_row=2032 item=Пеногаситель WINTAP на 2 потока total=1
2026-04-28 19:06:18 | INFO | tara_parser | Найден клиент: row=2033 client=Полончук Алёна Николаевна ИП Воротников (Игарская ул, дом № 42) total=24
2026-04-28 19:06:18 | INFO | tara_parser | Добавлена номенклатура: client_row=2033 item_row=2034 item=Бочка 30л тип А Златый Базант/Три Медведя/Остмарк total=3
2026-04-28 19:06:18 | INFO | tara_parser | Добавлена номенклатура: client_row=2033 item_row=2035 item=Бочка 50л S RU total=13
2026-04-28 19:06:18 | INFO | tara_parser | Добавлена номенклатура: client_row=2033 item_row=2036 item=Бочка 50л тип S total=-3
2026-04-28 19:06:18 | INFO | tara_parser | Добавлена номенклатура: client_row=2033 item_row=2037 item=Бочка 50л тип А total=8
2026-04-28 19:06:18 | INFO | tara_parser | Добавлена номенклатура: client_row=2033 item_row=2038 item=Бочка 50л тип А Высокая total=-4
2026-04-28 19:06:18 | INFO | tara_parser | Добавлена номенклатура: client_row=2033 item_row=2039 item=Замок тип S total=2
2026-04-28 19:06:18 | INFO | tara_parser | Добавлена номенклатура: client_row=2033 item_row=2040 item=Замок тип А total=2
2026-04-28 19:06:18 | INFO | tara_parser | Добавлена номенклатура: client_row=2033 item_row=2041 item=Пеногаситель Пегас Drive DUO total=3
2026-04-28 19:06:18 | INFO | tara_parser | Найден клиент: row=2042 client=Полторанин Андрей Владимирович ИП - Колягин ( Карла Маркса пр-кт, дом № 25) total=1
2026-04-28 19:06:18 | INFO | tara_parser | Добавлена номенклатура: client_row=2042 item_row=2043 item=Редуктор на 1 выход total=1
2026-04-28 19:06:18 | INFO | tara_parser | Найден клиент: row=2044 client=Поляков Павел Павлович ИП - Щербатов (Иня-Восточная ст, Заводская ул, дом № 39) total=1
2026-04-28 19:06:18 | INFO | tara_parser | Добавлена номенклатура: client_row=2044 item_row=2045 item=Баллон 25 кг. (Углекислота) total=1
2026-04-28 19:06:18 | INFO | tara_parser | Добавлена номенклатура: client_row=2044 item_row=2046 item=Бочка 50л тип А total=17
2026-04-28 19:06:18 | INFO | tara_parser | Добавлена номенклатура: client_row=2044 item_row=2047 item=Бочка 50л тип А Высокая total=-17
2026-04-28 19:06:18 | INFO | tara_parser | Найден клиент: row=2048 client=Поляченков-Занони Андрей Геннадьевич ИП - Колягин(Обь г, Вокзальная ул, дом № 20) total=2
2026-04-28 19:06:18 | INFO | tara_parser | Добавлена номенклатура: client_row=2048 item_row=2049 item=Замок тип S total=1
2026-04-28 19:06:18 | INFO | tara_parser | Добавлена номенклатура: client_row=2048 item_row=2050 item=Пеногаситель Пегас Drive total=1
2026-04-28 19:06:18 | INFO | tara_parser | Найден клиент: row=2051 client=Пономарева Светлана Викторовна ИП - Щербатов total=8
2026-04-28 19:06:18 | INFO | tara_parser | Добавлена номенклатура: client_row=2051 item_row=2052 item=Бочка 30л ПМ Эфес (DRAFT НЕРЖ RU) total=-1
2026-04-28 19:06:18 | INFO | tara_parser | Добавлена номенклатура: client_row=2051 item_row=2053 item=Бочка 30л САБ Миллер (SANKEY НЕРЖ RU) total=1
2026-04-28 19:06:18 | INFO | tara_parser | Добавлена номенклатура: client_row=2051 item_row=2054 item=Бочка 30л тип А Златый Базант/Три Медведя/Остмарк total=1
2026-04-28 19:06:18 | INFO | tara_parser | Добавлена номенклатура: client_row=2051 item_row=2055 item=Бочка 50л тип S total=1
2026-04-28 19:06:18 | INFO | tara_parser | Добавлена номенклатура: client_row=2051 item_row=2056 item=Бочка 50л тип А Высокая total=3
2026-04-28 19:06:18 | INFO | tara_parser | Добавлена номенклатура: client_row=2051 item_row=2057 item=Замок тип D total=1
2026-04-28 19:06:18 | INFO | tara_parser | Добавлена номенклатура: client_row=2051 item_row=2058 item=Замок тип S total=1
2026-04-28 19:06:18 | INFO | tara_parser | Добавлена номенклатура: client_row=2051 item_row=2059 item=Пеногаситель Пегас Drive total=1
2026-04-28 19:06:18 | INFO | tara_parser | Найден клиент: row=2060 client=Попереко Виктория Евгеньевна ИП - Воротников (Ватутина ул, дом № 9) total=6
2026-04-28 19:06:18 | INFO | tara_parser | Добавлена номенклатура: client_row=2060 item_row=2061 item=Замок тип G total=1
2026-04-28 19:06:18 | INFO | tara_parser | Добавлена номенклатура: client_row=2060 item_row=2062 item=Замок тип S total=3
2026-04-28 19:06:18 | INFO | tara_parser | Добавлена номенклатура: client_row=2060 item_row=2063 item=Замок тип А total=2
2026-04-28 19:06:18 | INFO | tara_parser | Найден клиент: row=2064 client=Попова И.В. ИП - Токарев (Озерный п, Промышленная ул, дом № 10/3) (бывшая Миненкова) total=19
2026-04-28 19:06:18 | INFO | tara_parser | Добавлена номенклатура: client_row=2064 item_row=2065 item=Бочка 30л GIB Rakovnik (Черновар, Пражечка, Бакалар, Либенвайс, Вудбридж, Аркоброй,Гротверг) тип S total=3
2026-04-28 19:06:18 | INFO | tara_parser | Добавлена номенклатура: client_row=2064 item_row=2066 item=Бочка 30л Крушовице тип А total=2
2026-04-28 19:06:18 | INFO | tara_parser | Добавлена номенклатура: client_row=2064 item_row=2067 item=Бочка 30л Пауланер тип А total=4
2026-04-28 19:06:18 | INFO | tara_parser | Добавлена номенклатура: client_row=2064 item_row=2068 item=Бочка 30л тип А Златый Базант/Три Медведя/Остмарк total=-4
2026-04-28 19:06:18 | INFO | tara_parser | Добавлена номенклатура: client_row=2064 item_row=2069 item=Бочка 30л Хофброй тип S total=1
2026-04-28 19:06:18 | INFO | tara_parser | Добавлена номенклатура: client_row=2064 item_row=2070 item=Бочка 50л тип S total=2
2026-04-28 19:06:18 | INFO | tara_parser | Добавлена номенклатура: client_row=2064 item_row=2071 item=Замок тип S total=3
2026-04-28 19:06:18 | INFO | tara_parser | Добавлена номенклатура: client_row=2064 item_row=2072 item=Замок тип А total=2
2026-04-28 19:06:18 | INFO | tara_parser | Добавлена номенклатура: client_row=2064 item_row=2073 item=Пеногаситель Пегас Evolution total=5
2026-04-28 19:06:18 | INFO | tara_parser | Добавлена номенклатура: client_row=2064 item_row=2074 item=Редуктор на 1 выход total=1
2026-04-28 19:06:18 | INFO | tara_parser | Найден клиент: row=2075 client=Попова Юлия Сергеевна ИП - Ганиев total=1
2026-04-28 19:06:18 | INFO | tara_parser | Добавлена номенклатура: client_row=2075 item_row=2076 item=Холодильник №13594079 total=1
2026-04-28 19:06:18 | INFO | tara_parser | Найден клиент: row=2077 client=Потапов Сергей Геннадьевич ИП Ганиев (Коченевский р-н, Крутологово с, Новая ул, дом № 2/2) total=17
2026-04-28 19:06:18 | INFO | tara_parser | Добавлена номенклатура: client_row=2077 item_row=2078 item=Бочка 30л тип А Златый Базант/Три Медведя/Остмарк total=1
2026-04-28 19:06:18 | INFO | tara_parser | Добавлена номенклатура: client_row=2077 item_row=2079 item=Бочка 50л тип А total=16
2026-04-28 19:06:18 | INFO | tara_parser | Добавлена номенклатура: client_row=2077 item_row=2080 item=Бочка 50л тип А Высокая total=-10
2026-04-28 19:06:18 | INFO | tara_parser | Добавлена номенклатура: client_row=2077 item_row=2081 item=Замок тип S total=3
2026-04-28 19:06:18 | INFO | tara_parser | Добавлена номенклатура: client_row=2077 item_row=2082 item=Кран с компенсатором total=2
2026-04-28 19:06:18 | INFO | tara_parser | Добавлена номенклатура: client_row=2077 item_row=2083 item=Охладитель Тайфун 90 на 4 пр. №48558 total=1
2026-04-28 19:06:18 | INFO | tara_parser | Добавлена номенклатура: client_row=2077 item_row=2084 item=Пеногаситель Пегас Drive total=3
2026-04-28 19:06:18 | INFO | tara_parser | Добавлена номенклатура: client_row=2077 item_row=2085 item=Редуктор на 1 выход total=1
2026-04-28 19:06:18 | INFO | tara_parser | Найден клиент: row=2086 client=Потапова Елена Николаевна ИП - Ганиев ( Коченевский р-н, Коченево рп, Аргунова ул, дом № 104а) total=13
2026-04-28 19:06:18 | INFO | tara_parser | Добавлена номенклатура: client_row=2086 item_row=2087 item=Замок тип S total=1
2026-04-28 19:06:18 | INFO | tara_parser | Добавлена номенклатура: client_row=2086 item_row=2088 item=Замок тип А total=7
2026-04-28 19:06:18 | INFO | tara_parser | Добавлена номенклатура: client_row=2086 item_row=2089 item=Пеногаситель WINTAP на 2 потока total=4
2026-04-28 19:06:18 | INFO | tara_parser | Добавлена номенклатура: client_row=2086 item_row=2090 item=Редуктор на 1 выход total=1
2026-04-28 19:06:18 | INFO | tara_parser | Найден клиент: row=2091 client=ПРАЗДНИК ВКУСА ООО - Волчок (Тихая ул, дом № 5) total=1
2026-04-28 19:06:18 | INFO | tara_parser | Добавлена номенклатура: client_row=2091 item_row=2092 item=Шкаф холодильный Балтика 0701994095-0930 total=1
2026-04-28 19:06:18 | INFO | tara_parser | Найден клиент: row=2093 client=Прозвицкий А. В. ИП - Колягин (Забалуева ул, дом № 21/2) total=9
2026-04-28 19:06:18 | INFO | tara_parser | Добавлена номенклатура: client_row=2093 item_row=2094 item=Бочка 50л S RU total=17
2026-04-28 19:06:18 | INFO | tara_parser | Пропуск служебной строки: row=2095 text=Реализация товаров и услуг Бе00-017743 от 28.04.2026 0:00:00
2026-04-28 19:06:18 | INFO | tara_parser | Добавлена номенклатура: client_row=2093 item_row=2096 item=Бочка 50л тип S total=-10
2026-04-28 19:06:18 | INFO | tara_parser | Пропуск служебной строки: row=2097 text=Реализация товаров и услуг Бе00-017743 от 28.04.2026 0:00:00
2026-04-28 19:06:18 | INFO | tara_parser | Добавлена номенклатура: client_row=2093 item_row=2098 item=Замок тип S total=2
2026-04-28 19:06:18 | INFO | tara_parser | Найден клиент: row=2099 client=Прозвицкий А. В. ИП - Колягин (Станционная ул, дом № 46) total=13
2026-04-28 19:06:18 | INFO | tara_parser | Добавлена номенклатура: client_row=2099 item_row=2100 item=Бочка 30л тип А Златый Базант/Три Медведя/Остмарк total=2
2026-04-28 19:06:18 | INFO | tara_parser | Добавлена номенклатура: client_row=2099 item_row=2101 item=Бочка 50л S RU total=4
2026-04-28 19:06:18 | INFO | tara_parser | Добавлена номенклатура: client_row=2099 item_row=2102 item=Замок тип S total=4
2026-04-28 19:06:18 | INFO | tara_parser | Добавлена номенклатура: client_row=2099 item_row=2103 item=Замок тип А total=1
2026-04-28 19:06:18 | INFO | tara_parser | Добавлена номенклатура: client_row=2099 item_row=2104 item=Пеногаситель WINTAP на 2 потока total=2
2026-04-28 19:06:18 | INFO | tara_parser | Найден клиент: row=2105 client=Прокопьев Евгений Викторович ИП - Воротников (Демакова ул, дом № 11) total=54
2026-04-28 19:06:18 | INFO | tara_parser | Добавлена номенклатура: client_row=2105 item_row=2106 item=Бочка 30л BLK total=1
2026-04-28 19:06:18 | INFO | tara_parser | Добавлена номенклатура: client_row=2105 item_row=2107 item=Бочка 30л тип А Златый Базант/Три Медведя/Остмарк total=9
2026-04-28 19:06:18 | INFO | tara_parser | Пропуск служебной строки: row=2108 text=Реализация товаров и услуг Бе00-017540 от 28.04.2026 0:00:00
2026-04-28 19:06:18 | INFO | tara_parser | Добавлена номенклатура: client_row=2105 item_row=2109 item=Бочка 30л Хейнекен (Златый Базант тип S) total=2
2026-04-28 19:06:18 | INFO | tara_parser | Добавлена номенклатура: client_row=2105 item_row=2110 item=Бочка 50л S RU total=18
2026-04-28 19:06:18 | INFO | tara_parser | Добавлена номенклатура: client_row=2105 item_row=2111 item=Бочка 50л тип S total=4
2026-04-28 19:06:18 | INFO | tara_parser | Пропуск служебной строки: row=2112 text=Реализация товаров и услуг Бе00-017540 от 28.04.2026 0:00:00
2026-04-28 19:06:18 | INFO | tara_parser | Добавлена номенклатура: client_row=2105 item_row=2113 item=Замок тип G total=5
2026-04-28 19:06:18 | INFO | tara_parser | Добавлена номенклатура: client_row=2105 item_row=2114 item=Замок тип S total=5
2026-04-28 19:06:18 | INFO | tara_parser | Добавлена номенклатура: client_row=2105 item_row=2115 item=Замок тип U total=1
2026-04-28 19:06:18 | INFO | tara_parser | Добавлена номенклатура: client_row=2105 item_row=2116 item=Замок тип А total=3
2026-04-28 19:06:18 | INFO | tara_parser | Добавлена номенклатура: client_row=2105 item_row=2117 item=Замок тип А (БМ) total=1
2026-04-28 19:06:18 | INFO | tara_parser | Добавлена номенклатура: client_row=2105 item_row=2118 item=Пеногаситель WINTAP на 2 потока total=3
2026-04-28 19:06:18 | INFO | tara_parser | Добавлена номенклатура: client_row=2105 item_row=2119 item=Пеногаситель Пегас Drive DUO total=4
2026-04-28 19:06:18 | INFO | tara_parser | Добавлена номенклатура: client_row=2105 item_row=2120 item=Редуктор на 1 выход total=2
2026-04-28 19:06:18 | INFO | tara_parser | Найден клиент: row=2121 client=Путренкова Ксения Александровна ИП - Щербатов (Гребенщикова ул, дом № 11) total=6
2026-04-28 19:06:18 | INFO | tara_parser | Добавлена номенклатура: client_row=2121 item_row=2122 item=Бочка 50л S RU total=5
2026-04-28 19:06:18 | INFO | tara_parser | Добавлена номенклатура: client_row=2121 item_row=2123 item=Бочка 50л тип S total=-2
2026-04-28 19:06:18 | INFO | tara_parser | Добавлена номенклатура: client_row=2121 item_row=2124 item=Замок тип S total=1
2026-04-28 19:06:18 | INFO | tara_parser | Добавлена номенклатура: client_row=2121 item_row=2125 item=Замок тип А total=1
2026-04-28 19:06:18 | INFO | tara_parser | Добавлена номенклатура: client_row=2121 item_row=2126 item=Пеногаситель WINTAP на 2 потока total=1
2026-04-28 19:06:18 | INFO | tara_parser | Найден клиент: row=2127 client=Пьянкова К.А. ИП - Щербатов (Александра Чистякова ул, дом № 7б) (бывшая Гуненко) total=16
2026-04-28 19:06:18 | INFO | tara_parser | Добавлена номенклатура: client_row=2127 item_row=2128 item=Бочка 30л ПМ Эфес (DRAFT НЕРЖ RU) total=3
2026-04-28 19:06:18 | INFO | tara_parser | Пропуск служебной строки: row=2129 text=Реализация товаров и услуг Бе00-017698 от 28.04.2026 0:00:00
2026-04-28 19:06:18 | INFO | tara_parser | Добавлена номенклатура: client_row=2127 item_row=2130 item=Бочка 30л тип А Златый Базант/Три Медведя/Остмарк total=3
2026-04-28 19:06:18 | INFO | tara_parser | Пропуск служебной строки: row=2131 text=Реализация товаров и услуг Бе00-017698 от 28.04.2026 0:00:00
2026-04-28 19:06:18 | INFO | tara_parser | Добавлена номенклатура: client_row=2127 item_row=2132 item=Бочка 50л тип S total=3
2026-04-28 19:06:18 | INFO | tara_parser | Пропуск служебной строки: row=2133 text=Реализация товаров и услуг Бе00-017698 от 28.04.2026 0:00:00
2026-04-28 19:06:18 | INFO | tara_parser | Добавлена номенклатура: client_row=2127 item_row=2134 item=Замок тип D total=1
2026-04-28 19:06:18 | INFO | tara_parser | Добавлена номенклатура: client_row=2127 item_row=2135 item=Замок тип G total=1
2026-04-28 19:06:18 | INFO | tara_parser | Добавлена номенклатура: client_row=2127 item_row=2136 item=Замок тип S total=1
2026-04-28 19:06:18 | INFO | tara_parser | Добавлена номенклатура: client_row=2127 item_row=2137 item=Замок тип А total=1
2026-04-28 19:06:18 | INFO | tara_parser | Добавлена номенклатура: client_row=2127 item_row=2138 item=Пеногаситель Пегас Drive DUO total=2
2026-04-28 19:06:18 | INFO | tara_parser | Добавлена номенклатура: client_row=2127 item_row=2139 item=Редуктор на 1 выход total=1
2026-04-28 19:06:18 | INFO | tara_parser | Найден клиент: row=2140 client=Пьянкова Любовь Михайловна ИП - Щербатов(Орджоникидзе ул, дом № 35) total=3
2026-04-28 19:06:18 | INFO | tara_parser | Добавлена номенклатура: client_row=2140 item_row=2141 item=Бочка 30л BLK total=1
2026-04-28 19:06:18 | INFO | tara_parser | Добавлена номенклатура: client_row=2140 item_row=2142 item=Бочка 30л тип А Златый Базант/Три Медведя/Остмарк total=1
2026-04-28 19:06:18 | INFO | tara_parser | Добавлена номенклатура: client_row=2140 item_row=2143 item=Бочка 50л тип S total=1
2026-04-28 19:06:18 | INFO | tara_parser | Найден клиент: row=2144 client=Пяткевич Е.В. ИП - Колягин(Забалуева ул, дом № 21) total=3
2026-04-28 19:06:18 | INFO | tara_parser | Добавлена номенклатура: client_row=2144 item_row=2145 item=Замок тип S total=1
2026-04-28 19:06:18 | INFO | tara_parser | Добавлена номенклатура: client_row=2144 item_row=2146 item=Замок тип А total=1
2026-04-28 19:06:18 | INFO | tara_parser | Добавлена номенклатура: client_row=2144 item_row=2147 item=Пеногаситель WINTAP на 2 потока total=1
2026-04-28 19:06:18 | INFO | tara_parser | Найден клиент: row=2148 client=Р-12 ООО - Колягин(Рассветная ул, дом № 12) total=7
2026-04-28 19:06:18 | INFO | tara_parser | Добавлена номенклатура: client_row=2148 item_row=2149 item=Бочка 50л тип S total=3
2026-04-28 19:06:18 | INFO | tara_parser | Добавлена номенклатура: client_row=2148 item_row=2150 item=Замок тип S total=1
2026-04-28 19:06:18 | INFO | tara_parser | Добавлена номенклатура: client_row=2148 item_row=2151 item=Замок тип А total=1
2026-04-28 19:06:18 | INFO | tara_parser | Добавлена номенклатура: client_row=2148 item_row=2152 item=Пеногаситель Пегас EcoJet total=2
2026-04-28 19:06:18 | INFO | tara_parser | Найден клиент: row=2153 client=Разгуляев Владислав Евгеньевич ИП - Щербатов (Новая Заря ул, дом № 14) total=11
2026-04-28 19:06:18 | INFO | tara_parser | Добавлена номенклатура: client_row=2153 item_row=2154 item=Бочка 50л тип S total=5
2026-04-28 19:06:18 | INFO | tara_parser | Добавлена номенклатура: client_row=2153 item_row=2155 item=Бочка 50л тип А total=-2
2026-04-28 19:06:18 | INFO | tara_parser | Добавлена номенклатура: client_row=2153 item_row=2156 item=Бочка 50л тип А Высокая total=2
2026-04-28 19:06:18 | INFO | tara_parser | Добавлена номенклатура: client_row=2153 item_row=2157 item=Замок тип S total=1
2026-04-28 19:06:18 | INFO | tara_parser | Добавлена номенклатура: client_row=2153 item_row=2158 item=Замок тип А total=2
2026-04-28 19:06:18 | INFO | tara_parser | Добавлена номенклатура: client_row=2153 item_row=2159 item=Пеногаситель Пегас Drive total=3
2026-04-28 19:06:18 | INFO | tara_parser | Найден клиент: row=2160 client=Рак Евгения Владимировна ИП - Воротников (У)(Бибиха с, с.т Тайга ул Луговая, дом № 16) total=33
2026-04-28 19:06:18 | INFO | tara_parser | Добавлена номенклатура: client_row=2160 item_row=2161 item=Бочка 50л тип А total=2
2026-04-28 19:06:18 | INFO | tara_parser | Добавлена номенклатура: client_row=2160 item_row=2162 item=Бочка 50л тип А Высокая total=-2
2026-04-28 19:06:18 | INFO | tara_parser | Добавлена номенклатура: client_row=2160 item_row=2163 item=Замок тип S total=2
2026-04-28 19:06:18 | INFO | tara_parser | Добавлена номенклатура: client_row=2160 item_row=2164 item=Замок тип А total=13
2026-04-28 19:06:18 | INFO | tara_parser | Добавлена номенклатура: client_row=2160 item_row=2165 item=Охладитель Тайфун 90 на 3 пр. №43884 total=1
2026-04-28 19:06:18 | INFO | tara_parser | Добавлена номенклатура: client_row=2160 item_row=2166 item=Охладитель Тайфун 90 на 4 пр. №43633 total=1
2026-04-28 19:06:18 | INFO | tara_parser | Добавлена номенклатура: client_row=2160 item_row=2167 item=Охладитель Тайфун 90 на 4 пр. №43681 total=1
2026-04-28 19:06:18 | INFO | tara_parser | Добавлена номенклатура: client_row=2160 item_row=2168 item=Охладитель Тайфун 90 на 4 пр. №43699 total=1
2026-04-28 19:06:18 | INFO | tara_parser | Добавлена номенклатура: client_row=2160 item_row=2169 item=Пеногаситель Пегас EcoJet total=12
2026-04-28 19:06:18 | INFO | tara_parser | Добавлена номенклатура: client_row=2160 item_row=2170 item=Редуктор на 1 выход total=2
2026-04-28 19:06:18 | INFO | tara_parser | Найден клиент: row=2171 client=Рассвет ООО - Воротников (ДВОР) total=15
2026-04-28 19:06:18 | INFO | tara_parser | Добавлена номенклатура: client_row=2171 item_row=2172 item=Бочка 30л BLK total=2
2026-04-28 19:06:18 | INFO | tara_parser | Добавлена номенклатура: client_row=2171 item_row=2173 item=Бочка 50л тип S total=4
2026-04-28 19:06:18 | INFO | tara_parser | Добавлена номенклатура: client_row=2171 item_row=2174 item=Бочка 50л тип А total=8
2026-04-28 19:06:18 | INFO | tara_parser | Добавлена номенклатура: client_row=2171 item_row=2175 item=Бочка 50л тип А Высокая total=1
2026-04-28 19:06:18 | INFO | tara_parser | Найден клиент: row=2176 client=Рахимкулов А. М. ИП - Колягин (Суходольная ул, дом № 20, корпус 1) (У) total=1
2026-04-28 19:06:18 | INFO | tara_parser | Добавлена номенклатура: client_row=2176 item_row=2177 item=Шкаф холодильный Балтика 0701994034063 total=1
2026-04-28 19:06:18 | INFO | tara_parser | Найден клиент: row=2178 client=Рахимов Наимджон Джалолиддинович ИП - Щербатов (Дзержинского пр-кт, дом № 18) total=9
2026-04-28 19:06:18 | INFO | tara_parser | Добавлена номенклатура: client_row=2178 item_row=2179 item=Бочка 30л тип А Златый Базант/Три Медведя/Остмарк total=3
2026-04-28 19:06:18 | INFO | tara_parser | Добавлена номенклатура: client_row=2178 item_row=2180 item=Бочка 50л S RU total=14
2026-04-28 19:06:18 | INFO | tara_parser | Добавлена номенклатура: client_row=2178 item_row=2181 item=Бочка 50л тип S total=-11
2026-04-28 19:06:18 | INFO | tara_parser | Добавлена номенклатура: client_row=2178 item_row=2182 item=Замок тип S total=2
2026-04-28 19:06:18 | INFO | tara_parser | Добавлена номенклатура: client_row=2178 item_row=2183 item=Пеногаситель Пегас Drive DUO total=1
2026-04-28 19:06:18 | INFO | tara_parser | Найден клиент: row=2184 client=Ригель Ритейл ООО - Воротников (Балтийская ул, дом № 29) total=-1
2026-04-28 19:06:18 | INFO | tara_parser | Добавлена номенклатура: client_row=2184 item_row=2185 item=Пеногаситель Пегас total=-1
2026-04-28 19:06:18 | INFO | tara_parser | Найден клиент: row=2186 client=Романова Ольга Сергеевна ИП - Ганиев(Усть-Луковка с, П. Савостиной ул, дом № 27а) total=4
2026-04-28 19:06:18 | INFO | tara_parser | Добавлена номенклатура: client_row=2186 item_row=2187 item=Замок тип А total=2
2026-04-28 19:06:18 | INFO | tara_parser | Добавлена номенклатура: client_row=2186 item_row=2188 item=Пеногаситель Пегас U-Classic total=2
2026-04-28 19:06:18 | INFO | tara_parser | Найден клиент: row=2189 client=Романосова Татьяна Анатольевна ИП - Щербатов (Криводановка с, Садовая ул, дом № 18/1) total=11
2026-04-28 19:06:18 | INFO | tara_parser | Добавлена номенклатура: client_row=2189 item_row=2190 item=Бочка 50л S RU total=22
2026-04-28 19:06:18 | INFO | tara_parser | Добавлена номенклатура: client_row=2189 item_row=2191 item=Бочка 50л тип S total=-20
2026-04-28 19:06:18 | INFO | tara_parser | Добавлена номенклатура: client_row=2189 item_row=2192 item=Замок тип S total=1
2026-04-28 19:06:18 | INFO | tara_parser | Добавлена номенклатура: client_row=2189 item_row=2193 item=Замок тип А total=3
2026-04-28 19:06:18 | INFO | tara_parser | Добавлена номенклатура: client_row=2189 item_row=2194 item=Охладитель Тайфун 90 на 3 пр. №58432 total=1
2026-04-28 19:06:18 | INFO | tara_parser | Добавлена номенклатура: client_row=2189 item_row=2195 item=Пеногаситель Пегас Ecotap total=3
2026-04-28 19:06:18 | INFO | tara_parser | Добавлена номенклатура: client_row=2189 item_row=2196 item=Переключатель потоков total=1
2026-04-28 19:06:18 | INFO | tara_parser | Найден клиент: row=2197 client=Ромасенко Олеся Юрьевна ИП - Волчок(Искитимский р-н, Морозово с, Совхозная ул, дом № 1а) total=12
2026-04-28 19:06:18 | INFO | tara_parser | Добавлена номенклатура: client_row=2197 item_row=2198 item=Бочка 30л тип А Златый Базант/Три Медведя/Остмарк total=4
2026-04-28 19:06:18 | INFO | tara_parser | Добавлена номенклатура: client_row=2197 item_row=2199 item=Бочка 50л тип S total=2
2026-04-28 19:06:18 | INFO | tara_parser | Добавлена номенклатура: client_row=2197 item_row=2200 item=Замок тип S total=1
2026-04-28 19:06:18 | INFO | tara_parser | Добавлена номенклатура: client_row=2197 item_row=2201 item=Замок тип А total=3
2026-04-28 19:06:18 | INFO | tara_parser | Добавлена номенклатура: client_row=2197 item_row=2202 item=Пеногаситель WINTAP на 2 потока total=2
2026-04-28 19:06:18 | INFO | tara_parser | Найден клиент: row=2203 client=Рубис Кристина Ивановна ИП - Волчок (бывшая Власова)(Черепаново г, Романова ул, дом № 5А) total=17
2026-04-28 19:06:18 | INFO | tara_parser | Добавлена номенклатура: client_row=2203 item_row=2204 item=Бочка 30л BLK total=2
2026-04-28 19:06:18 | INFO | tara_parser | Добавлена номенклатура: client_row=2203 item_row=2205 item=Бочка 50л тип S total=8
2026-04-28 19:06:18 | INFO | tara_parser | Добавлена номенклатура: client_row=2203 item_row=2206 item=Замок тип G total=1
2026-04-28 19:06:18 | INFO | tara_parser | Добавлена номенклатура: client_row=2203 item_row=2207 item=Замок тип S total=1
2026-04-28 19:06:18 | INFO | tara_parser | Добавлена номенклатура: client_row=2203 item_row=2208 item=Замок тип А total=2
2026-04-28 19:06:18 | INFO | tara_parser | Добавлена номенклатура: client_row=2203 item_row=2209 item=Пеногаситель WINTAP на 2 потока total=2
2026-04-28 19:06:18 | INFO | tara_parser | Добавлена номенклатура: client_row=2203 item_row=2210 item=Редуктор на 1 выход total=1
2026-04-28 19:06:18 | INFO | tara_parser | Найден клиент: row=2211 client=Руди Ольга Викторовна ИП - Щербатов (Станционно-Ояшинский рп, 2-ая Линейная ул, дом № 17а) total=9
2026-04-28 19:06:18 | INFO | tara_parser | Добавлена номенклатура: client_row=2211 item_row=2212 item=Бочка 50л тип А Высокая total=5
2026-04-28 19:06:18 | INFO | tara_parser | Добавлена номенклатура: client_row=2211 item_row=2213 item=Замок тип А total=2
2026-04-28 19:06:18 | INFO | tara_parser | Добавлена номенклатура: client_row=2211 item_row=2214 item=Пеногаситель Пегас Ecotap total=2
2026-04-28 19:06:18 | INFO | tara_parser | Найден клиент: row=2215 client=Рылов Дмитрий Сергеевич ИП - Волчок(Бердск г, Павлова ул, дом № 6) total=8
2026-04-28 19:06:18 | INFO | tara_parser | Добавлена номенклатура: client_row=2215 item_row=2216 item=Бочка 50л S RU total=22
2026-04-28 19:06:18 | INFO | tara_parser | Добавлена номенклатура: client_row=2215 item_row=2217 item=Бочка 50л тип S total=-16
2026-04-28 19:06:18 | INFO | tara_parser | Добавлена номенклатура: client_row=2215 item_row=2218 item=Замок тип S total=1
2026-04-28 19:06:18 | INFO | tara_parser | Добавлена номенклатура: client_row=2215 item_row=2219 item=Пеногаситель Пегас Drive total=1
2026-04-28 19:06:18 | INFO | tara_parser | Найден клиент: row=2220 client=Рябцева Олеся Николаевна ИП - Щербатов total=13
2026-04-28 19:06:18 | INFO | tara_parser | Добавлена номенклатура: client_row=2220 item_row=2221 item=Бочка 30л ПМ Эфес (DRAFT НЕРЖ RU) total=2
2026-04-28 19:06:18 | INFO | tara_parser | Добавлена номенклатура: client_row=2220 item_row=2222 item=Бочка 50л S RU total=39
2026-04-28 19:06:18 | INFO | tara_parser | Добавлена номенклатура: client_row=2220 item_row=2223 item=Бочка 50л тип S total=-31
2026-04-28 19:06:18 | INFO | tara_parser | Добавлена номенклатура: client_row=2220 item_row=2224 item=Замок тип S total=1
2026-04-28 19:06:18 | INFO | tara_parser | Добавлена номенклатура: client_row=2220 item_row=2225 item=Замок тип А total=1
2026-04-28 19:06:18 | INFO | tara_parser | Добавлена номенклатура: client_row=2220 item_row=2226 item=Пеногаситель Пегас U-Classic DUO total=1
2026-04-28 19:06:18 | INFO | tara_parser | Найден клиент: row=2227 client=Савина А.И. ИП - Воротников ГОЛОВНОЙ total=-4
2026-04-28 19:06:18 | INFO | tara_parser | Добавлена номенклатура: client_row=2227 item_row=2228 item=Замок тип А total=-4
2026-04-28 19:06:18 | INFO | tara_parser | Найден клиент: row=2229 client=Савицкий Сергей Петрович ИП - Токарев( Новосибирск г, Гоголя ул, дом № 37) total=5
2026-04-28 19:06:18 | INFO | tara_parser | Добавлена номенклатура: client_row=2229 item_row=2230 item=Бочка 50л тип S total=2
2026-04-28 19:06:18 | INFO | tara_parser | Добавлена номенклатура: client_row=2229 item_row=2231 item=Замок тип S total=1
2026-04-28 19:06:18 | INFO | tara_parser | Добавлена номенклатура: client_row=2229 item_row=2232 item=Замок тип А total=1
2026-04-28 19:06:18 | INFO | tara_parser | Добавлена номенклатура: client_row=2229 item_row=2233 item=Пеногаситель WINTAP на 2 потока total=1
2026-04-28 19:06:18 | INFO | tara_parser | Найден клиент без явного итога: row=2234 client=Савицких Т.В. ИП - Воротников (Блюхера ул, дом № 8)
2026-04-28 19:06:18 | INFO | tara_parser | Добавлена номенклатура: client_row=2234 item_row=2235 item=Бочка 50л тип А total=-8
2026-04-28 19:06:18 | INFO | tara_parser | Добавлена номенклатура: client_row=2234 item_row=2236 item=Бочка 50л тип А Высокая total=8
2026-04-28 19:06:18 | INFO | tara_parser | Найден клиент: row=2237 client=Сайнакова Л. Ф. ИП - Ганиев (Катково с, Майская ул, дом № 14а) (в белую только Пэты) total=3
2026-04-28 19:06:18 | INFO | tara_parser | Добавлена номенклатура: client_row=2237 item_row=2238 item=Баллон 25 кг. (Углекислота) total=1
2026-04-28 19:06:18 | INFO | tara_parser | Добавлена номенклатура: client_row=2237 item_row=2239 item=Бочка 50л тип А Высокая total=2
2026-04-28 19:06:18 | INFO | tara_parser | Найден клиент: row=2240 client=Сайнакова Л. Ф. ИП - Ганиев (Катково с, Майская ул, дом № 14а) БОНУС total=2
2026-04-28 19:06:18 | INFO | tara_parser | Добавлена номенклатура: client_row=2240 item_row=2241 item=Бочка 50л тип А Высокая total=2
2026-04-28 19:06:18 | INFO | tara_parser | Найден клиент: row=2242 client=Сайнакова Л. Ф. ИП - Ганиев (Катково с, Школьная ул, дом № 20б) (в белую только Пэты) total=-2
2026-04-28 19:06:18 | INFO | tara_parser | Добавлена номенклатура: client_row=2242 item_row=2243 item=Баллон 25 кг. (Углекислота) total=1
2026-04-28 19:06:18 | INFO | tara_parser | Добавлена номенклатура: client_row=2242 item_row=2244 item=Бочка 50л тип S total=-1
2026-04-28 19:06:18 | INFO | tara_parser | Добавлена номенклатура: client_row=2242 item_row=2245 item=Бочка 50л тип А total=11
2026-04-28 19:06:18 | INFO | tara_parser | Добавлена номенклатура: client_row=2242 item_row=2246 item=Бочка 50л тип А Высокая total=-13
2026-04-28 19:06:18 | INFO | tara_parser | Найден клиент: row=2247 client=Сайнакова Л. Ф. ИП - Ганиев (Катково с, Школьная ул, дом № 20б) БОНУС total=1
2026-04-28 19:06:18 | INFO | tara_parser | Добавлена номенклатура: client_row=2247 item_row=2248 item=Бочка 50л тип А Высокая total=1
2026-04-28 19:06:18 | INFO | tara_parser | Найден клиент: row=2249 client=Сайнакова Л. Ф. ИП - Ганиев (Чик д, Новая ул, дом № 2) (в белую только Пэты) total=2
2026-04-28 19:06:18 | INFO | tara_parser | Добавлена номенклатура: client_row=2249 item_row=2250 item=Баллон 25 кг. (Углекислота) total=1
2026-04-28 19:06:18 | INFO | tara_parser | Добавлена номенклатура: client_row=2249 item_row=2251 item=Бочка 50л тип А total=1
2026-04-28 19:06:18 | INFO | tara_parser | Найден клиент: row=2252 client=Салманов Д.С. ИП - Волчок total=2
2026-04-28 19:06:18 | INFO | tara_parser | Добавлена номенклатура: client_row=2252 item_row=2253 item=Замок тип S total=1
2026-04-28 19:06:18 | INFO | tara_parser | Добавлена номенклатура: client_row=2252 item_row=2254 item=Пеногаситель Пегас Evolution total=1
2026-04-28 19:06:18 | INFO | tara_parser | Найден клиент: row=2255 client=Саманд ООО-Колягин (Жуковского 105) и У и Б total=9
2026-04-28 19:06:18 | INFO | tara_parser | Добавлена номенклатура: client_row=2255 item_row=2256 item=Баллон 25 кг. (Углекислота) total=1
2026-04-28 19:06:18 | INFO | tara_parser | Добавлена номенклатура: client_row=2255 item_row=2257 item=Бочка 30л BLK total=2
2026-04-28 19:06:18 | INFO | tara_parser | Добавлена номенклатура: client_row=2255 item_row=2258 item=Замок тип G total=1
2026-04-28 19:06:18 | INFO | tara_parser | Добавлена номенклатура: client_row=2255 item_row=2259 item=Замок тип S total=1
2026-04-28 19:06:18 | INFO | tara_parser | Добавлена номенклатура: client_row=2255 item_row=2260 item=Охладитель Тайфун 90 на 4 пр. №47199 total=1
2026-04-28 19:06:18 | INFO | tara_parser | Добавлена номенклатура: client_row=2255 item_row=2261 item=Пеногаситель Пегас total=2
2026-04-28 19:06:18 | INFO | tara_parser | Добавлена номенклатура: client_row=2255 item_row=2262 item=Редуктор на 1 выход total=1
2026-04-28 19:06:18 | INFO | tara_parser | Найден клиент: row=2263 client=Саманд ООО-Колягин(Горбольница 3) и У и Б total=9
2026-04-28 19:06:18 | INFO | tara_parser | Добавлена номенклатура: client_row=2263 item_row=2264 item=Башня 3 кр. (золото) total=1
2026-04-28 19:06:18 | INFO | tara_parser | Добавлена номенклатура: client_row=2263 item_row=2265 item=Замок тип G total=1
2026-04-28 19:06:18 | INFO | tara_parser | Добавлена номенклатура: client_row=2263 item_row=2266 item=Замок тип S total=1
2026-04-28 19:06:18 | INFO | tara_parser | Добавлена номенклатура: client_row=2263 item_row=2267 item=Замок тип А total=1
2026-04-28 19:06:18 | INFO | tara_parser | Добавлена номенклатура: client_row=2263 item_row=2268 item=Охладитель Тайфун 90 на 2 пр. №42331 total=1
2026-04-28 19:06:18 | INFO | tara_parser | Добавлена номенклатура: client_row=2263 item_row=2269 item=Пеногаситель Пегас total=3
2026-04-28 19:06:18 | INFO | tara_parser | Добавлена номенклатура: client_row=2263 item_row=2270 item=Редуктор на 1 выход total=1
2026-04-28 19:06:18 | INFO | tara_parser | Найден клиент: row=2271 client=Сарычев Федор Иванович ИП-Ганиев (Коченевский р-н, Вахрушево д, магазин "У Федора") total=5
2026-04-28 19:06:18 | INFO | tara_parser | Добавлена номенклатура: client_row=2271 item_row=2272 item=Баллон 25 кг. (Углекислота) total=1
2026-04-28 19:06:18 | INFO | tara_parser | Добавлена номенклатура: client_row=2271 item_row=2273 item=Башня 2 кр. (золото) total=1
2026-04-28 19:06:18 | INFO | tara_parser | Добавлена номенклатура: client_row=2271 item_row=2274 item=Бочка 50л тип А Высокая total=-1
2026-04-28 19:06:18 | INFO | tara_parser | Добавлена номенклатура: client_row=2271 item_row=2275 item=Замок тип G total=1
2026-04-28 19:06:18 | INFO | tara_parser | Добавлена номенклатура: client_row=2271 item_row=2276 item=Охладитель Тайфун 90 на 2 пр. №25932 total=1
2026-04-28 19:06:18 | INFO | tara_parser | Добавлена номенклатура: client_row=2271 item_row=2277 item=Пеногаситель Пегас total=1
2026-04-28 19:06:18 | INFO | tara_parser | Добавлена номенклатура: client_row=2271 item_row=2278 item=Редуктор на 1 выход total=1
2026-04-28 19:06:18 | INFO | tara_parser | Найден клиент: row=2279 client=СВЕТЛАНА ООО - (Малореченка п, Школьная ул, дом № 17) total=2
2026-04-28 19:06:18 | INFO | tara_parser | Добавлена номенклатура: client_row=2279 item_row=2280 item=Баллон 25 кг. (Углекислота) total=1
2026-04-28 19:06:18 | INFO | tara_parser | Добавлена номенклатура: client_row=2279 item_row=2281 item=Бочка 30л BLK total=1
2026-04-28 19:06:18 | INFO | tara_parser | Найден клиент: row=2282 client=СВЕТЛАНА ООО - (Целинное с, Молодежная ул, дом № пов.) total=13
2026-04-28 19:06:18 | INFO | tara_parser | Добавлена номенклатура: client_row=2282 item_row=2283 item=Баллон 25 кг. (Углекислота) total=1
2026-04-28 19:06:18 | INFO | tara_parser | Добавлена номенклатура: client_row=2282 item_row=2284 item=Бочка 30л BLK total=12
2026-04-28 19:06:18 | INFO | tara_parser | Найден клиент: row=2285 client=СВЕТЛАНА ООО - (Целинное с, Школьная ул, дом № 8) total=-12
2026-04-28 19:06:18 | INFO | tara_parser | Добавлена номенклатура: client_row=2285 item_row=2286 item=Баллон 25 кг. (Углекислота) total=-2
2026-04-28 19:06:18 | INFO | tara_parser | Добавлена номенклатура: client_row=2285 item_row=2287 item=Бочка 30л BLK total=-10
2026-04-28 19:06:18 | INFO | tara_parser | Найден клиент: row=2288 client=Севостьянова Анжелика Валерьевна ИП - Токарев (40 лет Комсомола ул, дом № 8) total=5
2026-04-28 19:06:18 | INFO | tara_parser | Добавлена номенклатура: client_row=2288 item_row=2289 item=Бочка 50л тип S total=2
2026-04-28 19:06:18 | INFO | tara_parser | Добавлена номенклатура: client_row=2288 item_row=2290 item=Замок тип S total=1
2026-04-28 19:06:18 | INFO | tara_parser | Добавлена номенклатура: client_row=2288 item_row=2291 item=Замок тип А total=1
2026-04-28 19:06:18 | INFO | tara_parser | Добавлена номенклатура: client_row=2288 item_row=2292 item=Пеногаситель WINTAP на 2 потока total=1
2026-04-28 19:06:18 | INFO | tara_parser | Найден клиент: row=2293 client=Селиверстова Галина Петровна ИП - Волчок (Линево рп, 4-й мкр, дом № 9б) total=10
2026-04-28 19:06:18 | INFO | tara_parser | Добавлена номенклатура: client_row=2293 item_row=2294 item=Бочка 30л тип А Златый Базант/Три Медведя/Остмарк total=1
2026-04-28 19:06:18 | INFO | tara_parser | Добавлена номенклатура: client_row=2293 item_row=2295 item=Бочка 50л тип А total=1
2026-04-28 19:06:18 | INFO | tara_parser | Добавлена номенклатура: client_row=2293 item_row=2296 item=Бочка 50л тип А Высокая total=2
2026-04-28 19:06:18 | INFO | tara_parser | Добавлена номенклатура: client_row=2293 item_row=2297 item=Замок тип S total=1
2026-04-28 19:06:18 | INFO | tara_parser | Добавлена номенклатура: client_row=2293 item_row=2298 item=Замок тип А total=3
2026-04-28 19:06:18 | INFO | tara_parser | Добавлена номенклатура: client_row=2293 item_row=2299 item=Пеногаситель WINTAP на 2 потока total=2
2026-04-28 19:06:18 | INFO | tara_parser | Найден клиент: row=2300 client=Сельснаб ООО-Воротников (Березовка с, Первомайская ул, дом № 10) total=1
2026-04-28 19:06:18 | INFO | tara_parser | Добавлена номенклатура: client_row=2300 item_row=2301 item=Замок тип А total=1
2026-04-28 19:06:18 | INFO | tara_parser | Найден клиент: row=2302 client=Сельснаб ООО-Воротников (Железнодорожный п, Школьная ул, дом № 15) total=-3
2026-04-28 19:06:18 | INFO | tara_parser | Добавлена номенклатура: client_row=2302 item_row=2303 item=Баллон 25 кг. (Углекислота) total=-1
2026-04-28 19:06:18 | INFO | tara_parser | Добавлена номенклатура: client_row=2302 item_row=2304 item=Бочка 30л ПМ Эфес (DRAFT НЕРЖ RU) total=-1
2026-04-28 19:06:18 | INFO | tara_parser | Добавлена номенклатура: client_row=2302 item_row=2305 item=Бочка 50л тип А Высокая total=-1
2026-04-28 19:06:18 | INFO | tara_parser | Найден клиент: row=2306 client=Сельснаб ООО-Воротников (Сосновка п, Линейная ул, дом № 25) total=7
2026-04-28 19:06:18 | INFO | tara_parser | Добавлена номенклатура: client_row=2306 item_row=2307 item=Бочка 50л тип S total=5
2026-04-28 19:06:18 | INFO | tara_parser | Добавлена номенклатура: client_row=2306 item_row=2308 item=Замок тип S total=1
2026-04-28 19:06:18 | INFO | tara_parser | Добавлена номенклатура: client_row=2306 item_row=2309 item=Пеногаситель Пегас total=1
2026-04-28 19:06:18 | INFO | tara_parser | Найден клиент: row=2310 client=Семенов Сергей Сергеевич ИП - Щербатов (Болотное г, Московская ул, дом № 85) total=9
2026-04-28 19:06:18 | INFO | tara_parser | Добавлена номенклатура: client_row=2310 item_row=2311 item=Бочка 30л тип А Златый Базант/Три Медведя/Остмарк total=5
2026-04-28 19:06:18 | INFO | tara_parser | Добавлена номенклатура: client_row=2310 item_row=2312 item=Бочка 50л тип S total=1
2026-04-28 19:06:18 | INFO | tara_parser | Добавлена номенклатура: client_row=2310 item_row=2313 item=Замок тип S total=1
2026-04-28 19:06:18 | INFO | tara_parser | Добавлена номенклатура: client_row=2310 item_row=2314 item=Замок тип А total=1
2026-04-28 19:06:18 | INFO | tara_parser | Добавлена номенклатура: client_row=2310 item_row=2315 item=пеногаситель пегас Win tap total=1
2026-04-28 19:06:18 | INFO | tara_parser | Найден клиент: row=2316 client=Серебрякова Елена Михайловна ИП - Ганиев (Коченевский р-н, Катково с, Школьная ул, дом № 20) total=8
2026-04-28 19:06:18 | INFO | tara_parser | Добавлена номенклатура: client_row=2316 item_row=2317 item=Бочка 30л тип А Златый Базант/Три Медведя/Остмарк total=3
2026-04-28 19:06:18 | INFO | tara_parser | Добавлена номенклатура: client_row=2316 item_row=2318 item=Бочка 50л тип S total=1
2026-04-28 19:06:18 | INFO | tara_parser | Добавлена номенклатура: client_row=2316 item_row=2319 item=Бочка 50л тип А Высокая total=1
2026-04-28 19:06:18 | INFO | tara_parser | Добавлена номенклатура: client_row=2316 item_row=2320 item=Замок тип S total=1
2026-04-28 19:06:18 | INFO | tara_parser | Добавлена номенклатура: client_row=2316 item_row=2321 item=Охладитель "Тайфун 90" total=1
2026-04-28 19:06:18 | INFO | tara_parser | Добавлена номенклатура: client_row=2316 item_row=2322 item=Пеногаситель Пегас total=1
2026-04-28 19:06:18 | INFO | tara_parser | Найден клиент: row=2323 client=СИБПРОДУКТ ООО - Колягин (Мочищенское ш, дом № 16) (бывш Роспродукт) total=3
2026-04-28 19:06:18 | INFO | tara_parser | Добавлена номенклатура: client_row=2323 item_row=2324 item=Бочка 50л тип S total=1
2026-04-28 19:06:18 | INFO | tara_parser | Добавлена номенклатура: client_row=2323 item_row=2325 item=Замок тип S total=1
2026-04-28 19:06:18 | INFO | tara_parser | Добавлена номенклатура: client_row=2323 item_row=2326 item=Пеногаситель Пегас Ecotap total=1
2026-04-28 19:06:18 | INFO | tara_parser | Найден клиент: row=2327 client=Сибстройторг ООО (20 Партсъезда,8) и У и Б Щербатов total=10
2026-04-28 19:06:18 | INFO | tara_parser | Добавлена номенклатура: client_row=2327 item_row=2328 item=Бочка 30л ПМ Эфес (DRAFT НЕРЖ RU) total=1
2026-04-28 19:06:18 | INFO | tara_parser | Добавлена номенклатура: client_row=2327 item_row=2329 item=Бочка 30л САБ Миллер (SANKEY НЕРЖ RU) total=1
2026-04-28 19:06:18 | INFO | tara_parser | Добавлена номенклатура: client_row=2327 item_row=2330 item=Бочка 50л S RU total=1
2026-04-28 19:06:18 | INFO | tara_parser | Добавлена номенклатура: client_row=2327 item_row=2331 item=Бочка 50л тип S total=1
2026-04-28 19:06:18 | INFO | tara_parser | Добавлена номенклатура: client_row=2327 item_row=2332 item=Замок тип D total=1
2026-04-28 19:06:18 | INFO | tara_parser | Добавлена номенклатура: client_row=2327 item_row=2333 item=Замок тип S total=2
2026-04-28 19:06:18 | INFO | tara_parser | Добавлена номенклатура: client_row=2327 item_row=2334 item=Замок тип А total=1
2026-04-28 19:06:18 | INFO | tara_parser | Добавлена номенклатура: client_row=2327 item_row=2335 item=Пеногаситель Пегас Drive DUO total=2
2026-04-28 19:06:18 | INFO | tara_parser | Найден клиент без явного итога: row=2336 client=Сидорова Наталья Александровна ИП - Воротников (У)
2026-04-28 19:06:18 | INFO | tara_parser | Добавлена номенклатура: client_row=2336 item_row=2337 item=Бочка 50л тип S total=-1
2026-04-28 19:06:18 | INFO | tara_parser | Добавлена номенклатура: client_row=2336 item_row=2338 item=Бочка 50л тип А total=5
2026-04-28 19:06:18 | INFO | tara_parser | Добавлена номенклатура: client_row=2336 item_row=2339 item=Бочка 50л тип А Высокая total=-4
2026-04-28 19:06:18 | INFO | tara_parser | Найден клиент: row=2340 client=Сизикова Анна Витальевна ИП - Ганиев (Ивушка тер. СНТ, Центральная ул, дом № 139) total=3
2026-04-28 19:06:18 | INFO | tara_parser | Добавлена номенклатура: client_row=2340 item_row=2341 item=Замок тип А total=2
2026-04-28 19:06:18 | INFO | tara_parser | Добавлена номенклатура: client_row=2340 item_row=2342 item=Пеногаситель WINTAP на 2 потока total=1
2026-04-28 19:06:18 | INFO | tara_parser | Найден клиент: row=2343 client=Сиркин Алексей Анатольевич ИП - Воротников total=5
2026-04-28 19:06:18 | INFO | tara_parser | Добавлена номенклатура: client_row=2343 item_row=2344 item=Бочка 50л тип S total=3
2026-04-28 19:06:18 | INFO | tara_parser | Добавлена номенклатура: client_row=2343 item_row=2345 item=Замок тип S total=1
2026-04-28 19:06:18 | INFO | tara_parser | Добавлена номенклатура: client_row=2343 item_row=2346 item=Пеногаситель Пегас Drive total=1
2026-04-28 19:06:18 | INFO | tara_parser | Найден клиент: row=2347 client=Сирота Дмитрий Сергеевич ИП - Колягин (Новосибирск г, Спортивная ул, дом № 19) total=14
2026-04-28 19:06:18 | INFO | tara_parser | Добавлена номенклатура: client_row=2347 item_row=2348 item=Баллон 25 кг. (Углекислота) total=1
2026-04-28 19:06:18 | INFO | tara_parser | Добавлена номенклатура: client_row=2347 item_row=2349 item=Бочка 30л САБ Миллер (SANKEY НЕРЖ RU) total=2
2026-04-28 19:06:18 | INFO | tara_parser | Добавлена номенклатура: client_row=2347 item_row=2350 item=Бочка 50л S RU total=7
2026-04-28 19:06:18 | INFO | tara_parser | Добавлена номенклатура: client_row=2347 item_row=2351 item=Бочка 50л тип S total=-6
2026-04-28 19:06:18 | INFO | tara_parser | Добавлена номенклатура: client_row=2347 item_row=2352 item=Бочка 50л тип А Высокая total=1
2026-04-28 19:06:18 | INFO | tara_parser | Добавлена номенклатура: client_row=2347 item_row=2353 item=Замок тип S total=2
2026-04-28 19:06:18 | INFO | tara_parser | Добавлена номенклатура: client_row=2347 item_row=2354 item=Замок тип А total=4
2026-04-28 19:06:18 | INFO | tara_parser | Добавлена номенклатура: client_row=2347 item_row=2355 item=Пеногаситель WINTAP на 2 потока total=2
2026-04-28 19:06:18 | INFO | tara_parser | Добавлена номенклатура: client_row=2347 item_row=2356 item=Холодильник 2025 " 5 флагов" № 078 total=1
2026-04-28 19:06:18 | INFO | tara_parser | Найден клиент: row=2357 client=Ситникова Светлана Владимировна ИП-Щербатов (Оловозаводская ул, дом № 4) total=9
2026-04-28 19:06:18 | INFO | tara_parser | Добавлена номенклатура: client_row=2357 item_row=2358 item=Бочка 50л тип S total=5
2026-04-28 19:06:18 | INFO | tara_parser | Пропуск служебной строки: row=2359 text=Реализация товаров и услуг Бе00-017590 от 28.04.2026 0:00:00
2026-04-28 19:06:18 | INFO | tara_parser | Добавлена номенклатура: client_row=2357 item_row=2360 item=Внутренний Световой знак Три Медведя (новый) total=1
2026-04-28 19:06:18 | INFO | tara_parser | Добавлена номенклатура: client_row=2357 item_row=2361 item=Замок тип S total=1
2026-04-28 19:06:18 | INFO | tara_parser | Добавлена номенклатура: client_row=2357 item_row=2362 item=Пеногаситель Пегас Drive total=1
2026-04-28 19:06:18 | INFO | tara_parser | Добавлена номенклатура: client_row=2357 item_row=2363 item=Холодильник UBC Icestream ECO " 5 флагов" № 13350001257052 total=1
2026-04-28 19:06:18 | INFO | tara_parser | Найден клиент: row=2364 client=Скворода О.В. ИП - Волчок (Бердск г, Комсомольская ул, дом № 13) total=6
2026-04-28 19:06:18 | INFO | tara_parser | Добавлена номенклатура: client_row=2364 item_row=2365 item=Бочка 50л S RU total=8
2026-04-28 19:06:18 | INFO | tara_parser | Добавлена номенклатура: client_row=2364 item_row=2366 item=Бочка 50л тип S total=-5
2026-04-28 19:06:18 | INFO | tara_parser | Добавлена номенклатура: client_row=2364 item_row=2367 item=Замок тип S total=2
2026-04-28 19:06:18 | INFO | tara_parser | Добавлена номенклатура: client_row=2364 item_row=2368 item=Пеногаситель WINTAP на 2 потока total=1
2026-04-28 19:06:18 | INFO | tara_parser | Найден клиент: row=2369 client=Скворода О.В. ИП - Волчок (Бердск г, Кристальная ул, дом № 4) total=1
2026-04-28 19:06:18 | INFO | tara_parser | Добавлена номенклатура: client_row=2369 item_row=2370 item=Замок тип S total=1
2026-04-28 19:06:18 | INFO | tara_parser | Найден клиент: row=2371 client=Скворцова Ирина Александровна ИП - Волчок(Линево рп, Листвянская ул, дом № 2а) total=11
2026-04-28 19:06:18 | INFO | tara_parser | Добавлена номенклатура: client_row=2371 item_row=2372 item=Бочка 50л S RU total=11
2026-04-28 19:06:18 | INFO | tara_parser | Добавлена номенклатура: client_row=2371 item_row=2373 item=Бочка 50л тип S total=-6
2026-04-28 19:06:18 | INFO | tara_parser | Добавлена номенклатура: client_row=2371 item_row=2374 item=Замок тип S total=2
2026-04-28 19:06:18 | INFO | tara_parser | Добавлена номенклатура: client_row=2371 item_row=2375 item=Замок тип А total=1
2026-04-28 19:06:18 | INFO | tara_parser | Добавлена номенклатура: client_row=2371 item_row=2376 item=Пеногаситель WINTAP на 2 потока total=1
2026-04-28 19:06:18 | INFO | tara_parser | Добавлена номенклатура: client_row=2371 item_row=2377 item=Редуктор на 1 выход total=1
2026-04-28 19:06:18 | INFO | tara_parser | Добавлена номенклатура: client_row=2371 item_row=2378 item=Холодильник UBC Icestream ECO " 5 флагов" № 13350001257046 total=1
2026-04-28 19:06:18 | INFO | tara_parser | Найден клиент: row=2379 client=Скобцов Максим Сергеевич ИП - Волчок(Евсино д, Центральная ул, дом № 16а) total=4
2026-04-28 19:06:18 | INFO | tara_parser | Добавлена номенклатура: client_row=2379 item_row=2380 item=Замок тип S total=2
2026-04-28 19:06:18 | INFO | tara_parser | Добавлена номенклатура: client_row=2379 item_row=2381 item=Замок тип А total=1
2026-04-28 19:06:18 | INFO | tara_parser | Добавлена номенклатура: client_row=2379 item_row=2382 item=Пеногаситель WINTAP на 2 потока total=1
2026-04-28 19:06:18 | INFO | tara_parser | Найден клиент: row=2383 client=Скороходова А. Р. ИП - Волчок (Бердск г, Морская ул, дом № 18/2) total=3
2026-04-28 19:06:18 | INFO | tara_parser | Добавлена номенклатура: client_row=2383 item_row=2384 item=Замок тип S total=1
2026-04-28 19:06:18 | INFO | tara_parser | Добавлена номенклатура: client_row=2383 item_row=2385 item=Замок тип А total=1
2026-04-28 19:06:18 | INFO | tara_parser | Добавлена номенклатура: client_row=2383 item_row=2386 item=Пеногаситель Пегас Drive DUO total=1
2026-04-28 19:06:18 | INFO | tara_parser | Найден клиент: row=2387 client=Скурыхина Наталья Игоревна ИП - Волчок total=2
2026-04-28 19:06:18 | INFO | tara_parser | Добавлена номенклатура: client_row=2387 item_row=2388 item=Бочка 50л тип S total=2
2026-04-28 19:06:18 | INFO | tara_parser | Найден клиент: row=2389 client=Слесаренко Анастасия Валерьевна ИП - Волчок total=2
2026-04-28 19:06:18 | INFO | tara_parser | Добавлена номенклатура: client_row=2389 item_row=2390 item=Бочка 30л ПМ Эфес (DRAFT НЕРЖ RU) total=1
2026-04-28 19:06:18 | INFO | tara_parser | Добавлена номенклатура: client_row=2389 item_row=2391 item=Бочка 50л тип S total=1
2026-04-28 19:06:18 | INFO | tara_parser | Найден клиент: row=2392 client=Смаилов К.А. ИП - Ганиев (Боровое с, Ленина ул, дом № 30а) total=4
2026-04-28 19:06:18 | INFO | tara_parser | Добавлена номенклатура: client_row=2392 item_row=2393 item=Замок тип А total=2
2026-04-28 19:06:18 | INFO | tara_parser | Добавлена номенклатура: client_row=2392 item_row=2394 item=Пеногаситель Пегас I Tap total=2
2026-04-28 19:06:18 | INFO | tara_parser | Найден клиент: row=2395 client=Снигирева Марина Геннадьевна ИП - Щербатов ( Октябрьский п, СНТ Жилстроевец) total=4
2026-04-28 19:06:18 | INFO | tara_parser | Добавлена номенклатура: client_row=2395 item_row=2396 item=Баллон 25 кг. (Углекислота) total=1
2026-04-28 19:06:18 | INFO | tara_parser | Добавлена номенклатура: client_row=2395 item_row=2397 item=Бочка 50л тип S total=2
2026-04-28 19:06:18 | INFO | tara_parser | Добавлена номенклатура: client_row=2395 item_row=2398 item=Бочка 50л тип А total=1
2026-04-28 19:06:18 | INFO | tara_parser | Добавлена номенклатура: client_row=2395 item_row=2399 item=Бочка 50л тип А Высокая total=-1
2026-04-28 19:06:18 | INFO | tara_parser | Добавлена номенклатура: client_row=2395 item_row=2400 item=Охладитель "Заря 200" 0307071158331139117852117172 total=1
2026-04-28 19:06:18 | INFO | tara_parser | Найден клиент: row=2401 client=Сорокин Р.В. ИП - Ганиев (Ордынское рп, Советская ул, дом № 1/3) total=4
2026-04-28 19:06:18 | INFO | tara_parser | Добавлена номенклатура: client_row=2401 item_row=2402 item=Бочка 50л тип S total=4
2026-04-28 19:06:18 | INFO | tara_parser | Найден клиент: row=2403 client=Старовойтов Евгений Вячеславович ИП - Щербатов (Горская ул, дом № 58) total=2
2026-04-28 19:06:18 | INFO | tara_parser | Добавлена номенклатура: client_row=2403 item_row=2404 item=Бочка 30л BLK total=2
2026-04-28 19:06:18 | INFO | tara_parser | Найден клиент: row=2405 client=Старовойтов Евгений Вячеславович ИП - Щербатов (Курчатова ул, дом № 15/2) total=4
2026-04-28 19:06:18 | INFO | tara_parser | Добавлена номенклатура: client_row=2405 item_row=2406 item=Бочка 50л тип S total=1
2026-04-28 19:06:18 | INFO | tara_parser | Добавлена номенклатура: client_row=2405 item_row=2407 item=Замок тип G total=1
2026-04-28 19:06:18 | INFO | tara_parser | Добавлена номенклатура: client_row=2405 item_row=2408 item=Замок тип S total=1
2026-04-28 19:06:18 | INFO | tara_parser | Добавлена номенклатура: client_row=2405 item_row=2409 item=Пеногаситель WINTAP на 2 потока total=1
2026-04-28 19:06:18 | INFO | tara_parser | Найден клиент: row=2410 client=Старовойтов Евгений Вячеславович ИП - Щербатов (Курчатова ул, дом № 7/1) total=3
2026-04-28 19:06:18 | INFO | tara_parser | Добавлена номенклатура: client_row=2410 item_row=2411 item=Замок тип G total=1
2026-04-28 19:06:18 | INFO | tara_parser | Добавлена номенклатура: client_row=2410 item_row=2412 item=Замок тип S total=1
2026-04-28 19:06:18 | INFO | tara_parser | Добавлена номенклатура: client_row=2410 item_row=2413 item=Пеногаситель Пегас U-Classic DUO total=1
2026-04-28 19:06:18 | INFO | tara_parser | Найден клиент: row=2414 client=Старовойтов Евгений Вячеславович ИП - Щербатов (Макаренко ул, дом № 19/1) total=5
2026-04-28 19:06:18 | INFO | tara_parser | Добавлена номенклатура: client_row=2414 item_row=2415 item=Бочка 30л BLK total=1
2026-04-28 19:06:18 | INFO | tara_parser | Добавлена номенклатура: client_row=2414 item_row=2416 item=Бочка 50л тип S total=1
2026-04-28 19:06:18 | INFO | tara_parser | Добавлена номенклатура: client_row=2414 item_row=2417 item=Замок тип G total=1
2026-04-28 19:06:18 | INFO | tara_parser | Добавлена номенклатура: client_row=2414 item_row=2418 item=Замок тип S total=1
2026-04-28 19:06:18 | INFO | tara_parser | Добавлена номенклатура: client_row=2414 item_row=2419 item=Пеногаситель Пегас Drive DUO total=1
2026-04-28 19:06:18 | INFO | tara_parser | Найден клиент: row=2420 client=Старовойтов Евгений Вячеславович ИП - Щербатов (Овражная ул, дом № 13) total=2
2026-04-28 19:06:18 | INFO | tara_parser | Добавлена номенклатура: client_row=2420 item_row=2421 item=Бочка 30л BLK total=2
2026-04-28 19:06:18 | INFO | tara_parser | Найден клиент: row=2422 client=Старовойтова Ю. Ю. ИП - Щербатов (Залесского ул, дом № 6/1а) total=3
2026-04-28 19:06:18 | INFO | tara_parser | Добавлена номенклатура: client_row=2422 item_row=2423 item=Замок тип G total=1
2026-04-28 19:06:18 | INFO | tara_parser | Добавлена номенклатура: client_row=2422 item_row=2424 item=Замок тип S total=1
2026-04-28 19:06:18 | INFO | tara_parser | Добавлена номенклатура: client_row=2422 item_row=2425 item=Пеногаситель Пегас Drive DUO total=1
2026-04-28 19:06:18 | INFO | tara_parser | Найден клиент: row=2426 client=Старовойтова Ю. Ю. ИП - Щербатов (Менделеева ул, дом № 13а) total=3
2026-04-28 19:06:18 | INFO | tara_parser | Добавлена номенклатура: client_row=2426 item_row=2427 item=Замок тип G total=1
2026-04-28 19:06:18 | INFO | tara_parser | Добавлена номенклатура: client_row=2426 item_row=2428 item=Замок тип S total=1
2026-04-28 19:06:18 | INFO | tara_parser | Добавлена номенклатура: client_row=2426 item_row=2429 item=Пеногаситель WINTAP на 2 потока total=1
2026-04-28 19:06:18 | INFO | tara_parser | Найден клиент: row=2430 client=Старовойтова Ю. Ю. ИП - Щербатов (Михаила Кулагина ул, дом № 29/1) total=8
2026-04-28 19:06:18 | INFO | tara_parser | Добавлена номенклатура: client_row=2430 item_row=2431 item=Бочка 30л BLK total=2
2026-04-28 19:06:18 | INFO | tara_parser | Добавлена номенклатура: client_row=2430 item_row=2432 item=Замок тип G total=2
2026-04-28 19:06:18 | INFO | tara_parser | Добавлена номенклатура: client_row=2430 item_row=2433 item=Замок тип S total=1
2026-04-28 19:06:18 | INFO | tara_parser | Добавлена номенклатура: client_row=2430 item_row=2434 item=Замок тип А total=1
2026-04-28 19:06:18 | INFO | tara_parser | Добавлена номенклатура: client_row=2430 item_row=2435 item=Пеногаситель WINTAP на 2 потока total=2
2026-04-28 19:06:18 | INFO | tara_parser | Найден клиент: row=2436 client=Старовойтова Ю. Ю. ИП - Щербатов (Олеко Дундича ул, дом № 1/3) total=4
2026-04-28 19:06:18 | INFO | tara_parser | Добавлена номенклатура: client_row=2436 item_row=2437 item=Бочка 30л BLK total=1
2026-04-28 19:06:18 | INFO | tara_parser | Добавлена номенклатура: client_row=2436 item_row=2438 item=Замок тип G total=1
2026-04-28 19:06:18 | INFO | tara_parser | Добавлена номенклатура: client_row=2436 item_row=2439 item=Замок тип S total=1
2026-04-28 19:06:18 | INFO | tara_parser | Добавлена номенклатура: client_row=2436 item_row=2440 item=Пеногаситель WINTAP на 2 потока total=1
2026-04-28 19:06:18 | INFO | tara_parser | Найден клиент: row=2441 client=Старовойтова Ю. Ю. ИП - Щербатов (Серафимовича ул, дом № 22, офис 2) total=3
2026-04-28 19:06:18 | INFO | tara_parser | Добавлена номенклатура: client_row=2441 item_row=2442 item=Замок тип G total=1
2026-04-28 19:06:18 | INFO | tara_parser | Добавлена номенклатура: client_row=2441 item_row=2443 item=Замок тип S total=1
2026-04-28 19:06:18 | INFO | tara_parser | Добавлена номенклатура: client_row=2441 item_row=2444 item=Пеногаситель WINTAP на 2 потока total=1
2026-04-28 19:06:18 | INFO | tara_parser | Найден клиент: row=2445 client=Стафиевский Александр Александрович ИП - Волчок total=9
2026-04-28 19:06:18 | INFO | tara_parser | Добавлена номенклатура: client_row=2445 item_row=2446 item=Бочка 50л S RU total=6
2026-04-28 19:06:18 | INFO | tara_parser | Добавлена номенклатура: client_row=2445 item_row=2447 item=Замок тип S total=1
2026-04-28 19:06:18 | INFO | tara_parser | Добавлена номенклатура: client_row=2445 item_row=2448 item=Замок тип А total=1
2026-04-28 19:06:18 | INFO | tara_parser | Добавлена номенклатура: client_row=2445 item_row=2449 item=Пеногаситель WINTAP на 2 потока total=1
2026-04-28 19:06:18 | INFO | tara_parser | Найден клиент: row=2450 client=Степаненко И. В. ИП - Воротников (Вертковская ул, дом № 37) total=12
2026-04-28 19:06:18 | INFO | tara_parser | Добавлена номенклатура: client_row=2450 item_row=2451 item=Баллон 25 кг. (Углекислота) total=1
2026-04-28 19:06:18 | INFO | tara_parser | Добавлена номенклатура: client_row=2450 item_row=2452 item=Бочка 50л S RU total=5
2026-04-28 19:06:18 | INFO | tara_parser | Добавлена номенклатура: client_row=2450 item_row=2453 item=Бочка 50л тип А total=6
2026-04-28 19:06:18 | INFO | tara_parser | Добавлена номенклатура: client_row=2450 item_row=2454 item=Бочка 50л тип А Высокая total=-4
2026-04-28 19:06:18 | INFO | tara_parser | Добавлена номенклатура: client_row=2450 item_row=2455 item=Замок тип S total=1
2026-04-28 19:06:18 | INFO | tara_parser | Добавлена номенклатура: client_row=2450 item_row=2456 item=Замок тип А total=1
2026-04-28 19:06:18 | INFO | tara_parser | Добавлена номенклатура: client_row=2450 item_row=2457 item=Пеногаситель Пегас Drive DUO total=1
2026-04-28 19:06:18 | INFO | tara_parser | Добавлена номенклатура: client_row=2450 item_row=2458 item=Редуктор на 1 выход total=1
2026-04-28 19:06:18 | INFO | tara_parser | Найден клиент: row=2459 client=Столяров Д.А ИП - Волчок(Искитим г, Индустриальный мкр, дом № 11Б) total=3
2026-04-28 19:06:18 | INFO | tara_parser | Добавлена номенклатура: client_row=2459 item_row=2460 item=Замок тип S total=1
2026-04-28 19:06:18 | INFO | tara_parser | Добавлена номенклатура: client_row=2459 item_row=2461 item=Замок тип А total=1
2026-04-28 19:06:18 | INFO | tara_parser | Добавлена номенклатура: client_row=2459 item_row=2462 item=Пеногаситель WINTAP на 2 потока total=1
2026-04-28 19:06:18 | INFO | tara_parser | Найден клиент: row=2463 client=Столяров Д.А ИП - Волчок(Искитим г, Подгорный мкр, дом № 29б) total=3
2026-04-28 19:06:18 | INFO | tara_parser | Добавлена номенклатура: client_row=2463 item_row=2464 item=Замок тип S total=1
2026-04-28 19:06:18 | INFO | tara_parser | Добавлена номенклатура: client_row=2463 item_row=2465 item=Замок тип А total=1
2026-04-28 19:06:18 | INFO | tara_parser | Добавлена номенклатура: client_row=2463 item_row=2466 item=Пеногаситель WINTAP на 2 потока total=1
2026-04-28 19:06:18 | INFO | tara_parser | Найден клиент: row=2467 client=Столяров Д.А ИП - Волчок(Искитим г, Пушкина ул, дом № 81а) total=3
2026-04-28 19:06:18 | INFO | tara_parser | Добавлена номенклатура: client_row=2467 item_row=2468 item=Замок тип S total=1
2026-04-28 19:06:18 | INFO | tara_parser | Добавлена номенклатура: client_row=2467 item_row=2469 item=Замок тип А total=1
2026-04-28 19:06:18 | INFO | tara_parser | Добавлена номенклатура: client_row=2467 item_row=2470 item=Пеногаситель WINTAP на 2 потока total=1
2026-04-28 19:06:18 | INFO | tara_parser | Найден клиент: row=2471 client=Столяров Д.А ИП - Волчок(Искитим г, Южный мкр, дом № 71Б) total=3
2026-04-28 19:06:18 | INFO | tara_parser | Добавлена номенклатура: client_row=2471 item_row=2472 item=Замок тип G total=1
2026-04-28 19:06:18 | INFO | tara_parser | Добавлена номенклатура: client_row=2471 item_row=2473 item=Замок тип А total=1
2026-04-28 19:06:18 | INFO | tara_parser | Добавлена номенклатура: client_row=2471 item_row=2474 item=Пеногаситель WINTAP на 2 потока total=1
2026-04-28 19:06:18 | INFO | tara_parser | Найден клиент: row=2475 client=Столяров Д.А ИП - Волчок(Искитим г, Южный мкр, строение № 66А/1) total=3
2026-04-28 19:06:18 | INFO | tara_parser | Добавлена номенклатура: client_row=2475 item_row=2476 item=Замок тип S total=1
2026-04-28 19:06:18 | INFO | tara_parser | Добавлена номенклатура: client_row=2475 item_row=2477 item=Замок тип А total=1
2026-04-28 19:06:18 | INFO | tara_parser | Добавлена номенклатура: client_row=2475 item_row=2478 item=Пеногаситель WINTAP на 2 потока total=1
2026-04-28 19:06:18 | INFO | tara_parser | Найден клиент без явного итога: row=2479 client=Субботин Александр Николаевич ИП - Щербатов
2026-04-28 19:06:18 | INFO | tara_parser | Добавлена номенклатура: client_row=2479 item_row=2480 item=Бочка 50л S RU total=11
2026-04-28 19:06:18 | INFO | tara_parser | Добавлена номенклатура: client_row=2479 item_row=2481 item=Бочка 50л тип S total=-11
2026-04-28 19:06:18 | INFO | tara_parser | Найден клиент: row=2482 client=Суворов Д. В. ИП - Волчок (Мусы Джалиля ул, дом № 3/1) total=1
2026-04-28 19:06:18 | INFO | tara_parser | Добавлена номенклатура: client_row=2482 item_row=2483 item=Шкаф холодильный Балтика 0701994101-2451 total=1
2026-04-28 19:06:18 | INFO | tara_parser | Найден клиент: row=2484 client=Суворов Д. В. ИП - Волчок (Тихая ул, дом № 5) total=1
2026-04-28 19:06:18 | INFO | tara_parser | Добавлена номенклатура: client_row=2484 item_row=2485 item=Шкаф холодильный Балтика 0701994101-0442 total=1
2026-04-28 19:06:18 | INFO | tara_parser | Найден клиент: row=2486 client=Судилкина Т. В. ИП - Токарев (Большая ул, дом № 594) (бывшая Беккер) total=15
2026-04-28 19:06:18 | INFO | tara_parser | Добавлена номенклатура: client_row=2486 item_row=2487 item=Бочка 30л GIB Rakovnik (Черновар, Пражечка, Бакалар, Либенвайс, Вудбридж, Аркоброй,Гротверг) тип S total=5
2026-04-28 19:06:18 | INFO | tara_parser | Добавлена номенклатура: client_row=2486 item_row=2488 item=Бочка 30л Крушовице тип А total=-1
2026-04-28 19:06:18 | INFO | tara_parser | Добавлена номенклатура: client_row=2486 item_row=2489 item=Бочка 30л Пауланер тип А total=-4
2026-04-28 19:06:18 | INFO | tara_parser | Добавлена номенклатура: client_row=2486 item_row=2490 item=Бочка 50л тип S total=5
2026-04-28 19:06:18 | INFO | tara_parser | Добавлена номенклатура: client_row=2486 item_row=2491 item=Замок тип S total=2
2026-04-28 19:06:18 | INFO | tara_parser | Добавлена номенклатура: client_row=2486 item_row=2492 item=Замок тип А total=3
2026-04-28 19:06:18 | INFO | tara_parser | Добавлена номенклатура: client_row=2486 item_row=2493 item=Пеногаситель Пегас Evolution total=5
2026-04-28 19:06:18 | INFO | tara_parser | Найден клиент: row=2494 client=Судилкина Т. В. ИП - Токарев (Шмидта ул, дом № 7) (бывшая Беккер) total=34
2026-04-28 19:06:18 | INFO | tara_parser | Добавлена номенклатура: client_row=2494 item_row=2495 item=Бочка 30л САБ Миллер (SANKEY НЕРЖ RU) total=-6
2026-04-28 19:06:18 | INFO | tara_parser | Добавлена номенклатура: client_row=2494 item_row=2496 item=Бочка 30л тип А Златый Базант/Три Медведя/Остмарк total=1
2026-04-28 19:06:18 | INFO | tara_parser | Добавлена номенклатура: client_row=2494 item_row=2497 item=Бочка 30л Хейнекен (Златый Базант тип S) total=8
2026-04-28 19:06:18 | INFO | tara_parser | Добавлена номенклатура: client_row=2494 item_row=2498 item=Бочка 50л тип S total=19
2026-04-28 19:06:18 | INFO | tara_parser | Добавлена номенклатура: client_row=2494 item_row=2499 item=Замок тип S total=4
2026-04-28 19:06:18 | INFO | tara_parser | Добавлена номенклатура: client_row=2494 item_row=2500 item=Замок тип А total=2
2026-04-28 19:06:18 | INFO | tara_parser | Добавлена номенклатура: client_row=2494 item_row=2501 item=Пеногаситель Пегас Evolution total=5
2026-04-28 19:06:18 | INFO | tara_parser | Добавлена номенклатура: client_row=2494 item_row=2502 item=Редуктор на 1 выход total=1
2026-04-28 19:06:18 | INFO | tara_parser | Найден клиент: row=2503 client=Суслова Марианна Анатольевна ИП - Воротников (Фабричная ул, дом № 4) total=10
2026-04-28 19:06:18 | INFO | tara_parser | Добавлена номенклатура: client_row=2503 item_row=2504 item=Бочка 30л САБ Миллер (SANKEY НЕРЖ RU) total=4
2026-04-28 19:06:18 | INFO | tara_parser | Добавлена номенклатура: client_row=2503 item_row=2505 item=Бочка 30л тип А Златый Базант/Три Медведя/Остмарк total=1
2026-04-28 19:06:18 | INFO | tara_parser | Добавлена номенклатура: client_row=2503 item_row=2506 item=Бочка 30л Хейнекен (Златый Базант тип S) total=-1
2026-04-28 19:06:18 | INFO | tara_parser | Добавлена номенклатура: client_row=2503 item_row=2507 item=Бочка 50л S RU total=13
2026-04-28 19:06:18 | INFO | tara_parser | Добавлена номенклатура: client_row=2503 item_row=2508 item=Бочка 50л тип S total=-11
2026-04-28 19:06:18 | INFO | tara_parser | Добавлена номенклатура: client_row=2503 item_row=2509 item=Бочка 50л тип А Высокая total=1
2026-04-28 19:06:18 | INFO | tara_parser | Добавлена номенклатура: client_row=2503 item_row=2510 item=Замок тип S total=2
2026-04-28 19:06:18 | INFO | tara_parser | Добавлена номенклатура: client_row=2503 item_row=2511 item=Замок тип А total=1
2026-04-28 19:06:18 | INFO | tara_parser | Найден клиент: row=2512 client=ТАНДЕМГРУПП ООО - Токарев total=1
2026-04-28 19:06:18 | INFO | tara_parser | Добавлена номенклатура: client_row=2512 item_row=2513 item=Шкаф холодильный Балтика 0701994101-3160 total=1
2026-04-28 19:06:18 | INFO | tara_parser | Найден клиент: row=2514 client=Тарасенко Галина Юрьевна ИП - Щербатов (Криводановка с, Микрорайон тер, дом № 23а) total=21
2026-04-28 19:06:18 | INFO | tara_parser | Добавлена номенклатура: client_row=2514 item_row=2515 item=Баллон 25 кг. (Углекислота) total=1
2026-04-28 19:06:18 | INFO | tara_parser | Добавлена номенклатура: client_row=2514 item_row=2516 item=Башня Гефест на 2 кр хром Эдем total=3
2026-04-28 19:06:18 | INFO | tara_parser | Добавлена номенклатура: client_row=2514 item_row=2517 item=Бочка 30л тип А Златый Базант/Три Медведя/Остмарк total=3
2026-04-28 19:06:18 | INFO | tara_parser | Добавлена номенклатура: client_row=2514 item_row=2518 item=Замок тип S total=1
2026-04-28 19:06:18 | INFO | tara_parser | Добавлена номенклатура: client_row=2514 item_row=2519 item=Замок тип А total=5
2026-04-28 19:06:18 | INFO | tara_parser | Добавлена номенклатура: client_row=2514 item_row=2520 item=Охладитель "Тайфун 90М 61049" Эдем total=1
2026-04-28 19:06:18 | INFO | tara_parser | Добавлена номенклатура: client_row=2514 item_row=2521 item=Пеногаситель Пегас total=4
2026-04-28 19:06:18 | INFO | tara_parser | Добавлена номенклатура: client_row=2514 item_row=2522 item=Пеногаситель Пегас Ecotap total=2
2026-04-28 19:06:18 | INFO | tara_parser | Добавлена номенклатура: client_row=2514 item_row=2523 item=Редуктор СО2 на 1 выход(Эдем) total=1
2026-04-28 19:06:18 | INFO | tara_parser | Найден клиент: row=2524 client=Тарасова Елена Владимировна ИП-Щербатов ( Вознесенская ул, дом № 1/1) total=10
2026-04-28 19:06:18 | INFO | tara_parser | Добавлена номенклатура: client_row=2524 item_row=2525 item=Бочка 30л тип А Златый Базант/Три Медведя/Остмарк total=1
2026-04-28 19:06:18 | INFO | tara_parser | Добавлена номенклатура: client_row=2524 item_row=2526 item=Бочка 50л тип S total=3
2026-04-28 19:06:18 | INFO | tara_parser | Добавлена номенклатура: client_row=2524 item_row=2527 item=Замок тип S total=1
2026-04-28 19:06:18 | INFO | tara_parser | Добавлена номенклатура: client_row=2524 item_row=2528 item=Замок тип А total=3
2026-04-28 19:06:18 | INFO | tara_parser | Добавлена номенклатура: client_row=2524 item_row=2529 item=Пеногаситель Пегас Drive DUO total=2
2026-04-28 19:06:18 | INFO | tara_parser | Найден клиент: row=2530 client=ТВОЙ ВЫБОР ООО - Токарев (Краснообск рп, Микрорайон 2 тер, дом № 232) total=11
2026-04-28 19:06:18 | INFO | tara_parser | Добавлена номенклатура: client_row=2530 item_row=2531 item=Бочка 30л тип А Златый Базант/Три Медведя/Остмарк total=3
2026-04-28 19:06:18 | INFO | tara_parser | Добавлена номенклатура: client_row=2530 item_row=2532 item=Бочка 50л тип S total=5
2026-04-28 19:06:18 | INFO | tara_parser | Добавлена номенклатура: client_row=2530 item_row=2533 item=Бочка 50л тип А total=1
2026-04-28 19:06:18 | INFO | tara_parser | Добавлена номенклатура: client_row=2530 item_row=2534 item=Замок тип S total=1
2026-04-28 19:06:18 | INFO | tara_parser | Добавлена номенклатура: client_row=2530 item_row=2535 item=Пеногаситель Пегас total=1
2026-04-28 19:06:18 | INFO | tara_parser | Найден клиент: row=2536 client=ТД СИМВОЛ ООО - Воротников (Богдана Хмельницкого ул, дом № 6) total=4
2026-04-28 19:06:18 | INFO | tara_parser | Добавлена номенклатура: client_row=2536 item_row=2537 item=Бочка 50л тип S total=1
2026-04-28 19:06:18 | INFO | tara_parser | Добавлена номенклатура: client_row=2536 item_row=2538 item=Замок тип G total=1
2026-04-28 19:06:18 | INFO | tara_parser | Добавлена номенклатура: client_row=2536 item_row=2539 item=Замок тип S total=1
2026-04-28 19:06:18 | INFO | tara_parser | Добавлена номенклатура: client_row=2536 item_row=2540 item=Пеногаситель Пегас Drive DUO total=1
2026-04-28 19:06:18 | INFO | tara_parser | Найден клиент: row=2541 client=ТЕРРА-СИТИ ООО - Щербатов (Адриена Лежена ул, дом № 9/5 подвал с правого торца) total=10
2026-04-28 19:06:18 | INFO | tara_parser | Добавлена номенклатура: client_row=2541 item_row=2542 item=Бочка 30л тип А Златый Базант/Три Медведя/Остмарк total=4
2026-04-28 19:06:18 | INFO | tara_parser | Добавлена номенклатура: client_row=2541 item_row=2543 item=Бочка 50л S RU total=2
2026-04-28 19:06:18 | INFO | tara_parser | Добавлена номенклатура: client_row=2541 item_row=2544 item=Замок тип S total=1
2026-04-28 19:06:18 | INFO | tara_parser | Добавлена номенклатура: client_row=2541 item_row=2545 item=Пеногаситель Пегас Drive DUO total=2
2026-04-28 19:06:18 | INFO | tara_parser | Добавлена номенклатура: client_row=2541 item_row=2546 item=Шкаф холодильный Балтика 0701991005-156 списан total=1
2026-04-28 19:06:18 | INFO | tara_parser | Найден клиент: row=2547 client=Тимкина Снежана Михайловна ИП - Колягин(Вертковская ул, дом № 42) total=4
2026-04-28 19:06:18 | INFO | tara_parser | Добавлена номенклатура: client_row=2547 item_row=2548 item=Бочка 50л тип S total=1
2026-04-28 19:06:18 | INFO | tara_parser | Добавлена номенклатура: client_row=2547 item_row=2549 item=Замок тип S total=1
2026-04-28 19:06:18 | INFO | tara_parser | Добавлена номенклатура: client_row=2547 item_row=2550 item=Замок тип А total=1
2026-04-28 19:06:18 | INFO | tara_parser | Добавлена номенклатура: client_row=2547 item_row=2551 item=Пеногаситель WINTAP на 2 потока total=1
2026-04-28 19:06:18 | INFO | tara_parser | Найден клиент: row=2552 client=ТК МАГИСТРАЛЬ 54 ООО - Воротников (Связистов ул, дом № 133) total=4
2026-04-28 19:06:18 | INFO | tara_parser | Добавлена номенклатура: client_row=2552 item_row=2553 item=Бочка 50л тип S total=2
2026-04-28 19:06:18 | INFO | tara_parser | Добавлена номенклатура: client_row=2552 item_row=2554 item=Замок тип S total=1
2026-04-28 19:06:18 | INFO | tara_parser | Добавлена номенклатура: client_row=2552 item_row=2555 item=Пеногаситель Пегас Drive total=1
2026-04-28 19:06:18 | INFO | tara_parser | Найден клиент: row=2556 client=Ткаченко Е.В. ИП Токарев (У и Б) (Печатников ул, дом № 2) total=11
2026-04-28 19:06:18 | INFO | tara_parser | Добавлена номенклатура: client_row=2556 item_row=2557 item=Баллон 25 кг. (Углекислота) total=1
2026-04-28 19:06:18 | INFO | tara_parser | Добавлена номенклатура: client_row=2556 item_row=2558 item=Бочка 50л S RU total=-1
2026-04-28 19:06:18 | INFO | tara_parser | Добавлена номенклатура: client_row=2556 item_row=2559 item=Бочка 50л тип S total=2
2026-04-28 19:06:18 | INFO | tara_parser | Добавлена номенклатура: client_row=2556 item_row=2560 item=Замок тип S total=2
2026-04-28 19:06:18 | INFO | tara_parser | Добавлена номенклатура: client_row=2556 item_row=2561 item=Замок тип А total=3
2026-04-28 19:06:18 | INFO | tara_parser | Добавлена номенклатура: client_row=2556 item_row=2562 item=Охладитель Тайфун 90 на 4 пр. №52463 total=1
2026-04-28 19:06:18 | INFO | tara_parser | Добавлена номенклатура: client_row=2556 item_row=2563 item=Пеногаситель Пегас U-Classic DUO total=2
2026-04-28 19:06:18 | INFO | tara_parser | Добавлена номенклатура: client_row=2556 item_row=2564 item=Редуктор на 1 выход total=1
2026-04-28 19:06:18 | INFO | tara_parser | Найден клиент: row=2565 client=Токарев Е. А. ИП - Токарев total=24
2026-04-28 19:06:18 | INFO | tara_parser | Добавлена номенклатура: client_row=2565 item_row=2566 item=Бочка 20л Сиб. Корона, Левенбрау, Стелла,Бад, Черниговское,Старопрамен(SANKEY НЕРЖ RU) total=2
2026-04-28 19:06:18 | INFO | tara_parser | Добавлена номенклатура: client_row=2565 item_row=2567 item=Бочка 30л BLK total=1
2026-04-28 19:06:18 | INFO | tara_parser | Добавлена номенклатура: client_row=2565 item_row=2568 item=Бочка 30л САБ Миллер (SANKEY НЕРЖ RU) total=2
2026-04-28 19:06:18 | INFO | tara_parser | Добавлена номенклатура: client_row=2565 item_row=2569 item=Бочка 30л тип А Златый Базант/Три Медведя/Остмарк total=2
2026-04-28 19:06:18 | INFO | tara_parser | Пропуск служебной строки: row=2570 text=Реализация товаров и услуг Бе00-017694 от 28.04.2026 0:00:00
2026-04-28 19:06:18 | INFO | tara_parser | Добавлена номенклатура: client_row=2565 item_row=2571 item=Бочка 50л S RU total=18
2026-04-28 19:06:18 | INFO | tara_parser | Пропуск служебной строки: row=2572 text=Реализация товаров и услуг Бе00-017694 от 28.04.2026 0:00:00
2026-04-28 19:06:18 | INFO | tara_parser | Добавлена номенклатура: client_row=2565 item_row=2573 item=Бочка 50л тип S total=-12
2026-04-28 19:06:18 | INFO | tara_parser | Пропуск служебной строки: row=2574 text=Реализация товаров и услуг Бе00-017694 от 28.04.2026 0:00:00
2026-04-28 19:06:18 | INFO | tara_parser | Добавлена номенклатура: client_row=2565 item_row=2575 item=Замок тип G total=1
2026-04-28 19:06:18 | INFO | tara_parser | Добавлена номенклатура: client_row=2565 item_row=2576 item=Замок тип S total=4
2026-04-28 19:06:18 | INFO | tara_parser | Добавлена номенклатура: client_row=2565 item_row=2577 item=Замок тип А total=2
2026-04-28 19:06:18 | INFO | tara_parser | Добавлена номенклатура: client_row=2565 item_row=2578 item=Пеногаситель Пегас Drive total=4
2026-04-28 19:06:18 | INFO | tara_parser | Найден клиент: row=2579 client=Толмачёва Наталья Валерьевна ИП - Воротников (Бориса Богаткова ул, дом № 163) total=5
2026-04-28 19:06:18 | INFO | tara_parser | Добавлена номенклатура: client_row=2579 item_row=2580 item=Бочка 30л тип А Златый Базант/Три Медведя/Остмарк total=3
2026-04-28 19:06:18 | INFO | tara_parser | Добавлена номенклатура: client_row=2579 item_row=2581 item=Бочка 50л тип А total=1
2026-04-28 19:06:18 | INFO | tara_parser | Добавлена номенклатура: client_row=2579 item_row=2582 item=Замок тип S total=1
2026-04-28 19:06:18 | INFO | tara_parser | Найден клиент: row=2583 client=Толокольникова М.В. ИП - Токарев (Ленинское с, Советская ул, дом № 9, помещение 1) total=8
2026-04-28 19:06:18 | INFO | tara_parser | Добавлена номенклатура: client_row=2583 item_row=2584 item=Баллон 25 кг. (Углекислота) total=1
2026-04-28 19:06:18 | INFO | tara_parser | Добавлена номенклатура: client_row=2583 item_row=2585 item=Бочка 50л тип S total=2
2026-04-28 19:06:18 | INFO | tara_parser | Добавлена номенклатура: client_row=2583 item_row=2586 item=Замок тип S total=1
2026-04-28 19:06:18 | INFO | tara_parser | Добавлена номенклатура: client_row=2583 item_row=2587 item=Замок тип А total=1
2026-04-28 19:06:18 | INFO | tara_parser | Добавлена номенклатура: client_row=2583 item_row=2588 item=Пеногаситель Пегас Ecotap total=2
2026-04-28 19:06:18 | INFO | tara_parser | Добавлена номенклатура: client_row=2583 item_row=2589 item=Редуктор на 1 выход total=1
2026-04-28 19:06:18 | INFO | tara_parser | Найден клиент: row=2590 client=Томилин А.Е. - Воротников ( снт Энергостроитель, Ягодная 2) total=6
2026-04-28 19:06:18 | INFO | tara_parser | Добавлена номенклатура: client_row=2590 item_row=2591 item=Замок тип А total=4
2026-04-28 19:06:18 | INFO | tara_parser | Добавлена номенклатура: client_row=2590 item_row=2592 item=Пеногаситель WINTAP на 2 потока total=2
2026-04-28 19:06:18 | INFO | tara_parser | Найден клиент: row=2593 client=Тораев Рашид Султанович ИП - Воротников total=9
2026-04-28 19:06:18 | INFO | tara_parser | Добавлена номенклатура: client_row=2593 item_row=2594 item=Бочка 50л тип S total=4
2026-04-28 19:06:18 | INFO | tara_parser | Пропуск служебной строки: row=2595 text=Реализация товаров и услуг Бе00-017535 от 28.04.2026 0:00:00
2026-04-28 19:06:18 | INFO | tara_parser | Добавлена номенклатура: client_row=2593 item_row=2596 item=Замок тип G total=1
2026-04-28 19:06:18 | INFO | tara_parser | Добавлена номенклатура: client_row=2593 item_row=2597 item=Замок тип S total=1
2026-04-28 19:06:18 | INFO | tara_parser | Добавлена номенклатура: client_row=2593 item_row=2598 item=Замок тип А total=2
2026-04-28 19:06:18 | INFO | tara_parser | Добавлена номенклатура: client_row=2593 item_row=2599 item=Пеногаситель Пегас U-Classic DUO total=1
2026-04-28 19:06:18 | INFO | tara_parser | Найден клиент: row=2600 client=Торлопова О.В. ИП - Токарев (Бердск г, Комсомольская ул, дом № 1/1) total=27
2026-04-28 19:06:18 | INFO | tara_parser | Добавлена номенклатура: client_row=2600 item_row=2601 item=Бочка 30л BLK total=1
2026-04-28 19:06:18 | INFO | tara_parser | Добавлена номенклатура: client_row=2600 item_row=2602 item=Бочка 30л GIB Rakovnik (Черновар, Пражечка, Бакалар, Либенвайс, Вудбридж, Аркоброй,Гротверг) тип S total=9
2026-04-28 19:06:18 | INFO | tara_parser | Добавлена номенклатура: client_row=2600 item_row=2603 item=Бочка 30л Riegele тип A total=1
2026-04-28 19:06:18 | INFO | tara_parser | Добавлена номенклатура: client_row=2600 item_row=2604 item=Бочка 30л Крушовице тип А total=6
2026-04-28 19:06:18 | INFO | tara_parser | Добавлена номенклатура: client_row=2600 item_row=2605 item=Бочка 30л Пауланер тип А total=7
2026-04-28 19:06:18 | INFO | tara_parser | Добавлена номенклатура: client_row=2600 item_row=2606 item=Бочка 30л САБ Миллер (SANKEY НЕРЖ RU) total=1
2026-04-28 19:06:18 | INFO | tara_parser | Добавлена номенклатура: client_row=2600 item_row=2607 item=Бочка 30л тип А Златый Базант/Три Медведя/Остмарк total=-14
2026-04-28 19:06:18 | INFO | tara_parser | Добавлена номенклатура: client_row=2600 item_row=2608 item=Бочка 30л Хейнекен (Златый Базант тип S) total=2
2026-04-28 19:06:18 | INFO | tara_parser | Добавлена номенклатура: client_row=2600 item_row=2609 item=Бочка 30л Хофброй тип S total=-1
2026-04-28 19:06:18 | INFO | tara_parser | Добавлена номенклатура: client_row=2600 item_row=2610 item=Бочка 50л тип S total=9
2026-04-28 19:06:18 | INFO | tara_parser | Добавлена номенклатура: client_row=2600 item_row=2611 item=Замок тип S total=2
2026-04-28 19:06:18 | INFO | tara_parser | Добавлена номенклатура: client_row=2600 item_row=2612 item=Замок тип А total=1
2026-04-28 19:06:18 | INFO | tara_parser | Добавлена номенклатура: client_row=2600 item_row=2613 item=Пеногаситель Пегас total=2
2026-04-28 19:06:18 | INFO | tara_parser | Добавлена номенклатура: client_row=2600 item_row=2614 item=Редуктор на 1 выход total=1
2026-04-28 19:06:18 | INFO | tara_parser | Найден клиент: row=2615 client=Торлопова О.В. ИП - Токарев (Гэсстроевская ул, дом № 70) total=45
2026-04-28 19:06:18 | INFO | tara_parser | Добавлена номенклатура: client_row=2615 item_row=2616 item=Бочка 30л GIB Rakovnik (Черновар, Пражечка, Бакалар, Либенвайс, Вудбридж, Аркоброй,Гротверг) тип S total=10
2026-04-28 19:06:18 | INFO | tara_parser | Добавлена номенклатура: client_row=2615 item_row=2617 item=Бочка 30л Крушовице тип А total=-1
2026-04-28 19:06:18 | INFO | tara_parser | Добавлена номенклатура: client_row=2615 item_row=2618 item=Бочка 30л Пауланер тип А total=5
2026-04-28 19:06:18 | INFO | tara_parser | Добавлена номенклатура: client_row=2615 item_row=2619 item=Бочка 30л Хофброй тип S total=2
2026-04-28 19:06:18 | INFO | tara_parser | Добавлена номенклатура: client_row=2615 item_row=2620 item=Бочка 50л тип S total=19
2026-04-28 19:06:18 | INFO | tara_parser | Добавлена номенклатура: client_row=2615 item_row=2621 item=Замок тип S total=2
2026-04-28 19:06:18 | INFO | tara_parser | Добавлена номенклатура: client_row=2615 item_row=2622 item=Замок тип А total=1
2026-04-28 19:06:18 | INFO | tara_parser | Добавлена номенклатура: client_row=2615 item_row=2623 item=Пеногаситель Пегас Evolution total=5
2026-04-28 19:06:18 | INFO | tara_parser | Добавлена номенклатура: client_row=2615 item_row=2624 item=Пеногаситель Пегас NEO-Classic total=2
2026-04-28 19:06:18 | INFO | tara_parser | Найден клиент: row=2625 client=Третьякова Татьяна Анатольевна ИП - Колягин(Котовского ул, дом № 21) total=4
2026-04-28 19:06:18 | INFO | tara_parser | Добавлена номенклатура: client_row=2625 item_row=2626 item=Бочка 50л S RU total=8
2026-04-28 19:06:18 | INFO | tara_parser | Добавлена номенклатура: client_row=2625 item_row=2627 item=Бочка 50л тип S total=-8
2026-04-28 19:06:18 | INFO | tara_parser | Добавлена номенклатура: client_row=2625 item_row=2628 item=Замок тип S total=2
2026-04-28 19:06:18 | INFO | tara_parser | Добавлена номенклатура: client_row=2625 item_row=2629 item=Пеногаситель WINTAP на 2 потока total=1
2026-04-28 19:06:18 | INFO | tara_parser | Добавлена номенклатура: client_row=2625 item_row=2630 item=Пеногаситель Пегас I Tap 2 total=1
2026-04-28 19:06:18 | INFO | tara_parser | Найден клиент: row=2631 client=ТРИАЛ ТРЕЙД ООО - Воротников (Тюленина ул, дом № 16) (бывшая Ёмкость №1 ООО) total=12
2026-04-28 19:06:18 | INFO | tara_parser | Добавлена номенклатура: client_row=2631 item_row=2632 item=Бочка 30л BLK total=1
2026-04-28 19:06:18 | INFO | tara_parser | Добавлена номенклатура: client_row=2631 item_row=2633 item=Бочка 50л тип S total=5
2026-04-28 19:06:18 | INFO | tara_parser | Добавлена номенклатура: client_row=2631 item_row=2634 item=Замок тип G total=1
2026-04-28 19:06:18 | INFO | tara_parser | Добавлена номенклатура: client_row=2631 item_row=2635 item=Замок тип S total=1
2026-04-28 19:06:18 | INFO | tara_parser | Добавлена номенклатура: client_row=2631 item_row=2636 item=Замок тип А total=2
2026-04-28 19:06:18 | INFO | tara_parser | Добавлена номенклатура: client_row=2631 item_row=2637 item=Пеногаситель Пегас Drive DUO total=2
2026-04-28 19:06:18 | INFO | tara_parser | Найден клиент: row=2638 client=ТРИО ООО - Токарев (Немировича-Данченко ул, дом № 122) total=1
2026-04-28 19:06:18 | INFO | tara_parser | Добавлена номенклатура: client_row=2638 item_row=2639 item=Баллон 25 кг. (Углекислота) total=1
2026-04-28 19:06:18 | INFO | tara_parser | Найден клиент: row=2640 client=ТРИТОН ООО - Щербатов (Чаплыгина ул, дом № 23) total=6
2026-04-28 19:06:18 | INFO | tara_parser | Добавлена номенклатура: client_row=2640 item_row=2641 item=Бочка 50л тип S total=3
2026-04-28 19:06:18 | INFO | tara_parser | Добавлена номенклатура: client_row=2640 item_row=2642 item=Замок тип S total=1
2026-04-28 19:06:18 | INFO | tara_parser | Добавлена номенклатура: client_row=2640 item_row=2643 item=Пеногаситель Пегас total=1
2026-04-28 19:06:18 | INFO | tara_parser | Добавлена номенклатура: client_row=2640 item_row=2644 item=Редуктор на 1 выход total=1
2026-04-28 19:06:18 | INFO | tara_parser | Найден клиент: row=2645 client=Трофименко Д.А. ИП - Воротников (Фабричная ул, дом № 65/2) total=12
2026-04-28 19:06:18 | INFO | tara_parser | Добавлена номенклатура: client_row=2645 item_row=2646 item=Баллон 25 кг. (Азот) total=2
2026-04-28 19:06:18 | INFO | tara_parser | Добавлена номенклатура: client_row=2645 item_row=2647 item=Баллон 25 кг. (Углекислота) total=-1
2026-04-28 19:06:18 | INFO | tara_parser | Добавлена номенклатура: client_row=2645 item_row=2648 item=Бочка 30л Хейнекен (Златый Базант тип S) total=2
2026-04-28 19:06:18 | INFO | tara_parser | Добавлена номенклатура: client_row=2645 item_row=2649 item=Замок тип G total=1
2026-04-28 19:06:18 | INFO | tara_parser | Добавлена номенклатура: client_row=2645 item_row=2650 item=Замок тип S total=2
2026-04-28 19:06:18 | INFO | tara_parser | Добавлена номенклатура: client_row=2645 item_row=2651 item=Пеногаситель Пегас Ecotap total=3
2026-04-28 19:06:18 | INFO | tara_parser | Добавлена номенклатура: client_row=2645 item_row=2652 item=Редуктор на 1 выход total=1
2026-04-28 19:06:18 | INFO | tara_parser | Добавлена номенклатура: client_row=2645 item_row=2653 item=Холодильник 2020 " 5 флагов" № 1640219104 total=1
2026-04-28 19:06:18 | INFO | tara_parser | Добавлена номенклатура: client_row=2645 item_row=2654 item=Холодильник 2020 " 5 флагов" № 1640219114 total=1
2026-04-28 19:06:18 | INFO | tara_parser | Найден клиент: row=2655 client=Турганова Мария Владимировна ИП - Ганиев total=16
2026-04-28 19:06:18 | INFO | tara_parser | Добавлена номенклатура: client_row=2655 item_row=2656 item=Бочка 30л тип А Златый Базант/Три Медведя/Остмарк total=5
2026-04-28 19:06:18 | INFO | tara_parser | Добавлена номенклатура: client_row=2655 item_row=2657 item=Бочка 50л тип S total=7
2026-04-28 19:06:18 | INFO | tara_parser | Добавлена номенклатура: client_row=2655 item_row=2658 item=Замок тип S total=2
2026-04-28 19:06:18 | INFO | tara_parser | Добавлена номенклатура: client_row=2655 item_row=2659 item=Замок тип А total=2
2026-04-28 19:06:18 | INFO | tara_parser | Найден клиент: row=2660 client=Тучкова Софья Николаевна ИП - Воротников total=19
2026-04-28 19:06:18 | INFO | tara_parser | Добавлена номенклатура: client_row=2660 item_row=2661 item=Бочка 30л тип А Златый Базант/Три Медведя/Остмарк total=3
2026-04-28 19:06:18 | INFO | tara_parser | Пропуск служебной строки: row=2662 text=Реализация товаров и услуг Бе00-017681 от 28.04.2026 0:00:00
2026-04-28 19:06:18 | INFO | tara_parser | Добавлена номенклатура: client_row=2660 item_row=2663 item=Бочка 50л тип S total=7
2026-04-28 19:06:18 | INFO | tara_parser | Пропуск служебной строки: row=2664 text=Реализация товаров и услуг Бе00-017681 от 28.04.2026 0:00:00
2026-04-28 19:06:18 | INFO | tara_parser | Добавлена номенклатура: client_row=2660 item_row=2665 item=Бочка 50л тип А total=2
2026-04-28 19:06:18 | INFO | tara_parser | Добавлена номенклатура: client_row=2660 item_row=2666 item=Замок тип S total=2
2026-04-28 19:06:18 | INFO | tara_parser | Добавлена номенклатура: client_row=2660 item_row=2667 item=Замок тип А total=4
2026-04-28 19:06:18 | INFO | tara_parser | Добавлена номенклатура: client_row=2660 item_row=2668 item=Пеногаситель Пегас Evolution DUO total=1
2026-04-28 19:06:18 | INFO | tara_parser | Найден клиент: row=2669 client=ТФ Дубрава ООО - Воротников (Терешкова, 34а) total=43
2026-04-28 19:06:18 | INFO | tara_parser | Добавлена номенклатура: client_row=2669 item_row=2670 item=Бочка 30л BLK total=1
2026-04-28 19:06:18 | INFO | tara_parser | Добавлена номенклатура: client_row=2669 item_row=2671 item=Бочка 30л ПМ Эфес (DRAFT НЕРЖ RU) total=1
2026-04-28 19:06:18 | INFO | tara_parser | Добавлена номенклатура: client_row=2669 item_row=2672 item=Бочка 30л Хейнекен (Златый Базант тип S) total=1
2026-04-28 19:06:18 | INFO | tara_parser | Добавлена номенклатура: client_row=2669 item_row=2673 item=Бочка 50л тип S total=6
2026-04-28 19:06:18 | INFO | tara_parser | Добавлена номенклатура: client_row=2669 item_row=2674 item=Замок тип G total=4
2026-04-28 19:06:18 | INFO | tara_parser | Добавлена номенклатура: client_row=2669 item_row=2675 item=Замок тип S total=12
2026-04-28 19:06:18 | INFO | tara_parser | Добавлена номенклатура: client_row=2669 item_row=2676 item=Замок тип А total=10
2026-04-28 19:06:18 | INFO | tara_parser | Добавлена номенклатура: client_row=2669 item_row=2677 item=Пеногаситель WINTAP на 2 потока total=7
2026-04-28 19:06:18 | INFO | tara_parser | Добавлена номенклатура: client_row=2669 item_row=2678 item=Редуктор на 1 выход total=1
2026-04-28 19:06:18 | INFO | tara_parser | Найден клиент: row=2679 client=Угрюмова А.А. ИП - Щербатов (Виктора Уса ул, дом № 11) total=2
2026-04-28 19:06:18 | INFO | tara_parser | Добавлена номенклатура: client_row=2679 item_row=2680 item=Бочка 30л тип А Златый Базант/Три Медведя/Остмарк total=2
2026-04-28 19:06:18 | INFO | tara_parser | Добавлена номенклатура: client_row=2679 item_row=2681 item=Бочка 50л S RU total=3
2026-04-28 19:06:18 | INFO | tara_parser | Добавлена номенклатура: client_row=2679 item_row=2682 item=Бочка 50л тип S total=-1
2026-04-28 19:06:18 | INFO | tara_parser | Добавлена номенклатура: client_row=2679 item_row=2683 item=Бочка 50л тип А total=-2
2026-04-28 19:06:18 | INFO | tara_parser | Найден клиент: row=2684 client=Улантиков Сергей Федорович ИП - Воротников (Бердское ш, дом № 277) total=2
2026-04-28 19:06:18 | INFO | tara_parser | Добавлена номенклатура: client_row=2684 item_row=2685 item=Замок тип D total=1
2026-04-28 19:06:18 | INFO | tara_parser | Добавлена номенклатура: client_row=2684 item_row=2686 item=Пеногаситель WINTAP на 2 потока total=1
2026-04-28 19:06:18 | INFO | tara_parser | Найден клиент: row=2687 client=Урсегов Василий Сергеевич ИП - Ганиев (Коченевский р-н, Поваренка с, Строительная ул, дом № 6, кв.1) total=23
2026-04-28 19:06:18 | INFO | tara_parser | Добавлена номенклатура: client_row=2687 item_row=2688 item=Баллон 10 кг. (Углекислота) total=1
2026-04-28 19:06:18 | INFO | tara_parser | Добавлена номенклатура: client_row=2687 item_row=2689 item=Баллон 25 кг. (Углекислота) total=2
2026-04-28 19:06:18 | INFO | tara_parser | Добавлена номенклатура: client_row=2687 item_row=2690 item=Бочка 50л тип А Высокая total=9
2026-04-28 19:06:18 | INFO | tara_parser | Добавлена номенклатура: client_row=2687 item_row=2691 item=Замок тип S total=1
2026-04-28 19:06:18 | INFO | tara_parser | Добавлена номенклатура: client_row=2687 item_row=2692 item=Замок тип А total=4
2026-04-28 19:06:18 | INFO | tara_parser | Добавлена номенклатура: client_row=2687 item_row=2693 item=Охладитель Тайфун 90 на 2 пр. №42274 total=1
2026-04-28 19:06:18 | INFO | tara_parser | Добавлена номенклатура: client_row=2687 item_row=2694 item=Пеногаситель Пегас I Tap total=4
2026-04-28 19:06:18 | INFO | tara_parser | Добавлена номенклатура: client_row=2687 item_row=2695 item=Редуктор на 1 выход total=1
2026-04-28 19:06:18 | INFO | tara_parser | Найден клиент: row=2696 client=Устьянцев А.Г. ИП - Щербатов (НСТ Ивушка Тальниковая ул, дом № 1) total=3
2026-04-28 19:06:18 | INFO | tara_parser | Добавлена номенклатура: client_row=2696 item_row=2697 item=Замок тип S total=1
2026-04-28 19:06:18 | INFO | tara_parser | Добавлена номенклатура: client_row=2696 item_row=2698 item=Охладитель "Тайфун 90М 100226" Эдем total=1
2026-04-28 19:06:18 | INFO | tara_parser | Добавлена номенклатура: client_row=2696 item_row=2699 item=Пеногаситель Пегас total=1
2026-04-28 19:06:18 | INFO | tara_parser | Найден клиент: row=2700 client=Утренняя звезда ООО - Ганиев total=2
2026-04-28 19:06:18 | INFO | tara_parser | Добавлена номенклатура: client_row=2700 item_row=2701 item=Бочка 50л тип А Высокая total=2
2026-04-28 19:06:18 | INFO | tara_parser | Найден клиент: row=2702 client=Фандина Лариса Александровна ИП - Ганиев(Новошилово с, Степная ул, дом № 13а) total=21
2026-04-28 19:06:18 | INFO | tara_parser | Добавлена номенклатура: client_row=2702 item_row=2703 item=Баллон 25 кг. (Углекислота) total=2
2026-04-28 19:06:18 | INFO | tara_parser | Добавлена номенклатура: client_row=2702 item_row=2704 item=Бочка 50л тип А Высокая total=3
2026-04-28 19:06:18 | INFO | tara_parser | Добавлена номенклатура: client_row=2702 item_row=2705 item=Замок тип S total=1
2026-04-28 19:06:18 | INFO | tara_parser | Добавлена номенклатура: client_row=2702 item_row=2706 item=Замок тип А total=7
2026-04-28 19:06:18 | INFO | tara_parser | Добавлена номенклатура: client_row=2702 item_row=2707 item=Охладитель Тайфун 90М ( Эдем) №57952 total=1
2026-04-28 19:06:18 | INFO | tara_parser | Добавлена номенклатура: client_row=2702 item_row=2708 item=Охладитель Тайфун 90М ( Эдем) №81164 total=1
2026-04-28 19:06:18 | INFO | tara_parser | Добавлена номенклатура: client_row=2702 item_row=2709 item=Пеногаситель пегас WinTap 2 поток (металл)(Эдем) total=4
2026-04-28 19:06:18 | INFO | tara_parser | Добавлена номенклатура: client_row=2702 item_row=2710 item=Редуктор СО2 на 1 выход(Эдем) total=1
2026-04-28 19:06:18 | INFO | tara_parser | Добавлена номенклатура: client_row=2702 item_row=2711 item=Холодильник Три Медведя №4561358891(Эдем) total=1
2026-04-28 19:06:18 | INFO | tara_parser | Найден клиент: row=2712 client=Фандюшкина Татьяна Владимировна ИП - Токарев (Энгельса ул, дом № 143) total=16
2026-04-28 19:06:18 | INFO | tara_parser | Добавлена номенклатура: client_row=2712 item_row=2713 item=Бочка 50л S RU total=4
2026-04-28 19:06:18 | INFO | tara_parser | Добавлена номенклатура: client_row=2712 item_row=2714 item=Бочка 50л тип S total=6
2026-04-28 19:06:18 | INFO | tara_parser | Добавлена номенклатура: client_row=2712 item_row=2715 item=Бочка 50л тип А Высокая total=-1
2026-04-28 19:06:18 | INFO | tara_parser | Добавлена номенклатура: client_row=2712 item_row=2716 item=Замок тип S total=1
2026-04-28 19:06:18 | INFO | tara_parser | Добавлена номенклатура: client_row=2712 item_row=2717 item=Замок тип А total=3
2026-04-28 19:06:18 | INFO | tara_parser | Добавлена номенклатура: client_row=2712 item_row=2718 item=Пеногаситель Пегас Drive DUO total=2
2026-04-28 19:06:18 | INFO | tara_parser | Добавлена номенклатура: client_row=2712 item_row=2719 item=Холодильник S76 (5 флагов) №635840389 total=1
2026-04-28 19:06:18 | INFO | tara_parser | Найден клиент: row=2720 client=Феникс ООО - Волчок (Кольцово рп, Никольский пр-кт, дом № 6) total=-1
2026-04-28 19:06:18 | INFO | tara_parser | Добавлена номенклатура: client_row=2720 item_row=2721 item=Бочка 50л тип S total=-1
2026-04-28 19:06:18 | INFO | tara_parser | Найден клиент: row=2722 client=Филипьев А. А. ИП - Воротников (Новосибирская ул, дом № 18/1) total=20
2026-04-28 19:06:18 | INFO | tara_parser | Добавлена номенклатура: client_row=2722 item_row=2723 item=Бочка 50л тип А Высокая total=-1
2026-04-28 19:06:18 | INFO | tara_parser | Добавлена номенклатура: client_row=2722 item_row=2724 item=Замок тип G total=3
2026-04-28 19:06:18 | INFO | tara_parser | Добавлена номенклатура: client_row=2722 item_row=2725 item=Замок тип S total=7
2026-04-28 19:06:18 | INFO | tara_parser | Добавлена номенклатура: client_row=2722 item_row=2726 item=Замок тип А total=4
2026-04-28 19:06:18 | INFO | tara_parser | Добавлена номенклатура: client_row=2722 item_row=2727 item=Пеногаситель WINTAP на 2 потока total=7
2026-04-28 19:06:18 | INFO | tara_parser | Найден клиент: row=2728 client=Филипьев А. А. ИП - Воротников (Экваторная ул, дом № 2а) total=10
2026-04-28 19:06:18 | INFO | tara_parser | Добавлена номенклатура: client_row=2728 item_row=2729 item=Замок тип G total=1
2026-04-28 19:06:18 | INFO | tara_parser | Добавлена номенклатура: client_row=2728 item_row=2730 item=Замок тип S total=3
2026-04-28 19:06:18 | INFO | tara_parser | Добавлена номенклатура: client_row=2728 item_row=2731 item=Пеногаситель WINTAP на 2 потока total=6
2026-04-28 19:06:18 | INFO | tara_parser | Найден клиент: row=2732 client=Фирма Бег ООО -Ганиев(Новошилово с, Приозерная ул, дом № 17) total=16
2026-04-28 19:06:18 | INFO | tara_parser | Добавлена номенклатура: client_row=2732 item_row=2733 item=Баллон 25 кг. (Углекислота) total=1
2026-04-28 19:06:18 | INFO | tara_parser | Добавлена номенклатура: client_row=2732 item_row=2734 item=Башня Тиана 3 кр. total=1
2026-04-28 19:06:18 | INFO | tara_parser | Добавлена номенклатура: client_row=2732 item_row=2735 item=Бочка 30л тип А Златый Базант/Три Медведя/Остмарк total=4
2026-04-28 19:06:18 | INFO | tara_parser | Добавлена номенклатура: client_row=2732 item_row=2736 item=Бочка 50л S RU total=25
2026-04-28 19:06:18 | INFO | tara_parser | Добавлена номенклатура: client_row=2732 item_row=2737 item=Бочка 50л тип S total=-23
2026-04-28 19:06:18 | INFO | tara_parser | Добавлена номенклатура: client_row=2732 item_row=2738 item=Замок тип D total=1
2026-04-28 19:06:18 | INFO | tara_parser | Добавлена номенклатура: client_row=2732 item_row=2739 item=Замок тип G total=1
2026-04-28 19:06:18 | INFO | tara_parser | Добавлена номенклатура: client_row=2732 item_row=2740 item=Замок тип S total=1
2026-04-28 19:06:18 | INFO | tara_parser | Добавлена номенклатура: client_row=2732 item_row=2741 item=Замок тип А total=1
2026-04-28 19:06:18 | INFO | tara_parser | Добавлена номенклатура: client_row=2732 item_row=2742 item=Охладитель Тайфун 90 на 4 пр. №43693 total=1
2026-04-28 19:06:18 | INFO | tara_parser | Добавлена номенклатура: client_row=2732 item_row=2743 item=Пеногаситель Пегас total=3
2026-04-28 19:06:18 | INFO | tara_parser | Найден клиент: row=2744 client=Фролов Алексей Александрович - Ганиев(Красный Яр с, Ленина ул, дом № 33) total=13
2026-04-28 19:06:18 | INFO | tara_parser | Добавлена номенклатура: client_row=2744 item_row=2745 item=Бочка 30л тип А Златый Базант/Три Медведя/Остмарк total=5
2026-04-28 19:06:18 | INFO | tara_parser | Добавлена номенклатура: client_row=2744 item_row=2746 item=Замок тип А total=3
2026-04-28 19:06:18 | INFO | tara_parser | Добавлена номенклатура: client_row=2744 item_row=2747 item=Охладитель Тайфун 120 Эдем total=1
2026-04-28 19:06:18 | INFO | tara_parser | Добавлена номенклатура: client_row=2744 item_row=2748 item=Пеногаситель Пегас Ecotap total=4
2026-04-28 19:06:18 | INFO | tara_parser | Найден клиент: row=2749 client=Фролова Н.В. ИП - Волчок (Бердск г, Ленина ул, дом № 67/1) (от Эдема для снятия оборудования) total=-1
2026-04-28 19:06:18 | INFO | tara_parser | Добавлена номенклатура: client_row=2749 item_row=2750 item=Баллон 25 кг. (Углекислота) total=-1
2026-04-28 19:06:18 | INFO | tara_parser | Найден клиент: row=2751 client=ФЬЮЖН ООО - Воротников (Богдана Хмельницкого ул, дом № 38) (бывшая Ёмкость-Н ООО) total=12
2026-04-28 19:06:18 | INFO | tara_parser | Добавлена номенклатура: client_row=2751 item_row=2752 item=Бочка 30л BLK total=3
2026-04-28 19:06:18 | INFO | tara_parser | Добавлена номенклатура: client_row=2751 item_row=2753 item=Бочка 50л тип S total=2
2026-04-28 19:06:18 | INFO | tara_parser | Добавлена номенклатура: client_row=2751 item_row=2754 item=Замок тип G total=2
2026-04-28 19:06:18 | INFO | tara_parser | Добавлена номенклатура: client_row=2751 item_row=2755 item=Замок тип S total=2
2026-04-28 19:06:18 | INFO | tara_parser | Добавлена номенклатура: client_row=2751 item_row=2756 item=Замок тип А total=1
2026-04-28 19:06:18 | INFO | tara_parser | Добавлена номенклатура: client_row=2751 item_row=2757 item=Пеногаситель WINTAP на 2 потока total=1
2026-04-28 19:06:18 | INFO | tara_parser | Добавлена номенклатура: client_row=2751 item_row=2758 item=Пеногаситель Пегас Drive DUO total=1
2026-04-28 19:06:18 | INFO | tara_parser | Найден клиент: row=2759 client=Хафизова Н.С. ИП - Колягин (Степная ул, дом № 55) total=10
2026-04-28 19:06:18 | INFO | tara_parser | Добавлена номенклатура: client_row=2759 item_row=2760 item=Бочка 50л тип S total=1
2026-04-28 19:06:18 | INFO | tara_parser | Добавлена номенклатура: client_row=2759 item_row=2761 item=Замок тип S total=2
2026-04-28 19:06:18 | INFO | tara_parser | Добавлена номенклатура: client_row=2759 item_row=2762 item=Замок тип А total=1
2026-04-28 19:06:18 | INFO | tara_parser | Добавлена номенклатура: client_row=2759 item_row=2763 item=Пеногаситель Пегас Drive total=3
2026-04-28 19:06:18 | INFO | tara_parser | Добавлена номенклатура: client_row=2759 item_row=2764 item=Пеногаситель Пегас Evolution DUO total=3
2026-04-28 19:06:18 | INFO | tara_parser | Найден клиент: row=2765 client=Хачумян Анна Роберти ИП - Щербатов (У)(Бородина ул, дом № 24) total=9
2026-04-28 19:06:18 | INFO | tara_parser | Добавлена номенклатура: client_row=2765 item_row=2766 item=Бочка 50л тип А Высокая total=1
2026-04-28 19:06:18 | INFO | tara_parser | Добавлена номенклатура: client_row=2765 item_row=2767 item=Замок тип А total=2
2026-04-28 19:06:18 | INFO | tara_parser | Добавлена номенклатура: client_row=2765 item_row=2768 item=Каплесборник total=3
2026-04-28 19:06:18 | INFO | tara_parser | Добавлена номенклатура: client_row=2765 item_row=2769 item=Охладитель Тайфун 90 на 3 пр. №43945 total=1
2026-04-28 19:06:18 | INFO | tara_parser | Добавлена номенклатура: client_row=2765 item_row=2770 item=Пеногаситель WINTAP на 1 поток total=2
2026-04-28 19:06:18 | INFO | tara_parser | Найден клиент: row=2771 client=Химич К. С. ИП - Токарев (Бердышева ул, дом № 5) total=15
2026-04-28 19:06:18 | INFO | tara_parser | Добавлена номенклатура: client_row=2771 item_row=2772 item=Бочка 50л тип S total=7
2026-04-28 19:06:18 | INFO | tara_parser | Пропуск служебной строки: row=2773 text=Реализация товаров и услуг Бе00-017719 от 28.04.2026 0:00:00
2026-04-28 19:06:18 | INFO | tara_parser | Добавлена номенклатура: client_row=2771 item_row=2774 item=Бочка 50л тип А Высокая total=2
2026-04-28 19:06:18 | INFO | tara_parser | Добавлена номенклатура: client_row=2771 item_row=2775 item=Замок тип S total=1
2026-04-28 19:06:18 | INFO | tara_parser | Добавлена номенклатура: client_row=2771 item_row=2776 item=Замок тип А total=1
2026-04-28 19:06:18 | INFO | tara_parser | Добавлена номенклатура: client_row=2771 item_row=2777 item=Пеногаситель Пегас Drive total=2
2026-04-28 19:06:18 | INFO | tara_parser | Добавлена номенклатура: client_row=2771 item_row=2778 item=Редуктор на 1 выход total=1
2026-04-28 19:06:18 | INFO | tara_parser | Добавлена номенклатура: client_row=2771 item_row=2779 item=Холодильник UBC Icestream ECO " 5 флагов" № 13350001257010 total=1
2026-04-28 19:06:18 | INFO | tara_parser | Найден клиент: row=2780 client=Хмелевская Ольга Борисовна ИП - Токарев total=1
2026-04-28 19:06:18 | INFO | tara_parser | Добавлена номенклатура: client_row=2780 item_row=2781 item=Шкаф холодильный Балтика 0701994101-3912 total=1
2026-04-28 19:06:18 | INFO | tara_parser | Найден клиент: row=2782 client=Хоменко Олеся Олеговна ИП - Волчок(Бердск г, Первомайская ул, дом № 7а) total=6
2026-04-28 19:06:18 | INFO | tara_parser | Добавлена номенклатура: client_row=2782 item_row=2783 item=Замок тип G total=1
2026-04-28 19:06:18 | INFO | tara_parser | Добавлена номенклатура: client_row=2782 item_row=2784 item=Замок тип S total=3
2026-04-28 19:06:18 | INFO | tara_parser | Добавлена номенклатура: client_row=2782 item_row=2785 item=Пеногаситель WINTAP на 2 потока total=2
2026-04-28 19:06:18 | INFO | tara_parser | Найден клиент: row=2786 client=Хорал ООО - Колягин (Станиславского, 4/2) total=25
2026-04-28 19:06:18 | INFO | tara_parser | Добавлена номенклатура: client_row=2786 item_row=2787 item=Бочка 30л тип А Златый Базант/Три Медведя/Остмарк total=4
2026-04-28 19:06:18 | INFO | tara_parser | Добавлена номенклатура: client_row=2786 item_row=2788 item=Бочка 50л тип S total=11
2026-04-28 19:06:18 | INFO | tara_parser | Добавлена номенклатура: client_row=2786 item_row=2789 item=Бочка 50л тип А total=1
2026-04-28 19:06:18 | INFO | tara_parser | Добавлена номенклатура: client_row=2786 item_row=2790 item=Бочка 50л тип А Высокая total=1
2026-04-28 19:06:18 | INFO | tara_parser | Добавлена номенклатура: client_row=2786 item_row=2791 item=Замок тип S total=2
2026-04-28 19:06:18 | INFO | tara_parser | Добавлена номенклатура: client_row=2786 item_row=2792 item=Замок тип А total=1
2026-04-28 19:06:18 | INFO | tara_parser | Добавлена номенклатура: client_row=2786 item_row=2793 item=Охладитель Тайфун 90 на 4 пр. №55670 total=1
2026-04-28 19:06:18 | INFO | tara_parser | Добавлена номенклатура: client_row=2786 item_row=2794 item=Охладитель Тайфун на 2 пр. №28299 total=1
2026-04-28 19:06:18 | INFO | tara_parser | Добавлена номенклатура: client_row=2786 item_row=2795 item=Пеногаситель WINTAP на 2 потока total=1
2026-04-28 19:06:18 | INFO | tara_parser | Добавлена номенклатура: client_row=2786 item_row=2796 item=Пеногаситель Пегас total=1
2026-04-28 19:06:18 | INFO | tara_parser | Добавлена номенклатура: client_row=2786 item_row=2797 item=Редуктор на 1 выход total=1
2026-04-28 19:06:18 | INFO | tara_parser | Найден клиент: row=2798 client=ХОТЕЙ ООО - Воротников total=8
2026-04-28 19:06:18 | INFO | tara_parser | Добавлена номенклатура: client_row=2798 item_row=2799 item=Бочка 30л BLK total=2
2026-04-28 19:06:18 | INFO | tara_parser | Добавлена номенклатура: client_row=2798 item_row=2800 item=Бочка 50л тип S total=3
2026-04-28 19:06:18 | INFO | tara_parser | Добавлена номенклатура: client_row=2798 item_row=2801 item=Замок тип А total=3
2026-04-28 19:06:18 | INFO | tara_parser | Найден клиент: row=2802 client=ХОТЭЙ ООО - Колягин total=5
2026-04-28 19:06:18 | INFO | tara_parser | Добавлена номенклатура: client_row=2802 item_row=2803 item=Бочка 50л тип S total=3
2026-04-28 19:06:18 | INFO | tara_parser | Добавлена номенклатура: client_row=2802 item_row=2804 item=Бочка 50л тип А total=2
2026-04-28 19:06:18 | INFO | tara_parser | Найден клиент: row=2805 client=Хохлова Е.В. ИП - Колягин (Римского-Корсакова ул, дом № 1) total=1
2026-04-28 19:06:18 | INFO | tara_parser | Добавлена номенклатура: client_row=2805 item_row=2806 item=Баллон 25 кг. (Углекислота) total=1
2026-04-28 19:06:18 | INFO | tara_parser | Добавлена номенклатура: client_row=2805 item_row=2807 item=Бочка 50л S RU total=3
2026-04-28 19:06:18 | INFO | tara_parser | Добавлена номенклатура: client_row=2805 item_row=2808 item=Бочка 50л тип S total=-3
2026-04-28 19:06:18 | INFO | tara_parser | Добавлена номенклатура: client_row=2805 item_row=2809 item=Бочка 50л тип А total=-1
2026-04-28 19:06:18 | INFO | tara_parser | Добавлена номенклатура: client_row=2805 item_row=2810 item=Бочка 50л тип А Высокая total=1
2026-04-28 19:06:18 | INFO | tara_parser | Найден клиент: row=2811 client=Цветкова Елена Юрьевна ИП - Колягин (Воинская ул, дом № 63) total=7
2026-04-28 19:06:18 | INFO | tara_parser | Добавлена номенклатура: client_row=2811 item_row=2812 item=Бочка 50л S RU total=34
2026-04-28 19:06:18 | INFO | tara_parser | Пропуск служебной строки: row=2813 text=Реализация товаров и услуг Бе00-017615 от 28.04.2026 0:00:00
2026-04-28 19:06:18 | INFO | tara_parser | Добавлена номенклатура: client_row=2811 item_row=2814 item=Бочка 50л тип S total=-29
2026-04-28 19:06:18 | INFO | tara_parser | Добавлена номенклатура: client_row=2811 item_row=2815 item=Замок тип S total=1
2026-04-28 19:06:18 | INFO | tara_parser | Добавлена номенклатура: client_row=2811 item_row=2816 item=пеногаситель пегас Win tap total=1
2026-04-28 19:06:18 | INFO | tara_parser | Найден клиент: row=2817 client=Целищева О. В. ИП - Токарев (Титова ул, дом № 1) total=26
2026-04-28 19:06:18 | INFO | tara_parser | Добавлена номенклатура: client_row=2817 item_row=2818 item=Бочка 30л тип А Златый Базант/Три Медведя/Остмарк total=4
2026-04-28 19:06:18 | INFO | tara_parser | Добавлена номенклатура: client_row=2817 item_row=2819 item=Бочка 30л Хейнекен (Златый Базант тип S) total=-1
2026-04-28 19:06:18 | INFO | tara_parser | Добавлена номенклатура: client_row=2817 item_row=2820 item=Бочка 50л тип S total=12
2026-04-28 19:06:18 | INFO | tara_parser | Пропуск служебной строки: row=2821 text=Реализация товаров и услуг Бе00-017622 от 28.04.2026 0:00:00
2026-04-28 19:06:18 | INFO | tara_parser | Добавлена номенклатура: client_row=2817 item_row=2822 item=Замок тип S total=4
2026-04-28 19:06:18 | INFO | tara_parser | Добавлена номенклатура: client_row=2817 item_row=2823 item=Замок тип А total=1
2026-04-28 19:06:18 | INFO | tara_parser | Добавлена номенклатура: client_row=2817 item_row=2824 item=Пеногаситель Пегас total=2
2026-04-28 19:06:18 | INFO | tara_parser | Добавлена номенклатура: client_row=2817 item_row=2825 item=Пеногаситель Пегас Evolution total=2
2026-04-28 19:06:18 | INFO | tara_parser | Добавлена номенклатура: client_row=2817 item_row=2826 item=Редуктор на 1 выход total=1
2026-04-28 19:06:18 | INFO | tara_parser | Добавлена номенклатура: client_row=2817 item_row=2827 item=Холодильник Хейнекен № 14017500497 total=1
2026-04-28 19:06:18 | INFO | tara_parser | Найден клиент: row=2828 client=Чапаева Евгения Федоровна ИП - Воротников (Березовка с, Первомайская ул, дом № 38, литера а total=9
2026-04-28 19:06:18 | INFO | tara_parser | Добавлена номенклатура: client_row=2828 item_row=2829 item=Замок тип А total=5
2026-04-28 19:06:18 | INFO | tara_parser | Добавлена номенклатура: client_row=2828 item_row=2830 item=Пеногаситель Пегас total=4
2026-04-28 19:06:18 | INFO | tara_parser | Найден клиент без явного итога: row=2831 client=Черных Евгений Николаевич ИП - Волчок
2026-04-28 19:06:18 | INFO | tara_parser | Добавлена номенклатура: client_row=2831 item_row=2832 item=Бочка 30л тип А Златый Базант/Три Медведя/Остмарк total=1
2026-04-28 19:06:18 | INFO | tara_parser | Добавлена номенклатура: client_row=2831 item_row=2833 item=Бочка 50л тип А Высокая total=-1
2026-04-28 19:06:18 | INFO | tara_parser | Найден клиент: row=2834 client=Чернышев В.П. ИП - Щербатов (Белоярка с, Центральная ул, дом № 26/1) total=22
2026-04-28 19:06:18 | INFO | tara_parser | Добавлена номенклатура: client_row=2834 item_row=2835 item=Башня Кобра 2 кр (Эдем) total=2
2026-04-28 19:06:18 | INFO | tara_parser | Добавлена номенклатура: client_row=2834 item_row=2836 item=Бочка 30л тип А Златый Базант/Три Медведя/Остмарк total=1
2026-04-28 19:06:18 | INFO | tara_parser | Добавлена номенклатура: client_row=2834 item_row=2837 item=Бочка 50л S RU total=14
2026-04-28 19:06:18 | INFO | tara_parser | Добавлена номенклатура: client_row=2834 item_row=2838 item=Бочка 50л тип S total=-11
2026-04-28 19:06:18 | INFO | tara_parser | Добавлена номенклатура: client_row=2834 item_row=2839 item=Бочка 50л тип А Высокая total=4
2026-04-28 19:06:18 | INFO | tara_parser | Добавлена номенклатура: client_row=2834 item_row=2840 item=Замок тип D total=-1
2026-04-28 19:06:18 | INFO | tara_parser | Добавлена номенклатура: client_row=2834 item_row=2841 item=Замок тип S total=4
2026-04-28 19:06:18 | INFO | tara_parser | Добавлена номенклатура: client_row=2834 item_row=2842 item=Замок тип А total=2
2026-04-28 19:06:18 | INFO | tara_parser | Добавлена номенклатура: client_row=2834 item_row=2843 item=Охладитель "Тайфун 90" Эдем total=2
2026-04-28 19:06:18 | INFO | tara_parser | Добавлена номенклатура: client_row=2834 item_row=2844 item=Пеногаситель Пегас Classic эдем total=3
2026-04-28 19:06:18 | INFO | tara_parser | Добавлена номенклатура: client_row=2834 item_row=2845 item=Пеногаситель Пегас Ecotap total=1
2026-04-28 19:06:18 | INFO | tara_parser | Добавлена номенклатура: client_row=2834 item_row=2846 item=Редуктор СО2 на 1 выход(Эдем) total=1
2026-04-28 19:06:18 | INFO | tara_parser | Найден клиент: row=2847 client=Чернышев В.П. ИП - Щербатов (СНТ Парус 1-й кв, участок № 208) total=9
2026-04-28 19:06:18 | INFO | tara_parser | Добавлена номенклатура: client_row=2847 item_row=2848 item=Замок тип S total=1
2026-04-28 19:06:18 | INFO | tara_parser | Добавлена номенклатура: client_row=2847 item_row=2849 item=Замок тип А total=4
2026-04-28 19:06:18 | INFO | tara_parser | Добавлена номенклатура: client_row=2847 item_row=2850 item=Пеногаситель Пегас Ecotap total=4
2026-04-28 19:06:18 | INFO | tara_parser | Найден клиент: row=2851 client=Чернышев И.Д. ИП - Воротников (1-е Мочищенское ш, дом № 6) total=4
2026-04-28 19:06:18 | INFO | tara_parser | Добавлена номенклатура: client_row=2851 item_row=2852 item=Бочка 50л S RU total=2
2026-04-28 19:06:18 | INFO | tara_parser | Добавлена номенклатура: client_row=2851 item_row=2853 item=Замок тип S total=2
2026-04-28 19:06:18 | INFO | tara_parser | Найден клиент: row=2854 client=Чернышев И.Д. ИП - Воротников (Бердское ш, дом № 277) total=4
2026-04-28 19:06:18 | INFO | tara_parser | Добавлена номенклатура: client_row=2854 item_row=2855 item=Замок тип G total=1
2026-04-28 19:06:18 | INFO | tara_parser | Добавлена номенклатура: client_row=2854 item_row=2856 item=Замок тип S total=2
2026-04-28 19:06:18 | INFO | tara_parser | Добавлена номенклатура: client_row=2854 item_row=2857 item=Замок тип А total=1
2026-04-28 19:06:18 | INFO | tara_parser | Найден клиент: row=2858 client=Шафрик О.В ИП - Ганиев(Верх-Ирмень с, Агрогородок мкр, дом № 58/6) total=10
2026-04-28 19:06:18 | INFO | tara_parser | Добавлена номенклатура: client_row=2858 item_row=2859 item=Бочка 30л тип А Златый Базант/Три Медведя/Остмарк total=3
2026-04-28 19:06:18 | INFO | tara_parser | Добавлена номенклатура: client_row=2858 item_row=2860 item=Замок тип S total=1
2026-04-28 19:06:18 | INFO | tara_parser | Добавлена номенклатура: client_row=2858 item_row=2861 item=Замок тип А total=4
2026-04-28 19:06:18 | INFO | tara_parser | Добавлена номенклатура: client_row=2858 item_row=2862 item=Пеногаситель Пегас Drive DUO total=1
2026-04-28 19:06:18 | INFO | tara_parser | Добавлена номенклатура: client_row=2858 item_row=2863 item=пеногаситель пегас Win tap total=1
2026-04-28 19:06:18 | INFO | tara_parser | Найден клиент: row=2864 client=Шачнев Дмитрий Сергеевич ИП - Воротников (ТСН Солнечное озеро ул. Прибрежная, участок № 2) total=20
2026-04-28 19:06:18 | INFO | tara_parser | Добавлена номенклатура: client_row=2864 item_row=2865 item=Бочка 30л тип А Златый Базант/Три Медведя/Остмарк total=12
2026-04-28 19:06:18 | INFO | tara_parser | Пропуск служебной строки: row=2866 text=Реализация товаров и услуг Бе00-017584 от 28.04.2026 0:00:00
2026-04-28 19:06:18 | INFO | tara_parser | Добавлена номенклатура: client_row=2864 item_row=2867 item=Бочка 50л тип S total=3
2026-04-28 19:06:18 | INFO | tara_parser | Пропуск служебной строки: row=2868 text=Реализация товаров и услуг Бе00-017584 от 28.04.2026 0:00:00
2026-04-28 19:06:18 | INFO | tara_parser | Добавлена номенклатура: client_row=2864 item_row=2869 item=Бочка 50л тип А total=2
2026-04-28 19:06:18 | INFO | tara_parser | Пропуск служебной строки: row=2870 text=Реализация товаров и услуг Бе00-017584 от 28.04.2026 0:00:00
2026-04-28 19:06:18 | INFO | tara_parser | Добавлена номенклатура: client_row=2864 item_row=2871 item=Замок тип S total=1
2026-04-28 19:06:18 | INFO | tara_parser | Добавлена номенклатура: client_row=2864 item_row=2872 item=Замок тип А total=1
2026-04-28 19:06:18 | INFO | tara_parser | Добавлена номенклатура: client_row=2864 item_row=2873 item=Пеногаситель WINTAP на 2 потока total=1
2026-04-28 19:06:18 | INFO | tara_parser | Найден клиент: row=2874 client=Шевелева Ирина Алексеевна ИП - Ганиев(Новый Шарап д, Мира ул, дом № 82а) total=6
2026-04-28 19:06:18 | INFO | tara_parser | Добавлена номенклатура: client_row=2874 item_row=2875 item=Замок тип S total=1
2026-04-28 19:06:18 | INFO | tara_parser | Добавлена номенклатура: client_row=2874 item_row=2876 item=Замок тип А total=2
2026-04-28 19:06:18 | INFO | tara_parser | Добавлена номенклатура: client_row=2874 item_row=2877 item=Пеногаситель Пегас total=3
2026-04-28 19:06:18 | INFO | tara_parser | Найден клиент: row=2878 client=Шевченко Илья Алексеевич ИП - Ганиев ИП Новосибирский р-н, Верх-Тула с, Советская ул, дом № 49Б total=8
2026-04-28 19:06:18 | INFO | tara_parser | Добавлена номенклатура: client_row=2878 item_row=2879 item=Бочка 50л тип S total=5
2026-04-28 19:06:18 | INFO | tara_parser | Добавлена номенклатура: client_row=2878 item_row=2880 item=Замок тип S total=1
2026-04-28 19:06:18 | INFO | tara_parser | Добавлена номенклатура: client_row=2878 item_row=2881 item=Замок тип А total=1
2026-04-28 19:06:18 | INFO | tara_parser | Добавлена номенклатура: client_row=2878 item_row=2882 item=Пеногаситель Пегас Drive DUO total=1
2026-04-28 19:06:18 | INFO | tara_parser | Найден клиент: row=2883 client=Шилов Александр Владимирович ИП - Ганиев(Ордынское рп, Революции пр-кт, дом № 56) total=10
2026-04-28 19:06:18 | INFO | tara_parser | Добавлена номенклатура: client_row=2883 item_row=2884 item=Бочка 30л тип А Златый Базант/Три Медведя/Остмарк total=2
2026-04-28 19:06:18 | INFO | tara_parser | Добавлена номенклатура: client_row=2883 item_row=2885 item=Бочка 50л тип S total=4
2026-04-28 19:06:18 | INFO | tara_parser | Добавлена номенклатура: client_row=2883 item_row=2886 item=Замок тип S total=1
2026-04-28 19:06:18 | INFO | tara_parser | Добавлена номенклатура: client_row=2883 item_row=2887 item=Пеногаситель Пегас Evolution total=1
2026-04-28 19:06:18 | INFO | tara_parser | Добавлена номенклатура: client_row=2883 item_row=2888 item=Переключатель потоков total=1
2026-04-28 19:06:18 | INFO | tara_parser | Добавлена номенклатура: client_row=2883 item_row=2889 item=Редуктор Micro Matic total=1
2026-04-28 19:06:18 | INFO | tara_parser | Найден клиент: row=2890 client=Шкуратов Валерий Григорьевич ИП - Ганиев total=3
2026-04-28 19:06:18 | INFO | tara_parser | Добавлена номенклатура: client_row=2890 item_row=2891 item=Бочка 50л тип А Высокая total=3
2026-04-28 19:06:18 | INFO | tara_parser | Найден клиент: row=2892 client=Шлягин Юрий Васильевич ИП - Волчок total=13
2026-04-28 19:06:18 | INFO | tara_parser | Добавлена номенклатура: client_row=2892 item_row=2893 item=Замок тип S total=1
2026-04-28 19:06:18 | INFO | tara_parser | Добавлена номенклатура: client_row=2892 item_row=2894 item=Замок тип А total=7
2026-04-28 19:06:18 | INFO | tara_parser | Добавлена номенклатура: client_row=2892 item_row=2895 item=Пеногаситель WINTAP на 2 потока (метал) total=4
2026-04-28 19:06:18 | INFO | tara_parser | Добавлена номенклатура: client_row=2892 item_row=2896 item=Редуктор на 1 выход total=1
2026-04-28 19:06:18 | INFO | tara_parser | Найден клиент: row=2897 client=Шульга Алёна Александровна ИП - Волчок ( Одоевского ул, дом № 1/9) total=17
2026-04-28 19:06:18 | INFO | tara_parser | Добавлена номенклатура: client_row=2897 item_row=2898 item=Бочка 30л ПМ Эфес (DRAFT НЕРЖ RU) total=4
2026-04-28 19:06:18 | INFO | tara_parser | Пропуск служебной строки: row=2899 text=Реализация товаров и услуг Бе00-017595 от 28.04.2026 0:00:00
2026-04-28 19:06:18 | INFO | tara_parser | Добавлена номенклатура: client_row=2897 item_row=2900 item=Бочка 50л S RU total=6
2026-04-28 19:06:18 | INFO | tara_parser | Добавлена номенклатура: client_row=2897 item_row=2901 item=Бочка 50л тип S total=-2
2026-04-28 19:06:18 | INFO | tara_parser | Пропуск служебной строки: row=2902 text=Реализация товаров и услуг Бе00-017595 от 28.04.2026 0:00:00
2026-04-28 19:06:18 | INFO | tara_parser | Добавлена номенклатура: client_row=2897 item_row=2903 item=Замок тип D total=2
2026-04-28 19:06:18 | INFO | tara_parser | Добавлена номенклатура: client_row=2897 item_row=2904 item=Замок тип S total=2
2026-04-28 19:06:18 | INFO | tara_parser | Добавлена номенклатура: client_row=2897 item_row=2905 item=Пеногаситель Пегас Drive total=4
2026-04-28 19:06:18 | INFO | tara_parser | Добавлена номенклатура: client_row=2897 item_row=2906 item=Редуктор на 1 выход total=1
2026-04-28 19:06:18 | INFO | tara_parser | Найден клиент: row=2907 client=Шуткина О. Г. ИП - Щербатов (Волховская ул, дом № 33д) total=3
2026-04-28 19:06:18 | INFO | tara_parser | Добавлена номенклатура: client_row=2907 item_row=2908 item=Замок тип G total=1
2026-04-28 19:06:18 | INFO | tara_parser | Добавлена номенклатура: client_row=2907 item_row=2909 item=Замок тип А total=1
2026-04-28 19:06:18 | INFO | tara_parser | Добавлена номенклатура: client_row=2907 item_row=2910 item=Пеногаситель Пегас Drive DUO total=1
2026-04-28 19:06:18 | INFO | tara_parser | Найден клиент: row=2911 client=Шуткина О. Г. ИП - Щербатов (Воскресная ул, дом № 54б) total=1
2026-04-28 19:06:18 | INFO | tara_parser | Добавлена номенклатура: client_row=2911 item_row=2912 item=Замок тип S total=1
2026-04-28 19:06:18 | INFO | tara_parser | Найден клиент: row=2913 client=Щербакова Марина Викторовна ИП - Волчок (Бердск г, К.Маркса ул, дом № 21) total=2
2026-04-28 19:06:18 | INFO | tara_parser | Добавлена номенклатура: client_row=2913 item_row=2914 item=Замок тип S total=1
2026-04-28 19:06:18 | INFO | tara_parser | Добавлена номенклатура: client_row=2913 item_row=2915 item=Пеногаситель Пегас total=1
2026-04-28 19:06:18 | INFO | tara_parser | Найден клиент: row=2916 client=Щербинин Валерий Валерьевич ИП - Ганиев (ликвид) (Колыванск р-н, Соколово с, Молодежная,1/1 total=2
2026-04-28 19:06:18 | INFO | tara_parser | Добавлена номенклатура: client_row=2916 item_row=2917 item=Баллон 25 кг. (Углекислота) total=2
2026-04-28 19:06:18 | INFO | tara_parser | Добавлена номенклатура: client_row=2916 item_row=2918 item=Бочка 50л тип А total=2
2026-04-28 19:06:18 | INFO | tara_parser | Добавлена номенклатура: client_row=2916 item_row=2919 item=Бочка 50л тип А Высокая total=-2
2026-04-28 19:06:18 | INFO | tara_parser | Найден клиент: row=2920 client=Щербинина Ирина Владимировна ИП - Ганиев (в белую только ПЭТ) (Соколово с, Молодежная ул, дом № 1/1) total=2
2026-04-28 19:06:18 | INFO | tara_parser | Добавлена номенклатура: client_row=2920 item_row=2921 item=Бочка 50л тип А Высокая total=2
2026-04-28 19:06:18 | INFO | tara_parser | Найден клиент: row=2922 client=ЭКСПЕРТ ФАКТОР ООО - Воротников (Комсомольская ул, дом № 2/2) total=19
2026-04-28 19:06:18 | INFO | tara_parser | Добавлена номенклатура: client_row=2922 item_row=2923 item=Бочка 30л BLK total=1
2026-04-28 19:06:18 | INFO | tara_parser | Добавлена номенклатура: client_row=2922 item_row=2924 item=Бочка 50л тип S total=4
2026-04-28 19:06:18 | INFO | tara_parser | Добавлена номенклатура: client_row=2922 item_row=2925 item=Замок тип G total=1
2026-04-28 19:06:18 | INFO | tara_parser | Добавлена номенклатура: client_row=2922 item_row=2926 item=Замок тип S total=1
2026-04-28 19:06:18 | INFO | tara_parser | Добавлена номенклатура: client_row=2922 item_row=2927 item=Замок тип А total=7
2026-04-28 19:06:18 | INFO | tara_parser | Добавлена номенклатура: client_row=2922 item_row=2928 item=Пеногаситель WINTAP на 2 потока total=1
2026-04-28 19:06:18 | INFO | tara_parser | Добавлена номенклатура: client_row=2922 item_row=2929 item=Пеногаситель Пегас Drive DUO total=4
2026-04-28 19:06:18 | INFO | tara_parser | Найден клиент без явного итога: row=2930 client=ЭКСПРЕСС-3 ООО - Колягин (Рассветная ул, 12) КПП 541045003
2026-04-28 19:06:18 | INFO | tara_parser | Добавлена номенклатура: client_row=2930 item_row=2931 item=Бочка 50л тип S total=1
2026-04-28 19:06:18 | INFO | tara_parser | Добавлена номенклатура: client_row=2930 item_row=2932 item=Бочка 50л тип А total=-1
2026-04-28 19:06:18 | INFO | tara_parser | Найден клиент: row=2933 client=Юзько Татьяна Геннадьевна ИП - Колягин (Береговое тер. СНТ Центральная ул, дом № 1) total=2
2026-04-28 19:06:18 | INFO | tara_parser | Добавлена номенклатура: client_row=2933 item_row=2934 item=Замок тип S total=2
2026-04-28 19:06:18 | INFO | tara_parser | Найден клиент: row=2935 client=Юзько Татьяна Геннадьевна ИП - Колягин (Кольцово рп, Рассветная ул, дом № 3) total=1
2026-04-28 19:06:18 | INFO | tara_parser | Добавлена номенклатура: client_row=2935 item_row=2936 item=Замок тип S total=1
2026-04-28 19:06:18 | INFO | tara_parser | Найден клиент: row=2937 client=Якимук Олеся Викторовна ИП - Волчок (СНТ Раздолье ул. Центральная, дом № 148а) total=7
2026-04-28 19:06:18 | INFO | tara_parser | Добавлена номенклатура: client_row=2937 item_row=2938 item=Бочка 50л тип S total=1
2026-04-28 19:06:18 | INFO | tara_parser | Добавлена номенклатура: client_row=2937 item_row=2939 item=Бочка 50л тип А total=1
2026-04-28 19:06:18 | INFO | tara_parser | Добавлена номенклатура: client_row=2937 item_row=2940 item=Замок тип S total=2
2026-04-28 19:06:18 | INFO | tara_parser | Добавлена номенклатура: client_row=2937 item_row=2941 item=Замок тип А total=1
2026-04-28 19:06:18 | INFO | tara_parser | Добавлена номенклатура: client_row=2937 item_row=2942 item=Пеногаситель Пегас Drive total=2
2026-04-28 19:06:18 | INFO | tara_parser | Найден клиент: row=2943 client=Яковлева Екатерина Владимировна ИП - Щербатов (Оловозаводская ул, дом № 1/2) total=3
2026-04-28 19:06:18 | INFO | tara_parser | Добавлена номенклатура: client_row=2943 item_row=2944 item=Бочка 50л тип S total=2
2026-04-28 19:06:18 | INFO | tara_parser | Добавлена номенклатура: client_row=2943 item_row=2945 item=Замок тип S total=1
2026-04-28 19:06:18 | INFO | tara_parser | Найден клиент: row=2946 client=Якубовский В.В. ИП - (Бердск г, Гранитная ул, дом № 3) total=6
2026-04-28 19:06:18 | INFO | tara_parser | Добавлена номенклатура: client_row=2946 item_row=2947 item=Бочка 50л тип S total=4
2026-04-28 19:06:18 | INFO | tara_parser | Добавлена номенклатура: client_row=2946 item_row=2948 item=Замок тип S total=1
2026-04-28 19:06:18 | INFO | tara_parser | Добавлена номенклатура: client_row=2946 item_row=2949 item=Пеногаситель WINTAP на 1 поток total=1
2026-04-28 19:06:18 | INFO | tara_parser | Найден клиент: row=2950 client=Якубовский В.В. ИП - (Бердск г, М.Горького ул, дом № 4) total=5
2026-04-28 19:06:18 | INFO | tara_parser | Добавлена номенклатура: client_row=2950 item_row=2951 item=Бочка 30л ПМ Эфес (DRAFT НЕРЖ RU) total=1
2026-04-28 19:06:18 | INFO | tara_parser | Добавлена номенклатура: client_row=2950 item_row=2952 item=Замок тип D total=1
2026-04-28 19:06:18 | INFO | tara_parser | Добавлена номенклатура: client_row=2950 item_row=2953 item=Замок тип S total=1
2026-04-28 19:06:18 | INFO | tara_parser | Добавлена номенклатура: client_row=2950 item_row=2954 item=Пеногаситель WINTAP на 1 поток total=2
2026-04-28 19:06:18 | INFO | tara_parser | Найден клиент: row=2955 client=Якубовский Эдуард Викторович ИП - Волчок(Бердск г, Ключевая ул, дом № 60) total=12
2026-04-28 19:06:18 | INFO | tara_parser | Добавлена номенклатура: client_row=2955 item_row=2956 item=Бочка 50л S RU total=2
2026-04-28 19:06:18 | INFO | tara_parser | Добавлена номенклатура: client_row=2955 item_row=2957 item=Бочка 50л тип S total=6
2026-04-28 19:06:18 | INFO | tara_parser | Пропуск служебной строки: row=2958 text=Реализация товаров и услуг Бе00-017530 от 28.04.2026 0:00:00
2026-04-28 19:06:18 | INFO | tara_parser | Добавлена номенклатура: client_row=2955 item_row=2959 item=Замок тип S total=1
2026-04-28 19:06:18 | INFO | tara_parser | Добавлена номенклатура: client_row=2955 item_row=2960 item=Замок тип А total=1
2026-04-28 19:06:18 | INFO | tara_parser | Добавлена номенклатура: client_row=2955 item_row=2961 item=Пеногаситель Пегас Drive total=2
2026-04-28 19:06:18 | INFO | tara_parser | Найден клиент: row=2962 client=Ярковское сельское потребительское общество - Ганиев (Сенчанка с, Строителей ул, дом № 21) total=19
2026-04-28 19:06:18 | INFO | tara_parser | Добавлена номенклатура: client_row=2962 item_row=2963 item=Баллон 10 кг. (Углекислота) total=1
2026-04-28 19:06:18 | INFO | tara_parser | Добавлена номенклатура: client_row=2962 item_row=2964 item=Баллон 25 кг. (Углекислота) total=2
2026-04-28 19:06:18 | INFO | tara_parser | Добавлена номенклатура: client_row=2962 item_row=2965 item=Бочка 50л S RU total=47
2026-04-28 19:06:18 | INFO | tara_parser | Добавлена номенклатура: client_row=2962 item_row=2966 item=Бочка 50л тип S total=-44
2026-04-28 19:06:18 | INFO | tara_parser | Добавлена номенклатура: client_row=2962 item_row=2967 item=Бочка 50л тип А total=2
2026-04-28 19:06:18 | INFO | tara_parser | Добавлена номенклатура: client_row=2962 item_row=2968 item=Замок тип G total=1
2026-04-28 19:06:18 | INFO | tara_parser | Добавлена номенклатура: client_row=2962 item_row=2969 item=Замок тип S total=2
2026-04-28 19:06:18 | INFO | tara_parser | Добавлена номенклатура: client_row=2962 item_row=2970 item=Замок тип А total=2
2026-04-28 19:06:18 | INFO | tara_parser | Добавлена номенклатура: client_row=2962 item_row=2971 item=Охладитель Тайфун 90 на 4 пр. №48510 total=1
2026-04-28 19:06:18 | INFO | tara_parser | Добавлена номенклатура: client_row=2962 item_row=2972 item=Пеногаситель Пегас total=3
2026-04-28 19:06:18 | INFO | tara_parser | Добавлена номенклатура: client_row=2962 item_row=2973 item=Пеногаситель Пегас Evolution total=1
2026-04-28 19:06:18 | INFO | tara_parser | Добавлена номенклатура: client_row=2962 item_row=2974 item=Редуктор на 1 выход total=1
2026-04-28 19:06:18 | INFO | tara_parser | Найден клиент без явного итога: row=2975 client=Яценко Игорь Николаевич ИП - Щербатов (Ленинский п, Центральная ул, дом № 49а)
2026-04-28 19:06:18 | INFO | tara_parser | Добавлена номенклатура: client_row=2975 item_row=2976 item=Бочка 50л S RU total=4
2026-04-28 19:06:18 | INFO | tara_parser | Добавлена номенклатура: client_row=2975 item_row=2977 item=Бочка 50л тип S total=-4
2026-04-28 19:06:18 | INFO | tara_parser | Начинается проверка итогов по клиентам
2026-04-28 19:06:18 | WARNING | tara_parser | Несходится сумма: row=505 client=Быкова Елена Александровна ИП - Вороников total_raw=27 items_sum=28 diff=-1
2026-04-28 19:06:18 | WARNING | tara_parser | Несходится сумма: row=2105 client=Прокопьев Евгений Викторович ИП - Воротников (Демакова ул, дом № 11) total_raw=54 items_sum=58 diff=-4
2026-04-28 19:06:18 | INFO | tara_parser | Разбор завершен: clients=536 clients_without_total=16 bad_clients=2 errors=2 skipped_rows=107
2026-04-28 19:06:18 | INFO | tara_parser | Автообновление тары: успешно завершено
2026-04-28 19:06:18 | INFO | tara_parser | JSON сохранен: E:\Work\BeerMarkenBot\BeerMarketMiniAppBot v0.99.2\pythonProject\services\tara_service\tara_parsed.json
2026-04-28 19:06:18 | INFO | tara_parser | BAD сохранен: E:\Work\BeerMarkenBot\BeerMarketMiniAppBot v0.99.2\pythonProject\services\tara_service\tara_bad_clients.json
2026-04-28 19:06:18 | INFO | tara_parser | SKIPPED сохранен: E:\Work\BeerMarkenBot\BeerMarketMiniAppBot v0.99.2\pythonProject\services\tara_service\tara_skipped_rows.json
2026-04-28 19:06:18 | INFO | root | Синхронизация tara_parsed.json выполнена после загрузки файла тары.
2026-04-28 19:06:18 | INFO | tara_parser | Автообновление тары: старт, trigger=manual_api_run
2026-04-28 19:06:18 | INFO | tara_parser | Найден самый свежий отчет: E:\Work\BeerMarkenBot\BeerMarketMiniAppBot v0.99.2\pythonProject\downloads\Ведомость по переданной возвратной таре клиент - Прокопенко (XLS).xls
2026-04-28 19:06:18 | WARNING | tara_parser | Последний файл не изменился: Ведомость по переданной возвратной таре клиент - Прокопенко (XLS).xls
2026-04-28 19:06:18 | INFO | apscheduler.scheduler | Adding job tentatively -- it will be properly scheduled when the scheduler starts
2026-04-28 19:06:18 | WARNING | tara_parser | Новый файл не найден. Повторная попытка запланирована на 19-11-18 28-04-2026 Новосибирск UTC +07-00. Причина: Последний файл не изменился: Ведомость по переданной возвратной таре клиент - Прокопенко (XLS).xls
2026-04-28 19:06:18 | INFO | audit | {'ts': '2026-04-28T12:06:18Z', 't': 'cb', 'ok': True, 'ms': 2803, 'req': '3d657a8e', 'bot': 8304099970, 'uid': 237087423, 'user': 'Freep_o_0_rn', 'name': 'Freep_o_0_rn', 'role': 'admin', 'chat': 237087423, 'cb_id': '1018282730118987526', 'msg_id': 5122, 'data': 'upd:tara', 'state': None}
2026-04-28 19:06:18 | INFO | aiogram.event | Update id=104059220 is handled. Duration 2829 ms by bot id=8304099970
2026-04-28 19:06:23 | INFO | audit | {'ts': '2026-04-28T12:06:23Z', 't': 'msg', 'ok': True, 'ms': 125, 'req': '597bc126', 'bot': 8304099970, 'uid': 237087423, 'user': 'Freep_o_0_rn', 'name': 'Freep_o_0_rn', 'role': 'admin', 'chat': 237087423, 'chat_type': 'private', 'msg_id': 5124, 'kind': <ContentType.TEXT: 'text'>, 'text': '🔄 Обновить (19:06)', 'caption_len': 0, 'entities': 0, 'state': None}
2026-04-28 19:06:23 | INFO | aiogram.event | Update id=104059221 is handled. Duration 125 ms by bot id=8304099970
2026-04-28 19:06:24 | INFO | tara_parser | Автообновление тары: старт, trigger=manual_api_run
2026-04-28 19:06:24 | INFO | tara_parser | Найден самый свежий отчет: E:\Work\BeerMarkenBot\BeerMarketMiniAppBot v0.99.2\pythonProject\downloads\Ведомость по переданной возвратной таре клиент - Прокопенко (XLS).xls
2026-04-28 19:06:24 | WARNING | tara_parser | Последний файл не изменился: Ведомость по переданной возвратной таре клиент - Прокопенко (XLS).xls
2026-04-28 19:06:24 | INFO | apscheduler.scheduler | Adding job tentatively -- it will be properly scheduled when the scheduler starts
2026-04-28 19:06:24 | WARNING | tara_parser | Новый файл не найден. Повторная попытка запланирована на 19-11-24 28-04-2026 Новосибирск UTC +07-00. Причина: Последний файл не изменился: Ведомость по переданной возвратной таре клиент - Прокопенко (XLS).xls
2026-04-28 19:06:24 | INFO | audit | {'ts': '2026-04-28T12:06:24Z', 't': 'cb', 'ok': True, 'ms': 413, 'req': 'bfb973c3', 'bot': 8304099970, 'uid': 237087423, 'user': 'Freep_o_0_rn', 'name': 'Freep_o_0_rn', 'role': 'admin', 'chat': 237087423, 'cb_id': '1018282728872611574', 'msg_id': 5125, 'data': 'upd:tara:sync', 'state': None}
2026-04-28 19:06:24 | INFO | aiogram.event | Update id=104059222 is handled. Duration 421 ms by bot id=8304099970
2026-04-28 19:07:02 | INFO | audit | {'ts': '2026-04-28T12:07:02Z', 't': 'msg', 'ok': True, 'ms': 130, 'req': 'be0c898c', 'bot': 8304099970, 'uid': 237087423, 'user': 'Freep_o_0_rn', 'name': 'Freep_o_0_rn', 'role': 'admin', 'chat': 237087423, 'chat_type': 'private', 'msg_id': 5127, 'kind': <ContentType.TEXT: 'text'>, 'text': '🏢 Клиенты', 'caption_len': 0, 'entities': 0, 'state': None}
2026-04-28 19:07:02 | INFO | aiogram.event | Update id=104059223 is handled. Duration 139 ms by bot id=8304099970
2026-04-28 19:07:05 | INFO | root | Нашли заголовки детальной таблицы на строке: 21
2026-04-28 19:07:05 | WARNING | root | Несовпадение 'наш долг' у клиента 'Полончук Алёна Николаевна ИП Воротников (Игарская ул, дом № 42)': шапка=5400.00, по строкам=0.00
2026-04-28 19:07:05 | WARNING | root | Несовпадение 'наш долг' у клиента '_ГАРМОНИЯ ООО - Токарев (2-й Бронный пер, дом № 28/1)': шапка=552.18, по строкам=0.00
2026-04-28 19:07:05 | WARNING | root | Несовпадение 'наш долг' у клиента 'Есинский А. Е. ИП - Колягин (Озерный п, Солнечный мкр, дом № 333)': шапка=70.38, по строкам=3.00
2026-04-28 19:07:05 | WARNING | root | Несовпадение 'наш долг' у клиента 'Судилкина И.О. ИП - Токарев ГОЛОВНОЙ': шапка=0.04, по строкам=0.00
2026-04-28 19:07:05 | WARNING | root | Несовпадение 'наш долг' у клиента 'Беккер Н. М. ИП - Токарев (Петухова ул, дом № 91)': шапка=0.10, по строкам=0.00
2026-04-28 19:07:05 | WARNING | root | Несовпадение 'наш долг' у клиента 'Паруйрян Эдгар Мишаи ИП - Воротников (Дениса Давыдова ул, дом № 4) (У)': шапка=0.30, по строкам=0.00
2026-04-28 19:07:05 | WARNING | root | Несовпадение 'наш долг' у клиента 'Рузибоева Феруза Нуриллаевна ИП': шапка=0.64, по строкам=0.00
2026-04-28 19:07:05 | WARNING | root | Несовпадение 'наш долг' у клиента 'Зороян Захар Артурович ИП - Волчок(Бердск г, 2-я Заводская ул, дом № 11/2, корпус 1)': шапка=10.33, по строкам=0.00
2026-04-28 19:07:05 | WARNING | root | Несовпадение 'наш долг' у клиента 'Цыганкова Ирина Николаевна ИП - Колягин (Мочище дп, Обская ул, дом № 24) (У)': шапка=50.00, по строкам=0.00
2026-04-28 19:07:05 | WARNING | root | Несовпадение 'наш долг' у клиента 'Пронькина Марина Викторовна ИП - Колягин': шапка=60.00, по строкам=0.00
2026-04-28 19:07:05 | WARNING | root | Несовпадение 'наш долг' у клиента 'Балакшина О. А.  ИП - Токарев (Ленинское с, Школьная ул, дом № 3)': шапка=240.00, по строкам=0.00
2026-04-28 19:07:05 | WARNING | root | Несовпадение 'наш долг' у клиента 'Текутьев Николай Сергеевич ИП- Воротников (Шоссейная, 2)': шапка=676.00, по строкам=0.00
2026-04-28 19:07:05 | WARNING | root | Несовпадение 'наш долг' у клиента 'Маджента ООО - Воротников ГОЛОВНОЙ': шапка=761.80, по строкам=0.00
2026-04-28 19:07:05 | WARNING | root | Несовпадение 'наш долг' у клиента 'Петрова Вероника Сергеевна ИП - Воротников': шапка=2300.00, по строкам=0.00
2026-04-28 19:07:05 | WARNING | root | Несовпадение 'наш долг' у клиента 'Баранова Юлия Николаевна ИП - Воротников': шапка=2555.10, по строкам=0.00
2026-04-28 19:07:05 | WARNING | root | Несовпадение 'наш долг' у клиента 'Скороходова А. Р. ИП - Волчок (Бердск г, Морская ул, дом № 18/2)': шапка=2559.00, по строкам=0.00
2026-04-28 19:07:05 | WARNING | root | Несовпадение 'наш долг' у клиента 'Савина А.И. ИП - Воротников ГОЛОВНОЙ': шапка=2930.78, по строкам=0.00
2026-04-28 19:07:05 | WARNING | root | Несовпадение 'наш долг' у клиента 'Блинкова Анна Павловна  ИП - Воротников': шапка=8583.00, по строкам=0.00
2026-04-28 19:07:05 | WARNING | root | Несовпадение 'наш долг' у клиента 'Щербакова Марина Викторовна ИП - Волчок': шапка=10120.00, по строкам=0.00
2026-04-28 19:07:05 | WARNING | root | Несовпадение 'наш долг' у клиента 'Воронецкий Е. Ю. ИП - Колягин': шапка=11240.00, по строкам=0.00
2026-04-28 19:07:05 | WARNING | root | Несовпадение 'наш долг' у клиента 'ТФ Дубрава ООО - Волчок (Бердск г, Первомайская ул, дом № 7А, корпус 1)КПП544545001': шапка=14075.43, по строкам=13579.33
2026-04-28 19:07:05 | WARNING | root | Несовпадение 'наш долг' у клиента 'nan': шапка=163829.82, по строкам=0.00
2026-04-28 19:07:05 | INFO | root | Собрано клиентов: 371
2026-04-28 19:07:11 | INFO | audit | {'ts': '2026-04-28T12:07:11Z', 't': 'cb', 'ok': True, 'ms': 7021, 'req': '9bfa53cb', 'bot': 8304099970, 'uid': 237087423, 'user': 'Freep_o_0_rn', 'name': 'Freep_o_0_rn', 'role': 'admin', 'chat': 237087423, 'cb_id': '1018282730781316076', 'msg_id': 5128, 'data': 'cc:import:debt', 'state': None}
2026-04-28 19:07:11 | INFO | aiogram.event | Update id=104059224 is handled. Duration 7046 ms by bot id=8304099970
2026-04-28 19:07:26 | INFO | audit | {'ts': '2026-04-28T12:07:26Z', 't': 'cb', 'ok': True, 'ms': 402, 'req': 'a446d574', 'bot': 8304099970, 'uid': 237087423, 'user': 'Freep_o_0_rn', 'name': 'Freep_o_0_rn', 'role': 'admin', 'chat': 237087423, 'cb_id': '1018282728097016128', 'msg_id': 5131, 'data': 'cc:imq:list:0', 'state': None}
2026-04-28 19:07:26 | INFO | aiogram.event | Update id=104059225 is handled. Duration 609 ms by bot id=8304099970
2026-04-28 19:07:31 | INFO | audit | {'ts': '2026-04-28T12:07:31Z', 't': 'cb', 'ok': True, 'ms': 278, 'req': '625ec1ef', 'bot': 8304099970, 'uid': 237087423, 'user': 'Freep_o_0_rn', 'name': 'Freep_o_0_rn', 'role': 'admin', 'chat': 237087423, 'cb_id': '1018282732334968212', 'msg_id': 5131, 'data': 'cc:imq:list:1', 'state': None}
2026-04-28 19:07:31 | INFO | aiogram.event | Update id=104059226 is handled. Duration 297 ms by bot id=8304099970
2026-04-28 19:07:33 | INFO | audit | {'ts': '2026-04-28T12:07:33Z', 't': 'cb', 'ok': True, 'ms': 302, 'req': '7c7e91c1', 'bot': 8304099970, 'uid': 237087423, 'user': 'Freep_o_0_rn', 'name': 'Freep_o_0_rn', 'role': 'admin', 'chat': 237087423, 'cb_id': '1018282728423473881', 'msg_id': 5131, 'data': 'cc:imq:list:2', 'state': None}
2026-04-28 19:07:33 | INFO | aiogram.event | Update id=104059227 is handled. Duration 327 ms by bot id=8304099970
2026-04-28 19:07:35 | INFO | audit | {'ts': '2026-04-28T12:07:35Z', 't': 'cb', 'ok': True, 'ms': 248, 'req': '88c6d3f2', 'bot': 8304099970, 'uid': 237087423, 'user': 'Freep_o_0_rn', 'name': 'Freep_o_0_rn', 'role': 'admin', 'chat': 237087423, 'cb_id': '1018282728663133197', 'msg_id': 5131, 'data': 'cc:imq:list:3', 'state': None}
2026-04-28 19:07:35 | INFO | aiogram.event | Update id=104059228 is handled. Duration 264 ms by bot id=8304099970
2026-04-28 19:07:37 | INFO | audit | {'ts': '2026-04-28T12:07:37Z', 't': 'cb', 'ok': True, 'ms': 224, 'req': 'b90ea3f9', 'bot': 8304099970, 'uid': 237087423, 'user': 'Freep_o_0_rn', 'name': 'Freep_o_0_rn', 'role': 'admin', 'chat': 237087423, 'cb_id': '1018282732287399270', 'msg_id': 5131, 'data': 'cc:imq:list:4', 'state': None}
2026-04-28 19:07:37 | INFO | aiogram.event | Update id=104059229 is handled. Duration 234 ms by bot id=8304099970
2026-04-28 19:07:39 | INFO | audit | {'ts': '2026-04-28T12:07:39Z', 't': 'cb', 'ok': True, 'ms': 237, 'req': '83dc73ca', 'bot': 8304099970, 'uid': 237087423, 'user': 'Freep_o_0_rn', 'name': 'Freep_o_0_rn', 'role': 'admin', 'chat': 237087423, 'cb_id': '1018282730495380653', 'msg_id': 5131, 'data': 'cc:imq:list:5', 'state': None}
2026-04-28 19:07:39 | INFO | aiogram.event | Update id=104059230 is handled. Duration 250 ms by bot id=8304099970
2026-04-28 19:07:42 | INFO | audit | {'ts': '2026-04-28T12:07:42Z', 't': 'cb', 'ok': True, 'ms': 521, 'req': '2c70debe', 'bot': 8304099970, 'uid': 237087423, 'user': 'Freep_o_0_rn', 'name': 'Freep_o_0_rn', 'role': 'admin', 'chat': 237087423, 'cb_id': '1018282731397467041', 'msg_id': 5131, 'data': 'cc:imq:view:80a9d1d6-a9c3-4581-b778-1b6d68dfd349', 'state': None}
2026-04-28 19:07:42 | INFO | aiogram.event | Update id=104059231 is handled. Duration 844 ms by bot id=8304099970
2026-04-28 19:07:46 | INFO | audit | {'ts': '2026-04-28T12:07:46Z', 't': 'cb', 'ok': True, 'ms': 240, 'req': '3364f3cd', 'bot': 8304099970, 'uid': 237087423, 'user': 'Freep_o_0_rn', 'name': 'Freep_o_0_rn', 'role': 'admin', 'chat': 237087423, 'cb_id': '1018282728730426398', 'msg_id': 5131, 'data': 'cc:imq:sales:80a9d1d6-a9c3-4581-b778-1b6d68dfd349', 'state': 'ClientCardStates:waiting_import_queue_sales_rep'}
2026-04-28 19:07:46 | INFO | aiogram.event | Update id=104059232 is handled. Duration 468 ms by bot id=8304099970
2026-04-28 19:12:49 | INFO | aiogram.dispatcher | Polling stopped for bot @BeerMarket_testbot id=8304099970 - 'BeerMarket_test🍺'
2026-04-28 19:12:49 | INFO | aiogram.dispatcher | Polling stopped
2026-04-28 19:12:51 | INFO | telegram_bot | Mini App URL configured: https://app.freep0rndeveloper.website/?api_base=https://api.freep0rndeveloper.website/
2026-04-28 19:12:51 | INFO | __main__ | BOT_TOKEN валиден.
2026-04-28 19:12:52 | INFO | root | Нашли заголовки детальной таблицы на строке: 21
2026-04-28 19:12:52 | INFO | root | Скачан и валидирован файл дебиторки: downloads\Дебиторская задолженность по срокам долга - Прокопенко (XLS).xls
2026-04-28 19:12:52 | INFO | __main__ | Файл получен: downloads\Дебиторская задолженность по срокам долга - Прокопенко (XLS).xls
2026-04-28 19:12:54 | INFO | root | Нашли заголовки детальной таблицы на строке: 21
2026-04-28 19:12:54 | WARNING | root | Несовпадение 'наш долг' у клиента 'Полончук Алёна Николаевна ИП Воротников (Игарская ул, дом № 42)': шапка=5400.00, по строкам=0.00
2026-04-28 19:12:54 | WARNING | root | Несовпадение 'наш долг' у клиента '_ГАРМОНИЯ ООО - Токарев (2-й Бронный пер, дом № 28/1)': шапка=552.18, по строкам=0.00
2026-04-28 19:12:54 | WARNING | root | Несовпадение 'наш долг' у клиента 'Есинский А. Е. ИП - Колягин (Озерный п, Солнечный мкр, дом № 333)': шапка=70.38, по строкам=3.00
2026-04-28 19:12:54 | WARNING | root | Несовпадение 'наш долг' у клиента 'Судилкина И.О. ИП - Токарев ГОЛОВНОЙ': шапка=0.04, по строкам=0.00
2026-04-28 19:12:54 | WARNING | root | Несовпадение 'наш долг' у клиента 'Беккер Н. М. ИП - Токарев (Петухова ул, дом № 91)': шапка=0.10, по строкам=0.00
2026-04-28 19:12:54 | WARNING | root | Несовпадение 'наш долг' у клиента 'Паруйрян Эдгар Мишаи ИП - Воротников (Дениса Давыдова ул, дом № 4) (У)': шапка=0.30, по строкам=0.00
2026-04-28 19:12:54 | WARNING | root | Несовпадение 'наш долг' у клиента 'Рузибоева Феруза Нуриллаевна ИП': шапка=0.64, по строкам=0.00
2026-04-28 19:12:54 | WARNING | root | Несовпадение 'наш долг' у клиента 'Зороян Захар Артурович ИП - Волчок(Бердск г, 2-я Заводская ул, дом № 11/2, корпус 1)': шапка=10.33, по строкам=0.00
2026-04-28 19:12:54 | WARNING | root | Несовпадение 'наш долг' у клиента 'Цыганкова Ирина Николаевна ИП - Колягин (Мочище дп, Обская ул, дом № 24) (У)': шапка=50.00, по строкам=0.00
2026-04-28 19:12:54 | WARNING | root | Несовпадение 'наш долг' у клиента 'Пронькина Марина Викторовна ИП - Колягин': шапка=60.00, по строкам=0.00
2026-04-28 19:12:54 | WARNING | root | Несовпадение 'наш долг' у клиента 'Балакшина О. А.  ИП - Токарев (Ленинское с, Школьная ул, дом № 3)': шапка=240.00, по строкам=0.00
2026-04-28 19:12:54 | WARNING | root | Несовпадение 'наш долг' у клиента 'Текутьев Николай Сергеевич ИП- Воротников (Шоссейная, 2)': шапка=676.00, по строкам=0.00
2026-04-28 19:12:54 | WARNING | root | Несовпадение 'наш долг' у клиента 'Маджента ООО - Воротников ГОЛОВНОЙ': шапка=761.80, по строкам=0.00
2026-04-28 19:12:54 | WARNING | root | Несовпадение 'наш долг' у клиента 'Петрова Вероника Сергеевна ИП - Воротников': шапка=2300.00, по строкам=0.00
2026-04-28 19:12:54 | WARNING | root | Несовпадение 'наш долг' у клиента 'Баранова Юлия Николаевна ИП - Воротников': шапка=2555.10, по строкам=0.00
2026-04-28 19:12:54 | WARNING | root | Несовпадение 'наш долг' у клиента 'Скороходова А. Р. ИП - Волчок (Бердск г, Морская ул, дом № 18/2)': шапка=2559.00, по строкам=0.00
2026-04-28 19:12:54 | WARNING | root | Несовпадение 'наш долг' у клиента 'Савина А.И. ИП - Воротников ГОЛОВНОЙ': шапка=2930.78, по строкам=0.00
2026-04-28 19:12:54 | WARNING | root | Несовпадение 'наш долг' у клиента 'Блинкова Анна Павловна  ИП - Воротников': шапка=8583.00, по строкам=0.00
2026-04-28 19:12:54 | WARNING | root | Несовпадение 'наш долг' у клиента 'Щербакова Марина Викторовна ИП - Волчок': шапка=10120.00, по строкам=0.00
2026-04-28 19:12:54 | WARNING | root | Несовпадение 'наш долг' у клиента 'Воронецкий Е. Ю. ИП - Колягин': шапка=11240.00, по строкам=0.00
2026-04-28 19:12:54 | WARNING | root | Несовпадение 'наш долг' у клиента 'ТФ Дубрава ООО - Волчок (Бердск г, Первомайская ул, дом № 7А, корпус 1)КПП544545001': шапка=14075.43, по строкам=13579.33
2026-04-28 19:12:54 | WARNING | root | Несовпадение 'наш долг' у клиента 'nan': шапка=163829.82, по строкам=0.00
2026-04-28 19:12:54 | INFO | root | Собрано клиентов: 371
2026-04-28 19:12:54 | INFO | __main__ | Отчёт на 28.04.2026 | клиентов: 371
2026-04-28 19:12:54 | INFO | __main__ | 01. nan | сум: 12097669.02 | проср: 11039689.72 | наш долг: 163829.82 | доков: 0
2026-04-28 19:12:54 | INFO | __main__ | 02. ГЕРАНИОЛ ООО - Воротников (НСТ СТроитель, д 3/1а) | сум: 325361.78 | проср: 325361.78 | наш долг: 0.00 | доков: 2
2026-04-28 19:12:54 | INFO | __main__ | 03. ГЕРАНИОЛ ООО - Воротников (Березовая ул, дом № 13) | сум: 301250.16 | проср: 301250.16 | наш долг: 0.00 | доков: 2
2026-04-28 19:12:54 | INFO | __main__ | 04. ГЕРАНИОЛ ООО - Воротников (Березовая ул, дом № 7а) | сум: 300624.40 | проср: 300624.40 | наш долг: 0.00 | доков: 1
2026-04-28 19:12:54 | INFO | __main__ | 05. ГЕРАНИОЛ ООО - Воротников (Журналист тер. СНТ, Межозерная ул, дом № 34) | сум: 292233.96 | проср: 292233.96 | наш долг: 0.00 | доков: 4
2026-04-28 19:12:54 | INFO | __main__ | 06. ГЕРАНИОЛ ООО - Воротников (Благое мкр Солнечная ул, дом № 3) | сум: 278168.76 | проср: 278168.76 | наш долг: 0.00 | доков: 2
2026-04-28 19:12:54 | INFO | __main__ | 07. ГЕРАНИОЛ ООО - Воротников (Дачная ул, дом № 31, корпус 1) | сум: 269669.11 | проср: 269669.11 | наш долг: 0.00 | доков: 2
2026-04-28 19:12:54 | INFO | __main__ | 08. Прокопьев Евгений Викторович ИП - Воротников (Демакова ул, дом № 11) | сум: 266719.50 | проср: 233188.50 | наш долг: 0.00 | доков: 6
2026-04-28 19:12:54 | INFO | __main__ | 09. ГЕРАНИОЛ ООО - Воротников (Римского-Корсакова ул, дом № 28) | сум: 263676.28 | проср: 263676.28 | наш долг: 0.00 | доков: 4
2026-04-28 19:12:54 | INFO | __main__ | 10. ГЕРАНИОЛ ООО - Воротников (Тульская ул, дом № 80) | сум: 250703.58 | проср: 250703.58 | наш долг: 0.00 | доков: 1
2026-04-28 19:12:54 | INFO | aiogram.dispatcher | Start polling
2026-04-28 19:12:54 | INFO | telegram_bot | Daily fetch: next run in 55085 sec (now 2026-04-28 19:12:54, tz Asia/Novosibirsk)
2026-04-28 19:12:54 | INFO | aiogram.dispatcher | Run polling for bot @BeerMarket_testbot id=8304099970 - 'BeerMarket_test🍺'
2026-04-28 19:13:02 | INFO | audit | {'ts': '2026-04-28T12:13:02Z', 't': 'cb', 'ok': True, 'ms': 408, 'req': '1d72aecb', 'bot': 8304099970, 'uid': 237087423, 'user': 'Freep_o_0_rn', 'name': 'Freep_o_0_rn', 'role': 'admin', 'chat': 237087423, 'cb_id': '1018282730333577322', 'msg_id': 5132, 'data': 'cc:imq:view:80a9d1d6-a9c3-4581-b778-1b6d68dfd349', 'state': None}
2026-04-28 19:13:02 | INFO | aiogram.event | Update id=104059233 is handled. Duration 422 ms by bot id=8304099970
2026-04-28 19:13:05 | INFO | audit | {'ts': '2026-04-28T12:13:05Z', 't': 'cb', 'ok': True, 'ms': 287, 'req': '733a1b88', 'bot': 8304099970, 'uid': 237087423, 'user': 'Freep_o_0_rn', 'name': 'Freep_o_0_rn', 'role': 'admin', 'chat': 237087423, 'cb_id': '1018282730641778382', 'msg_id': 5132, 'data': 'cc:imq:sales:80a9d1d6-a9c3-4581-b778-1b6d68dfd349', 'state': 'ClientCardStates:waiting_import_queue_sales_rep'}
2026-04-28 19:13:05 | INFO | aiogram.event | Update id=104059234 is handled. Duration 296 ms by bot id=8304099970
2026-04-28 19:13:08 | INFO | audit | {'ts': '2026-04-28T12:13:08Z', 't': 'cb', 'ok': True, 'ms': 515, 'req': 'e72a6e23', 'bot': 8304099970, 'uid': 237087423, 'user': 'Freep_o_0_rn', 'name': 'Freep_o_0_rn', 'role': 'admin', 'chat': 237087423, 'cb_id': '1018282731543646073', 'msg_id': 5133, 'data': 'cc:imq:salespick:80a9d1d6-a9c3-4581-b778-1b6d68dfd349:322502810', 'state': None}
2026-04-28 19:13:08 | INFO | aiogram.event | Update id=104059235 is handled. Duration 516 ms by bot id=8304099970
2026-04-28 19:13:15 | INFO | audit | {'ts': '2026-04-28T12:13:15Z', 't': 'cb', 'ok': True, 'ms': 240, 'req': 'ee8143ac', 'bot': 8304099970, 'uid': 237087423, 'user': 'Freep_o_0_rn', 'name': 'Freep_o_0_rn', 'role': 'admin', 'chat': 237087423, 'cb_id': '1018282730454135290', 'msg_id': 5133, 'data': 'cc:imq:create:80a9d1d6-a9c3-4581-b778-1b6d68dfd349', 'state': None}
2026-04-28 19:13:15 | INFO | aiogram.event | Update id=104059236 is handled. Duration 250 ms by bot id=8304099970
2026-04-28 19:13:26 | INFO | audit | {'ts': '2026-04-28T12:13:26Z', 't': 'msg', 'ok': True, 'ms': 115, 'req': '4f5b05ec', 'bot': 8304099970, 'uid': 237087423, 'user': 'Freep_o_0_rn', 'name': 'Freep_o_0_rn', 'role': 'admin', 'chat': 237087423, 'chat_type': 'private', 'msg_id': 5135, 'kind': <ContentType.TEXT: 'text'>, 'text': '👥 Пользователи', 'caption_len': 0, 'entities': 0, 'state': None}
2026-04-28 19:13:26 | INFO | aiogram.event | Update id=104059237 is handled. Duration 125 ms by bot id=8304099970
2026-04-28 19:13:34 | INFO | audit | {'ts': '2026-04-28T12:13:34Z', 't': 'cb', 'ok': True, 'ms': 270, 'req': '8006d31d', 'bot': 8304099970, 'uid': 237087423, 'user': 'Freep_o_0_rn', 'name': 'Freep_o_0_rn', 'role': 'admin', 'chat': 237087423, 'cb_id': '1018282728529945247', 'msg_id': 5136, 'data': 'usr:sel:1188061961:0', 'state': None}
2026-04-28 19:13:34 | INFO | aiogram.event | Update id=104059238 is handled. Duration 280 ms by bot id=8304099970
2026-04-28 19:13:37 | INFO | audit | {'ts': '2026-04-28T12:13:37Z', 't': 'cb', 'ok': True, 'ms': 217, 'req': '456a9b35', 'bot': 8304099970, 'uid': 237087423, 'user': 'Freep_o_0_rn', 'name': 'Freep_o_0_rn', 'role': 'admin', 'chat': 237087423, 'cb_id': '1018282728229471451', 'msg_id': 5136, 'data': 'usr:editname:1188061961', 'state': 'AdminUserEditStates:waiting_name'}
2026-04-28 19:13:37 | INFO | aiogram.event | Update id=104059239 is handled. Duration 234 ms by bot id=8304099970
2026-04-28 19:13:41 | INFO | audit | {'ts': '2026-04-28T12:13:41Z', 't': 'msg', 'ok': True, 'ms': 143, 'req': 'f429b335', 'bot': 8304099970, 'uid': 237087423, 'user': 'Freep_o_0_rn', 'name': 'Freep_o_0_rn', 'role': 'admin', 'chat': 237087423, 'chat_type': 'private', 'msg_id': 5138, 'kind': <ContentType.TEXT: 'text'>, 'text': 'Волчок', 'caption_len': 0, 'entities': 0, 'state': None}
2026-04-28 19:13:41 | INFO | aiogram.event | Update id=104059240 is handled. Duration 155 ms by bot id=8304099970
2026-04-28 19:13:44 | INFO | audit | {'ts': '2026-04-28T12:13:44Z', 't': 'cb', 'ok': True, 'ms': 386, 'req': '2f3921af', 'bot': 8304099970, 'uid': 237087423, 'user': 'Freep_o_0_rn', 'name': 'Freep_o_0_rn', 'role': 'admin', 'chat': 237087423, 'cb_id': '1018282731892957447', 'msg_id': 5136, 'data': 'usr:perms:1188061961:0', 'state': None}
2026-04-28 19:13:44 | INFO | aiogram.event | Update id=104059241 is handled. Duration 405 ms by bot id=8304099970
2026-04-28 19:13:46 | ERROR | telegram_bot | menu-refresh: failed to clear state for user=1188061961
Traceback (most recent call last):
  File "E:\Work\BeerMarkenBot\BeerMarketMiniAppBot v0.99.2\pythonProject\telegram_bot.py", line 5457, in push_user_menu_refresh
    fsm_ctx = await dp.fsm.get_context(bot=bot, chat_id=numeric_uid, user_id=numeric_uid)
TypeError: object FSMContext can't be used in 'await' expression
2026-04-28 19:13:47 | INFO | audit | {'ts': '2026-04-28T12:13:47Z', 't': 'cb', 'ok': True, 'ms': 505, 'req': 'ee364227', 'bot': 8304099970, 'uid': 237087423, 'user': 'Freep_o_0_rn', 'name': 'Freep_o_0_rn', 'role': 'admin', 'chat': 237087423, 'cb_id': '1018282731496924529', 'msg_id': 5136, 'data': 'usr:setrole:1188061961:sales_rep', 'state': None}
2026-04-28 19:13:47 | INFO | aiogram.event | Update id=104059242 is handled. Duration 515 ms by bot id=8304099970
2026-04-28 19:13:51 | INFO | aiogram.event | Update id=104059243 is handled. Duration 110 ms by bot id=8304099970
2026-04-28 19:13:54 | INFO | audit | {'ts': '2026-04-28T12:13:54Z', 't': 'msg', 'ok': True, 'ms': 265, 'req': '213fa4ad', 'bot': 8304099970, 'uid': 1188061961, 'user': 'Re1ze_r', 'name': 'Vadim BeerMarket', 'role': 'sales_rep', 'chat': 1188061961, 'chat_type': 'private', 'msg_id': 5144, 'kind': <ContentType.CONTACT: 'contact'>, 'text': '', 'caption_len': 0, 'entities': 0, 'state': None}
2026-04-28 19:13:54 | INFO | aiogram.event | Update id=104059244 is handled. Duration 265 ms by bot id=8304099970
2026-04-28 19:13:59 | INFO | audit | {'ts': '2026-04-28T12:13:59Z', 't': 'msg', 'ok': True, 'ms': 108, 'req': '9a699aad', 'bot': 8304099970, 'uid': 1188061961, 'user': 'Re1ze_r', 'name': 'Vadim BeerMarket', 'role': 'sales_rep', 'chat': 1188061961, 'chat_type': 'private', 'msg_id': 5147, 'kind': <ContentType.TEXT: 'text'>, 'text': '🔎 Поиск', 'caption_len': 0, 'entities': 0, 'state': 'SearchStates:waiting_query'}
2026-04-28 19:13:59 | INFO | aiogram.event | Update id=104059245 is handled. Duration 109 ms by bot id=8304099970
2026-04-28 19:14:05 | INFO | root | Нашли заголовки детальной таблицы на строке: 21
2026-04-28 19:14:05 | WARNING | root | Несовпадение 'наш долг' у клиента 'Полончук Алёна Николаевна ИП Воротников (Игарская ул, дом № 42)': шапка=5400.00, по строкам=0.00
2026-04-28 19:14:05 | WARNING | root | Несовпадение 'наш долг' у клиента '_ГАРМОНИЯ ООО - Токарев (2-й Бронный пер, дом № 28/1)': шапка=552.18, по строкам=0.00
2026-04-28 19:14:05 | WARNING | root | Несовпадение 'наш долг' у клиента 'Есинский А. Е. ИП - Колягин (Озерный п, Солнечный мкр, дом № 333)': шапка=70.38, по строкам=3.00
2026-04-28 19:14:05 | WARNING | root | Несовпадение 'наш долг' у клиента 'Судилкина И.О. ИП - Токарев ГОЛОВНОЙ': шапка=0.04, по строкам=0.00
2026-04-28 19:14:05 | WARNING | root | Несовпадение 'наш долг' у клиента 'Беккер Н. М. ИП - Токарев (Петухова ул, дом № 91)': шапка=0.10, по строкам=0.00
2026-04-28 19:14:05 | WARNING | root | Несовпадение 'наш долг' у клиента 'Паруйрян Эдгар Мишаи ИП - Воротников (Дениса Давыдова ул, дом № 4) (У)': шапка=0.30, по строкам=0.00
2026-04-28 19:14:05 | WARNING | root | Несовпадение 'наш долг' у клиента 'Рузибоева Феруза Нуриллаевна ИП': шапка=0.64, по строкам=0.00
2026-04-28 19:14:05 | WARNING | root | Несовпадение 'наш долг' у клиента 'Зороян Захар Артурович ИП - Волчок(Бердск г, 2-я Заводская ул, дом № 11/2, корпус 1)': шапка=10.33, по строкам=0.00
2026-04-28 19:14:05 | WARNING | root | Несовпадение 'наш долг' у клиента 'Цыганкова Ирина Николаевна ИП - Колягин (Мочище дп, Обская ул, дом № 24) (У)': шапка=50.00, по строкам=0.00
2026-04-28 19:14:05 | WARNING | root | Несовпадение 'наш долг' у клиента 'Пронькина Марина Викторовна ИП - Колягин': шапка=60.00, по строкам=0.00
2026-04-28 19:14:05 | WARNING | root | Несовпадение 'наш долг' у клиента 'Балакшина О. А.  ИП - Токарев (Ленинское с, Школьная ул, дом № 3)': шапка=240.00, по строкам=0.00
2026-04-28 19:14:05 | WARNING | root | Несовпадение 'наш долг' у клиента 'Текутьев Николай Сергеевич ИП- Воротников (Шоссейная, 2)': шапка=676.00, по строкам=0.00
2026-04-28 19:14:05 | WARNING | root | Несовпадение 'наш долг' у клиента 'Маджента ООО - Воротников ГОЛОВНОЙ': шапка=761.80, по строкам=0.00
2026-04-28 19:14:05 | WARNING | root | Несовпадение 'наш долг' у клиента 'Петрова Вероника Сергеевна ИП - Воротников': шапка=2300.00, по строкам=0.00
2026-04-28 19:14:05 | WARNING | root | Несовпадение 'наш долг' у клиента 'Баранова Юлия Николаевна ИП - Воротников': шапка=2555.10, по строкам=0.00
2026-04-28 19:14:05 | WARNING | root | Несовпадение 'наш долг' у клиента 'Скороходова А. Р. ИП - Волчок (Бердск г, Морская ул, дом № 18/2)': шапка=2559.00, по строкам=0.00
2026-04-28 19:14:05 | WARNING | root | Несовпадение 'наш долг' у клиента 'Савина А.И. ИП - Воротников ГОЛОВНОЙ': шапка=2930.78, по строкам=0.00
2026-04-28 19:14:05 | WARNING | root | Несовпадение 'наш долг' у клиента 'Блинкова Анна Павловна  ИП - Воротников': шапка=8583.00, по строкам=0.00
2026-04-28 19:14:05 | WARNING | root | Несовпадение 'наш долг' у клиента 'Щербакова Марина Викторовна ИП - Волчок': шапка=10120.00, по строкам=0.00
2026-04-28 19:14:05 | WARNING | root | Несовпадение 'наш долг' у клиента 'Воронецкий Е. Ю. ИП - Колягин': шапка=11240.00, по строкам=0.00
2026-04-28 19:14:05 | WARNING | root | Несовпадение 'наш долг' у клиента 'ТФ Дубрава ООО - Волчок (Бердск г, Первомайская ул, дом № 7А, корпус 1)КПП544545001': шапка=14075.43, по строкам=13579.33
2026-04-28 19:14:05 | WARNING | root | Несовпадение 'наш долг' у клиента 'nan': шапка=163829.82, по строкам=0.00
2026-04-28 19:14:05 | INFO | root | Собрано клиентов: 371
2026-04-28 19:14:05 | INFO | audit | {'ts': '2026-04-28T12:14:05Z', 't': 'msg', 'ok': True, 'ms': 1703, 'req': '9b05bd5a', 'bot': 8304099970, 'uid': 1188061961, 'user': 'Re1ze_r', 'name': 'Vadim BeerMarket', 'role': 'sales_rep', 'chat': 1188061961, 'chat_type': 'private', 'msg_id': 5149, 'kind': <ContentType.TEXT: 'text'>, 'text': 'Никитина', 'caption_len': 0, 'entities': 0, 'state': None}
2026-04-28 19:14:05 | INFO | aiogram.event | Update id=104059246 is handled. Duration 1703 ms by bot id=8304099970
2026-04-28 19:14:38 | INFO | telegram_bot | filters: entry by 1188061961 (Re1ze_r)
2026-04-28 19:14:38 | INFO | audit | {'ts': '2026-04-28T12:14:38Z', 't': 'msg', 'ok': True, 'ms': 112, 'req': '09c200ef', 'bot': 8304099970, 'uid': 1188061961, 'user': 'Re1ze_r', 'name': 'Vadim BeerMarket', 'role': 'sales_rep', 'chat': 1188061961, 'chat_type': 'private', 'msg_id': 5152, 'kind': <ContentType.TEXT: 'text'>, 'text': '🎛️ Фильтры', 'caption_len': 0, 'entities': 0, 'state': None}
2026-04-28 19:14:38 | INFO | aiogram.event | Update id=104059247 is handled. Duration 125 ms by bot id=8304099970
2026-04-28 19:14:46 | INFO | audit | {'ts': '2026-04-28T12:14:46Z', 't': 'msg', 'ok': True, 'ms': 128, 'req': 'b653a01e', 'bot': 8304099970, 'uid': 237087423, 'user': 'Freep_o_0_rn', 'name': 'Freep_o_0_rn', 'role': 'admin', 'chat': 237087423, 'chat_type': 'private', 'msg_id': 5154, 'kind': <ContentType.TEXT: 'text'>, 'text': '🏢 Клиенты', 'caption_len': 0, 'entities': 0, 'state': None}
2026-04-28 19:14:46 | INFO | aiogram.event | Update id=104059248 is handled. Duration 141 ms by bot id=8304099970
2026-04-28 19:14:48 | INFO | audit | {'ts': '2026-04-28T12:14:48Z', 't': 'cb', 'ok': True, 'ms': 214, 'req': '967a696e', 'bot': 8304099970, 'uid': 237087423, 'user': 'Freep_o_0_rn', 'name': 'Freep_o_0_rn', 'role': 'admin', 'chat': 237087423, 'cb_id': '1018282729315089816', 'msg_id': 5155, 'data': 'cc:search', 'state': 'ClientCardStates:waiting_search_query'}
2026-04-28 19:14:48 | INFO | aiogram.event | Update id=104059249 is handled. Duration 219 ms by bot id=8304099970
2026-04-28 19:14:52 | INFO | audit | {'ts': '2026-04-28T12:14:52Z', 't': 'msg', 'ok': True, 'ms': 128, 'req': 'ceb1474b', 'bot': 8304099970, 'uid': 237087423, 'user': 'Freep_o_0_rn', 'name': 'Freep_o_0_rn', 'role': 'admin', 'chat': 237087423, 'chat_type': 'private', 'msg_id': 5157, 'kind': <ContentType.TEXT: 'text'>, 'text': 'Никитина', 'caption_len': 0, 'entities': 0, 'state': None}
2026-04-28 19:14:52 | INFO | aiogram.event | Update id=104059250 is handled. Duration 125 ms by bot id=8304099970
2026-04-28 19:14:54 | INFO | audit | {'ts': '2026-04-28T12:14:54Z', 't': 'cb', 'ok': True, 'ms': 216, 'req': '56f8c2eb', 'bot': 8304099970, 'uid': 237087423, 'user': 'Freep_o_0_rn', 'name': 'Freep_o_0_rn', 'role': 'admin', 'chat': 237087423, 'cb_id': '1018282731464654210', 'msg_id': 5158, 'data': 'cc:view:9c1bffe5-253b-483d-a3c5-49ca124f6253', 'state': None}
2026-04-28 19:14:54 | INFO | aiogram.event | Update id=104059251 is handled. Duration 234 ms by bot id=8304099970
2026-04-28 19:14:58 | INFO | audit | {'ts': '2026-04-28T12:14:58Z', 't': 'cb', 'ok': True, 'ms': 206, 'req': '073a4763', 'bot': 8304099970, 'uid': 237087423, 'user': 'Freep_o_0_rn', 'name': 'Freep_o_0_rn', 'role': 'admin', 'chat': 237087423, 'cb_id': '1018282728753844659', 'msg_id': 5158, 'data': 'cc:edit:9c1bffe5-253b-483d-a3c5-49ca124f6253', 'state': None}
2026-04-28 19:14:58 | INFO | aiogram.event | Update id=104059252 is handled. Duration 203 ms by bot id=8304099970
2026-04-28 19:15:00 | INFO | audit | {'ts': '2026-04-28T12:15:00Z', 't': 'cb', 'ok': True, 'ms': 218, 'req': '09a4ba0e', 'bot': 8304099970, 'uid': 237087423, 'user': 'Freep_o_0_rn', 'name': 'Freep_o_0_rn', 'role': 'admin', 'chat': 237087423, 'cb_id': '1018282731870719823', 'msg_id': 5159, 'data': 'cc:editsales:9c1bffe5-253b-483d-a3c5-49ca124f6253', 'state': None}
2026-04-28 19:15:00 | INFO | aiogram.event | Update id=104059253 is handled. Duration 218 ms by bot id=8304099970
2026-04-28 19:15:08 | INFO | audit | {'ts': '2026-04-28T12:15:08Z', 't': 'cb', 'ok': True, 'ms': 345, 'req': '4f92dc6c', 'bot': 8304099970, 'uid': 237087423, 'user': 'Freep_o_0_rn', 'name': 'Freep_o_0_rn', 'role': 'admin', 'chat': 237087423, 'cb_id': '1018282728491573832', 'msg_id': 5160, 'data': 'cc:editsalespick:9c1bffe5-253b-483d-a3c5-49ca124f6253:322502810', 'state': None}
2026-04-28 19:15:08 | INFO | aiogram.event | Update id=104059254 is handled. Duration 360 ms by bot id=8304099970
2026-04-28 19:15:19 | INFO | audit | {'ts': '2026-04-28T12:15:19Z', 't': 'msg', 'ok': True, 'ms': 135, 'req': '1f72a559', 'bot': 8304099970, 'uid': 1188061961, 'user': 'Re1ze_r', 'name': 'Vadim BeerMarket', 'role': 'sales_rep', 'chat': 1188061961, 'chat_type': 'private', 'msg_id': 5163, 'kind': <ContentType.TEXT: 'text'>, 'text': '🔎 Поиск', 'caption_len': 0, 'entities': 0, 'state': 'SearchStates:waiting_query'}
2026-04-28 19:15:19 | INFO | aiogram.event | Update id=104059255 is handled. Duration 139 ms by bot id=8304099970
2026-04-28 19:15:24 | INFO | root | Нашли заголовки детальной таблицы на строке: 21
2026-04-28 19:15:24 | WARNING | root | Несовпадение 'наш долг' у клиента 'Полончук Алёна Николаевна ИП Воротников (Игарская ул, дом № 42)': шапка=5400.00, по строкам=0.00
2026-04-28 19:15:24 | WARNING | root | Несовпадение 'наш долг' у клиента '_ГАРМОНИЯ ООО - Токарев (2-й Бронный пер, дом № 28/1)': шапка=552.18, по строкам=0.00
2026-04-28 19:15:24 | WARNING | root | Несовпадение 'наш долг' у клиента 'Есинский А. Е. ИП - Колягин (Озерный п, Солнечный мкр, дом № 333)': шапка=70.38, по строкам=3.00
2026-04-28 19:15:24 | WARNING | root | Несовпадение 'наш долг' у клиента 'Судилкина И.О. ИП - Токарев ГОЛОВНОЙ': шапка=0.04, по строкам=0.00
2026-04-28 19:15:24 | WARNING | root | Несовпадение 'наш долг' у клиента 'Беккер Н. М. ИП - Токарев (Петухова ул, дом № 91)': шапка=0.10, по строкам=0.00
2026-04-28 19:15:24 | WARNING | root | Несовпадение 'наш долг' у клиента 'Паруйрян Эдгар Мишаи ИП - Воротников (Дениса Давыдова ул, дом № 4) (У)': шапка=0.30, по строкам=0.00
2026-04-28 19:15:24 | WARNING | root | Несовпадение 'наш долг' у клиента 'Рузибоева Феруза Нуриллаевна ИП': шапка=0.64, по строкам=0.00
2026-04-28 19:15:24 | WARNING | root | Несовпадение 'наш долг' у клиента 'Зороян Захар Артурович ИП - Волчок(Бердск г, 2-я Заводская ул, дом № 11/2, корпус 1)': шапка=10.33, по строкам=0.00
2026-04-28 19:15:24 | WARNING | root | Несовпадение 'наш долг' у клиента 'Цыганкова Ирина Николаевна ИП - Колягин (Мочище дп, Обская ул, дом № 24) (У)': шапка=50.00, по строкам=0.00
2026-04-28 19:15:24 | WARNING | root | Несовпадение 'наш долг' у клиента 'Пронькина Марина Викторовна ИП - Колягин': шапка=60.00, по строкам=0.00
2026-04-28 19:15:24 | WARNING | root | Несовпадение 'наш долг' у клиента 'Балакшина О. А.  ИП - Токарев (Ленинское с, Школьная ул, дом № 3)': шапка=240.00, по строкам=0.00
2026-04-28 19:15:24 | WARNING | root | Несовпадение 'наш долг' у клиента 'Текутьев Николай Сергеевич ИП- Воротников (Шоссейная, 2)': шапка=676.00, по строкам=0.00
2026-04-28 19:15:24 | WARNING | root | Несовпадение 'наш долг' у клиента 'Маджента ООО - Воротников ГОЛОВНОЙ': шапка=761.80, по строкам=0.00
2026-04-28 19:15:24 | WARNING | root | Несовпадение 'наш долг' у клиента 'Петрова Вероника Сергеевна ИП - Воротников': шапка=2300.00, по строкам=0.00
2026-04-28 19:15:24 | WARNING | root | Несовпадение 'наш долг' у клиента 'Баранова Юлия Николаевна ИП - Воротников': шапка=2555.10, по строкам=0.00
2026-04-28 19:15:24 | WARNING | root | Несовпадение 'наш долг' у клиента 'Скороходова А. Р. ИП - Волчок (Бердск г, Морская ул, дом № 18/2)': шапка=2559.00, по строкам=0.00
2026-04-28 19:15:24 | WARNING | root | Несовпадение 'наш долг' у клиента 'Савина А.И. ИП - Воротников ГОЛОВНОЙ': шапка=2930.78, по строкам=0.00
2026-04-28 19:15:24 | WARNING | root | Несовпадение 'наш долг' у клиента 'Блинкова Анна Павловна  ИП - Воротников': шапка=8583.00, по строкам=0.00
2026-04-28 19:15:24 | WARNING | root | Несовпадение 'наш долг' у клиента 'Щербакова Марина Викторовна ИП - Волчок': шапка=10120.00, по строкам=0.00
2026-04-28 19:15:24 | WARNING | root | Несовпадение 'наш долг' у клиента 'Воронецкий Е. Ю. ИП - Колягин': шапка=11240.00, по строкам=0.00
2026-04-28 19:15:24 | WARNING | root | Несовпадение 'наш долг' у клиента 'ТФ Дубрава ООО - Волчок (Бердск г, Первомайская ул, дом № 7А, корпус 1)КПП544545001': шапка=14075.43, по строкам=13579.33
2026-04-28 19:15:24 | WARNING | root | Несовпадение 'наш долг' у клиента 'nan': шапка=163829.82, по строкам=0.00
2026-04-28 19:15:24 | INFO | root | Собрано клиентов: 371
2026-04-28 19:15:24 | INFO | audit | {'ts': '2026-04-28T12:15:24Z', 't': 'msg', 'ok': True, 'ms': 1704, 'req': 'c0c471a4', 'bot': 8304099970, 'uid': 1188061961, 'user': 'Re1ze_r', 'name': 'Vadim BeerMarket', 'role': 'sales_rep', 'chat': 1188061961, 'chat_type': 'private', 'msg_id': 5165, 'kind': <ContentType.TEXT: 'text'>, 'text': 'Никитина', 'caption_len': 0, 'entities': 0, 'state': None}
2026-04-28 19:15:24 | INFO | aiogram.event | Update id=104059256 is handled. Duration 1719 ms by bot id=8304099970
2026-04-28 19:15:35 | INFO | audit | {'ts': '2026-04-28T12:15:35Z', 't': 'cb', 'ok': True, 'ms': 221, 'req': 'ddfa83de', 'bot': 8304099970, 'uid': 237087423, 'user': 'Freep_o_0_rn', 'name': 'Freep_o_0_rn', 'role': 'admin', 'chat': 237087423, 'cb_id': '1018282729666418962', 'msg_id': 5162, 'data': 'cc:edit:9c1bffe5-253b-483d-a3c5-49ca124f6253', 'state': None}
2026-04-28 19:15:35 | INFO | aiogram.event | Update id=104059257 is handled. Duration 234 ms by bot id=8304099970
2026-04-28 19:15:38 | INFO | audit | {'ts': '2026-04-28T12:15:38Z', 't': 'cb', 'ok': True, 'ms': 396, 'req': '2a3be118', 'bot': 8304099970, 'uid': 237087423, 'user': 'Freep_o_0_rn', 'name': 'Freep_o_0_rn', 'role': 'admin', 'chat': 237087423, 'cb_id': '1018282732059779304', 'msg_id': 5168, 'data': 'cc:editsales:9c1bffe5-253b-483d-a3c5-49ca124f6253', 'state': None}
2026-04-28 19:15:38 | INFO | aiogram.event | Update id=104059258 is handled. Duration 405 ms by bot id=8304099970
2026-04-28 19:15:40 | INFO | audit | {'ts': '2026-04-28T12:15:40Z', 't': 'cb', 'ok': True, 'ms': 354, 'req': 'a12a29c2', 'bot': 8304099970, 'uid': 237087423, 'user': 'Freep_o_0_rn', 'name': 'Freep_o_0_rn', 'role': 'admin', 'chat': 237087423, 'cb_id': '1018282730609395164', 'msg_id': 5169, 'data': 'cc:editsalespick:9c1bffe5-253b-483d-a3c5-49ca124f6253:1188061961', 'state': None}
2026-04-28 19:15:40 | INFO | aiogram.event | Update id=104059259 is handled. Duration 360 ms by bot id=8304099970
2026-04-28 19:15:56 | INFO | audit | {'ts': '2026-04-28T12:15:56Z', 't': 'msg', 'ok': True, 'ms': 161, 'req': 'fe35ff9d', 'bot': 8304099970, 'uid': 1188061961, 'user': 'Re1ze_r', 'name': 'Vadim BeerMarket', 'role': 'sales_rep', 'chat': 1188061961, 'chat_type': 'private', 'msg_id': 5172, 'kind': <ContentType.TEXT: 'text'>, 'text': '🔎 Поиск', 'caption_len': 0, 'entities': 0, 'state': 'SearchStates:waiting_query'}
2026-04-28 19:15:56 | INFO | aiogram.event | Update id=104059260 is handled. Duration 157 ms by bot id=8304099970
2026-04-28 19:16:01 | INFO | root | Нашли заголовки детальной таблицы на строке: 21
2026-04-28 19:16:01 | WARNING | root | Несовпадение 'наш долг' у клиента 'Полончук Алёна Николаевна ИП Воротников (Игарская ул, дом № 42)': шапка=5400.00, по строкам=0.00
2026-04-28 19:16:02 | WARNING | root | Несовпадение 'наш долг' у клиента '_ГАРМОНИЯ ООО - Токарев (2-й Бронный пер, дом № 28/1)': шапка=552.18, по строкам=0.00
2026-04-28 19:16:02 | WARNING | root | Несовпадение 'наш долг' у клиента 'Есинский А. Е. ИП - Колягин (Озерный п, Солнечный мкр, дом № 333)': шапка=70.38, по строкам=3.00
2026-04-28 19:16:02 | WARNING | root | Несовпадение 'наш долг' у клиента 'Судилкина И.О. ИП - Токарев ГОЛОВНОЙ': шапка=0.04, по строкам=0.00
2026-04-28 19:16:02 | WARNING | root | Несовпадение 'наш долг' у клиента 'Беккер Н. М. ИП - Токарев (Петухова ул, дом № 91)': шапка=0.10, по строкам=0.00
2026-04-28 19:16:02 | WARNING | root | Несовпадение 'наш долг' у клиента 'Паруйрян Эдгар Мишаи ИП - Воротников (Дениса Давыдова ул, дом № 4) (У)': шапка=0.30, по строкам=0.00
2026-04-28 19:16:02 | WARNING | root | Несовпадение 'наш долг' у клиента 'Рузибоева Феруза Нуриллаевна ИП': шапка=0.64, по строкам=0.00
2026-04-28 19:16:02 | WARNING | root | Несовпадение 'наш долг' у клиента 'Зороян Захар Артурович ИП - Волчок(Бердск г, 2-я Заводская ул, дом № 11/2, корпус 1)': шапка=10.33, по строкам=0.00
2026-04-28 19:16:02 | WARNING | root | Несовпадение 'наш долг' у клиента 'Цыганкова Ирина Николаевна ИП - Колягин (Мочище дп, Обская ул, дом № 24) (У)': шапка=50.00, по строкам=0.00
2026-04-28 19:16:02 | WARNING | root | Несовпадение 'наш долг' у клиента 'Пронькина Марина Викторовна ИП - Колягин': шапка=60.00, по строкам=0.00
2026-04-28 19:16:02 | WARNING | root | Несовпадение 'наш долг' у клиента 'Балакшина О. А.  ИП - Токарев (Ленинское с, Школьная ул, дом № 3)': шапка=240.00, по строкам=0.00
2026-04-28 19:16:02 | WARNING | root | Несовпадение 'наш долг' у клиента 'Текутьев Николай Сергеевич ИП- Воротников (Шоссейная, 2)': шапка=676.00, по строкам=0.00
2026-04-28 19:16:02 | WARNING | root | Несовпадение 'наш долг' у клиента 'Маджента ООО - Воротников ГОЛОВНОЙ': шапка=761.80, по строкам=0.00
2026-04-28 19:16:02 | WARNING | root | Несовпадение 'наш долг' у клиента 'Петрова Вероника Сергеевна ИП - Воротников': шапка=2300.00, по строкам=0.00
2026-04-28 19:16:02 | WARNING | root | Несовпадение 'наш долг' у клиента 'Баранова Юлия Николаевна ИП - Воротников': шапка=2555.10, по строкам=0.00
2026-04-28 19:16:02 | WARNING | root | Несовпадение 'наш долг' у клиента 'Скороходова А. Р. ИП - Волчок (Бердск г, Морская ул, дом № 18/2)': шапка=2559.00, по строкам=0.00
2026-04-28 19:16:02 | WARNING | root | Несовпадение 'наш долг' у клиента 'Савина А.И. ИП - Воротников ГОЛОВНОЙ': шапка=2930.78, по строкам=0.00
2026-04-28 19:16:02 | WARNING | root | Несовпадение 'наш долг' у клиента 'Блинкова Анна Павловна  ИП - Воротников': шапка=8583.00, по строкам=0.00
2026-04-28 19:16:02 | WARNING | root | Несовпадение 'наш долг' у клиента 'Щербакова Марина Викторовна ИП - Волчок': шапка=10120.00, по строкам=0.00
2026-04-28 19:16:02 | WARNING | root | Несовпадение 'наш долг' у клиента 'Воронецкий Е. Ю. ИП - Колягин': шапка=11240.00, по строкам=0.00
2026-04-28 19:16:02 | WARNING | root | Несовпадение 'наш долг' у клиента 'ТФ Дубрава ООО - Волчок (Бердск г, Первомайская ул, дом № 7А, корпус 1)КПП544545001': шапка=14075.43, по строкам=13579.33
2026-04-28 19:16:02 | WARNING | root | Несовпадение 'наш долг' у клиента 'nan': шапка=163829.82, по строкам=0.00
2026-04-28 19:16:02 | INFO | root | Собрано клиентов: 371
2026-04-28 19:16:02 | INFO | audit | {'ts': '2026-04-28T12:16:02Z', 't': 'msg', 'ok': True, 'ms': 1812, 'req': 'e769f48b', 'bot': 8304099970, 'uid': 1188061961, 'user': 'Re1ze_r', 'name': 'Vadim BeerMarket', 'role': 'sales_rep', 'chat': 1188061961, 'chat_type': 'private', 'msg_id': 5174, 'kind': <ContentType.TEXT: 'text'>, 'text': 'Никитина', 'caption_len': 0, 'entities': 0, 'state': None}
2026-04-28 19:16:02 | INFO | aiogram.event | Update id=104059261 is handled. Duration 1813 ms by bot id=8304099970
2026-04-28 19:16:18 | INFO | aiogram.dispatcher | Polling stopped
2026-04-28 19:16:18 | INFO | aiogram.dispatcher | Polling stopped for bot @BeerMarket_testbot id=8304099970 - 'BeerMarket_test🍺'
